ISO-10303-21;
HEADER;
/* Generated by software containing ST-Developer
 * from STEP Tools, Inc. (www.steptools.com) 
 */
/* OPTION: using custom renumber hook */

FILE_DESCRIPTION(
/* description */ ('STEP AP242 Edition 2',
'CAx-IF Rec.Pracs.---Representation and Presentation of Product Manufa
cturing Information (PMI)---4.0---2014-10-13',
'CAx-IF Rec.Pracs.---3D Tessellated Geometry---0.4---2014-09-14','2;1',
'CAx-IF Rec.Pracs.---User Defined Attributes---1.5---2016-08-15'),
/* implementation_level */ '2;1');

FILE_NAME(
/* name */ 'BackCase - Part 3',
/* time_stamp */ '2026-05-25T15:54:52Z',
/* author */ (''),
/* organization */ (''),
/* preprocessor_version */ 'ST-DEVELOPER v20',
/* originating_system */ 'ONSHAPE BY PTC INC, 1.215',
/* authorisation */ '  ');

FILE_SCHEMA (('AP242_MANAGED_MODEL_BASED_3D_ENGINEERING_MIM_LF { 1 0 10303 442 3 1 4 }'));
ENDSEC;

DATA;
#10=SHAPE_REPRESENTATION_RELATIONSHIP('','',#4777,#11);
#11=ADVANCED_BREP_SHAPE_REPRESENTATION('',(#4775),#7843);
#12=B_SPLINE_SURFACE_WITH_KNOTS('',3,1,((#7270,#7271),(#7272,#7273),(#7274,
#7275),(#7276,#7277)),.SURF_OF_LINEAR_EXTRUSION.,.F.,.F.,.F.,(4,4),(2,2),
(0.0448416071468745,0.987550111203064),(0.,1.),.PIECEWISE_BEZIER_KNOTS.);
#13=B_SPLINE_SURFACE_WITH_KNOTS('',3,1,((#7282,#7283),(#7284,#7285),(#7286,
#7287),(#7288,#7289)),.SURF_OF_LINEAR_EXTRUSION.,.F.,.F.,.F.,(4,4),(2,2),
(0.0448416071457427,0.359645951025455),(0.,1.),.PIECEWISE_BEZIER_KNOTS.);
#14=B_SPLINE_SURFACE_WITH_KNOTS('',3,1,((#7292,#7293),(#7294,#7295),(#7296,
#7297),(#7298,#7299)),.SURF_OF_LINEAR_EXTRUSION.,.F.,.F.,.F.,(4,4),(2,2),
(0.359645951025455,0.987558059985059),(0.,1.),.PIECEWISE_BEZIER_KNOTS.);
#15=B_SPLINE_SURFACE_WITH_KNOTS('',3,1,((#7305,#7306),(#7307,#7308),(#7309,
#7310),(#7311,#7312)),.SURF_OF_LINEAR_EXTRUSION.,.F.,.F.,.F.,(4,4),(2,2),
(0.563632510579489,0.876726839060312),(0.,1.),.PIECEWISE_BEZIER_KNOTS.);
#16=B_SPLINE_SURFACE_WITH_KNOTS('',3,1,((#7314,#7315),(#7316,#7317),(#7318,
#7319),(#7320,#7321)),.SURF_OF_LINEAR_EXTRUSION.,.F.,.F.,.F.,(4,4),(2,2),
(0.876726838881683,1.),(0.,1.),.PIECEWISE_BEZIER_KNOTS.);
#17=B_SPLINE_SURFACE_WITH_KNOTS('',3,1,((#7327,#7328),(#7329,#7330),(#7331,
#7332),(#7333,#7334)),.SURF_OF_LINEAR_EXTRUSION.,.F.,.F.,.F.,(4,4),(2,2),
(0.876726838765687,1.),(0.,1.),.PIECEWISE_BEZIER_KNOTS.);
#18=B_SPLINE_SURFACE_WITH_KNOTS('',3,1,((#7340,#7341),(#7342,#7343),(#7344,
#7345),(#7346,#7347)),.SURF_OF_LINEAR_EXTRUSION.,.F.,.F.,.F.,(4,4),(2,2),
(0.563632510579489,0.876726839060312),(0.,1.),.PIECEWISE_BEZIER_KNOTS.);
#19=ELLIPSE('',#4935,0.00210000178377335,0.0021);
#20=ELLIPSE('',#4936,0.00210000178377335,0.0021);
#21=CYLINDRICAL_SURFACE('',#4837,0.005);
#22=CYLINDRICAL_SURFACE('',#4838,0.005);
#23=CYLINDRICAL_SURFACE('',#4845,0.0021);
#24=CYLINDRICAL_SURFACE('',#4848,0.0021);
#25=CYLINDRICAL_SURFACE('',#4852,0.0021);
#26=CYLINDRICAL_SURFACE('',#4857,0.0021);
#27=CYLINDRICAL_SURFACE('',#4860,0.0021);
#28=CYLINDRICAL_SURFACE('',#4865,0.0021);
#29=CYLINDRICAL_SURFACE('',#4869,0.0021);
#30=CYLINDRICAL_SURFACE('',#4872,0.0021);
#31=CYLINDRICAL_SURFACE('',#4877,0.0021);
#32=CYLINDRICAL_SURFACE('',#4880,0.0021);
#33=CYLINDRICAL_SURFACE('',#4884,0.0021);
#34=CYLINDRICAL_SURFACE('',#4889,0.0021);
#35=CYLINDRICAL_SURFACE('',#4892,0.0021);
#36=CYLINDRICAL_SURFACE('',#4897,0.0021);
#37=CYLINDRICAL_SURFACE('',#4901,0.0021);
#38=CYLINDRICAL_SURFACE('',#4904,0.0021);
#39=CYLINDRICAL_SURFACE('',#4908,0.0021);
#40=CYLINDRICAL_SURFACE('',#4913,0.0021);
#41=CYLINDRICAL_SURFACE('',#4916,0.0021);
#42=CYLINDRICAL_SURFACE('',#4921,0.0021);
#43=CYLINDRICAL_SURFACE('',#4924,0.0021);
#44=CYLINDRICAL_SURFACE('',#4929,0.0021);
#45=CYLINDRICAL_SURFACE('',#4939,0.016);
#46=CYLINDRICAL_SURFACE('',#4940,0.473486466208055);
#47=CYLINDRICAL_SURFACE('',#4942,0.473488763375123);
#48=CYLINDRICAL_SURFACE('',#4943,0.016);
#49=CYLINDRICAL_SURFACE('',#4945,0.0051);
#50=CYLINDRICAL_SURFACE('',#4946,0.0051);
#51=CYLINDRICAL_SURFACE('',#4947,0.0051);
#52=CYLINDRICAL_SURFACE('',#4948,0.0051);
#53=CYLINDRICAL_SURFACE('',#4967,0.0031);
#54=CYLINDRICAL_SURFACE('',#4969,0.0031);
#55=CYLINDRICAL_SURFACE('',#4974,0.0031);
#56=CYLINDRICAL_SURFACE('',#4976,0.0031);
#57=CYLINDRICAL_SURFACE('',#4981,0.0033);
#58=CYLINDRICAL_SURFACE('',#4983,0.0033);
#59=CYLINDRICAL_SURFACE('',#4987,0.0033);
#60=CYLINDRICAL_SURFACE('',#4989,0.0033);
#61=CYLINDRICAL_SURFACE('',#4994,0.0033);
#62=CYLINDRICAL_SURFACE('',#4996,0.0033);
#63=CYLINDRICAL_SURFACE('',#5002,0.0033);
#64=CYLINDRICAL_SURFACE('',#5004,0.0033);
#65=CYLINDRICAL_SURFACE('',#5008,0.0033);
#66=CYLINDRICAL_SURFACE('',#5010,0.0033);
#67=CYLINDRICAL_SURFACE('',#5015,0.0033);
#68=CYLINDRICAL_SURFACE('',#5017,0.0033);
#69=CYLINDRICAL_SURFACE('',#5022,0.0033);
#70=CYLINDRICAL_SURFACE('',#5024,0.0033);
#71=CYLINDRICAL_SURFACE('',#5029,0.0031);
#72=CYLINDRICAL_SURFACE('',#5031,0.0031);
#73=CYLINDRICAL_SURFACE('',#5037,0.0033);
#74=CYLINDRICAL_SURFACE('',#5039,0.0033);
#75=CYLINDRICAL_SURFACE('',#5043,0.0016);
#76=CYLINDRICAL_SURFACE('',#5044,0.004);
#77=CYLINDRICAL_SURFACE('',#5048,0.0016);
#78=CYLINDRICAL_SURFACE('',#5049,0.004);
#79=CYLINDRICAL_SURFACE('',#5053,0.0016);
#80=CYLINDRICAL_SURFACE('',#5054,0.004);
#81=CYLINDRICAL_SURFACE('',#5119,0.0021);
#82=CYLINDRICAL_SURFACE('',#5121,0.0021);
#83=CYLINDRICAL_SURFACE('',#5139,0.005);
#84=CYLINDRICAL_SURFACE('',#5140,0.005);
#85=B_SPLINE_CURVE_WITH_KNOTS('',2,(#6400,#6401,#6402),.UNSPECIFIED.,.F.,
 .F.,(3,3),(0.,0.359645951025455),.PIECEWISE_BEZIER_KNOTS.);
#86=B_SPLINE_CURVE_WITH_KNOTS('',2,(#6404,#6405,#6406),.UNSPECIFIED.,.F.,
 .F.,(3,3),(0.359645951025455,1.),.PIECEWISE_BEZIER_KNOTS.);
#87=B_SPLINE_CURVE_WITH_KNOTS('',2,(#6408,#6409,#6410),.UNSPECIFIED.,.F.,
 .F.,(3,3),(0.0511852254111035,0.867528118867727),
 .PIECEWISE_BEZIER_KNOTS.);
#88=B_SPLINE_CURVE_WITH_KNOTS('',2,(#6414,#6415,#6416),.UNSPECIFIED.,.F.,
 .F.,(3,3),(0.563632510579489,0.876726839060312),
 .PIECEWISE_BEZIER_KNOTS.);
#89=B_SPLINE_CURVE_WITH_KNOTS('',2,(#6418,#6419,#6420),.UNSPECIFIED.,.F.,
 .F.,(3,3),(0.876726838881683,1.),.PIECEWISE_BEZIER_KNOTS.);
#90=B_SPLINE_CURVE_WITH_KNOTS('',2,(#6444,#6445,#6446),.UNSPECIFIED.,.F.,
 .F.,(3,3),(0.876726838765687,1.),.PIECEWISE_BEZIER_KNOTS.);
#91=B_SPLINE_CURVE_WITH_KNOTS('',2,(#6448,#6449,#6450),.UNSPECIFIED.,.F.,
 .F.,(3,3),(0.563632510579489,0.876726839060312),
 .PIECEWISE_BEZIER_KNOTS.);
#92=B_SPLINE_CURVE_WITH_KNOTS('',2,(#6454,#6455,#6456),.UNSPECIFIED.,.F.,
 .F.,(3,3),(0.0511852254111035,0.867528118867727),
 .PIECEWISE_BEZIER_KNOTS.);
#93=B_SPLINE_CURVE_WITH_KNOTS('',2,(#6458,#6459,#6460),.UNSPECIFIED.,.F.,
 .F.,(3,3),(0.,1.),.PIECEWISE_BEZIER_KNOTS.);
#94=B_SPLINE_CURVE_WITH_KNOTS('',2,(#6705,#6706,#6707),.UNSPECIFIED.,.F.,
 .F.,(3,3),(0.,0.359645951025455),.PIECEWISE_BEZIER_KNOTS.);
#95=B_SPLINE_CURVE_WITH_KNOTS('',2,(#6732,#6733,#6734),.UNSPECIFIED.,.F.,
 .F.,(3,3),(0.,1.),.PIECEWISE_BEZIER_KNOTS.);
#96=B_SPLINE_CURVE_WITH_KNOTS('',2,(#6736,#6737,#6738),.UNSPECIFIED.,.F.,
 .F.,(3,3),(0.0511852254111035,0.867528118867727),
 .PIECEWISE_BEZIER_KNOTS.);
#97=B_SPLINE_CURVE_WITH_KNOTS('',2,(#6742,#6743,#6744),.UNSPECIFIED.,.F.,
 .F.,(3,3),(0.563632510579489,0.876726839060312),
 .PIECEWISE_BEZIER_KNOTS.);
#98=B_SPLINE_CURVE_WITH_KNOTS('',2,(#6746,#6747,#6748),.UNSPECIFIED.,.F.,
 .F.,(3,3),(0.876726838765687,1.),.PIECEWISE_BEZIER_KNOTS.);
#99=B_SPLINE_CURVE_WITH_KNOTS('',2,(#6790,#6791,#6792),.UNSPECIFIED.,.F.,
 .F.,(3,3),(0.876726838881683,1.),.PIECEWISE_BEZIER_KNOTS.);
#100=B_SPLINE_CURVE_WITH_KNOTS('',2,(#6794,#6795,#6796),.UNSPECIFIED.,.F.,
 .F.,(3,3),(0.563632510579489,0.876726839060312),
 .PIECEWISE_BEZIER_KNOTS.);
#101=B_SPLINE_CURVE_WITH_KNOTS('',2,(#6800,#6801,#6802),.UNSPECIFIED.,.F.,
 .F.,(3,3),(0.0511852254111035,0.867528118867727),
 .PIECEWISE_BEZIER_KNOTS.);
#102=B_SPLINE_CURVE_WITH_KNOTS('',2,(#6804,#6805,#6806),.UNSPECIFIED.,.F.,
 .F.,(3,3),(0.359645951025455,1.),.PIECEWISE_BEZIER_KNOTS.);
#103=CIRCLE('',#4780,0.005);
#104=CIRCLE('',#4781,0.016);
#105=CIRCLE('',#4782,0.016);
#106=CIRCLE('',#4783,0.005);
#107=CIRCLE('',#4784,0.005);
#108=CIRCLE('',#4785,0.005);
#109=CIRCLE('',#4786,0.0031);
#110=CIRCLE('',#4787,0.0031);
#111=CIRCLE('',#4788,0.0051);
#112=CIRCLE('',#4789,0.0051);
#113=CIRCLE('',#4790,0.0051);
#114=CIRCLE('',#4791,0.0051);
#115=CIRCLE('',#4792,0.0033);
#116=CIRCLE('',#4793,0.0033);
#117=CIRCLE('',#4794,0.0031);
#118=CIRCLE('',#4795,0.0031);
#119=CIRCLE('',#4796,0.0033);
#120=CIRCLE('',#4797,0.0033);
#121=CIRCLE('',#4798,0.0033);
#122=CIRCLE('',#4799,0.0033);
#123=CIRCLE('',#4800,0.0033);
#124=CIRCLE('',#4801,0.0033);
#125=CIRCLE('',#4802,0.0033);
#126=CIRCLE('',#4803,0.0033);
#127=CIRCLE('',#4804,0.0033);
#128=CIRCLE('',#4805,0.0033);
#129=CIRCLE('',#4806,0.0033);
#130=CIRCLE('',#4807,0.0033);
#131=CIRCLE('',#4808,0.0033);
#132=CIRCLE('',#4809,0.0033);
#133=CIRCLE('',#4810,0.0031);
#134=CIRCLE('',#4811,0.0031);
#135=CIRCLE('',#4812,0.0016);
#136=CIRCLE('',#4813,0.0016);
#137=CIRCLE('',#4814,0.0016);
#138=CIRCLE('',#4818,0.0021);
#139=CIRCLE('',#4819,0.0021);
#140=CIRCLE('',#4825,0.005);
#141=CIRCLE('',#4826,0.005);
#142=CIRCLE('',#4827,0.005);
#143=CIRCLE('',#4828,0.005);
#144=CIRCLE('',#4829,0.016);
#145=CIRCLE('',#4830,0.016);
#146=CIRCLE('',#4831,0.0051);
#147=CIRCLE('',#4832,0.0051);
#148=CIRCLE('',#4833,0.0051);
#149=CIRCLE('',#4834,0.0051);
#150=CIRCLE('',#4846,0.0021);
#151=CIRCLE('',#4847,0.0021);
#152=CIRCLE('',#4849,0.0021);
#153=CIRCLE('',#4850,0.0021);
#154=CIRCLE('',#4853,0.0021);
#155=CIRCLE('',#4854,0.0021);
#156=CIRCLE('',#4858,0.0021);
#157=CIRCLE('',#4859,0.0021);
#158=CIRCLE('',#4861,0.0021);
#159=CIRCLE('',#4862,0.0021);
#160=CIRCLE('',#4866,0.0021);
#161=CIRCLE('',#4867,0.0021);
#162=CIRCLE('',#4870,0.0021);
#163=CIRCLE('',#4871,0.0021);
#164=CIRCLE('',#4873,0.0021);
#165=CIRCLE('',#4874,0.0021);
#166=CIRCLE('',#4878,0.0021);
#167=CIRCLE('',#4879,0.0021);
#168=CIRCLE('',#4881,0.0021);
#169=CIRCLE('',#4882,0.0021);
#170=CIRCLE('',#4885,0.0021);
#171=CIRCLE('',#4886,0.0021);
#172=CIRCLE('',#4890,0.0021);
#173=CIRCLE('',#4891,0.0021);
#174=CIRCLE('',#4893,0.0021);
#175=CIRCLE('',#4894,0.0021);
#176=CIRCLE('',#4898,0.0021);
#177=CIRCLE('',#4899,0.0021);
#178=CIRCLE('',#4902,0.0021);
#179=CIRCLE('',#4903,0.0021);
#180=CIRCLE('',#4905,0.0021);
#181=CIRCLE('',#4906,0.0021);
#182=CIRCLE('',#4909,0.0021);
#183=CIRCLE('',#4910,0.0021);
#184=CIRCLE('',#4914,0.0021);
#185=CIRCLE('',#4915,0.0021);
#186=CIRCLE('',#4917,0.0021);
#187=CIRCLE('',#4918,0.0021);
#188=CIRCLE('',#4922,0.0021);
#189=CIRCLE('',#4923,0.0021);
#190=CIRCLE('',#4925,0.0021);
#191=CIRCLE('',#4926,0.0021);
#192=CIRCLE('',#4930,0.0021);
#193=CIRCLE('',#4931,0.0021);
#194=CIRCLE('',#4954,0.004);
#195=CIRCLE('',#4961,0.004);
#196=CIRCLE('',#4962,0.004);
#197=CIRCLE('',#4964,0.0031);
#198=CIRCLE('',#4965,0.0031);
#199=CIRCLE('',#4971,0.0031);
#200=CIRCLE('',#4972,0.0031);
#201=CIRCLE('',#4978,0.0033);
#202=CIRCLE('',#4979,0.0033);
#203=CIRCLE('',#4985,0.0033);
#204=CIRCLE('',#4986,0.0033);
#205=CIRCLE('',#4992,0.0033);
#206=CIRCLE('',#4993,0.0033);
#207=CIRCLE('',#4999,0.0033);
#208=CIRCLE('',#5000,0.0033);
#209=CIRCLE('',#5006,0.0033);
#210=CIRCLE('',#5007,0.0033);
#211=CIRCLE('',#5013,0.0033);
#212=CIRCLE('',#5014,0.0033);
#213=CIRCLE('',#5020,0.0033);
#214=CIRCLE('',#5021,0.0033);
#215=CIRCLE('',#5027,0.0031);
#216=CIRCLE('',#5028,0.0031);
#217=CIRCLE('',#5034,0.0033);
#218=CIRCLE('',#5035,0.0033);
#219=CIRCLE('',#5041,0.0016);
#220=CIRCLE('',#5042,0.004);
#221=CIRCLE('',#5046,0.0016);
#222=CIRCLE('',#5047,0.004);
#223=CIRCLE('',#5051,0.0016);
#224=CIRCLE('',#5052,0.004);
#225=ORIENTED_EDGE('',*,*,#1561,.T.);
#226=ORIENTED_EDGE('',*,*,#1562,.T.);
#227=ORIENTED_EDGE('',*,*,#1563,.T.);
#228=ORIENTED_EDGE('',*,*,#1564,.T.);
#229=ORIENTED_EDGE('',*,*,#1565,.F.);
#230=ORIENTED_EDGE('',*,*,#1566,.F.);
#231=ORIENTED_EDGE('',*,*,#1567,.T.);
#232=ORIENTED_EDGE('',*,*,#1568,.T.);
#233=ORIENTED_EDGE('',*,*,#1569,.F.);
#234=ORIENTED_EDGE('',*,*,#1570,.F.);
#235=ORIENTED_EDGE('',*,*,#1571,.F.);
#236=ORIENTED_EDGE('',*,*,#1572,.T.);
#237=ORIENTED_EDGE('',*,*,#1573,.F.);
#238=ORIENTED_EDGE('',*,*,#1574,.F.);
#239=ORIENTED_EDGE('',*,*,#1575,.F.);
#240=ORIENTED_EDGE('',*,*,#1576,.F.);
#241=ORIENTED_EDGE('',*,*,#1577,.F.);
#242=ORIENTED_EDGE('',*,*,#1578,.F.);
#243=ORIENTED_EDGE('',*,*,#1579,.F.);
#244=ORIENTED_EDGE('',*,*,#1580,.F.);
#245=ORIENTED_EDGE('',*,*,#1581,.F.);
#246=ORIENTED_EDGE('',*,*,#1582,.T.);
#247=ORIENTED_EDGE('',*,*,#1583,.T.);
#248=ORIENTED_EDGE('',*,*,#1584,.F.);
#249=ORIENTED_EDGE('',*,*,#1585,.T.);
#250=ORIENTED_EDGE('',*,*,#1586,.T.);
#251=ORIENTED_EDGE('',*,*,#1587,.F.);
#252=ORIENTED_EDGE('',*,*,#1588,.T.);
#253=ORIENTED_EDGE('',*,*,#1589,.F.);
#254=ORIENTED_EDGE('',*,*,#1590,.T.);
#255=ORIENTED_EDGE('',*,*,#1591,.T.);
#256=ORIENTED_EDGE('',*,*,#1592,.T.);
#257=ORIENTED_EDGE('',*,*,#1593,.F.);
#258=ORIENTED_EDGE('',*,*,#1594,.T.);
#259=ORIENTED_EDGE('',*,*,#1595,.F.);
#260=ORIENTED_EDGE('',*,*,#1596,.T.);
#261=ORIENTED_EDGE('',*,*,#1597,.F.);
#262=ORIENTED_EDGE('',*,*,#1598,.T.);
#263=ORIENTED_EDGE('',*,*,#1599,.F.);
#264=ORIENTED_EDGE('',*,*,#1600,.F.);
#265=ORIENTED_EDGE('',*,*,#1601,.F.);
#266=ORIENTED_EDGE('',*,*,#1602,.F.);
#267=ORIENTED_EDGE('',*,*,#1603,.F.);
#268=ORIENTED_EDGE('',*,*,#1604,.F.);
#269=ORIENTED_EDGE('',*,*,#1605,.F.);
#270=ORIENTED_EDGE('',*,*,#1606,.F.);
#271=ORIENTED_EDGE('',*,*,#1607,.F.);
#272=ORIENTED_EDGE('',*,*,#1608,.F.);
#273=ORIENTED_EDGE('',*,*,#1609,.F.);
#274=ORIENTED_EDGE('',*,*,#1610,.T.);
#275=ORIENTED_EDGE('',*,*,#1611,.F.);
#276=ORIENTED_EDGE('',*,*,#1612,.F.);
#277=ORIENTED_EDGE('',*,*,#1613,.F.);
#278=ORIENTED_EDGE('',*,*,#1614,.F.);
#279=ORIENTED_EDGE('',*,*,#1615,.F.);
#280=ORIENTED_EDGE('',*,*,#1616,.F.);
#281=ORIENTED_EDGE('',*,*,#1617,.F.);
#282=ORIENTED_EDGE('',*,*,#1618,.F.);
#283=ORIENTED_EDGE('',*,*,#1619,.T.);
#284=ORIENTED_EDGE('',*,*,#1620,.F.);
#285=ORIENTED_EDGE('',*,*,#1621,.F.);
#286=ORIENTED_EDGE('',*,*,#1622,.F.);
#287=ORIENTED_EDGE('',*,*,#1623,.F.);
#288=ORIENTED_EDGE('',*,*,#1624,.F.);
#289=ORIENTED_EDGE('',*,*,#1625,.F.);
#290=ORIENTED_EDGE('',*,*,#1626,.F.);
#291=ORIENTED_EDGE('',*,*,#1627,.F.);
#292=ORIENTED_EDGE('',*,*,#1628,.F.);
#293=ORIENTED_EDGE('',*,*,#1629,.F.);
#294=ORIENTED_EDGE('',*,*,#1630,.F.);
#295=ORIENTED_EDGE('',*,*,#1631,.F.);
#296=ORIENTED_EDGE('',*,*,#1632,.F.);
#297=ORIENTED_EDGE('',*,*,#1633,.F.);
#298=ORIENTED_EDGE('',*,*,#1634,.F.);
#299=ORIENTED_EDGE('',*,*,#1635,.F.);
#300=ORIENTED_EDGE('',*,*,#1636,.F.);
#301=ORIENTED_EDGE('',*,*,#1637,.F.);
#302=ORIENTED_EDGE('',*,*,#1638,.F.);
#303=ORIENTED_EDGE('',*,*,#1639,.F.);
#304=ORIENTED_EDGE('',*,*,#1640,.F.);
#305=ORIENTED_EDGE('',*,*,#1641,.F.);
#306=ORIENTED_EDGE('',*,*,#1642,.F.);
#307=ORIENTED_EDGE('',*,*,#1643,.F.);
#308=ORIENTED_EDGE('',*,*,#1644,.F.);
#309=ORIENTED_EDGE('',*,*,#1645,.F.);
#310=ORIENTED_EDGE('',*,*,#1646,.F.);
#311=ORIENTED_EDGE('',*,*,#1647,.F.);
#312=ORIENTED_EDGE('',*,*,#1648,.T.);
#313=ORIENTED_EDGE('',*,*,#1649,.T.);
#314=ORIENTED_EDGE('',*,*,#1650,.T.);
#315=ORIENTED_EDGE('',*,*,#1651,.T.);
#316=ORIENTED_EDGE('',*,*,#1652,.T.);
#317=ORIENTED_EDGE('',*,*,#1653,.F.);
#318=ORIENTED_EDGE('',*,*,#1654,.F.);
#319=ORIENTED_EDGE('',*,*,#1655,.T.);
#320=ORIENTED_EDGE('',*,*,#1656,.F.);
#321=ORIENTED_EDGE('',*,*,#1657,.F.);
#322=ORIENTED_EDGE('',*,*,#1658,.F.);
#323=ORIENTED_EDGE('',*,*,#1659,.F.);
#324=ORIENTED_EDGE('',*,*,#1660,.F.);
#325=ORIENTED_EDGE('',*,*,#1661,.T.);
#326=ORIENTED_EDGE('',*,*,#1662,.T.);
#327=ORIENTED_EDGE('',*,*,#1663,.T.);
#328=ORIENTED_EDGE('',*,*,#1664,.F.);
#329=ORIENTED_EDGE('',*,*,#1665,.F.);
#330=ORIENTED_EDGE('',*,*,#1666,.F.);
#331=ORIENTED_EDGE('',*,*,#1667,.T.);
#332=ORIENTED_EDGE('',*,*,#1668,.T.);
#333=ORIENTED_EDGE('',*,*,#1569,.T.);
#334=ORIENTED_EDGE('',*,*,#1669,.T.);
#335=ORIENTED_EDGE('',*,*,#1670,.F.);
#336=ORIENTED_EDGE('',*,*,#1671,.T.);
#337=ORIENTED_EDGE('',*,*,#1672,.F.);
#338=ORIENTED_EDGE('',*,*,#1673,.T.);
#339=ORIENTED_EDGE('',*,*,#1674,.T.);
#340=ORIENTED_EDGE('',*,*,#1675,.T.);
#341=ORIENTED_EDGE('',*,*,#1676,.F.);
#342=ORIENTED_EDGE('',*,*,#1677,.T.);
#343=ORIENTED_EDGE('',*,*,#1678,.T.);
#344=ORIENTED_EDGE('',*,*,#1679,.T.);
#345=ORIENTED_EDGE('',*,*,#1680,.F.);
#346=ORIENTED_EDGE('',*,*,#1681,.T.);
#347=ORIENTED_EDGE('',*,*,#1682,.T.);
#348=ORIENTED_EDGE('',*,*,#1683,.F.);
#349=ORIENTED_EDGE('',*,*,#1684,.T.);
#350=ORIENTED_EDGE('',*,*,#1685,.T.);
#351=ORIENTED_EDGE('',*,*,#1686,.T.);
#352=ORIENTED_EDGE('',*,*,#1687,.F.);
#353=ORIENTED_EDGE('',*,*,#1688,.F.);
#354=ORIENTED_EDGE('',*,*,#1689,.F.);
#355=ORIENTED_EDGE('',*,*,#1690,.F.);
#356=ORIENTED_EDGE('',*,*,#1691,.F.);
#357=ORIENTED_EDGE('',*,*,#1692,.F.);
#358=ORIENTED_EDGE('',*,*,#1693,.F.);
#359=ORIENTED_EDGE('',*,*,#1658,.T.);
#360=ORIENTED_EDGE('',*,*,#1694,.T.);
#361=ORIENTED_EDGE('',*,*,#1573,.T.);
#362=ORIENTED_EDGE('',*,*,#1577,.T.);
#363=ORIENTED_EDGE('',*,*,#1695,.T.);
#364=ORIENTED_EDGE('',*,*,#1664,.T.);
#365=ORIENTED_EDGE('',*,*,#1696,.T.);
#366=ORIENTED_EDGE('',*,*,#1697,.F.);
#367=ORIENTED_EDGE('',*,*,#1649,.F.);
#368=ORIENTED_EDGE('',*,*,#1698,.T.);
#369=ORIENTED_EDGE('',*,*,#1699,.T.);
#370=ORIENTED_EDGE('',*,*,#1700,.T.);
#371=ORIENTED_EDGE('',*,*,#1701,.F.);
#372=ORIENTED_EDGE('',*,*,#1593,.T.);
#373=ORIENTED_EDGE('',*,*,#1702,.T.);
#374=ORIENTED_EDGE('',*,*,#1703,.F.);
#375=ORIENTED_EDGE('',*,*,#1591,.F.);
#376=ORIENTED_EDGE('',*,*,#1704,.T.);
#377=ORIENTED_EDGE('',*,*,#1705,.T.);
#378=ORIENTED_EDGE('',*,*,#1706,.F.);
#379=ORIENTED_EDGE('',*,*,#1707,.F.);
#380=ORIENTED_EDGE('',*,*,#1708,.T.);
#381=ORIENTED_EDGE('',*,*,#1709,.F.);
#382=ORIENTED_EDGE('',*,*,#1710,.F.);
#383=ORIENTED_EDGE('',*,*,#1711,.T.);
#384=ORIENTED_EDGE('',*,*,#1712,.F.);
#385=ORIENTED_EDGE('',*,*,#1703,.T.);
#386=ORIENTED_EDGE('',*,*,#1713,.F.);
#387=ORIENTED_EDGE('',*,*,#1705,.F.);
#388=ORIENTED_EDGE('',*,*,#1714,.F.);
#389=ORIENTED_EDGE('',*,*,#1715,.T.);
#390=ORIENTED_EDGE('',*,*,#1716,.F.);
#391=ORIENTED_EDGE('',*,*,#1717,.T.);
#392=ORIENTED_EDGE('',*,*,#1718,.F.);
#393=ORIENTED_EDGE('',*,*,#1719,.T.);
#394=ORIENTED_EDGE('',*,*,#1720,.T.);
#395=ORIENTED_EDGE('',*,*,#1721,.F.);
#396=ORIENTED_EDGE('',*,*,#1722,.F.);
#397=ORIENTED_EDGE('',*,*,#1723,.T.);
#398=ORIENTED_EDGE('',*,*,#1724,.T.);
#399=ORIENTED_EDGE('',*,*,#1725,.T.);
#400=ORIENTED_EDGE('',*,*,#1726,.T.);
#401=ORIENTED_EDGE('',*,*,#1727,.F.);
#402=ORIENTED_EDGE('',*,*,#1728,.F.);
#403=ORIENTED_EDGE('',*,*,#1729,.F.);
#404=ORIENTED_EDGE('',*,*,#1730,.F.);
#405=ORIENTED_EDGE('',*,*,#1731,.F.);
#406=ORIENTED_EDGE('',*,*,#1732,.T.);
#407=ORIENTED_EDGE('',*,*,#1733,.F.);
#408=ORIENTED_EDGE('',*,*,#1734,.F.);
#409=ORIENTED_EDGE('',*,*,#1735,.F.);
#410=ORIENTED_EDGE('',*,*,#1699,.F.);
#411=ORIENTED_EDGE('',*,*,#1736,.F.);
#412=ORIENTED_EDGE('',*,*,#1737,.T.);
#413=ORIENTED_EDGE('',*,*,#1738,.F.);
#414=ORIENTED_EDGE('',*,*,#1739,.F.);
#415=ORIENTED_EDGE('',*,*,#1740,.F.);
#416=ORIENTED_EDGE('',*,*,#1741,.F.);
#417=ORIENTED_EDGE('',*,*,#1742,.F.);
#418=ORIENTED_EDGE('',*,*,#1743,.F.);
#419=ORIENTED_EDGE('',*,*,#1744,.F.);
#420=ORIENTED_EDGE('',*,*,#1745,.F.);
#421=ORIENTED_EDGE('',*,*,#1746,.F.);
#422=ORIENTED_EDGE('',*,*,#1747,.F.);
#423=ORIENTED_EDGE('',*,*,#1748,.T.);
#424=ORIENTED_EDGE('',*,*,#1749,.T.);
#425=ORIENTED_EDGE('',*,*,#1750,.F.);
#426=ORIENTED_EDGE('',*,*,#1751,.F.);
#427=ORIENTED_EDGE('',*,*,#1752,.T.);
#428=ORIENTED_EDGE('',*,*,#1753,.T.);
#429=ORIENTED_EDGE('',*,*,#1754,.F.);
#430=ORIENTED_EDGE('',*,*,#1755,.F.);
#431=ORIENTED_EDGE('',*,*,#1756,.F.);
#432=ORIENTED_EDGE('',*,*,#1757,.F.);
#433=ORIENTED_EDGE('',*,*,#1758,.F.);
#434=ORIENTED_EDGE('',*,*,#1759,.F.);
#435=ORIENTED_EDGE('',*,*,#1760,.T.);
#436=ORIENTED_EDGE('',*,*,#1761,.T.);
#437=ORIENTED_EDGE('',*,*,#1762,.F.);
#438=ORIENTED_EDGE('',*,*,#1763,.T.);
#439=ORIENTED_EDGE('',*,*,#1764,.F.);
#440=ORIENTED_EDGE('',*,*,#1765,.T.);
#441=ORIENTED_EDGE('',*,*,#1766,.T.);
#442=ORIENTED_EDGE('',*,*,#1767,.T.);
#443=ORIENTED_EDGE('',*,*,#1768,.T.);
#444=ORIENTED_EDGE('',*,*,#1769,.T.);
#445=ORIENTED_EDGE('',*,*,#1770,.T.);
#446=ORIENTED_EDGE('',*,*,#1704,.F.);
#447=ORIENTED_EDGE('',*,*,#1590,.F.);
#448=ORIENTED_EDGE('',*,*,#1771,.F.);
#449=ORIENTED_EDGE('',*,*,#1714,.T.);
#450=ORIENTED_EDGE('',*,*,#1586,.F.);
#451=ORIENTED_EDGE('',*,*,#1772,.T.);
#452=ORIENTED_EDGE('',*,*,#1718,.T.);
#453=ORIENTED_EDGE('',*,*,#1773,.F.);
#454=ORIENTED_EDGE('',*,*,#1589,.T.);
#455=ORIENTED_EDGE('',*,*,#1774,.T.);
#456=ORIENTED_EDGE('',*,*,#1715,.F.);
#457=ORIENTED_EDGE('',*,*,#1771,.T.);
#458=ORIENTED_EDGE('',*,*,#1711,.F.);
#459=ORIENTED_EDGE('',*,*,#1775,.T.);
#460=ORIENTED_EDGE('',*,*,#1595,.T.);
#461=ORIENTED_EDGE('',*,*,#1776,.T.);
#462=ORIENTED_EDGE('',*,*,#1777,.F.);
#463=ORIENTED_EDGE('',*,*,#1778,.F.);
#464=ORIENTED_EDGE('',*,*,#1779,.T.);
#465=ORIENTED_EDGE('',*,*,#1780,.T.);
#466=ORIENTED_EDGE('',*,*,#1781,.F.);
#467=ORIENTED_EDGE('',*,*,#1782,.F.);
#468=ORIENTED_EDGE('',*,*,#1783,.T.);
#469=ORIENTED_EDGE('',*,*,#1784,.T.);
#470=ORIENTED_EDGE('',*,*,#1785,.F.);
#471=ORIENTED_EDGE('',*,*,#1671,.F.);
#472=ORIENTED_EDGE('',*,*,#1786,.F.);
#473=ORIENTED_EDGE('',*,*,#1787,.F.);
#474=ORIENTED_EDGE('',*,*,#1788,.F.);
#475=ORIENTED_EDGE('',*,*,#1789,.F.);
#476=ORIENTED_EDGE('',*,*,#1790,.F.);
#477=ORIENTED_EDGE('',*,*,#1791,.F.);
#478=ORIENTED_EDGE('',*,*,#1792,.F.);
#479=ORIENTED_EDGE('',*,*,#1675,.F.);
#480=ORIENTED_EDGE('',*,*,#1793,.T.);
#481=ORIENTED_EDGE('',*,*,#1794,.F.);
#482=ORIENTED_EDGE('',*,*,#1795,.T.);
#483=ORIENTED_EDGE('',*,*,#1796,.T.);
#484=ORIENTED_EDGE('',*,*,#1797,.T.);
#485=ORIENTED_EDGE('',*,*,#1798,.F.);
#486=ORIENTED_EDGE('',*,*,#1799,.F.);
#487=ORIENTED_EDGE('',*,*,#1800,.F.);
#488=ORIENTED_EDGE('',*,*,#1801,.F.);
#489=ORIENTED_EDGE('',*,*,#1802,.F.);
#490=ORIENTED_EDGE('',*,*,#1803,.F.);
#491=ORIENTED_EDGE('',*,*,#1679,.F.);
#492=ORIENTED_EDGE('',*,*,#1804,.T.);
#493=ORIENTED_EDGE('',*,*,#1805,.F.);
#494=ORIENTED_EDGE('',*,*,#1806,.T.);
#495=ORIENTED_EDGE('',*,*,#1807,.T.);
#496=ORIENTED_EDGE('',*,*,#1808,.T.);
#497=ORIENTED_EDGE('',*,*,#1809,.F.);
#498=ORIENTED_EDGE('',*,*,#1810,.F.);
#499=ORIENTED_EDGE('',*,*,#1811,.F.);
#500=ORIENTED_EDGE('',*,*,#1812,.F.);
#501=ORIENTED_EDGE('',*,*,#1813,.T.);
#502=ORIENTED_EDGE('',*,*,#1814,.F.);
#503=ORIENTED_EDGE('',*,*,#1815,.F.);
#504=ORIENTED_EDGE('',*,*,#1816,.F.);
#505=ORIENTED_EDGE('',*,*,#1817,.F.);
#506=ORIENTED_EDGE('',*,*,#1818,.T.);
#507=ORIENTED_EDGE('',*,*,#1819,.F.);
#508=ORIENTED_EDGE('',*,*,#1818,.F.);
#509=ORIENTED_EDGE('',*,*,#1820,.F.);
#510=ORIENTED_EDGE('',*,*,#1821,.T.);
#511=ORIENTED_EDGE('',*,*,#1822,.F.);
#512=ORIENTED_EDGE('',*,*,#1823,.F.);
#513=ORIENTED_EDGE('',*,*,#1824,.F.);
#514=ORIENTED_EDGE('',*,*,#1816,.T.);
#515=ORIENTED_EDGE('',*,*,#1825,.F.);
#516=ORIENTED_EDGE('',*,*,#1821,.F.);
#517=ORIENTED_EDGE('',*,*,#1826,.F.);
#518=ORIENTED_EDGE('',*,*,#1823,.T.);
#519=ORIENTED_EDGE('',*,*,#1827,.F.);
#520=ORIENTED_EDGE('',*,*,#1828,.F.);
#521=ORIENTED_EDGE('',*,*,#1829,.F.);
#522=ORIENTED_EDGE('',*,*,#1830,.T.);
#523=ORIENTED_EDGE('',*,*,#1831,.F.);
#524=ORIENTED_EDGE('',*,*,#1830,.F.);
#525=ORIENTED_EDGE('',*,*,#1832,.F.);
#526=ORIENTED_EDGE('',*,*,#1833,.T.);
#527=ORIENTED_EDGE('',*,*,#1834,.F.);
#528=ORIENTED_EDGE('',*,*,#1835,.F.);
#529=ORIENTED_EDGE('',*,*,#1836,.F.);
#530=ORIENTED_EDGE('',*,*,#1828,.T.);
#531=ORIENTED_EDGE('',*,*,#1837,.F.);
#532=ORIENTED_EDGE('',*,*,#1833,.F.);
#533=ORIENTED_EDGE('',*,*,#1838,.F.);
#534=ORIENTED_EDGE('',*,*,#1835,.T.);
#535=ORIENTED_EDGE('',*,*,#1839,.F.);
#536=ORIENTED_EDGE('',*,*,#1840,.F.);
#537=ORIENTED_EDGE('',*,*,#1841,.F.);
#538=ORIENTED_EDGE('',*,*,#1842,.T.);
#539=ORIENTED_EDGE('',*,*,#1843,.F.);
#540=ORIENTED_EDGE('',*,*,#1842,.F.);
#541=ORIENTED_EDGE('',*,*,#1844,.F.);
#542=ORIENTED_EDGE('',*,*,#1845,.T.);
#543=ORIENTED_EDGE('',*,*,#1846,.F.);
#544=ORIENTED_EDGE('',*,*,#1847,.F.);
#545=ORIENTED_EDGE('',*,*,#1848,.F.);
#546=ORIENTED_EDGE('',*,*,#1840,.T.);
#547=ORIENTED_EDGE('',*,*,#1849,.F.);
#548=ORIENTED_EDGE('',*,*,#1845,.F.);
#549=ORIENTED_EDGE('',*,*,#1850,.F.);
#550=ORIENTED_EDGE('',*,*,#1847,.T.);
#551=ORIENTED_EDGE('',*,*,#1851,.F.);
#552=ORIENTED_EDGE('',*,*,#1852,.F.);
#553=ORIENTED_EDGE('',*,*,#1853,.F.);
#554=ORIENTED_EDGE('',*,*,#1854,.T.);
#555=ORIENTED_EDGE('',*,*,#1855,.F.);
#556=ORIENTED_EDGE('',*,*,#1854,.F.);
#557=ORIENTED_EDGE('',*,*,#1856,.F.);
#558=ORIENTED_EDGE('',*,*,#1857,.T.);
#559=ORIENTED_EDGE('',*,*,#1858,.F.);
#560=ORIENTED_EDGE('',*,*,#1859,.F.);
#561=ORIENTED_EDGE('',*,*,#1860,.F.);
#562=ORIENTED_EDGE('',*,*,#1852,.T.);
#563=ORIENTED_EDGE('',*,*,#1861,.F.);
#564=ORIENTED_EDGE('',*,*,#1857,.F.);
#565=ORIENTED_EDGE('',*,*,#1862,.F.);
#566=ORIENTED_EDGE('',*,*,#1859,.T.);
#567=ORIENTED_EDGE('',*,*,#1863,.F.);
#568=ORIENTED_EDGE('',*,*,#1864,.F.);
#569=ORIENTED_EDGE('',*,*,#1865,.F.);
#570=ORIENTED_EDGE('',*,*,#1866,.T.);
#571=ORIENTED_EDGE('',*,*,#1867,.F.);
#572=ORIENTED_EDGE('',*,*,#1866,.F.);
#573=ORIENTED_EDGE('',*,*,#1868,.F.);
#574=ORIENTED_EDGE('',*,*,#1869,.T.);
#575=ORIENTED_EDGE('',*,*,#1870,.F.);
#576=ORIENTED_EDGE('',*,*,#1871,.F.);
#577=ORIENTED_EDGE('',*,*,#1872,.F.);
#578=ORIENTED_EDGE('',*,*,#1864,.T.);
#579=ORIENTED_EDGE('',*,*,#1873,.F.);
#580=ORIENTED_EDGE('',*,*,#1869,.F.);
#581=ORIENTED_EDGE('',*,*,#1874,.F.);
#582=ORIENTED_EDGE('',*,*,#1871,.T.);
#583=ORIENTED_EDGE('',*,*,#1875,.F.);
#584=ORIENTED_EDGE('',*,*,#1876,.F.);
#585=ORIENTED_EDGE('',*,*,#1877,.F.);
#586=ORIENTED_EDGE('',*,*,#1878,.T.);
#587=ORIENTED_EDGE('',*,*,#1879,.F.);
#588=ORIENTED_EDGE('',*,*,#1878,.F.);
#589=ORIENTED_EDGE('',*,*,#1880,.F.);
#590=ORIENTED_EDGE('',*,*,#1881,.T.);
#591=ORIENTED_EDGE('',*,*,#1876,.T.);
#592=ORIENTED_EDGE('',*,*,#1882,.T.);
#593=ORIENTED_EDGE('',*,*,#1883,.F.);
#594=ORIENTED_EDGE('',*,*,#1884,.T.);
#595=ORIENTED_EDGE('',*,*,#1885,.F.);
#596=ORIENTED_EDGE('',*,*,#1881,.F.);
#597=ORIENTED_EDGE('',*,*,#1886,.F.);
#598=ORIENTED_EDGE('',*,*,#1883,.T.);
#599=ORIENTED_EDGE('',*,*,#1887,.F.);
#600=ORIENTED_EDGE('',*,*,#1888,.F.);
#601=ORIENTED_EDGE('',*,*,#1889,.F.);
#602=ORIENTED_EDGE('',*,*,#1890,.T.);
#603=ORIENTED_EDGE('',*,*,#1891,.F.);
#604=ORIENTED_EDGE('',*,*,#1890,.F.);
#605=ORIENTED_EDGE('',*,*,#1892,.F.);
#606=ORIENTED_EDGE('',*,*,#1893,.T.);
#607=ORIENTED_EDGE('',*,*,#1894,.F.);
#608=ORIENTED_EDGE('',*,*,#1895,.F.);
#609=ORIENTED_EDGE('',*,*,#1896,.F.);
#610=ORIENTED_EDGE('',*,*,#1888,.T.);
#611=ORIENTED_EDGE('',*,*,#1897,.F.);
#612=ORIENTED_EDGE('',*,*,#1893,.F.);
#613=ORIENTED_EDGE('',*,*,#1898,.F.);
#614=ORIENTED_EDGE('',*,*,#1895,.T.);
#615=ORIENTED_EDGE('',*,*,#1899,.F.);
#616=ORIENTED_EDGE('',*,*,#1900,.F.);
#617=ORIENTED_EDGE('',*,*,#1901,.F.);
#618=ORIENTED_EDGE('',*,*,#1902,.T.);
#619=ORIENTED_EDGE('',*,*,#1903,.F.);
#620=ORIENTED_EDGE('',*,*,#1902,.F.);
#621=ORIENTED_EDGE('',*,*,#1904,.F.);
#622=ORIENTED_EDGE('',*,*,#1905,.T.);
#623=ORIENTED_EDGE('',*,*,#1906,.F.);
#624=ORIENTED_EDGE('',*,*,#1907,.F.);
#625=ORIENTED_EDGE('',*,*,#1908,.F.);
#626=ORIENTED_EDGE('',*,*,#1900,.T.);
#627=ORIENTED_EDGE('',*,*,#1909,.F.);
#628=ORIENTED_EDGE('',*,*,#1905,.F.);
#629=ORIENTED_EDGE('',*,*,#1910,.F.);
#630=ORIENTED_EDGE('',*,*,#1907,.T.);
#631=ORIENTED_EDGE('',*,*,#1911,.F.);
#632=ORIENTED_EDGE('',*,*,#1912,.F.);
#633=ORIENTED_EDGE('',*,*,#1913,.F.);
#634=ORIENTED_EDGE('',*,*,#1914,.T.);
#635=ORIENTED_EDGE('',*,*,#1915,.F.);
#636=ORIENTED_EDGE('',*,*,#1914,.F.);
#637=ORIENTED_EDGE('',*,*,#1916,.F.);
#638=ORIENTED_EDGE('',*,*,#1917,.T.);
#639=ORIENTED_EDGE('',*,*,#1918,.F.);
#640=ORIENTED_EDGE('',*,*,#1919,.F.);
#641=ORIENTED_EDGE('',*,*,#1920,.F.);
#642=ORIENTED_EDGE('',*,*,#1912,.T.);
#643=ORIENTED_EDGE('',*,*,#1921,.F.);
#644=ORIENTED_EDGE('',*,*,#1917,.F.);
#645=ORIENTED_EDGE('',*,*,#1922,.F.);
#646=ORIENTED_EDGE('',*,*,#1919,.T.);
#647=ORIENTED_EDGE('',*,*,#1923,.F.);
#648=ORIENTED_EDGE('',*,*,#1924,.F.);
#649=ORIENTED_EDGE('',*,*,#1925,.F.);
#650=ORIENTED_EDGE('',*,*,#1926,.T.);
#651=ORIENTED_EDGE('',*,*,#1927,.F.);
#652=ORIENTED_EDGE('',*,*,#1926,.F.);
#653=ORIENTED_EDGE('',*,*,#1928,.F.);
#654=ORIENTED_EDGE('',*,*,#1929,.T.);
#655=ORIENTED_EDGE('',*,*,#1924,.T.);
#656=ORIENTED_EDGE('',*,*,#1930,.T.);
#657=ORIENTED_EDGE('',*,*,#1931,.F.);
#658=ORIENTED_EDGE('',*,*,#1932,.T.);
#659=ORIENTED_EDGE('',*,*,#1933,.F.);
#660=ORIENTED_EDGE('',*,*,#1929,.F.);
#661=ORIENTED_EDGE('',*,*,#1934,.F.);
#662=ORIENTED_EDGE('',*,*,#1931,.T.);
#663=ORIENTED_EDGE('',*,*,#1935,.F.);
#664=ORIENTED_EDGE('',*,*,#1936,.F.);
#665=ORIENTED_EDGE('',*,*,#1937,.F.);
#666=ORIENTED_EDGE('',*,*,#1938,.T.);
#667=ORIENTED_EDGE('',*,*,#1939,.F.);
#668=ORIENTED_EDGE('',*,*,#1938,.F.);
#669=ORIENTED_EDGE('',*,*,#1940,.F.);
#670=ORIENTED_EDGE('',*,*,#1941,.T.);
#671=ORIENTED_EDGE('',*,*,#1936,.T.);
#672=ORIENTED_EDGE('',*,*,#1942,.T.);
#673=ORIENTED_EDGE('',*,*,#1943,.F.);
#674=ORIENTED_EDGE('',*,*,#1944,.T.);
#675=ORIENTED_EDGE('',*,*,#1945,.F.);
#676=ORIENTED_EDGE('',*,*,#1941,.F.);
#677=ORIENTED_EDGE('',*,*,#1946,.F.);
#678=ORIENTED_EDGE('',*,*,#1943,.T.);
#679=ORIENTED_EDGE('',*,*,#1733,.T.);
#680=ORIENTED_EDGE('',*,*,#1947,.F.);
#681=ORIENTED_EDGE('',*,*,#1652,.F.);
#682=ORIENTED_EDGE('',*,*,#1948,.T.);
#683=ORIENTED_EDGE('',*,*,#1949,.F.);
#684=ORIENTED_EDGE('',*,*,#1950,.F.);
#685=ORIENTED_EDGE('',*,*,#1653,.T.);
#686=ORIENTED_EDGE('',*,*,#1947,.T.);
#687=ORIENTED_EDGE('',*,*,#1732,.F.);
#688=ORIENTED_EDGE('',*,*,#1951,.F.);
#689=ORIENTED_EDGE('',*,*,#1950,.T.);
#690=ORIENTED_EDGE('',*,*,#1952,.F.);
#691=ORIENTED_EDGE('',*,*,#1953,.T.);
#692=ORIENTED_EDGE('',*,*,#1726,.F.);
#693=ORIENTED_EDGE('',*,*,#1954,.F.);
#694=ORIENTED_EDGE('',*,*,#1955,.F.);
#695=ORIENTED_EDGE('',*,*,#1956,.F.);
#696=ORIENTED_EDGE('',*,*,#1660,.T.);
#697=ORIENTED_EDGE('',*,*,#1957,.T.);
#698=ORIENTED_EDGE('',*,*,#1958,.T.);
#699=ORIENTED_EDGE('',*,*,#1959,.T.);
#700=ORIENTED_EDGE('',*,*,#1960,.T.);
#701=ORIENTED_EDGE('',*,*,#1961,.T.);
#702=ORIENTED_EDGE('',*,*,#1962,.T.);
#703=ORIENTED_EDGE('',*,*,#1963,.T.);
#704=ORIENTED_EDGE('',*,*,#1964,.F.);
#705=ORIENTED_EDGE('',*,*,#1965,.F.);
#706=ORIENTED_EDGE('',*,*,#1966,.T.);
#707=ORIENTED_EDGE('',*,*,#1967,.F.);
#708=ORIENTED_EDGE('',*,*,#1968,.F.);
#709=ORIENTED_EDGE('',*,*,#1969,.T.);
#710=ORIENTED_EDGE('',*,*,#1809,.T.);
#711=ORIENTED_EDGE('',*,*,#1970,.F.);
#712=ORIENTED_EDGE('',*,*,#1971,.F.);
#713=ORIENTED_EDGE('',*,*,#1972,.T.);
#714=ORIENTED_EDGE('',*,*,#1798,.T.);
#715=ORIENTED_EDGE('',*,*,#1973,.F.);
#716=ORIENTED_EDGE('',*,*,#1974,.F.);
#717=ORIENTED_EDGE('',*,*,#1975,.T.);
#718=ORIENTED_EDGE('',*,*,#1788,.T.);
#719=ORIENTED_EDGE('',*,*,#1976,.F.);
#720=ORIENTED_EDGE('',*,*,#1743,.T.);
#721=ORIENTED_EDGE('',*,*,#1977,.F.);
#722=ORIENTED_EDGE('',*,*,#1978,.F.);
#723=ORIENTED_EDGE('',*,*,#1979,.F.);
#724=ORIENTED_EDGE('',*,*,#1654,.T.);
#725=ORIENTED_EDGE('',*,*,#1655,.F.);
#726=ORIENTED_EDGE('',*,*,#1979,.T.);
#727=ORIENTED_EDGE('',*,*,#1980,.T.);
#728=ORIENTED_EDGE('',*,*,#1981,.T.);
#729=ORIENTED_EDGE('',*,*,#1738,.T.);
#730=ORIENTED_EDGE('',*,*,#1982,.F.);
#731=ORIENTED_EDGE('',*,*,#1737,.F.);
#732=ORIENTED_EDGE('',*,*,#1983,.F.);
#733=ORIENTED_EDGE('',*,*,#1656,.T.);
#734=ORIENTED_EDGE('',*,*,#1982,.T.);
#735=ORIENTED_EDGE('',*,*,#1722,.T.);
#736=ORIENTED_EDGE('',*,*,#1984,.F.);
#737=ORIENTED_EDGE('',*,*,#1582,.F.);
#738=ORIENTED_EDGE('',*,*,#1985,.T.);
#739=ORIENTED_EDGE('',*,*,#1721,.T.);
#740=ORIENTED_EDGE('',*,*,#1986,.F.);
#741=ORIENTED_EDGE('',*,*,#1583,.F.);
#742=ORIENTED_EDGE('',*,*,#1984,.T.);
#743=ORIENTED_EDGE('',*,*,#1720,.F.);
#744=ORIENTED_EDGE('',*,*,#1987,.T.);
#745=ORIENTED_EDGE('',*,*,#1584,.T.);
#746=ORIENTED_EDGE('',*,*,#1986,.T.);
#747=ORIENTED_EDGE('',*,*,#1709,.T.);
#748=ORIENTED_EDGE('',*,*,#1988,.T.);
#749=ORIENTED_EDGE('',*,*,#1561,.F.);
#750=ORIENTED_EDGE('',*,*,#1989,.T.);
#751=ORIENTED_EDGE('',*,*,#1563,.F.);
#752=ORIENTED_EDGE('',*,*,#1990,.T.);
#753=ORIENTED_EDGE('',*,*,#1707,.T.);
#754=ORIENTED_EDGE('',*,*,#1991,.F.);
#755=ORIENTED_EDGE('',*,*,#1750,.T.);
#756=ORIENTED_EDGE('',*,*,#1992,.F.);
#757=ORIENTED_EDGE('',*,*,#1564,.F.);
#758=ORIENTED_EDGE('',*,*,#1991,.T.);
#759=ORIENTED_EDGE('',*,*,#1749,.F.);
#760=ORIENTED_EDGE('',*,*,#1993,.F.);
#761=ORIENTED_EDGE('',*,*,#1565,.T.);
#762=ORIENTED_EDGE('',*,*,#1992,.T.);
#763=ORIENTED_EDGE('',*,*,#1748,.F.);
#764=ORIENTED_EDGE('',*,*,#1994,.F.);
#765=ORIENTED_EDGE('',*,*,#1566,.T.);
#766=ORIENTED_EDGE('',*,*,#1993,.T.);
#767=ORIENTED_EDGE('',*,*,#1747,.T.);
#768=ORIENTED_EDGE('',*,*,#1995,.F.);
#769=ORIENTED_EDGE('',*,*,#1567,.F.);
#770=ORIENTED_EDGE('',*,*,#1994,.T.);
#771=ORIENTED_EDGE('',*,*,#1746,.T.);
#772=ORIENTED_EDGE('',*,*,#1669,.F.);
#773=ORIENTED_EDGE('',*,*,#1568,.F.);
#774=ORIENTED_EDGE('',*,*,#1995,.T.);
#775=ORIENTED_EDGE('',*,*,#1579,.T.);
#776=ORIENTED_EDGE('',*,*,#1578,.T.);
#777=ORIENTED_EDGE('',*,*,#1697,.T.);
#778=ORIENTED_EDGE('',*,*,#1996,.F.);
#779=ORIENTED_EDGE('',*,*,#1997,.F.);
#780=ORIENTED_EDGE('',*,*,#1998,.F.);
#781=ORIENTED_EDGE('',*,*,#1724,.F.);
#782=ORIENTED_EDGE('',*,*,#1999,.F.);
#783=ORIENTED_EDGE('',*,*,#1580,.T.);
#784=ORIENTED_EDGE('',*,*,#1998,.T.);
#785=ORIENTED_EDGE('',*,*,#1601,.T.);
#786=ORIENTED_EDGE('',*,*,#1770,.F.);
#787=ORIENTED_EDGE('',*,*,#1602,.T.);
#788=ORIENTED_EDGE('',*,*,#1769,.F.);
#789=ORIENTED_EDGE('',*,*,#1603,.T.);
#790=ORIENTED_EDGE('',*,*,#1761,.F.);
#791=ORIENTED_EDGE('',*,*,#1604,.T.);
#792=ORIENTED_EDGE('',*,*,#1760,.F.);
#793=ORIENTED_EDGE('',*,*,#1723,.F.);
#794=ORIENTED_EDGE('',*,*,#1985,.F.);
#795=ORIENTED_EDGE('',*,*,#1581,.T.);
#796=ORIENTED_EDGE('',*,*,#1999,.T.);
#797=ORIENTED_EDGE('',*,*,#1742,.T.);
#798=ORIENTED_EDGE('',*,*,#2000,.F.);
#799=ORIENTED_EDGE('',*,*,#2001,.F.);
#800=ORIENTED_EDGE('',*,*,#1977,.T.);
#801=ORIENTED_EDGE('',*,*,#1741,.T.);
#802=ORIENTED_EDGE('',*,*,#2002,.F.);
#803=ORIENTED_EDGE('',*,*,#2003,.F.);
#804=ORIENTED_EDGE('',*,*,#2000,.T.);
#805=ORIENTED_EDGE('',*,*,#1740,.T.);
#806=ORIENTED_EDGE('',*,*,#2004,.F.);
#807=ORIENTED_EDGE('',*,*,#2005,.F.);
#808=ORIENTED_EDGE('',*,*,#2002,.T.);
#809=ORIENTED_EDGE('',*,*,#1739,.T.);
#810=ORIENTED_EDGE('',*,*,#1981,.F.);
#811=ORIENTED_EDGE('',*,*,#2006,.F.);
#812=ORIENTED_EDGE('',*,*,#2004,.T.);
#813=ORIENTED_EDGE('',*,*,#2007,.F.);
#814=ORIENTED_EDGE('',*,*,#1937,.T.);
#815=ORIENTED_EDGE('',*,*,#1944,.F.);
#816=ORIENTED_EDGE('',*,*,#1946,.T.);
#817=ORIENTED_EDGE('',*,*,#1940,.T.);
#818=ORIENTED_EDGE('',*,*,#1925,.T.);
#819=ORIENTED_EDGE('',*,*,#1932,.F.);
#820=ORIENTED_EDGE('',*,*,#1934,.T.);
#821=ORIENTED_EDGE('',*,*,#1928,.T.);
#822=ORIENTED_EDGE('',*,*,#1913,.T.);
#823=ORIENTED_EDGE('',*,*,#1920,.T.);
#824=ORIENTED_EDGE('',*,*,#1922,.T.);
#825=ORIENTED_EDGE('',*,*,#1916,.T.);
#826=ORIENTED_EDGE('',*,*,#1901,.T.);
#827=ORIENTED_EDGE('',*,*,#1908,.T.);
#828=ORIENTED_EDGE('',*,*,#1910,.T.);
#829=ORIENTED_EDGE('',*,*,#1904,.T.);
#830=ORIENTED_EDGE('',*,*,#1889,.T.);
#831=ORIENTED_EDGE('',*,*,#1896,.T.);
#832=ORIENTED_EDGE('',*,*,#1898,.T.);
#833=ORIENTED_EDGE('',*,*,#1892,.T.);
#834=ORIENTED_EDGE('',*,*,#1877,.T.);
#835=ORIENTED_EDGE('',*,*,#1884,.F.);
#836=ORIENTED_EDGE('',*,*,#1886,.T.);
#837=ORIENTED_EDGE('',*,*,#1880,.T.);
#838=ORIENTED_EDGE('',*,*,#1980,.F.);
#839=ORIENTED_EDGE('',*,*,#1978,.T.);
#840=ORIENTED_EDGE('',*,*,#2001,.T.);
#841=ORIENTED_EDGE('',*,*,#2003,.T.);
#842=ORIENTED_EDGE('',*,*,#2005,.T.);
#843=ORIENTED_EDGE('',*,*,#2006,.T.);
#844=ORIENTED_EDGE('',*,*,#1727,.T.);
#845=ORIENTED_EDGE('',*,*,#1953,.F.);
#846=ORIENTED_EDGE('',*,*,#2008,.F.);
#847=ORIENTED_EDGE('',*,*,#2009,.T.);
#848=ORIENTED_EDGE('',*,*,#1731,.T.);
#849=ORIENTED_EDGE('',*,*,#2010,.F.);
#850=ORIENTED_EDGE('',*,*,#2011,.F.);
#851=ORIENTED_EDGE('',*,*,#1951,.T.);
#852=ORIENTED_EDGE('',*,*,#1730,.T.);
#853=ORIENTED_EDGE('',*,*,#2012,.F.);
#854=ORIENTED_EDGE('',*,*,#2013,.F.);
#855=ORIENTED_EDGE('',*,*,#2010,.T.);
#856=ORIENTED_EDGE('',*,*,#1729,.T.);
#857=ORIENTED_EDGE('',*,*,#2014,.F.);
#858=ORIENTED_EDGE('',*,*,#2015,.F.);
#859=ORIENTED_EDGE('',*,*,#2012,.T.);
#860=ORIENTED_EDGE('',*,*,#1728,.T.);
#861=ORIENTED_EDGE('',*,*,#2009,.F.);
#862=ORIENTED_EDGE('',*,*,#2016,.F.);
#863=ORIENTED_EDGE('',*,*,#2014,.T.);
#864=ORIENTED_EDGE('',*,*,#2017,.F.);
#865=ORIENTED_EDGE('',*,*,#2018,.F.);
#866=ORIENTED_EDGE('',*,*,#1865,.T.);
#867=ORIENTED_EDGE('',*,*,#1872,.T.);
#868=ORIENTED_EDGE('',*,*,#1874,.T.);
#869=ORIENTED_EDGE('',*,*,#1868,.T.);
#870=ORIENTED_EDGE('',*,*,#1853,.T.);
#871=ORIENTED_EDGE('',*,*,#1860,.T.);
#872=ORIENTED_EDGE('',*,*,#1862,.T.);
#873=ORIENTED_EDGE('',*,*,#1856,.T.);
#874=ORIENTED_EDGE('',*,*,#1841,.T.);
#875=ORIENTED_EDGE('',*,*,#1848,.T.);
#876=ORIENTED_EDGE('',*,*,#1850,.T.);
#877=ORIENTED_EDGE('',*,*,#1844,.T.);
#878=ORIENTED_EDGE('',*,*,#1829,.T.);
#879=ORIENTED_EDGE('',*,*,#1836,.T.);
#880=ORIENTED_EDGE('',*,*,#1838,.T.);
#881=ORIENTED_EDGE('',*,*,#1832,.T.);
#882=ORIENTED_EDGE('',*,*,#1817,.T.);
#883=ORIENTED_EDGE('',*,*,#1824,.T.);
#884=ORIENTED_EDGE('',*,*,#1826,.T.);
#885=ORIENTED_EDGE('',*,*,#1820,.T.);
#886=ORIENTED_EDGE('',*,*,#2008,.T.);
#887=ORIENTED_EDGE('',*,*,#1952,.T.);
#888=ORIENTED_EDGE('',*,*,#1949,.T.);
#889=ORIENTED_EDGE('',*,*,#2011,.T.);
#890=ORIENTED_EDGE('',*,*,#2013,.T.);
#891=ORIENTED_EDGE('',*,*,#2015,.T.);
#892=ORIENTED_EDGE('',*,*,#2016,.T.);
#893=ORIENTED_EDGE('',*,*,#2019,.F.);
#894=ORIENTED_EDGE('',*,*,#2020,.T.);
#895=ORIENTED_EDGE('',*,*,#2021,.T.);
#896=ORIENTED_EDGE('',*,*,#2022,.T.);
#897=ORIENTED_EDGE('',*,*,#1935,.T.);
#898=ORIENTED_EDGE('',*,*,#1939,.T.);
#899=ORIENTED_EDGE('',*,*,#1945,.T.);
#900=ORIENTED_EDGE('',*,*,#1942,.F.);
#901=ORIENTED_EDGE('',*,*,#1598,.F.);
#902=ORIENTED_EDGE('',*,*,#2023,.F.);
#903=ORIENTED_EDGE('',*,*,#2019,.T.);
#904=ORIENTED_EDGE('',*,*,#2024,.T.);
#905=ORIENTED_EDGE('',*,*,#1597,.T.);
#906=ORIENTED_EDGE('',*,*,#2025,.F.);
#907=ORIENTED_EDGE('',*,*,#2020,.F.);
#908=ORIENTED_EDGE('',*,*,#2023,.T.);
#909=ORIENTED_EDGE('',*,*,#1600,.T.);
#910=ORIENTED_EDGE('',*,*,#2026,.F.);
#911=ORIENTED_EDGE('',*,*,#2021,.F.);
#912=ORIENTED_EDGE('',*,*,#2025,.T.);
#913=ORIENTED_EDGE('',*,*,#1599,.T.);
#914=ORIENTED_EDGE('',*,*,#2024,.F.);
#915=ORIENTED_EDGE('',*,*,#2022,.F.);
#916=ORIENTED_EDGE('',*,*,#2026,.T.);
#917=ORIENTED_EDGE('',*,*,#2027,.F.);
#918=ORIENTED_EDGE('',*,*,#2028,.T.);
#919=ORIENTED_EDGE('',*,*,#2029,.T.);
#920=ORIENTED_EDGE('',*,*,#2030,.T.);
#921=ORIENTED_EDGE('',*,*,#1923,.T.);
#922=ORIENTED_EDGE('',*,*,#1927,.T.);
#923=ORIENTED_EDGE('',*,*,#1933,.T.);
#924=ORIENTED_EDGE('',*,*,#1930,.F.);
#925=ORIENTED_EDGE('',*,*,#1610,.F.);
#926=ORIENTED_EDGE('',*,*,#2031,.F.);
#927=ORIENTED_EDGE('',*,*,#2027,.T.);
#928=ORIENTED_EDGE('',*,*,#2032,.T.);
#929=ORIENTED_EDGE('',*,*,#1609,.T.);
#930=ORIENTED_EDGE('',*,*,#2033,.F.);
#931=ORIENTED_EDGE('',*,*,#2028,.F.);
#932=ORIENTED_EDGE('',*,*,#2031,.T.);
#933=ORIENTED_EDGE('',*,*,#1612,.T.);
#934=ORIENTED_EDGE('',*,*,#2034,.F.);
#935=ORIENTED_EDGE('',*,*,#2029,.F.);
#936=ORIENTED_EDGE('',*,*,#2033,.T.);
#937=ORIENTED_EDGE('',*,*,#1611,.T.);
#938=ORIENTED_EDGE('',*,*,#2032,.F.);
#939=ORIENTED_EDGE('',*,*,#2030,.F.);
#940=ORIENTED_EDGE('',*,*,#2034,.T.);
#941=ORIENTED_EDGE('',*,*,#2035,.T.);
#942=ORIENTED_EDGE('',*,*,#2036,.T.);
#943=ORIENTED_EDGE('',*,*,#2037,.T.);
#944=ORIENTED_EDGE('',*,*,#2038,.T.);
#945=ORIENTED_EDGE('',*,*,#1911,.T.);
#946=ORIENTED_EDGE('',*,*,#1915,.T.);
#947=ORIENTED_EDGE('',*,*,#1921,.T.);
#948=ORIENTED_EDGE('',*,*,#1918,.T.);
#949=ORIENTED_EDGE('',*,*,#1621,.T.);
#950=ORIENTED_EDGE('',*,*,#2039,.F.);
#951=ORIENTED_EDGE('',*,*,#2035,.F.);
#952=ORIENTED_EDGE('',*,*,#2040,.T.);
#953=ORIENTED_EDGE('',*,*,#1624,.T.);
#954=ORIENTED_EDGE('',*,*,#2041,.F.);
#955=ORIENTED_EDGE('',*,*,#2036,.F.);
#956=ORIENTED_EDGE('',*,*,#2039,.T.);
#957=ORIENTED_EDGE('',*,*,#1623,.T.);
#958=ORIENTED_EDGE('',*,*,#2042,.F.);
#959=ORIENTED_EDGE('',*,*,#2037,.F.);
#960=ORIENTED_EDGE('',*,*,#2041,.T.);
#961=ORIENTED_EDGE('',*,*,#1622,.T.);
#962=ORIENTED_EDGE('',*,*,#2040,.F.);
#963=ORIENTED_EDGE('',*,*,#2038,.F.);
#964=ORIENTED_EDGE('',*,*,#2042,.T.);
#965=ORIENTED_EDGE('',*,*,#2043,.T.);
#966=ORIENTED_EDGE('',*,*,#2044,.T.);
#967=ORIENTED_EDGE('',*,*,#2045,.T.);
#968=ORIENTED_EDGE('',*,*,#2046,.T.);
#969=ORIENTED_EDGE('',*,*,#1899,.T.);
#970=ORIENTED_EDGE('',*,*,#1903,.T.);
#971=ORIENTED_EDGE('',*,*,#1909,.T.);
#972=ORIENTED_EDGE('',*,*,#1906,.T.);
#973=ORIENTED_EDGE('',*,*,#1625,.T.);
#974=ORIENTED_EDGE('',*,*,#2047,.F.);
#975=ORIENTED_EDGE('',*,*,#2043,.F.);
#976=ORIENTED_EDGE('',*,*,#2048,.T.);
#977=ORIENTED_EDGE('',*,*,#1628,.T.);
#978=ORIENTED_EDGE('',*,*,#2049,.F.);
#979=ORIENTED_EDGE('',*,*,#2044,.F.);
#980=ORIENTED_EDGE('',*,*,#2047,.T.);
#981=ORIENTED_EDGE('',*,*,#1627,.T.);
#982=ORIENTED_EDGE('',*,*,#2050,.F.);
#983=ORIENTED_EDGE('',*,*,#2045,.F.);
#984=ORIENTED_EDGE('',*,*,#2049,.T.);
#985=ORIENTED_EDGE('',*,*,#1626,.T.);
#986=ORIENTED_EDGE('',*,*,#2048,.F.);
#987=ORIENTED_EDGE('',*,*,#2046,.F.);
#988=ORIENTED_EDGE('',*,*,#2050,.T.);
#989=ORIENTED_EDGE('',*,*,#2051,.T.);
#990=ORIENTED_EDGE('',*,*,#2052,.T.);
#991=ORIENTED_EDGE('',*,*,#2053,.T.);
#992=ORIENTED_EDGE('',*,*,#2054,.T.);
#993=ORIENTED_EDGE('',*,*,#1887,.T.);
#994=ORIENTED_EDGE('',*,*,#1891,.T.);
#995=ORIENTED_EDGE('',*,*,#1897,.T.);
#996=ORIENTED_EDGE('',*,*,#1894,.T.);
#997=ORIENTED_EDGE('',*,*,#1613,.T.);
#998=ORIENTED_EDGE('',*,*,#2055,.F.);
#999=ORIENTED_EDGE('',*,*,#2051,.F.);
#1000=ORIENTED_EDGE('',*,*,#2056,.T.);
#1001=ORIENTED_EDGE('',*,*,#1616,.T.);
#1002=ORIENTED_EDGE('',*,*,#2057,.F.);
#1003=ORIENTED_EDGE('',*,*,#2052,.F.);
#1004=ORIENTED_EDGE('',*,*,#2055,.T.);
#1005=ORIENTED_EDGE('',*,*,#1615,.T.);
#1006=ORIENTED_EDGE('',*,*,#2058,.F.);
#1007=ORIENTED_EDGE('',*,*,#2053,.F.);
#1008=ORIENTED_EDGE('',*,*,#2057,.T.);
#1009=ORIENTED_EDGE('',*,*,#1614,.T.);
#1010=ORIENTED_EDGE('',*,*,#2056,.F.);
#1011=ORIENTED_EDGE('',*,*,#2054,.F.);
#1012=ORIENTED_EDGE('',*,*,#2058,.T.);
#1013=ORIENTED_EDGE('',*,*,#2059,.T.);
#1014=ORIENTED_EDGE('',*,*,#2060,.T.);
#1015=ORIENTED_EDGE('',*,*,#2061,.F.);
#1016=ORIENTED_EDGE('',*,*,#2062,.T.);
#1017=ORIENTED_EDGE('',*,*,#1875,.T.);
#1018=ORIENTED_EDGE('',*,*,#1879,.T.);
#1019=ORIENTED_EDGE('',*,*,#1885,.T.);
#1020=ORIENTED_EDGE('',*,*,#1882,.F.);
#1021=ORIENTED_EDGE('',*,*,#1617,.T.);
#1022=ORIENTED_EDGE('',*,*,#2063,.F.);
#1023=ORIENTED_EDGE('',*,*,#2059,.F.);
#1024=ORIENTED_EDGE('',*,*,#2064,.T.);
#1025=ORIENTED_EDGE('',*,*,#1620,.T.);
#1026=ORIENTED_EDGE('',*,*,#2065,.F.);
#1027=ORIENTED_EDGE('',*,*,#2060,.F.);
#1028=ORIENTED_EDGE('',*,*,#2063,.T.);
#1029=ORIENTED_EDGE('',*,*,#1619,.F.);
#1030=ORIENTED_EDGE('',*,*,#2066,.F.);
#1031=ORIENTED_EDGE('',*,*,#2061,.T.);
#1032=ORIENTED_EDGE('',*,*,#2065,.T.);
#1033=ORIENTED_EDGE('',*,*,#1618,.T.);
#1034=ORIENTED_EDGE('',*,*,#2064,.F.);
#1035=ORIENTED_EDGE('',*,*,#2062,.F.);
#1036=ORIENTED_EDGE('',*,*,#2066,.T.);
#1037=ORIENTED_EDGE('',*,*,#2067,.T.);
#1038=ORIENTED_EDGE('',*,*,#2068,.T.);
#1039=ORIENTED_EDGE('',*,*,#2069,.T.);
#1040=ORIENTED_EDGE('',*,*,#2070,.T.);
#1041=ORIENTED_EDGE('',*,*,#1863,.T.);
#1042=ORIENTED_EDGE('',*,*,#1867,.T.);
#1043=ORIENTED_EDGE('',*,*,#1873,.T.);
#1044=ORIENTED_EDGE('',*,*,#1870,.T.);
#1045=ORIENTED_EDGE('',*,*,#1629,.T.);
#1046=ORIENTED_EDGE('',*,*,#2071,.F.);
#1047=ORIENTED_EDGE('',*,*,#2067,.F.);
#1048=ORIENTED_EDGE('',*,*,#2072,.T.);
#1049=ORIENTED_EDGE('',*,*,#1632,.T.);
#1050=ORIENTED_EDGE('',*,*,#2073,.F.);
#1051=ORIENTED_EDGE('',*,*,#2068,.F.);
#1052=ORIENTED_EDGE('',*,*,#2071,.T.);
#1053=ORIENTED_EDGE('',*,*,#1631,.T.);
#1054=ORIENTED_EDGE('',*,*,#2074,.F.);
#1055=ORIENTED_EDGE('',*,*,#2069,.F.);
#1056=ORIENTED_EDGE('',*,*,#2073,.T.);
#1057=ORIENTED_EDGE('',*,*,#1630,.T.);
#1058=ORIENTED_EDGE('',*,*,#2072,.F.);
#1059=ORIENTED_EDGE('',*,*,#2070,.F.);
#1060=ORIENTED_EDGE('',*,*,#2074,.T.);
#1061=ORIENTED_EDGE('',*,*,#2075,.T.);
#1062=ORIENTED_EDGE('',*,*,#2076,.T.);
#1063=ORIENTED_EDGE('',*,*,#2077,.T.);
#1064=ORIENTED_EDGE('',*,*,#2078,.T.);
#1065=ORIENTED_EDGE('',*,*,#1851,.T.);
#1066=ORIENTED_EDGE('',*,*,#1855,.T.);
#1067=ORIENTED_EDGE('',*,*,#1861,.T.);
#1068=ORIENTED_EDGE('',*,*,#1858,.T.);
#1069=ORIENTED_EDGE('',*,*,#1637,.T.);
#1070=ORIENTED_EDGE('',*,*,#2079,.F.);
#1071=ORIENTED_EDGE('',*,*,#2075,.F.);
#1072=ORIENTED_EDGE('',*,*,#2080,.T.);
#1073=ORIENTED_EDGE('',*,*,#1640,.T.);
#1074=ORIENTED_EDGE('',*,*,#2081,.F.);
#1075=ORIENTED_EDGE('',*,*,#2076,.F.);
#1076=ORIENTED_EDGE('',*,*,#2079,.T.);
#1077=ORIENTED_EDGE('',*,*,#1639,.T.);
#1078=ORIENTED_EDGE('',*,*,#2082,.F.);
#1079=ORIENTED_EDGE('',*,*,#2077,.F.);
#1080=ORIENTED_EDGE('',*,*,#2081,.T.);
#1081=ORIENTED_EDGE('',*,*,#1638,.T.);
#1082=ORIENTED_EDGE('',*,*,#2080,.F.);
#1083=ORIENTED_EDGE('',*,*,#2078,.F.);
#1084=ORIENTED_EDGE('',*,*,#2082,.T.);
#1085=ORIENTED_EDGE('',*,*,#2083,.T.);
#1086=ORIENTED_EDGE('',*,*,#2084,.T.);
#1087=ORIENTED_EDGE('',*,*,#2085,.T.);
#1088=ORIENTED_EDGE('',*,*,#2086,.T.);
#1089=ORIENTED_EDGE('',*,*,#1839,.T.);
#1090=ORIENTED_EDGE('',*,*,#1843,.T.);
#1091=ORIENTED_EDGE('',*,*,#1849,.T.);
#1092=ORIENTED_EDGE('',*,*,#1846,.T.);
#1093=ORIENTED_EDGE('',*,*,#1605,.T.);
#1094=ORIENTED_EDGE('',*,*,#2087,.F.);
#1095=ORIENTED_EDGE('',*,*,#2083,.F.);
#1096=ORIENTED_EDGE('',*,*,#2088,.T.);
#1097=ORIENTED_EDGE('',*,*,#1608,.T.);
#1098=ORIENTED_EDGE('',*,*,#2089,.F.);
#1099=ORIENTED_EDGE('',*,*,#2084,.F.);
#1100=ORIENTED_EDGE('',*,*,#2087,.T.);
#1101=ORIENTED_EDGE('',*,*,#1607,.T.);
#1102=ORIENTED_EDGE('',*,*,#2090,.F.);
#1103=ORIENTED_EDGE('',*,*,#2085,.F.);
#1104=ORIENTED_EDGE('',*,*,#2089,.T.);
#1105=ORIENTED_EDGE('',*,*,#1606,.T.);
#1106=ORIENTED_EDGE('',*,*,#2088,.F.);
#1107=ORIENTED_EDGE('',*,*,#2086,.F.);
#1108=ORIENTED_EDGE('',*,*,#2090,.T.);
#1109=ORIENTED_EDGE('',*,*,#2091,.T.);
#1110=ORIENTED_EDGE('',*,*,#2092,.T.);
#1111=ORIENTED_EDGE('',*,*,#2093,.T.);
#1112=ORIENTED_EDGE('',*,*,#2094,.T.);
#1113=ORIENTED_EDGE('',*,*,#1827,.T.);
#1114=ORIENTED_EDGE('',*,*,#1831,.T.);
#1115=ORIENTED_EDGE('',*,*,#1837,.T.);
#1116=ORIENTED_EDGE('',*,*,#1834,.T.);
#1117=ORIENTED_EDGE('',*,*,#1641,.T.);
#1118=ORIENTED_EDGE('',*,*,#2095,.F.);
#1119=ORIENTED_EDGE('',*,*,#2091,.F.);
#1120=ORIENTED_EDGE('',*,*,#2096,.T.);
#1121=ORIENTED_EDGE('',*,*,#1644,.T.);
#1122=ORIENTED_EDGE('',*,*,#2097,.F.);
#1123=ORIENTED_EDGE('',*,*,#2092,.F.);
#1124=ORIENTED_EDGE('',*,*,#2095,.T.);
#1125=ORIENTED_EDGE('',*,*,#1643,.T.);
#1126=ORIENTED_EDGE('',*,*,#2098,.F.);
#1127=ORIENTED_EDGE('',*,*,#2093,.F.);
#1128=ORIENTED_EDGE('',*,*,#2097,.T.);
#1129=ORIENTED_EDGE('',*,*,#1642,.T.);
#1130=ORIENTED_EDGE('',*,*,#2096,.F.);
#1131=ORIENTED_EDGE('',*,*,#2094,.F.);
#1132=ORIENTED_EDGE('',*,*,#2098,.T.);
#1133=ORIENTED_EDGE('',*,*,#2099,.T.);
#1134=ORIENTED_EDGE('',*,*,#2100,.T.);
#1135=ORIENTED_EDGE('',*,*,#2101,.T.);
#1136=ORIENTED_EDGE('',*,*,#2102,.T.);
#1137=ORIENTED_EDGE('',*,*,#1815,.T.);
#1138=ORIENTED_EDGE('',*,*,#1819,.T.);
#1139=ORIENTED_EDGE('',*,*,#1825,.T.);
#1140=ORIENTED_EDGE('',*,*,#1822,.T.);
#1141=ORIENTED_EDGE('',*,*,#1633,.T.);
#1142=ORIENTED_EDGE('',*,*,#2103,.F.);
#1143=ORIENTED_EDGE('',*,*,#2099,.F.);
#1144=ORIENTED_EDGE('',*,*,#2104,.T.);
#1145=ORIENTED_EDGE('',*,*,#1636,.T.);
#1146=ORIENTED_EDGE('',*,*,#2105,.F.);
#1147=ORIENTED_EDGE('',*,*,#2100,.F.);
#1148=ORIENTED_EDGE('',*,*,#2103,.T.);
#1149=ORIENTED_EDGE('',*,*,#1635,.T.);
#1150=ORIENTED_EDGE('',*,*,#2106,.F.);
#1151=ORIENTED_EDGE('',*,*,#2101,.F.);
#1152=ORIENTED_EDGE('',*,*,#2105,.T.);
#1153=ORIENTED_EDGE('',*,*,#1634,.T.);
#1154=ORIENTED_EDGE('',*,*,#2104,.F.);
#1155=ORIENTED_EDGE('',*,*,#2102,.F.);
#1156=ORIENTED_EDGE('',*,*,#2106,.T.);
#1157=ORIENTED_EDGE('',*,*,#2107,.T.);
#1158=ORIENTED_EDGE('',*,*,#2108,.F.);
#1159=ORIENTED_EDGE('',*,*,#2107,.F.);
#1160=ORIENTED_EDGE('',*,*,#1647,.T.);
#1161=ORIENTED_EDGE('',*,*,#2108,.T.);
#1162=ORIENTED_EDGE('',*,*,#2018,.T.);
#1163=ORIENTED_EDGE('',*,*,#2109,.T.);
#1164=ORIENTED_EDGE('',*,*,#2110,.F.);
#1165=ORIENTED_EDGE('',*,*,#2109,.F.);
#1166=ORIENTED_EDGE('',*,*,#1646,.T.);
#1167=ORIENTED_EDGE('',*,*,#2110,.T.);
#1168=ORIENTED_EDGE('',*,*,#2017,.T.);
#1169=ORIENTED_EDGE('',*,*,#2111,.T.);
#1170=ORIENTED_EDGE('',*,*,#2112,.F.);
#1171=ORIENTED_EDGE('',*,*,#2111,.F.);
#1172=ORIENTED_EDGE('',*,*,#1645,.T.);
#1173=ORIENTED_EDGE('',*,*,#2112,.T.);
#1174=ORIENTED_EDGE('',*,*,#2007,.T.);
#1175=ORIENTED_EDGE('',*,*,#1763,.F.);
#1176=ORIENTED_EDGE('',*,*,#2113,.T.);
#1177=ORIENTED_EDGE('',*,*,#2114,.F.);
#1178=ORIENTED_EDGE('',*,*,#2115,.F.);
#1179=ORIENTED_EDGE('',*,*,#2116,.F.);
#1180=ORIENTED_EDGE('',*,*,#1764,.T.);
#1181=ORIENTED_EDGE('',*,*,#2115,.T.);
#1182=ORIENTED_EDGE('',*,*,#2117,.T.);
#1183=ORIENTED_EDGE('',*,*,#1765,.F.);
#1184=ORIENTED_EDGE('',*,*,#2116,.T.);
#1185=ORIENTED_EDGE('',*,*,#2118,.F.);
#1186=ORIENTED_EDGE('',*,*,#2119,.F.);
#1187=ORIENTED_EDGE('',*,*,#1766,.F.);
#1188=ORIENTED_EDGE('',*,*,#2119,.T.);
#1189=ORIENTED_EDGE('',*,*,#2120,.F.);
#1190=ORIENTED_EDGE('',*,*,#2121,.F.);
#1191=ORIENTED_EDGE('',*,*,#1767,.F.);
#1192=ORIENTED_EDGE('',*,*,#2121,.T.);
#1193=ORIENTED_EDGE('',*,*,#2122,.F.);
#1194=ORIENTED_EDGE('',*,*,#2123,.F.);
#1195=ORIENTED_EDGE('',*,*,#1768,.F.);
#1196=ORIENTED_EDGE('',*,*,#2123,.T.);
#1197=ORIENTED_EDGE('',*,*,#2124,.F.);
#1198=ORIENTED_EDGE('',*,*,#2125,.F.);
#1199=ORIENTED_EDGE('',*,*,#2113,.F.);
#1200=ORIENTED_EDGE('',*,*,#1762,.T.);
#1201=ORIENTED_EDGE('',*,*,#2125,.T.);
#1202=ORIENTED_EDGE('',*,*,#2126,.T.);
#1203=ORIENTED_EDGE('',*,*,#2114,.T.);
#1204=ORIENTED_EDGE('',*,*,#2126,.F.);
#1205=ORIENTED_EDGE('',*,*,#2124,.T.);
#1206=ORIENTED_EDGE('',*,*,#2122,.T.);
#1207=ORIENTED_EDGE('',*,*,#2120,.T.);
#1208=ORIENTED_EDGE('',*,*,#2118,.T.);
#1209=ORIENTED_EDGE('',*,*,#2117,.F.);
#1210=ORIENTED_EDGE('',*,*,#1752,.F.);
#1211=ORIENTED_EDGE('',*,*,#2127,.T.);
#1212=ORIENTED_EDGE('',*,*,#2128,.F.);
#1213=ORIENTED_EDGE('',*,*,#2129,.F.);
#1214=ORIENTED_EDGE('',*,*,#1753,.F.);
#1215=ORIENTED_EDGE('',*,*,#2129,.T.);
#1216=ORIENTED_EDGE('',*,*,#2130,.F.);
#1217=ORIENTED_EDGE('',*,*,#2131,.F.);
#1218=ORIENTED_EDGE('',*,*,#2132,.F.);
#1219=ORIENTED_EDGE('',*,*,#1754,.T.);
#1220=ORIENTED_EDGE('',*,*,#2131,.T.);
#1221=ORIENTED_EDGE('',*,*,#2133,.T.);
#1222=ORIENTED_EDGE('',*,*,#2134,.F.);
#1223=ORIENTED_EDGE('',*,*,#1755,.T.);
#1224=ORIENTED_EDGE('',*,*,#2132,.T.);
#1225=ORIENTED_EDGE('',*,*,#2135,.T.);
#1226=ORIENTED_EDGE('',*,*,#2136,.F.);
#1227=ORIENTED_EDGE('',*,*,#1756,.T.);
#1228=ORIENTED_EDGE('',*,*,#2134,.T.);
#1229=ORIENTED_EDGE('',*,*,#2137,.T.);
#1230=ORIENTED_EDGE('',*,*,#2138,.F.);
#1231=ORIENTED_EDGE('',*,*,#1757,.T.);
#1232=ORIENTED_EDGE('',*,*,#2136,.T.);
#1233=ORIENTED_EDGE('',*,*,#2139,.T.);
#1234=ORIENTED_EDGE('',*,*,#2140,.F.);
#1235=ORIENTED_EDGE('',*,*,#1758,.T.);
#1236=ORIENTED_EDGE('',*,*,#2138,.T.);
#1237=ORIENTED_EDGE('',*,*,#2141,.T.);
#1238=ORIENTED_EDGE('',*,*,#2142,.F.);
#1239=ORIENTED_EDGE('',*,*,#1759,.T.);
#1240=ORIENTED_EDGE('',*,*,#2140,.T.);
#1241=ORIENTED_EDGE('',*,*,#2143,.T.);
#1242=ORIENTED_EDGE('',*,*,#2127,.F.);
#1243=ORIENTED_EDGE('',*,*,#1751,.T.);
#1244=ORIENTED_EDGE('',*,*,#2142,.T.);
#1245=ORIENTED_EDGE('',*,*,#2144,.T.);
#1246=ORIENTED_EDGE('',*,*,#2128,.T.);
#1247=ORIENTED_EDGE('',*,*,#2144,.F.);
#1248=ORIENTED_EDGE('',*,*,#2143,.F.);
#1249=ORIENTED_EDGE('',*,*,#2141,.F.);
#1250=ORIENTED_EDGE('',*,*,#2139,.F.);
#1251=ORIENTED_EDGE('',*,*,#2137,.F.);
#1252=ORIENTED_EDGE('',*,*,#2135,.F.);
#1253=ORIENTED_EDGE('',*,*,#2133,.F.);
#1254=ORIENTED_EDGE('',*,*,#2130,.T.);
#1255=ORIENTED_EDGE('',*,*,#1670,.T.);
#1256=ORIENTED_EDGE('',*,*,#1745,.T.);
#1257=ORIENTED_EDGE('',*,*,#2145,.F.);
#1258=ORIENTED_EDGE('',*,*,#1786,.T.);
#1259=ORIENTED_EDGE('',*,*,#1956,.T.);
#1260=ORIENTED_EDGE('',*,*,#1955,.T.);
#1261=ORIENTED_EDGE('',*,*,#1954,.T.);
#1262=ORIENTED_EDGE('',*,*,#2146,.F.);
#1263=ORIENTED_EDGE('',*,*,#1661,.F.);
#1264=ORIENTED_EDGE('',*,*,#1684,.F.);
#1265=ORIENTED_EDGE('',*,*,#2147,.T.);
#1266=ORIENTED_EDGE('',*,*,#2148,.F.);
#1267=ORIENTED_EDGE('',*,*,#2149,.F.);
#1268=ORIENTED_EDGE('',*,*,#1667,.F.);
#1269=ORIENTED_EDGE('',*,*,#2150,.T.);
#1270=ORIENTED_EDGE('',*,*,#2151,.T.);
#1271=ORIENTED_EDGE('',*,*,#2152,.T.);
#1272=ORIENTED_EDGE('',*,*,#2153,.T.);
#1273=ORIENTED_EDGE('',*,*,#2154,.T.);
#1274=ORIENTED_EDGE('',*,*,#1966,.F.);
#1275=ORIENTED_EDGE('',*,*,#2155,.T.);
#1276=ORIENTED_EDGE('',*,*,#1663,.F.);
#1277=ORIENTED_EDGE('',*,*,#2156,.T.);
#1278=ORIENTED_EDGE('',*,*,#1997,.T.);
#1279=ORIENTED_EDGE('',*,*,#1996,.T.);
#1280=ORIENTED_EDGE('',*,*,#1696,.F.);
#1281=ORIENTED_EDGE('',*,*,#2145,.T.);
#1282=ORIENTED_EDGE('',*,*,#1744,.T.);
#1283=ORIENTED_EDGE('',*,*,#1976,.T.);
#1284=ORIENTED_EDGE('',*,*,#1787,.T.);
#1285=ORIENTED_EDGE('',*,*,#1725,.F.);
#1286=ORIENTED_EDGE('',*,*,#2156,.F.);
#1287=ORIENTED_EDGE('',*,*,#1662,.F.);
#1288=ORIENTED_EDGE('',*,*,#2146,.T.);
#1289=ORIENTED_EDGE('',*,*,#2157,.T.);
#1290=ORIENTED_EDGE('',*,*,#2158,.T.);
#1291=ORIENTED_EDGE('',*,*,#2159,.T.);
#1292=ORIENTED_EDGE('',*,*,#1779,.F.);
#1293=ORIENTED_EDGE('',*,*,#2160,.F.);
#1294=ORIENTED_EDGE('',*,*,#2161,.F.);
#1295=ORIENTED_EDGE('',*,*,#2162,.F.);
#1296=ORIENTED_EDGE('',*,*,#1974,.T.);
#1297=ORIENTED_EDGE('',*,*,#1975,.F.);
#1298=ORIENTED_EDGE('',*,*,#2162,.T.);
#1299=ORIENTED_EDGE('',*,*,#2163,.T.);
#1300=ORIENTED_EDGE('',*,*,#1789,.T.);
#1301=ORIENTED_EDGE('',*,*,#2163,.F.);
#1302=ORIENTED_EDGE('',*,*,#2161,.T.);
#1303=ORIENTED_EDGE('',*,*,#2164,.T.);
#1304=ORIENTED_EDGE('',*,*,#1790,.T.);
#1305=ORIENTED_EDGE('',*,*,#2164,.F.);
#1306=ORIENTED_EDGE('',*,*,#2160,.T.);
#1307=ORIENTED_EDGE('',*,*,#1778,.T.);
#1308=ORIENTED_EDGE('',*,*,#2165,.T.);
#1309=ORIENTED_EDGE('',*,*,#1791,.T.);
#1310=ORIENTED_EDGE('',*,*,#2159,.F.);
#1311=ORIENTED_EDGE('',*,*,#2166,.T.);
#1312=ORIENTED_EDGE('',*,*,#1795,.F.);
#1313=ORIENTED_EDGE('',*,*,#2167,.F.);
#1314=ORIENTED_EDGE('',*,*,#1780,.F.);
#1315=ORIENTED_EDGE('',*,*,#2158,.F.);
#1316=ORIENTED_EDGE('',*,*,#2168,.T.);
#1317=ORIENTED_EDGE('',*,*,#1796,.F.);
#1318=ORIENTED_EDGE('',*,*,#2166,.F.);
#1319=ORIENTED_EDGE('',*,*,#2157,.F.);
#1320=ORIENTED_EDGE('',*,*,#1973,.T.);
#1321=ORIENTED_EDGE('',*,*,#1797,.F.);
#1322=ORIENTED_EDGE('',*,*,#2168,.F.);
#1323=ORIENTED_EDGE('',*,*,#2169,.T.);
#1324=ORIENTED_EDGE('',*,*,#2170,.T.);
#1325=ORIENTED_EDGE('',*,*,#2171,.T.);
#1326=ORIENTED_EDGE('',*,*,#1783,.F.);
#1327=ORIENTED_EDGE('',*,*,#2172,.F.);
#1328=ORIENTED_EDGE('',*,*,#2173,.F.);
#1329=ORIENTED_EDGE('',*,*,#2174,.F.);
#1330=ORIENTED_EDGE('',*,*,#1971,.T.);
#1331=ORIENTED_EDGE('',*,*,#1972,.F.);
#1332=ORIENTED_EDGE('',*,*,#2174,.T.);
#1333=ORIENTED_EDGE('',*,*,#2175,.T.);
#1334=ORIENTED_EDGE('',*,*,#1799,.T.);
#1335=ORIENTED_EDGE('',*,*,#2175,.F.);
#1336=ORIENTED_EDGE('',*,*,#2173,.T.);
#1337=ORIENTED_EDGE('',*,*,#2176,.T.);
#1338=ORIENTED_EDGE('',*,*,#1800,.T.);
#1339=ORIENTED_EDGE('',*,*,#2176,.F.);
#1340=ORIENTED_EDGE('',*,*,#2172,.T.);
#1341=ORIENTED_EDGE('',*,*,#1782,.T.);
#1342=ORIENTED_EDGE('',*,*,#2177,.T.);
#1343=ORIENTED_EDGE('',*,*,#1801,.T.);
#1344=ORIENTED_EDGE('',*,*,#2171,.F.);
#1345=ORIENTED_EDGE('',*,*,#2178,.T.);
#1346=ORIENTED_EDGE('',*,*,#1806,.F.);
#1347=ORIENTED_EDGE('',*,*,#2179,.F.);
#1348=ORIENTED_EDGE('',*,*,#1784,.F.);
#1349=ORIENTED_EDGE('',*,*,#2170,.F.);
#1350=ORIENTED_EDGE('',*,*,#2180,.T.);
#1351=ORIENTED_EDGE('',*,*,#1807,.F.);
#1352=ORIENTED_EDGE('',*,*,#2178,.F.);
#1353=ORIENTED_EDGE('',*,*,#2169,.F.);
#1354=ORIENTED_EDGE('',*,*,#1970,.T.);
#1355=ORIENTED_EDGE('',*,*,#1808,.F.);
#1356=ORIENTED_EDGE('',*,*,#2180,.F.);
#1357=ORIENTED_EDGE('',*,*,#2181,.T.);
#1358=ORIENTED_EDGE('',*,*,#2182,.F.);
#1359=ORIENTED_EDGE('',*,*,#2183,.F.);
#1360=ORIENTED_EDGE('',*,*,#2184,.F.);
#1361=ORIENTED_EDGE('',*,*,#2185,.F.);
#1362=ORIENTED_EDGE('',*,*,#1968,.T.);
#1363=ORIENTED_EDGE('',*,*,#2186,.T.);
#1364=ORIENTED_EDGE('',*,*,#2187,.T.);
#1365=ORIENTED_EDGE('',*,*,#2187,.F.);
#1366=ORIENTED_EDGE('',*,*,#2188,.T.);
#1367=ORIENTED_EDGE('',*,*,#2153,.F.);
#1368=ORIENTED_EDGE('',*,*,#2189,.F.);
#1369=ORIENTED_EDGE('',*,*,#2186,.F.);
#1370=ORIENTED_EDGE('',*,*,#1967,.T.);
#1371=ORIENTED_EDGE('',*,*,#2154,.F.);
#1372=ORIENTED_EDGE('',*,*,#2188,.F.);
#1373=ORIENTED_EDGE('',*,*,#1969,.F.);
#1374=ORIENTED_EDGE('',*,*,#2185,.T.);
#1375=ORIENTED_EDGE('',*,*,#2190,.T.);
#1376=ORIENTED_EDGE('',*,*,#1810,.T.);
#1377=ORIENTED_EDGE('',*,*,#2190,.F.);
#1378=ORIENTED_EDGE('',*,*,#2184,.T.);
#1379=ORIENTED_EDGE('',*,*,#2191,.T.);
#1380=ORIENTED_EDGE('',*,*,#1811,.T.);
#1381=ORIENTED_EDGE('',*,*,#2191,.F.);
#1382=ORIENTED_EDGE('',*,*,#2183,.T.);
#1383=ORIENTED_EDGE('',*,*,#2192,.T.);
#1384=ORIENTED_EDGE('',*,*,#2193,.T.);
#1385=ORIENTED_EDGE('',*,*,#1812,.T.);
#1386=ORIENTED_EDGE('',*,*,#2194,.T.);
#1387=ORIENTED_EDGE('',*,*,#2195,.T.);
#1388=ORIENTED_EDGE('',*,*,#2192,.F.);
#1389=ORIENTED_EDGE('',*,*,#2182,.T.);
#1390=ORIENTED_EDGE('',*,*,#2181,.F.);
#1391=ORIENTED_EDGE('',*,*,#2189,.T.);
#1392=ORIENTED_EDGE('',*,*,#2152,.F.);
#1393=ORIENTED_EDGE('',*,*,#2196,.F.);
#1394=ORIENTED_EDGE('',*,*,#2194,.F.);
#1395=ORIENTED_EDGE('',*,*,#2193,.F.);
#1396=ORIENTED_EDGE('',*,*,#2197,.T.);
#1397=ORIENTED_EDGE('',*,*,#2198,.T.);
#1398=ORIENTED_EDGE('',*,*,#1813,.F.);
#1399=ORIENTED_EDGE('',*,*,#2199,.T.);
#1400=ORIENTED_EDGE('',*,*,#2196,.T.);
#1401=ORIENTED_EDGE('',*,*,#2151,.F.);
#1402=ORIENTED_EDGE('',*,*,#2200,.F.);
#1403=ORIENTED_EDGE('',*,*,#2150,.F.);
#1404=ORIENTED_EDGE('',*,*,#1682,.F.);
#1405=ORIENTED_EDGE('',*,*,#2201,.T.);
#1406=ORIENTED_EDGE('',*,*,#2200,.T.);
#1407=ORIENTED_EDGE('',*,*,#1814,.T.);
#1408=ORIENTED_EDGE('',*,*,#2198,.F.);
#1409=ORIENTED_EDGE('',*,*,#2202,.F.);
#1410=ORIENTED_EDGE('',*,*,#1680,.T.);
#1411=ORIENTED_EDGE('',*,*,#2199,.F.);
#1412=ORIENTED_EDGE('',*,*,#2201,.F.);
#1413=ORIENTED_EDGE('',*,*,#1681,.F.);
#1414=ORIENTED_EDGE('',*,*,#2202,.T.);
#1415=ORIENTED_EDGE('',*,*,#2197,.F.);
#1416=ORIENTED_EDGE('',*,*,#2195,.F.);
#1417=ORIENTED_EDGE('',*,*,#2203,.F.);
#1418=ORIENTED_EDGE('',*,*,#2179,.T.);
#1419=ORIENTED_EDGE('',*,*,#1805,.T.);
#1420=ORIENTED_EDGE('',*,*,#2204,.F.);
#1421=ORIENTED_EDGE('',*,*,#1803,.T.);
#1422=ORIENTED_EDGE('',*,*,#2205,.F.);
#1423=ORIENTED_EDGE('',*,*,#2206,.F.);
#1424=ORIENTED_EDGE('',*,*,#1676,.T.);
#1425=ORIENTED_EDGE('',*,*,#2177,.F.);
#1426=ORIENTED_EDGE('',*,*,#2207,.F.);
#1427=ORIENTED_EDGE('',*,*,#2205,.T.);
#1428=ORIENTED_EDGE('',*,*,#1802,.T.);
#1429=ORIENTED_EDGE('',*,*,#1804,.F.);
#1430=ORIENTED_EDGE('',*,*,#1678,.F.);
#1431=ORIENTED_EDGE('',*,*,#2208,.T.);
#1432=ORIENTED_EDGE('',*,*,#2204,.T.);
#1433=ORIENTED_EDGE('',*,*,#2206,.T.);
#1434=ORIENTED_EDGE('',*,*,#2207,.T.);
#1435=ORIENTED_EDGE('',*,*,#1781,.T.);
#1436=ORIENTED_EDGE('',*,*,#2203,.T.);
#1437=ORIENTED_EDGE('',*,*,#2208,.F.);
#1438=ORIENTED_EDGE('',*,*,#1677,.F.);
#1439=ORIENTED_EDGE('',*,*,#2209,.F.);
#1440=ORIENTED_EDGE('',*,*,#2167,.T.);
#1441=ORIENTED_EDGE('',*,*,#1794,.T.);
#1442=ORIENTED_EDGE('',*,*,#2210,.F.);
#1443=ORIENTED_EDGE('',*,*,#1785,.T.);
#1444=ORIENTED_EDGE('',*,*,#2211,.F.);
#1445=ORIENTED_EDGE('',*,*,#2212,.F.);
#1446=ORIENTED_EDGE('',*,*,#1672,.T.);
#1447=ORIENTED_EDGE('',*,*,#2165,.F.);
#1448=ORIENTED_EDGE('',*,*,#2213,.F.);
#1449=ORIENTED_EDGE('',*,*,#2211,.T.);
#1450=ORIENTED_EDGE('',*,*,#1792,.T.);
#1451=ORIENTED_EDGE('',*,*,#1793,.F.);
#1452=ORIENTED_EDGE('',*,*,#1674,.F.);
#1453=ORIENTED_EDGE('',*,*,#2214,.T.);
#1454=ORIENTED_EDGE('',*,*,#2210,.T.);
#1455=ORIENTED_EDGE('',*,*,#2212,.T.);
#1456=ORIENTED_EDGE('',*,*,#2213,.T.);
#1457=ORIENTED_EDGE('',*,*,#1777,.T.);
#1458=ORIENTED_EDGE('',*,*,#2209,.T.);
#1459=ORIENTED_EDGE('',*,*,#2214,.F.);
#1460=ORIENTED_EDGE('',*,*,#1673,.F.);
#1461=ORIENTED_EDGE('',*,*,#2155,.F.);
#1462=ORIENTED_EDGE('',*,*,#1965,.T.);
#1463=ORIENTED_EDGE('',*,*,#2215,.T.);
#1464=ORIENTED_EDGE('',*,*,#1685,.F.);
#1465=ORIENTED_EDGE('',*,*,#2215,.F.);
#1466=ORIENTED_EDGE('',*,*,#1964,.T.);
#1467=ORIENTED_EDGE('',*,*,#2216,.T.);
#1468=ORIENTED_EDGE('',*,*,#1686,.F.);
#1469=ORIENTED_EDGE('',*,*,#1963,.F.);
#1470=ORIENTED_EDGE('',*,*,#2217,.T.);
#1471=ORIENTED_EDGE('',*,*,#1687,.T.);
#1472=ORIENTED_EDGE('',*,*,#2216,.F.);
#1473=ORIENTED_EDGE('',*,*,#1962,.F.);
#1474=ORIENTED_EDGE('',*,*,#2218,.T.);
#1475=ORIENTED_EDGE('',*,*,#1688,.T.);
#1476=ORIENTED_EDGE('',*,*,#2217,.F.);
#1477=ORIENTED_EDGE('',*,*,#1961,.F.);
#1478=ORIENTED_EDGE('',*,*,#2219,.T.);
#1479=ORIENTED_EDGE('',*,*,#1689,.T.);
#1480=ORIENTED_EDGE('',*,*,#2218,.F.);
#1481=ORIENTED_EDGE('',*,*,#1960,.F.);
#1482=ORIENTED_EDGE('',*,*,#2220,.T.);
#1483=ORIENTED_EDGE('',*,*,#1690,.T.);
#1484=ORIENTED_EDGE('',*,*,#2219,.F.);
#1485=ORIENTED_EDGE('',*,*,#1959,.F.);
#1486=ORIENTED_EDGE('',*,*,#2221,.T.);
#1487=ORIENTED_EDGE('',*,*,#1691,.T.);
#1488=ORIENTED_EDGE('',*,*,#2220,.F.);
#1489=ORIENTED_EDGE('',*,*,#1958,.F.);
#1490=ORIENTED_EDGE('',*,*,#2222,.T.);
#1491=ORIENTED_EDGE('',*,*,#1692,.T.);
#1492=ORIENTED_EDGE('',*,*,#2221,.F.);
#1493=ORIENTED_EDGE('',*,*,#1957,.F.);
#1494=ORIENTED_EDGE('',*,*,#1659,.T.);
#1495=ORIENTED_EDGE('',*,*,#1693,.T.);
#1496=ORIENTED_EDGE('',*,*,#2222,.F.);
#1497=ORIENTED_EDGE('',*,*,#1594,.F.);
#1498=ORIENTED_EDGE('',*,*,#1701,.T.);
#1499=ORIENTED_EDGE('',*,*,#1712,.T.);
#1500=ORIENTED_EDGE('',*,*,#1776,.F.);
#1501=ORIENTED_EDGE('',*,*,#1775,.F.);
#1502=ORIENTED_EDGE('',*,*,#1710,.T.);
#1503=ORIENTED_EDGE('',*,*,#1989,.F.);
#1504=ORIENTED_EDGE('',*,*,#1596,.F.);
#1505=ORIENTED_EDGE('',*,*,#2223,.T.);
#1506=ORIENTED_EDGE('',*,*,#1716,.T.);
#1507=ORIENTED_EDGE('',*,*,#1774,.F.);
#1508=ORIENTED_EDGE('',*,*,#1588,.F.);
#1509=ORIENTED_EDGE('',*,*,#1587,.T.);
#1510=ORIENTED_EDGE('',*,*,#1773,.T.);
#1511=ORIENTED_EDGE('',*,*,#1717,.F.);
#1512=ORIENTED_EDGE('',*,*,#2223,.F.);
#1513=ORIENTED_EDGE('',*,*,#1698,.F.);
#1514=ORIENTED_EDGE('',*,*,#1648,.F.);
#1515=ORIENTED_EDGE('',*,*,#1983,.T.);
#1516=ORIENTED_EDGE('',*,*,#1736,.T.);
#1517=ORIENTED_EDGE('',*,*,#1700,.F.);
#1518=ORIENTED_EDGE('',*,*,#1735,.T.);
#1519=ORIENTED_EDGE('',*,*,#2224,.T.);
#1520=ORIENTED_EDGE('',*,*,#1650,.F.);
#1521=ORIENTED_EDGE('',*,*,#2224,.F.);
#1522=ORIENTED_EDGE('',*,*,#1734,.T.);
#1523=ORIENTED_EDGE('',*,*,#1948,.F.);
#1524=ORIENTED_EDGE('',*,*,#1651,.F.);
#1525=ORIENTED_EDGE('',*,*,#1592,.F.);
#1526=ORIENTED_EDGE('',*,*,#1706,.T.);
#1527=ORIENTED_EDGE('',*,*,#1713,.T.);
#1528=ORIENTED_EDGE('',*,*,#1702,.F.);
#1529=ORIENTED_EDGE('',*,*,#2225,.F.);
#1530=ORIENTED_EDGE('',*,*,#2147,.F.);
#1531=ORIENTED_EDGE('',*,*,#1683,.T.);
#1532=ORIENTED_EDGE('',*,*,#1572,.F.);
#1533=ORIENTED_EDGE('',*,*,#1570,.T.);
#1534=ORIENTED_EDGE('',*,*,#1668,.F.);
#1535=ORIENTED_EDGE('',*,*,#2149,.T.);
#1536=ORIENTED_EDGE('',*,*,#2226,.T.);
#1537=ORIENTED_EDGE('',*,*,#1571,.T.);
#1538=ORIENTED_EDGE('',*,*,#2226,.F.);
#1539=ORIENTED_EDGE('',*,*,#2148,.T.);
#1540=ORIENTED_EDGE('',*,*,#2225,.T.);
#1541=ORIENTED_EDGE('',*,*,#1575,.T.);
#1542=ORIENTED_EDGE('',*,*,#2227,.F.);
#1543=ORIENTED_EDGE('',*,*,#1666,.T.);
#1544=ORIENTED_EDGE('',*,*,#2228,.F.);
#1545=ORIENTED_EDGE('',*,*,#1574,.T.);
#1546=ORIENTED_EDGE('',*,*,#1694,.F.);
#1547=ORIENTED_EDGE('',*,*,#1657,.T.);
#1548=ORIENTED_EDGE('',*,*,#2227,.T.);
#1549=ORIENTED_EDGE('',*,*,#1576,.T.);
#1550=ORIENTED_EDGE('',*,*,#2228,.T.);
#1551=ORIENTED_EDGE('',*,*,#1665,.T.);
#1552=ORIENTED_EDGE('',*,*,#1695,.F.);
#1553=ORIENTED_EDGE('',*,*,#1562,.F.);
#1554=ORIENTED_EDGE('',*,*,#1988,.F.);
#1555=ORIENTED_EDGE('',*,*,#1708,.F.);
#1556=ORIENTED_EDGE('',*,*,#1990,.F.);
#1557=ORIENTED_EDGE('',*,*,#1585,.F.);
#1558=ORIENTED_EDGE('',*,*,#1987,.F.);
#1559=ORIENTED_EDGE('',*,*,#1719,.F.);
#1560=ORIENTED_EDGE('',*,*,#1772,.F.);
#1561=EDGE_CURVE('',#2229,#2230,#2679,.T.);
#1562=EDGE_CURVE('',#2230,#2231,#103,.F.);
#1563=EDGE_CURVE('',#2231,#2232,#85,.T.);
#1564=EDGE_CURVE('',#2232,#2233,#86,.T.);
#1565=EDGE_CURVE('',#2234,#2233,#87,.T.);
#1566=EDGE_CURVE('',#2235,#2234,#104,.F.);
#1567=EDGE_CURVE('',#2235,#2236,#88,.T.);
#1568=EDGE_CURVE('',#2236,#2237,#89,.T.);
#1569=EDGE_CURVE('',#2238,#2237,#2680,.T.);
#1570=EDGE_CURVE('',#2239,#2238,#2681,.T.);
#1571=EDGE_CURVE('',#2240,#2239,#2682,.T.);
#1572=EDGE_CURVE('',#2240,#2241,#2683,.T.);
#1573=EDGE_CURVE('',#2242,#2241,#2684,.T.);
#1574=EDGE_CURVE('',#2243,#2242,#2685,.T.);
#1575=EDGE_CURVE('',#2244,#2243,#2686,.T.);
#1576=EDGE_CURVE('',#2245,#2244,#2687,.T.);
#1577=EDGE_CURVE('',#2246,#2245,#2688,.T.);
#1578=EDGE_CURVE('',#2247,#2246,#2689,.T.);
#1579=EDGE_CURVE('',#2248,#2247,#2690,.T.);
#1580=EDGE_CURVE('',#2249,#2248,#90,.T.);
#1581=EDGE_CURVE('',#2250,#2249,#91,.T.);
#1582=EDGE_CURVE('',#2250,#2251,#105,.T.);
#1583=EDGE_CURVE('',#2251,#2252,#92,.T.);
#1584=EDGE_CURVE('',#2253,#2252,#93,.T.);
#1585=EDGE_CURVE('',#2253,#2254,#106,.F.);
#1586=EDGE_CURVE('',#2254,#2255,#2691,.T.);
#1587=EDGE_CURVE('',#2256,#2255,#2692,.T.);
#1588=EDGE_CURVE('',#2256,#2257,#2693,.T.);
#1589=EDGE_CURVE('',#2258,#2257,#107,.T.);
#1590=EDGE_CURVE('',#2258,#2259,#2694,.T.);
#1591=EDGE_CURVE('',#2259,#2260,#2695,.T.);
#1592=EDGE_CURVE('',#2260,#2261,#2696,.T.);
#1593=EDGE_CURVE('',#2262,#2261,#2697,.T.);
#1594=EDGE_CURVE('',#2262,#2263,#2698,.T.);
#1595=EDGE_CURVE('',#2264,#2263,#108,.T.);
#1596=EDGE_CURVE('',#2264,#2229,#2699,.T.);
#1597=EDGE_CURVE('',#2265,#2266,#109,.T.);
#1598=EDGE_CURVE('',#2265,#2267,#2700,.T.);
#1599=EDGE_CURVE('',#2268,#2267,#110,.T.);
#1600=EDGE_CURVE('',#2266,#2268,#2701,.T.);
#1601=EDGE_CURVE('',#2269,#2269,#111,.T.);
#1602=EDGE_CURVE('',#2270,#2270,#112,.T.);
#1603=EDGE_CURVE('',#2271,#2271,#113,.T.);
#1604=EDGE_CURVE('',#2272,#2272,#114,.T.);
#1605=EDGE_CURVE('',#2273,#2274,#115,.T.);
#1606=EDGE_CURVE('',#2275,#2273,#2702,.T.);
#1607=EDGE_CURVE('',#2276,#2275,#116,.T.);
#1608=EDGE_CURVE('',#2274,#2276,#2703,.T.);
#1609=EDGE_CURVE('',#2277,#2278,#117,.T.);
#1610=EDGE_CURVE('',#2277,#2279,#2704,.T.);
#1611=EDGE_CURVE('',#2280,#2279,#118,.T.);
#1612=EDGE_CURVE('',#2278,#2280,#2705,.T.);
#1613=EDGE_CURVE('',#2281,#2282,#119,.T.);
#1614=EDGE_CURVE('',#2283,#2281,#2706,.T.);
#1615=EDGE_CURVE('',#2284,#2283,#120,.T.);
#1616=EDGE_CURVE('',#2282,#2284,#2707,.T.);
#1617=EDGE_CURVE('',#2285,#2286,#2708,.T.);
#1618=EDGE_CURVE('',#2287,#2285,#121,.T.);
#1619=EDGE_CURVE('',#2287,#2288,#2709,.T.);
#1620=EDGE_CURVE('',#2286,#2288,#122,.T.);
#1621=EDGE_CURVE('',#2289,#2290,#2710,.T.);
#1622=EDGE_CURVE('',#2291,#2289,#123,.T.);
#1623=EDGE_CURVE('',#2292,#2291,#2711,.T.);
#1624=EDGE_CURVE('',#2290,#2292,#124,.T.);
#1625=EDGE_CURVE('',#2293,#2294,#125,.T.);
#1626=EDGE_CURVE('',#2295,#2293,#2712,.T.);
#1627=EDGE_CURVE('',#2296,#2295,#126,.T.);
#1628=EDGE_CURVE('',#2294,#2296,#2713,.T.);
#1629=EDGE_CURVE('',#2297,#2298,#127,.T.);
#1630=EDGE_CURVE('',#2299,#2297,#2714,.T.);
#1631=EDGE_CURVE('',#2300,#2299,#128,.T.);
#1632=EDGE_CURVE('',#2298,#2300,#2715,.T.);
#1633=EDGE_CURVE('',#2301,#2302,#2716,.T.);
#1634=EDGE_CURVE('',#2303,#2301,#129,.T.);
#1635=EDGE_CURVE('',#2304,#2303,#2717,.T.);
#1636=EDGE_CURVE('',#2302,#2304,#130,.T.);
#1637=EDGE_CURVE('',#2305,#2306,#131,.T.);
#1638=EDGE_CURVE('',#2307,#2305,#2718,.T.);
#1639=EDGE_CURVE('',#2308,#2307,#132,.T.);
#1640=EDGE_CURVE('',#2306,#2308,#2719,.T.);
#1641=EDGE_CURVE('',#2309,#2310,#133,.T.);
#1642=EDGE_CURVE('',#2311,#2309,#2720,.T.);
#1643=EDGE_CURVE('',#2312,#2311,#134,.T.);
#1644=EDGE_CURVE('',#2310,#2312,#2721,.T.);
#1645=EDGE_CURVE('',#2313,#2313,#135,.T.);
#1646=EDGE_CURVE('',#2314,#2314,#136,.T.);
#1647=EDGE_CURVE('',#2315,#2315,#137,.T.);
#1648=EDGE_CURVE('',#2316,#2317,#2722,.T.);
#1649=EDGE_CURVE('',#2317,#2318,#2723,.T.);
#1650=EDGE_CURVE('',#2318,#2319,#2724,.T.);
#1651=EDGE_CURVE('',#2319,#2320,#2725,.T.);
#1652=EDGE_CURVE('',#2320,#2321,#2726,.T.);
#1653=EDGE_CURVE('',#2322,#2321,#2727,.T.);
#1654=EDGE_CURVE('',#2323,#2322,#2728,.T.);
#1655=EDGE_CURVE('',#2323,#2324,#2729,.T.);
#1656=EDGE_CURVE('',#2316,#2324,#2730,.T.);
#1657=EDGE_CURVE('',#2325,#2326,#2731,.T.);
#1658=EDGE_CURVE('',#2327,#2325,#2732,.T.);
#1659=EDGE_CURVE('',#2328,#2327,#2733,.T.);
#1660=EDGE_CURVE('',#2329,#2328,#2734,.T.);
#1661=EDGE_CURVE('',#2329,#2330,#2735,.T.);
#1662=EDGE_CURVE('',#2330,#2331,#2736,.T.);
#1663=EDGE_CURVE('',#2331,#2332,#2737,.T.);
#1664=EDGE_CURVE('',#2333,#2332,#2738,.T.);
#1665=EDGE_CURVE('',#2334,#2333,#2739,.T.);
#1666=EDGE_CURVE('',#2326,#2334,#2740,.T.);
#1667=EDGE_CURVE('',#2335,#2336,#2741,.T.);
#1668=EDGE_CURVE('',#2336,#2238,#2742,.T.);
#1669=EDGE_CURVE('',#2237,#2337,#2743,.T.);
#1670=EDGE_CURVE('',#2338,#2337,#2744,.T.);
#1671=EDGE_CURVE('',#2338,#2339,#2745,.T.);
#1672=EDGE_CURVE('',#2340,#2339,#2746,.T.);
#1673=EDGE_CURVE('',#2340,#2341,#2747,.T.);
#1674=EDGE_CURVE('',#2341,#2342,#2748,.T.);
#1675=EDGE_CURVE('',#2342,#2343,#2749,.T.);
#1676=EDGE_CURVE('',#2344,#2343,#2750,.T.);
#1677=EDGE_CURVE('',#2344,#2345,#2751,.T.);
#1678=EDGE_CURVE('',#2345,#2346,#2752,.T.);
#1679=EDGE_CURVE('',#2346,#2347,#2753,.T.);
#1680=EDGE_CURVE('',#2348,#2347,#2754,.T.);
#1681=EDGE_CURVE('',#2348,#2349,#2755,.T.);
#1682=EDGE_CURVE('',#2349,#2335,#2756,.T.);
#1683=EDGE_CURVE('',#2350,#2241,#2757,.T.);
#1684=EDGE_CURVE('',#2350,#2351,#2758,.T.);
#1685=EDGE_CURVE('',#2351,#2352,#2759,.T.);
#1686=EDGE_CURVE('',#2352,#2353,#2760,.T.);
#1687=EDGE_CURVE('',#2354,#2353,#2761,.T.);
#1688=EDGE_CURVE('',#2355,#2354,#138,.T.);
#1689=EDGE_CURVE('',#2356,#2355,#2762,.T.);
#1690=EDGE_CURVE('',#2357,#2356,#139,.T.);
#1691=EDGE_CURVE('',#2358,#2357,#2763,.T.);
#1692=EDGE_CURVE('',#2359,#2358,#2764,.T.);
#1693=EDGE_CURVE('',#2327,#2359,#2765,.T.);
#1694=EDGE_CURVE('',#2325,#2242,#2766,.T.);
#1695=EDGE_CURVE('',#2245,#2333,#2767,.F.);
#1696=EDGE_CURVE('',#2332,#2360,#2768,.T.);
#1697=EDGE_CURVE('',#2246,#2360,#2769,.T.);
#1698=EDGE_CURVE('',#2317,#2361,#2770,.T.);
#1699=EDGE_CURVE('',#2361,#2362,#2771,.T.);
#1700=EDGE_CURVE('',#2362,#2318,#2772,.T.);
#1701=EDGE_CURVE('',#2262,#2363,#2773,.T.);
#1702=EDGE_CURVE('',#2261,#2364,#2774,.T.);
#1703=EDGE_CURVE('',#2363,#2364,#2775,.T.);
#1704=EDGE_CURVE('',#2259,#2365,#2776,.T.);
#1705=EDGE_CURVE('',#2365,#2366,#2777,.T.);
#1706=EDGE_CURVE('',#2260,#2366,#2778,.T.);
#1707=EDGE_CURVE('',#2367,#2368,#94,.T.);
#1708=EDGE_CURVE('',#2367,#2369,#140,.T.);
#1709=EDGE_CURVE('',#2370,#2369,#2779,.T.);
#1710=EDGE_CURVE('',#2371,#2370,#2780,.T.);
#1711=EDGE_CURVE('',#2371,#2372,#141,.T.);
#1712=EDGE_CURVE('',#2363,#2372,#2781,.T.);
#1713=EDGE_CURVE('',#2366,#2364,#2782,.T.);
#1714=EDGE_CURVE('',#2373,#2365,#2783,.T.);
#1715=EDGE_CURVE('',#2373,#2374,#142,.T.);
#1716=EDGE_CURVE('',#2375,#2374,#2784,.T.);
#1717=EDGE_CURVE('',#2375,#2376,#2785,.T.);
#1718=EDGE_CURVE('',#2377,#2376,#2786,.T.);
#1719=EDGE_CURVE('',#2377,#2378,#143,.T.);
#1720=EDGE_CURVE('',#2378,#2379,#95,.T.);
#1721=EDGE_CURVE('',#2380,#2379,#96,.T.);
#1722=EDGE_CURVE('',#2381,#2380,#144,.T.);
#1723=EDGE_CURVE('',#2381,#2382,#97,.T.);
#1724=EDGE_CURVE('',#2382,#2383,#98,.T.);
#1725=EDGE_CURVE('',#2383,#2384,#2787,.T.);
#1726=EDGE_CURVE('',#2384,#2385,#2788,.T.);
#1727=EDGE_CURVE('',#2386,#2385,#2789,.T.);
#1728=EDGE_CURVE('',#2387,#2386,#2790,.T.);
#1729=EDGE_CURVE('',#2388,#2387,#2791,.T.);
#1730=EDGE_CURVE('',#2389,#2388,#2792,.T.);
#1731=EDGE_CURVE('',#2390,#2389,#2793,.T.);
#1732=EDGE_CURVE('',#2390,#2391,#2794,.T.);
#1733=EDGE_CURVE('',#2392,#2391,#2795,.T.);
#1734=EDGE_CURVE('',#2393,#2392,#2796,.T.);
#1735=EDGE_CURVE('',#2362,#2393,#2797,.T.);
#1736=EDGE_CURVE('',#2394,#2361,#2798,.T.);
#1737=EDGE_CURVE('',#2394,#2395,#2799,.T.);
#1738=EDGE_CURVE('',#2396,#2395,#2800,.T.);
#1739=EDGE_CURVE('',#2397,#2396,#2801,.T.);
#1740=EDGE_CURVE('',#2398,#2397,#2802,.T.);
#1741=EDGE_CURVE('',#2399,#2398,#2803,.T.);
#1742=EDGE_CURVE('',#2400,#2399,#2804,.T.);
#1743=EDGE_CURVE('',#2401,#2400,#2805,.T.);
#1744=EDGE_CURVE('',#2402,#2401,#2806,.T.);
#1745=EDGE_CURVE('',#2337,#2402,#2807,.T.);
#1746=EDGE_CURVE('',#2403,#2337,#99,.T.);
#1747=EDGE_CURVE('',#2404,#2403,#100,.T.);
#1748=EDGE_CURVE('',#2404,#2405,#145,.F.);
#1749=EDGE_CURVE('',#2405,#2406,#101,.T.);
#1750=EDGE_CURVE('',#2368,#2406,#102,.T.);
#1751=EDGE_CURVE('',#2407,#2408,#2808,.T.);
#1752=EDGE_CURVE('',#2407,#2409,#2809,.T.);
#1753=EDGE_CURVE('',#2409,#2410,#2810,.T.);
#1754=EDGE_CURVE('',#2411,#2410,#2811,.T.);
#1755=EDGE_CURVE('',#2412,#2411,#2812,.T.);
#1756=EDGE_CURVE('',#2413,#2412,#2813,.T.);
#1757=EDGE_CURVE('',#2414,#2413,#2814,.T.);
#1758=EDGE_CURVE('',#2415,#2414,#2815,.T.);
#1759=EDGE_CURVE('',#2408,#2415,#2816,.T.);
#1760=EDGE_CURVE('',#2416,#2416,#146,.T.);
#1761=EDGE_CURVE('',#2417,#2417,#147,.T.);
#1762=EDGE_CURVE('',#2418,#2419,#2817,.T.);
#1763=EDGE_CURVE('',#2418,#2420,#2818,.T.);
#1764=EDGE_CURVE('',#2421,#2420,#2819,.T.);
#1765=EDGE_CURVE('',#2421,#2422,#2820,.T.);
#1766=EDGE_CURVE('',#2422,#2423,#2821,.T.);
#1767=EDGE_CURVE('',#2423,#2424,#2822,.T.);
#1768=EDGE_CURVE('',#2424,#2419,#2823,.T.);
#1769=EDGE_CURVE('',#2425,#2425,#148,.T.);
#1770=EDGE_CURVE('',#2426,#2426,#149,.T.);
#1771=EDGE_CURVE('',#2373,#2258,#2824,.F.);
#1772=EDGE_CURVE('',#2254,#2377,#2825,.F.);
#1773=EDGE_CURVE('',#2255,#2376,#2826,.T.);
#1774=EDGE_CURVE('',#2257,#2374,#2827,.T.);
#1775=EDGE_CURVE('',#2371,#2264,#2828,.F.);
#1776=EDGE_CURVE('',#2263,#2372,#2829,.T.);
#1777=EDGE_CURVE('',#2427,#2428,#2830,.T.);
#1778=EDGE_CURVE('',#2429,#2427,#2831,.T.);
#1779=EDGE_CURVE('',#2429,#2430,#2832,.T.);
#1780=EDGE_CURVE('',#2430,#2428,#2833,.T.);
#1781=EDGE_CURVE('',#2431,#2432,#2834,.T.);
#1782=EDGE_CURVE('',#2433,#2431,#2835,.T.);
#1783=EDGE_CURVE('',#2433,#2434,#2836,.T.);
#1784=EDGE_CURVE('',#2434,#2432,#2837,.T.);
#1785=EDGE_CURVE('',#2339,#2435,#2838,.T.);
#1786=EDGE_CURVE('',#2436,#2338,#2839,.T.);
#1787=EDGE_CURVE('',#2437,#2436,#2840,.T.);
#1788=EDGE_CURVE('',#2438,#2437,#2841,.T.);
#1789=EDGE_CURVE('',#2439,#2438,#2842,.T.);
#1790=EDGE_CURVE('',#2440,#2439,#2843,.T.);
#1791=EDGE_CURVE('',#2441,#2440,#2844,.T.);
#1792=EDGE_CURVE('',#2435,#2441,#2845,.T.);
#1793=EDGE_CURVE('',#2342,#2442,#2846,.T.);
#1794=EDGE_CURVE('',#2443,#2442,#2847,.T.);
#1795=EDGE_CURVE('',#2443,#2444,#2848,.T.);
#1796=EDGE_CURVE('',#2444,#2445,#2849,.T.);
#1797=EDGE_CURVE('',#2445,#2446,#2850,.T.);
#1798=EDGE_CURVE('',#2447,#2446,#2851,.T.);
#1799=EDGE_CURVE('',#2448,#2447,#2852,.T.);
#1800=EDGE_CURVE('',#2449,#2448,#2853,.T.);
#1801=EDGE_CURVE('',#2450,#2449,#2854,.T.);
#1802=EDGE_CURVE('',#2451,#2450,#2855,.T.);
#1803=EDGE_CURVE('',#2343,#2451,#2856,.T.);
#1804=EDGE_CURVE('',#2346,#2452,#2857,.T.);
#1805=EDGE_CURVE('',#2453,#2452,#2858,.T.);
#1806=EDGE_CURVE('',#2453,#2454,#2859,.T.);
#1807=EDGE_CURVE('',#2454,#2455,#2860,.T.);
#1808=EDGE_CURVE('',#2455,#2456,#2861,.T.);
#1809=EDGE_CURVE('',#2457,#2456,#2862,.T.);
#1810=EDGE_CURVE('',#2458,#2457,#2863,.T.);
#1811=EDGE_CURVE('',#2459,#2458,#2864,.T.);
#1812=EDGE_CURVE('',#2460,#2459,#2865,.T.);
#1813=EDGE_CURVE('',#2460,#2461,#2866,.T.);
#1814=EDGE_CURVE('',#2347,#2461,#2867,.T.);
#1815=EDGE_CURVE('',#2462,#2463,#2868,.T.);
#1816=EDGE_CURVE('',#2464,#2462,#2869,.T.);
#1817=EDGE_CURVE('',#2465,#2464,#2870,.T.);
#1818=EDGE_CURVE('',#2465,#2463,#2871,.T.);
#1819=EDGE_CURVE('',#2463,#2466,#150,.F.);
#1820=EDGE_CURVE('',#2467,#2465,#151,.F.);
#1821=EDGE_CURVE('',#2467,#2466,#2872,.T.);
#1822=EDGE_CURVE('',#2468,#2462,#152,.F.);
#1823=EDGE_CURVE('',#2469,#2468,#2873,.T.);
#1824=EDGE_CURVE('',#2464,#2469,#153,.F.);
#1825=EDGE_CURVE('',#2466,#2468,#2874,.T.);
#1826=EDGE_CURVE('',#2469,#2467,#2875,.T.);
#1827=EDGE_CURVE('',#2470,#2471,#154,.F.);
#1828=EDGE_CURVE('',#2472,#2470,#2876,.T.);
#1829=EDGE_CURVE('',#2473,#2472,#155,.F.);
#1830=EDGE_CURVE('',#2473,#2471,#2877,.T.);
#1831=EDGE_CURVE('',#2471,#2474,#2878,.T.);
#1832=EDGE_CURVE('',#2475,#2473,#2879,.T.);
#1833=EDGE_CURVE('',#2475,#2474,#2880,.T.);
#1834=EDGE_CURVE('',#2476,#2470,#2881,.T.);
#1835=EDGE_CURVE('',#2477,#2476,#2882,.T.);
#1836=EDGE_CURVE('',#2472,#2477,#2883,.T.);
#1837=EDGE_CURVE('',#2474,#2476,#156,.F.);
#1838=EDGE_CURVE('',#2477,#2475,#157,.F.);
#1839=EDGE_CURVE('',#2478,#2479,#158,.F.);
#1840=EDGE_CURVE('',#2480,#2478,#2884,.T.);
#1841=EDGE_CURVE('',#2481,#2480,#159,.F.);
#1842=EDGE_CURVE('',#2481,#2479,#2885,.T.);
#1843=EDGE_CURVE('',#2479,#2482,#2886,.T.);
#1844=EDGE_CURVE('',#2483,#2481,#2887,.T.);
#1845=EDGE_CURVE('',#2483,#2482,#2888,.T.);
#1846=EDGE_CURVE('',#2484,#2478,#2889,.T.);
#1847=EDGE_CURVE('',#2485,#2484,#2890,.T.);
#1848=EDGE_CURVE('',#2480,#2485,#2891,.T.);
#1849=EDGE_CURVE('',#2482,#2484,#160,.F.);
#1850=EDGE_CURVE('',#2485,#2483,#161,.F.);
#1851=EDGE_CURVE('',#2486,#2487,#2892,.T.);
#1852=EDGE_CURVE('',#2488,#2486,#2893,.T.);
#1853=EDGE_CURVE('',#2489,#2488,#2894,.T.);
#1854=EDGE_CURVE('',#2489,#2487,#2895,.T.);
#1855=EDGE_CURVE('',#2487,#2490,#162,.F.);
#1856=EDGE_CURVE('',#2491,#2489,#163,.F.);
#1857=EDGE_CURVE('',#2491,#2490,#2896,.T.);
#1858=EDGE_CURVE('',#2492,#2486,#164,.F.);
#1859=EDGE_CURVE('',#2493,#2492,#2897,.T.);
#1860=EDGE_CURVE('',#2488,#2493,#165,.F.);
#1861=EDGE_CURVE('',#2490,#2492,#2898,.T.);
#1862=EDGE_CURVE('',#2493,#2491,#2899,.T.);
#1863=EDGE_CURVE('',#2494,#2495,#2900,.T.);
#1864=EDGE_CURVE('',#2496,#2494,#2901,.T.);
#1865=EDGE_CURVE('',#2497,#2496,#2902,.T.);
#1866=EDGE_CURVE('',#2497,#2495,#2903,.T.);
#1867=EDGE_CURVE('',#2495,#2498,#166,.F.);
#1868=EDGE_CURVE('',#2499,#2497,#167,.F.);
#1869=EDGE_CURVE('',#2499,#2498,#2904,.T.);
#1870=EDGE_CURVE('',#2500,#2494,#168,.F.);
#1871=EDGE_CURVE('',#2501,#2500,#2905,.T.);
#1872=EDGE_CURVE('',#2496,#2501,#169,.F.);
#1873=EDGE_CURVE('',#2498,#2500,#2906,.T.);
#1874=EDGE_CURVE('',#2501,#2499,#2907,.T.);
#1875=EDGE_CURVE('',#2502,#2503,#170,.F.);
#1876=EDGE_CURVE('',#2504,#2502,#2908,.T.);
#1877=EDGE_CURVE('',#2505,#2504,#171,.F.);
#1878=EDGE_CURVE('',#2505,#2503,#2909,.T.);
#1879=EDGE_CURVE('',#2503,#2506,#2910,.T.);
#1880=EDGE_CURVE('',#2507,#2505,#2911,.T.);
#1881=EDGE_CURVE('',#2507,#2506,#2912,.T.);
#1882=EDGE_CURVE('',#2502,#2508,#2913,.T.);
#1883=EDGE_CURVE('',#2509,#2508,#2914,.T.);
#1884=EDGE_CURVE('',#2509,#2504,#2915,.T.);
#1885=EDGE_CURVE('',#2506,#2508,#172,.F.);
#1886=EDGE_CURVE('',#2509,#2507,#173,.F.);
#1887=EDGE_CURVE('',#2510,#2511,#174,.F.);
#1888=EDGE_CURVE('',#2512,#2510,#2916,.T.);
#1889=EDGE_CURVE('',#2513,#2512,#175,.F.);
#1890=EDGE_CURVE('',#2513,#2511,#2917,.T.);
#1891=EDGE_CURVE('',#2511,#2514,#2918,.T.);
#1892=EDGE_CURVE('',#2515,#2513,#2919,.T.);
#1893=EDGE_CURVE('',#2515,#2514,#2920,.T.);
#1894=EDGE_CURVE('',#2516,#2510,#2921,.T.);
#1895=EDGE_CURVE('',#2517,#2516,#2922,.T.);
#1896=EDGE_CURVE('',#2512,#2517,#2923,.T.);
#1897=EDGE_CURVE('',#2514,#2516,#176,.F.);
#1898=EDGE_CURVE('',#2517,#2515,#177,.F.);
#1899=EDGE_CURVE('',#2518,#2519,#2924,.T.);
#1900=EDGE_CURVE('',#2520,#2518,#2925,.T.);
#1901=EDGE_CURVE('',#2521,#2520,#2926,.T.);
#1902=EDGE_CURVE('',#2521,#2519,#2927,.T.);
#1903=EDGE_CURVE('',#2519,#2522,#178,.F.);
#1904=EDGE_CURVE('',#2523,#2521,#179,.F.);
#1905=EDGE_CURVE('',#2523,#2522,#2928,.T.);
#1906=EDGE_CURVE('',#2524,#2518,#180,.F.);
#1907=EDGE_CURVE('',#2525,#2524,#2929,.T.);
#1908=EDGE_CURVE('',#2520,#2525,#181,.F.);
#1909=EDGE_CURVE('',#2522,#2524,#2930,.T.);
#1910=EDGE_CURVE('',#2525,#2523,#2931,.T.);
#1911=EDGE_CURVE('',#2526,#2527,#182,.F.);
#1912=EDGE_CURVE('',#2528,#2526,#2932,.T.);
#1913=EDGE_CURVE('',#2529,#2528,#183,.F.);
#1914=EDGE_CURVE('',#2529,#2527,#2933,.T.);
#1915=EDGE_CURVE('',#2527,#2530,#2934,.T.);
#1916=EDGE_CURVE('',#2531,#2529,#2935,.T.);
#1917=EDGE_CURVE('',#2531,#2530,#2936,.T.);
#1918=EDGE_CURVE('',#2532,#2526,#2937,.T.);
#1919=EDGE_CURVE('',#2533,#2532,#2938,.T.);
#1920=EDGE_CURVE('',#2528,#2533,#2939,.T.);
#1921=EDGE_CURVE('',#2530,#2532,#184,.F.);
#1922=EDGE_CURVE('',#2533,#2531,#185,.F.);
#1923=EDGE_CURVE('',#2534,#2535,#186,.F.);
#1924=EDGE_CURVE('',#2536,#2534,#2940,.T.);
#1925=EDGE_CURVE('',#2537,#2536,#187,.F.);
#1926=EDGE_CURVE('',#2537,#2535,#2941,.T.);
#1927=EDGE_CURVE('',#2535,#2538,#2942,.T.);
#1928=EDGE_CURVE('',#2539,#2537,#2943,.T.);
#1929=EDGE_CURVE('',#2539,#2538,#2944,.T.);
#1930=EDGE_CURVE('',#2534,#2540,#2945,.T.);
#1931=EDGE_CURVE('',#2541,#2540,#2946,.T.);
#1932=EDGE_CURVE('',#2541,#2536,#2947,.T.);
#1933=EDGE_CURVE('',#2538,#2540,#188,.F.);
#1934=EDGE_CURVE('',#2541,#2539,#189,.F.);
#1935=EDGE_CURVE('',#2542,#2543,#190,.F.);
#1936=EDGE_CURVE('',#2544,#2542,#2948,.T.);
#1937=EDGE_CURVE('',#2545,#2544,#191,.F.);
#1938=EDGE_CURVE('',#2545,#2543,#2949,.T.);
#1939=EDGE_CURVE('',#2543,#2546,#2950,.T.);
#1940=EDGE_CURVE('',#2547,#2545,#2951,.T.);
#1941=EDGE_CURVE('',#2547,#2546,#2952,.T.);
#1942=EDGE_CURVE('',#2542,#2548,#2953,.T.);
#1943=EDGE_CURVE('',#2549,#2548,#2954,.T.);
#1944=EDGE_CURVE('',#2549,#2544,#2955,.T.);
#1945=EDGE_CURVE('',#2546,#2548,#192,.F.);
#1946=EDGE_CURVE('',#2549,#2547,#193,.F.);
#1947=EDGE_CURVE('',#2321,#2391,#2956,.T.);
#1948=EDGE_CURVE('',#2320,#2392,#2957,.T.);
#1949=EDGE_CURVE('',#2550,#2551,#2958,.T.);
#1950=EDGE_CURVE('',#2322,#2550,#2959,.T.);
#1951=EDGE_CURVE('',#2551,#2390,#2960,.T.);
#1952=EDGE_CURVE('',#2552,#2550,#2961,.T.);
#1953=EDGE_CURVE('',#2552,#2385,#2962,.T.);
#1954=EDGE_CURVE('',#2553,#2384,#2963,.T.);
#1955=EDGE_CURVE('',#2554,#2553,#2964,.T.);
#1956=EDGE_CURVE('',#2329,#2554,#2965,.T.);
#1957=EDGE_CURVE('',#2328,#2555,#2966,.T.);
#1958=EDGE_CURVE('',#2555,#2556,#2967,.T.);
#1959=EDGE_CURVE('',#2556,#2557,#2968,.T.);
#1960=EDGE_CURVE('',#2557,#2558,#19,.F.);
#1961=EDGE_CURVE('',#2558,#2559,#2969,.T.);
#1962=EDGE_CURVE('',#2559,#2560,#20,.F.);
#1963=EDGE_CURVE('',#2560,#2561,#2970,.T.);
#1964=EDGE_CURVE('',#2562,#2561,#2971,.T.);
#1965=EDGE_CURVE('',#2563,#2562,#2972,.T.);
#1966=EDGE_CURVE('',#2563,#2564,#2973,.T.);
#1967=EDGE_CURVE('',#2565,#2564,#2974,.T.);
#1968=EDGE_CURVE('',#2566,#2565,#2975,.T.);
#1969=EDGE_CURVE('',#2566,#2457,#2976,.T.);
#1970=EDGE_CURVE('',#2567,#2456,#2977,.T.);
#1971=EDGE_CURVE('',#2568,#2567,#2978,.T.);
#1972=EDGE_CURVE('',#2568,#2447,#2979,.T.);
#1973=EDGE_CURVE('',#2569,#2446,#2980,.T.);
#1974=EDGE_CURVE('',#2570,#2569,#2981,.T.);
#1975=EDGE_CURVE('',#2570,#2438,#2982,.T.);
#1976=EDGE_CURVE('',#2401,#2437,#2983,.T.);
#1977=EDGE_CURVE('',#2571,#2400,#2984,.T.);
#1978=EDGE_CURVE('',#2572,#2571,#2985,.T.);
#1979=EDGE_CURVE('',#2323,#2572,#2986,.T.);
#1980=EDGE_CURVE('',#2572,#2573,#2987,.T.);
#1981=EDGE_CURVE('',#2573,#2396,#2988,.T.);
#1982=EDGE_CURVE('',#2324,#2395,#2989,.T.);
#1983=EDGE_CURVE('',#2316,#2394,#2990,.T.);
#1984=EDGE_CURVE('',#2251,#2380,#2991,.T.);
#1985=EDGE_CURVE('',#2250,#2381,#2992,.T.);
#1986=EDGE_CURVE('',#2252,#2379,#2993,.T.);
#1987=EDGE_CURVE('',#2378,#2253,#2994,.F.);
#1988=EDGE_CURVE('',#2369,#2230,#2995,.F.);
#1989=EDGE_CURVE('',#2229,#2370,#2996,.T.);
#1990=EDGE_CURVE('',#2231,#2367,#2997,.T.);
#1991=EDGE_CURVE('',#2232,#2368,#2998,.T.);
#1992=EDGE_CURVE('',#2233,#2406,#2999,.T.);
#1993=EDGE_CURVE('',#2234,#2405,#3000,.T.);
#1994=EDGE_CURVE('',#2235,#2404,#3001,.T.);
#1995=EDGE_CURVE('',#2236,#2403,#3002,.T.);
#1996=EDGE_CURVE('',#2574,#2360,#3003,.T.);
#1997=EDGE_CURVE('',#2383,#2574,#3004,.T.);
#1998=EDGE_CURVE('',#2248,#2383,#3005,.T.);
#1999=EDGE_CURVE('',#2249,#2382,#3006,.T.);
#2000=EDGE_CURVE('',#2575,#2399,#3007,.T.);
#2001=EDGE_CURVE('',#2571,#2575,#3008,.T.);
#2002=EDGE_CURVE('',#2576,#2398,#3009,.T.);
#2003=EDGE_CURVE('',#2575,#2576,#3010,.T.);
#2004=EDGE_CURVE('',#2577,#2397,#3011,.T.);
#2005=EDGE_CURVE('',#2576,#2577,#3012,.T.);
#2006=EDGE_CURVE('',#2577,#2573,#3013,.T.);
#2007=EDGE_CURVE('',#2578,#2578,#194,.T.);
#2008=EDGE_CURVE('',#2579,#2552,#3014,.T.);
#2009=EDGE_CURVE('',#2579,#2386,#3015,.T.);
#2010=EDGE_CURVE('',#2580,#2389,#3016,.T.);
#2011=EDGE_CURVE('',#2551,#2580,#3017,.T.);
#2012=EDGE_CURVE('',#2581,#2388,#3018,.T.);
#2013=EDGE_CURVE('',#2580,#2581,#3019,.T.);
#2014=EDGE_CURVE('',#2582,#2387,#3020,.T.);
#2015=EDGE_CURVE('',#2581,#2582,#3021,.T.);
#2016=EDGE_CURVE('',#2582,#2579,#3022,.T.);
#2017=EDGE_CURVE('',#2583,#2583,#195,.T.);
#2018=EDGE_CURVE('',#2584,#2584,#196,.T.);
#2019=EDGE_CURVE('',#2585,#2586,#3023,.T.);
#2020=EDGE_CURVE('',#2585,#2587,#197,.T.);
#2021=EDGE_CURVE('',#2587,#2588,#3024,.T.);
#2022=EDGE_CURVE('',#2588,#2586,#198,.T.);
#2023=EDGE_CURVE('',#2585,#2265,#3025,.T.);
#2024=EDGE_CURVE('',#2586,#2267,#3026,.T.);
#2025=EDGE_CURVE('',#2587,#2266,#3027,.T.);
#2026=EDGE_CURVE('',#2588,#2268,#3028,.T.);
#2027=EDGE_CURVE('',#2589,#2590,#3029,.T.);
#2028=EDGE_CURVE('',#2589,#2591,#199,.T.);
#2029=EDGE_CURVE('',#2591,#2592,#3030,.T.);
#2030=EDGE_CURVE('',#2592,#2590,#200,.T.);
#2031=EDGE_CURVE('',#2589,#2277,#3031,.T.);
#2032=EDGE_CURVE('',#2590,#2279,#3032,.T.);
#2033=EDGE_CURVE('',#2591,#2278,#3033,.T.);
#2034=EDGE_CURVE('',#2592,#2280,#3034,.T.);
#2035=EDGE_CURVE('',#2593,#2594,#3035,.T.);
#2036=EDGE_CURVE('',#2594,#2595,#201,.T.);
#2037=EDGE_CURVE('',#2595,#2596,#3036,.T.);
#2038=EDGE_CURVE('',#2596,#2593,#202,.T.);
#2039=EDGE_CURVE('',#2594,#2290,#3037,.T.);
#2040=EDGE_CURVE('',#2593,#2289,#3038,.T.);
#2041=EDGE_CURVE('',#2595,#2292,#3039,.T.);
#2042=EDGE_CURVE('',#2596,#2291,#3040,.T.);
#2043=EDGE_CURVE('',#2597,#2598,#203,.T.);
#2044=EDGE_CURVE('',#2598,#2599,#3041,.T.);
#2045=EDGE_CURVE('',#2599,#2600,#204,.T.);
#2046=EDGE_CURVE('',#2600,#2597,#3042,.T.);
#2047=EDGE_CURVE('',#2598,#2294,#3043,.T.);
#2048=EDGE_CURVE('',#2597,#2293,#3044,.T.);
#2049=EDGE_CURVE('',#2599,#2296,#3045,.T.);
#2050=EDGE_CURVE('',#2600,#2295,#3046,.T.);
#2051=EDGE_CURVE('',#2601,#2602,#205,.T.);
#2052=EDGE_CURVE('',#2602,#2603,#3047,.T.);
#2053=EDGE_CURVE('',#2603,#2604,#206,.T.);
#2054=EDGE_CURVE('',#2604,#2601,#3048,.T.);
#2055=EDGE_CURVE('',#2602,#2282,#3049,.T.);
#2056=EDGE_CURVE('',#2601,#2281,#3050,.T.);
#2057=EDGE_CURVE('',#2603,#2284,#3051,.T.);
#2058=EDGE_CURVE('',#2604,#2283,#3052,.T.);
#2059=EDGE_CURVE('',#2605,#2606,#3053,.T.);
#2060=EDGE_CURVE('',#2606,#2607,#207,.T.);
#2061=EDGE_CURVE('',#2608,#2607,#3054,.T.);
#2062=EDGE_CURVE('',#2608,#2605,#208,.T.);
#2063=EDGE_CURVE('',#2606,#2286,#3055,.T.);
#2064=EDGE_CURVE('',#2605,#2285,#3056,.T.);
#2065=EDGE_CURVE('',#2607,#2288,#3057,.T.);
#2066=EDGE_CURVE('',#2608,#2287,#3058,.T.);
#2067=EDGE_CURVE('',#2609,#2610,#209,.T.);
#2068=EDGE_CURVE('',#2610,#2611,#3059,.T.);
#2069=EDGE_CURVE('',#2611,#2612,#210,.T.);
#2070=EDGE_CURVE('',#2612,#2609,#3060,.T.);
#2071=EDGE_CURVE('',#2610,#2298,#3061,.T.);
#2072=EDGE_CURVE('',#2609,#2297,#3062,.T.);
#2073=EDGE_CURVE('',#2611,#2300,#3063,.T.);
#2074=EDGE_CURVE('',#2612,#2299,#3064,.T.);
#2075=EDGE_CURVE('',#2613,#2614,#211,.T.);
#2076=EDGE_CURVE('',#2614,#2615,#3065,.T.);
#2077=EDGE_CURVE('',#2615,#2616,#212,.T.);
#2078=EDGE_CURVE('',#2616,#2613,#3066,.T.);
#2079=EDGE_CURVE('',#2614,#2306,#3067,.T.);
#2080=EDGE_CURVE('',#2613,#2305,#3068,.T.);
#2081=EDGE_CURVE('',#2615,#2308,#3069,.T.);
#2082=EDGE_CURVE('',#2616,#2307,#3070,.T.);
#2083=EDGE_CURVE('',#2617,#2618,#213,.T.);
#2084=EDGE_CURVE('',#2618,#2619,#3071,.T.);
#2085=EDGE_CURVE('',#2619,#2620,#214,.T.);
#2086=EDGE_CURVE('',#2620,#2617,#3072,.T.);
#2087=EDGE_CURVE('',#2618,#2274,#3073,.T.);
#2088=EDGE_CURVE('',#2617,#2273,#3074,.T.);
#2089=EDGE_CURVE('',#2619,#2276,#3075,.T.);
#2090=EDGE_CURVE('',#2620,#2275,#3076,.T.);
#2091=EDGE_CURVE('',#2621,#2622,#215,.T.);
#2092=EDGE_CURVE('',#2622,#2623,#3077,.T.);
#2093=EDGE_CURVE('',#2623,#2624,#216,.T.);
#2094=EDGE_CURVE('',#2624,#2621,#3078,.T.);
#2095=EDGE_CURVE('',#2622,#2310,#3079,.T.);
#2096=EDGE_CURVE('',#2621,#2309,#3080,.T.);
#2097=EDGE_CURVE('',#2623,#2312,#3081,.T.);
#2098=EDGE_CURVE('',#2624,#2311,#3082,.T.);
#2099=EDGE_CURVE('',#2625,#2626,#3083,.T.);
#2100=EDGE_CURVE('',#2626,#2627,#217,.T.);
#2101=EDGE_CURVE('',#2627,#2628,#3084,.T.);
#2102=EDGE_CURVE('',#2628,#2625,#218,.T.);
#2103=EDGE_CURVE('',#2626,#2302,#3085,.T.);
#2104=EDGE_CURVE('',#2625,#2301,#3086,.T.);
#2105=EDGE_CURVE('',#2627,#2304,#3087,.T.);
#2106=EDGE_CURVE('',#2628,#2303,#3088,.T.);
#2107=EDGE_CURVE('',#2629,#2629,#219,.T.);
#2108=EDGE_CURVE('',#2630,#2630,#220,.T.);
#2109=EDGE_CURVE('',#2631,#2631,#221,.T.);
#2110=EDGE_CURVE('',#2632,#2632,#222,.T.);
#2111=EDGE_CURVE('',#2633,#2633,#223,.T.);
#2112=EDGE_CURVE('',#2634,#2634,#224,.T.);
#2113=EDGE_CURVE('',#2418,#2635,#3089,.T.);
#2114=EDGE_CURVE('',#2636,#2635,#3090,.T.);
#2115=EDGE_CURVE('',#2420,#2636,#3091,.T.);
#2116=EDGE_CURVE('',#2421,#2637,#3092,.T.);
#2117=EDGE_CURVE('',#2636,#2637,#3093,.T.);
#2118=EDGE_CURVE('',#2638,#2637,#3094,.T.);
#2119=EDGE_CURVE('',#2422,#2638,#3095,.T.);
#2120=EDGE_CURVE('',#2639,#2638,#3096,.T.);
#2121=EDGE_CURVE('',#2423,#2639,#3097,.T.);
#2122=EDGE_CURVE('',#2640,#2639,#3098,.T.);
#2123=EDGE_CURVE('',#2424,#2640,#3099,.T.);
#2124=EDGE_CURVE('',#2641,#2640,#3100,.T.);
#2125=EDGE_CURVE('',#2419,#2641,#3101,.T.);
#2126=EDGE_CURVE('',#2641,#2635,#3102,.T.);
#2127=EDGE_CURVE('',#2407,#2642,#3103,.T.);
#2128=EDGE_CURVE('',#2643,#2642,#3104,.T.);
#2129=EDGE_CURVE('',#2409,#2643,#3105,.T.);
#2130=EDGE_CURVE('',#2644,#2643,#3106,.T.);
#2131=EDGE_CURVE('',#2410,#2644,#3107,.T.);
#2132=EDGE_CURVE('',#2411,#2645,#3108,.T.);
#2133=EDGE_CURVE('',#2644,#2645,#3109,.T.);
#2134=EDGE_CURVE('',#2412,#2646,#3110,.T.);
#2135=EDGE_CURVE('',#2645,#2646,#3111,.T.);
#2136=EDGE_CURVE('',#2413,#2647,#3112,.T.);
#2137=EDGE_CURVE('',#2646,#2647,#3113,.T.);
#2138=EDGE_CURVE('',#2414,#2648,#3114,.T.);
#2139=EDGE_CURVE('',#2647,#2648,#3115,.T.);
#2140=EDGE_CURVE('',#2415,#2649,#3116,.T.);
#2141=EDGE_CURVE('',#2648,#2649,#3117,.T.);
#2142=EDGE_CURVE('',#2408,#2650,#3118,.T.);
#2143=EDGE_CURVE('',#2649,#2650,#3119,.T.);
#2144=EDGE_CURVE('',#2650,#2642,#3120,.T.);
#2145=EDGE_CURVE('',#2436,#2402,#3121,.T.);
#2146=EDGE_CURVE('',#2330,#2384,#3122,.T.);
#2147=EDGE_CURVE('',#2350,#2651,#3123,.T.);
#2148=EDGE_CURVE('',#2652,#2651,#3124,.T.);
#2149=EDGE_CURVE('',#2336,#2652,#3125,.T.);
#2150=EDGE_CURVE('',#2335,#2653,#3126,.T.);
#2151=EDGE_CURVE('',#2653,#2654,#3127,.T.);
#2152=EDGE_CURVE('',#2654,#2655,#3128,.T.);
#2153=EDGE_CURVE('',#2655,#2656,#3129,.T.);
#2154=EDGE_CURVE('',#2656,#2564,#3130,.T.);
#2155=EDGE_CURVE('',#2563,#2351,#3131,.T.);
#2156=EDGE_CURVE('',#2331,#2383,#3132,.T.);
#2157=EDGE_CURVE('',#2569,#2657,#3133,.T.);
#2158=EDGE_CURVE('',#2657,#2658,#3134,.T.);
#2159=EDGE_CURVE('',#2658,#2430,#3135,.T.);
#2160=EDGE_CURVE('',#2659,#2429,#3136,.T.);
#2161=EDGE_CURVE('',#2660,#2659,#3137,.T.);
#2162=EDGE_CURVE('',#2570,#2660,#3138,.T.);
#2163=EDGE_CURVE('',#2660,#2439,#3139,.T.);
#2164=EDGE_CURVE('',#2659,#2440,#3140,.T.);
#2165=EDGE_CURVE('',#2427,#2441,#3141,.T.);
#2166=EDGE_CURVE('',#2658,#2444,#3142,.T.);
#2167=EDGE_CURVE('',#2428,#2443,#3143,.T.);
#2168=EDGE_CURVE('',#2657,#2445,#3144,.T.);
#2169=EDGE_CURVE('',#2567,#2661,#3145,.T.);
#2170=EDGE_CURVE('',#2661,#2662,#3146,.T.);
#2171=EDGE_CURVE('',#2662,#2434,#3147,.T.);
#2172=EDGE_CURVE('',#2663,#2433,#3148,.T.);
#2173=EDGE_CURVE('',#2664,#2663,#3149,.T.);
#2174=EDGE_CURVE('',#2568,#2664,#3150,.T.);
#2175=EDGE_CURVE('',#2664,#2448,#3151,.T.);
#2176=EDGE_CURVE('',#2663,#2449,#3152,.T.);
#2177=EDGE_CURVE('',#2431,#2450,#3153,.T.);
#2178=EDGE_CURVE('',#2662,#2454,#3154,.T.);
#2179=EDGE_CURVE('',#2432,#2453,#3155,.T.);
#2180=EDGE_CURVE('',#2661,#2455,#3156,.T.);
#2181=EDGE_CURVE('',#2665,#2666,#3157,.T.);
#2182=EDGE_CURVE('',#2667,#2666,#3158,.T.);
#2183=EDGE_CURVE('',#2668,#2667,#3159,.T.);
#2184=EDGE_CURVE('',#2669,#2668,#3160,.T.);
#2185=EDGE_CURVE('',#2566,#2669,#3161,.T.);
#2186=EDGE_CURVE('',#2565,#2670,#3162,.T.);
#2187=EDGE_CURVE('',#2670,#2665,#3163,.T.);
#2188=EDGE_CURVE('',#2670,#2656,#3164,.T.);
#2189=EDGE_CURVE('',#2665,#2655,#3165,.T.);
#2190=EDGE_CURVE('',#2669,#2458,#3166,.T.);
#2191=EDGE_CURVE('',#2668,#2459,#3167,.T.);
#2192=EDGE_CURVE('',#2667,#2671,#3168,.T.);
#2193=EDGE_CURVE('',#2671,#2460,#3169,.T.);
#2194=EDGE_CURVE('',#2666,#2672,#3170,.T.);
#2195=EDGE_CURVE('',#2672,#2671,#3171,.T.);
#2196=EDGE_CURVE('',#2672,#2654,#3172,.T.);
#2197=EDGE_CURVE('',#2671,#2673,#3173,.T.);
#2198=EDGE_CURVE('',#2673,#2461,#3174,.T.);
#2199=EDGE_CURVE('',#2674,#2672,#3175,.T.);
#2200=EDGE_CURVE('',#2674,#2653,#3176,.T.);
#2201=EDGE_CURVE('',#2349,#2674,#3177,.T.);
#2202=EDGE_CURVE('',#2348,#2673,#3178,.T.);
#2203=EDGE_CURVE('',#2432,#2675,#3179,.T.);
#2204=EDGE_CURVE('',#2675,#2452,#3180,.T.);
#2205=EDGE_CURVE('',#2676,#2451,#3181,.T.);
#2206=EDGE_CURVE('',#2344,#2676,#3182,.T.);
#2207=EDGE_CURVE('',#2676,#2431,#3183,.T.);
#2208=EDGE_CURVE('',#2345,#2675,#3184,.T.);
#2209=EDGE_CURVE('',#2428,#2677,#3185,.T.);
#2210=EDGE_CURVE('',#2677,#2442,#3186,.T.);
#2211=EDGE_CURVE('',#2678,#2435,#3187,.T.);
#2212=EDGE_CURVE('',#2340,#2678,#3188,.T.);
#2213=EDGE_CURVE('',#2678,#2427,#3189,.T.);
#2214=EDGE_CURVE('',#2341,#2677,#3190,.T.);
#2215=EDGE_CURVE('',#2562,#2352,#3191,.T.);
#2216=EDGE_CURVE('',#2561,#2353,#3192,.T.);
#2217=EDGE_CURVE('',#2560,#2354,#3193,.T.);
#2218=EDGE_CURVE('',#2559,#2355,#3194,.T.);
#2219=EDGE_CURVE('',#2558,#2356,#3195,.T.);
#2220=EDGE_CURVE('',#2557,#2357,#3196,.T.);
#2221=EDGE_CURVE('',#2556,#2358,#3197,.T.);
#2222=EDGE_CURVE('',#2555,#2359,#3198,.T.);
#2223=EDGE_CURVE('',#2256,#2375,#3199,.T.);
#2224=EDGE_CURVE('',#2393,#2319,#3200,.T.);
#2225=EDGE_CURVE('',#2651,#2240,#3201,.T.);
#2226=EDGE_CURVE('',#2652,#2239,#3202,.T.);
#2227=EDGE_CURVE('',#2326,#2243,#3203,.T.);
#2228=EDGE_CURVE('',#2244,#2334,#3204,.T.);
#2229=VERTEX_POINT('',#6396);
#2230=VERTEX_POINT('',#6397);
#2231=VERTEX_POINT('',#6399);
#2232=VERTEX_POINT('',#6403);
#2233=VERTEX_POINT('',#6407);
#2234=VERTEX_POINT('',#6411);
#2235=VERTEX_POINT('',#6413);
#2236=VERTEX_POINT('',#6417);
#2237=VERTEX_POINT('',#6421);
#2238=VERTEX_POINT('',#6423);
#2239=VERTEX_POINT('',#6425);
#2240=VERTEX_POINT('',#6427);
#2241=VERTEX_POINT('',#6429);
#2242=VERTEX_POINT('',#6431);
#2243=VERTEX_POINT('',#6433);
#2244=VERTEX_POINT('',#6435);
#2245=VERTEX_POINT('',#6437);
#2246=VERTEX_POINT('',#6439);
#2247=VERTEX_POINT('',#6441);
#2248=VERTEX_POINT('',#6443);
#2249=VERTEX_POINT('',#6447);
#2250=VERTEX_POINT('',#6451);
#2251=VERTEX_POINT('',#6453);
#2252=VERTEX_POINT('',#6457);
#2253=VERTEX_POINT('',#6461);
#2254=VERTEX_POINT('',#6463);
#2255=VERTEX_POINT('',#6465);
#2256=VERTEX_POINT('',#6467);
#2257=VERTEX_POINT('',#6469);
#2258=VERTEX_POINT('',#6471);
#2259=VERTEX_POINT('',#6473);
#2260=VERTEX_POINT('',#6475);
#2261=VERTEX_POINT('',#6477);
#2262=VERTEX_POINT('',#6479);
#2263=VERTEX_POINT('',#6481);
#2264=VERTEX_POINT('',#6483);
#2265=VERTEX_POINT('',#6486);
#2266=VERTEX_POINT('',#6487);
#2267=VERTEX_POINT('',#6489);
#2268=VERTEX_POINT('',#6491);
#2269=VERTEX_POINT('',#6494);
#2270=VERTEX_POINT('',#6496);
#2271=VERTEX_POINT('',#6498);
#2272=VERTEX_POINT('',#6500);
#2273=VERTEX_POINT('',#6502);
#2274=VERTEX_POINT('',#6503);
#2275=VERTEX_POINT('',#6505);
#2276=VERTEX_POINT('',#6507);
#2277=VERTEX_POINT('',#6510);
#2278=VERTEX_POINT('',#6511);
#2279=VERTEX_POINT('',#6513);
#2280=VERTEX_POINT('',#6515);
#2281=VERTEX_POINT('',#6518);
#2282=VERTEX_POINT('',#6519);
#2283=VERTEX_POINT('',#6521);
#2284=VERTEX_POINT('',#6523);
#2285=VERTEX_POINT('',#6526);
#2286=VERTEX_POINT('',#6527);
#2287=VERTEX_POINT('',#6529);
#2288=VERTEX_POINT('',#6531);
#2289=VERTEX_POINT('',#6534);
#2290=VERTEX_POINT('',#6535);
#2291=VERTEX_POINT('',#6537);
#2292=VERTEX_POINT('',#6539);
#2293=VERTEX_POINT('',#6542);
#2294=VERTEX_POINT('',#6543);
#2295=VERTEX_POINT('',#6545);
#2296=VERTEX_POINT('',#6547);
#2297=VERTEX_POINT('',#6550);
#2298=VERTEX_POINT('',#6551);
#2299=VERTEX_POINT('',#6553);
#2300=VERTEX_POINT('',#6555);
#2301=VERTEX_POINT('',#6558);
#2302=VERTEX_POINT('',#6559);
#2303=VERTEX_POINT('',#6561);
#2304=VERTEX_POINT('',#6563);
#2305=VERTEX_POINT('',#6566);
#2306=VERTEX_POINT('',#6567);
#2307=VERTEX_POINT('',#6569);
#2308=VERTEX_POINT('',#6571);
#2309=VERTEX_POINT('',#6574);
#2310=VERTEX_POINT('',#6575);
#2311=VERTEX_POINT('',#6577);
#2312=VERTEX_POINT('',#6579);
#2313=VERTEX_POINT('',#6582);
#2314=VERTEX_POINT('',#6584);
#2315=VERTEX_POINT('',#6586);
#2316=VERTEX_POINT('',#6588);
#2317=VERTEX_POINT('',#6589);
#2318=VERTEX_POINT('',#6591);
#2319=VERTEX_POINT('',#6593);
#2320=VERTEX_POINT('',#6595);
#2321=VERTEX_POINT('',#6597);
#2322=VERTEX_POINT('',#6599);
#2323=VERTEX_POINT('',#6601);
#2324=VERTEX_POINT('',#6603);
#2325=VERTEX_POINT('',#6607);
#2326=VERTEX_POINT('',#6608);
#2327=VERTEX_POINT('',#6610);
#2328=VERTEX_POINT('',#6612);
#2329=VERTEX_POINT('',#6614);
#2330=VERTEX_POINT('',#6616);
#2331=VERTEX_POINT('',#6618);
#2332=VERTEX_POINT('',#6620);
#2333=VERTEX_POINT('',#6622);
#2334=VERTEX_POINT('',#6624);
#2335=VERTEX_POINT('',#6628);
#2336=VERTEX_POINT('',#6629);
#2337=VERTEX_POINT('',#6632);
#2338=VERTEX_POINT('',#6634);
#2339=VERTEX_POINT('',#6636);
#2340=VERTEX_POINT('',#6638);
#2341=VERTEX_POINT('',#6640);
#2342=VERTEX_POINT('',#6642);
#2343=VERTEX_POINT('',#6644);
#2344=VERTEX_POINT('',#6646);
#2345=VERTEX_POINT('',#6648);
#2346=VERTEX_POINT('',#6650);
#2347=VERTEX_POINT('',#6652);
#2348=VERTEX_POINT('',#6654);
#2349=VERTEX_POINT('',#6656);
#2350=VERTEX_POINT('',#6660);
#2351=VERTEX_POINT('',#6662);
#2352=VERTEX_POINT('',#6664);
#2353=VERTEX_POINT('',#6666);
#2354=VERTEX_POINT('',#6668);
#2355=VERTEX_POINT('',#6670);
#2356=VERTEX_POINT('',#6672);
#2357=VERTEX_POINT('',#6674);
#2358=VERTEX_POINT('',#6676);
#2359=VERTEX_POINT('',#6678);
#2360=VERTEX_POINT('',#6684);
#2361=VERTEX_POINT('',#6688);
#2362=VERTEX_POINT('',#6690);
#2363=VERTEX_POINT('',#6694);
#2364=VERTEX_POINT('',#6696);
#2365=VERTEX_POINT('',#6700);
#2366=VERTEX_POINT('',#6702);
#2367=VERTEX_POINT('',#6708);
#2368=VERTEX_POINT('',#6709);
#2369=VERTEX_POINT('',#6711);
#2370=VERTEX_POINT('',#6713);
#2371=VERTEX_POINT('',#6715);
#2372=VERTEX_POINT('',#6717);
#2373=VERTEX_POINT('',#6721);
#2374=VERTEX_POINT('',#6723);
#2375=VERTEX_POINT('',#6725);
#2376=VERTEX_POINT('',#6727);
#2377=VERTEX_POINT('',#6729);
#2378=VERTEX_POINT('',#6731);
#2379=VERTEX_POINT('',#6735);
#2380=VERTEX_POINT('',#6739);
#2381=VERTEX_POINT('',#6741);
#2382=VERTEX_POINT('',#6745);
#2383=VERTEX_POINT('',#6749);
#2384=VERTEX_POINT('',#6751);
#2385=VERTEX_POINT('',#6753);
#2386=VERTEX_POINT('',#6755);
#2387=VERTEX_POINT('',#6757);
#2388=VERTEX_POINT('',#6759);
#2389=VERTEX_POINT('',#6761);
#2390=VERTEX_POINT('',#6763);
#2391=VERTEX_POINT('',#6765);
#2392=VERTEX_POINT('',#6767);
#2393=VERTEX_POINT('',#6769);
#2394=VERTEX_POINT('',#6772);
#2395=VERTEX_POINT('',#6774);
#2396=VERTEX_POINT('',#6776);
#2397=VERTEX_POINT('',#6778);
#2398=VERTEX_POINT('',#6780);
#2399=VERTEX_POINT('',#6782);
#2400=VERTEX_POINT('',#6784);
#2401=VERTEX_POINT('',#6786);
#2402=VERTEX_POINT('',#6788);
#2403=VERTEX_POINT('',#6793);
#2404=VERTEX_POINT('',#6797);
#2405=VERTEX_POINT('',#6799);
#2406=VERTEX_POINT('',#6803);
#2407=VERTEX_POINT('',#6808);
#2408=VERTEX_POINT('',#6809);
#2409=VERTEX_POINT('',#6811);
#2410=VERTEX_POINT('',#6813);
#2411=VERTEX_POINT('',#6815);
#2412=VERTEX_POINT('',#6817);
#2413=VERTEX_POINT('',#6819);
#2414=VERTEX_POINT('',#6821);
#2415=VERTEX_POINT('',#6823);
#2416=VERTEX_POINT('',#6826);
#2417=VERTEX_POINT('',#6828);
#2418=VERTEX_POINT('',#6830);
#2419=VERTEX_POINT('',#6831);
#2420=VERTEX_POINT('',#6833);
#2421=VERTEX_POINT('',#6835);
#2422=VERTEX_POINT('',#6837);
#2423=VERTEX_POINT('',#6839);
#2424=VERTEX_POINT('',#6841);
#2425=VERTEX_POINT('',#6844);
#2426=VERTEX_POINT('',#6846);
#2427=VERTEX_POINT('',#6859);
#2428=VERTEX_POINT('',#6860);
#2429=VERTEX_POINT('',#6862);
#2430=VERTEX_POINT('',#6864);
#2431=VERTEX_POINT('',#6868);
#2432=VERTEX_POINT('',#6869);
#2433=VERTEX_POINT('',#6871);
#2434=VERTEX_POINT('',#6873);
#2435=VERTEX_POINT('',#6877);
#2436=VERTEX_POINT('',#6879);
#2437=VERTEX_POINT('',#6881);
#2438=VERTEX_POINT('',#6883);
#2439=VERTEX_POINT('',#6885);
#2440=VERTEX_POINT('',#6887);
#2441=VERTEX_POINT('',#6889);
#2442=VERTEX_POINT('',#6893);
#2443=VERTEX_POINT('',#6895);
#2444=VERTEX_POINT('',#6897);
#2445=VERTEX_POINT('',#6899);
#2446=VERTEX_POINT('',#6901);
#2447=VERTEX_POINT('',#6903);
#2448=VERTEX_POINT('',#6905);
#2449=VERTEX_POINT('',#6907);
#2450=VERTEX_POINT('',#6909);
#2451=VERTEX_POINT('',#6911);
#2452=VERTEX_POINT('',#6915);
#2453=VERTEX_POINT('',#6917);
#2454=VERTEX_POINT('',#6919);
#2455=VERTEX_POINT('',#6921);
#2456=VERTEX_POINT('',#6923);
#2457=VERTEX_POINT('',#6925);
#2458=VERTEX_POINT('',#6927);
#2459=VERTEX_POINT('',#6929);
#2460=VERTEX_POINT('',#6931);
#2461=VERTEX_POINT('',#6933);
#2462=VERTEX_POINT('',#6937);
#2463=VERTEX_POINT('',#6938);
#2464=VERTEX_POINT('',#6940);
#2465=VERTEX_POINT('',#6942);
#2466=VERTEX_POINT('',#6946);
#2467=VERTEX_POINT('',#6948);
#2468=VERTEX_POINT('',#6952);
#2469=VERTEX_POINT('',#6954);
#2470=VERTEX_POINT('',#6961);
#2471=VERTEX_POINT('',#6962);
#2472=VERTEX_POINT('',#6964);
#2473=VERTEX_POINT('',#6966);
#2474=VERTEX_POINT('',#6970);
#2475=VERTEX_POINT('',#6972);
#2476=VERTEX_POINT('',#6976);
#2477=VERTEX_POINT('',#6978);
#2478=VERTEX_POINT('',#6985);
#2479=VERTEX_POINT('',#6986);
#2480=VERTEX_POINT('',#6988);
#2481=VERTEX_POINT('',#6990);
#2482=VERTEX_POINT('',#6994);
#2483=VERTEX_POINT('',#6996);
#2484=VERTEX_POINT('',#7000);
#2485=VERTEX_POINT('',#7002);
#2486=VERTEX_POINT('',#7009);
#2487=VERTEX_POINT('',#7010);
#2488=VERTEX_POINT('',#7012);
#2489=VERTEX_POINT('',#7014);
#2490=VERTEX_POINT('',#7018);
#2491=VERTEX_POINT('',#7020);
#2492=VERTEX_POINT('',#7024);
#2493=VERTEX_POINT('',#7026);
#2494=VERTEX_POINT('',#7033);
#2495=VERTEX_POINT('',#7034);
#2496=VERTEX_POINT('',#7036);
#2497=VERTEX_POINT('',#7038);
#2498=VERTEX_POINT('',#7042);
#2499=VERTEX_POINT('',#7044);
#2500=VERTEX_POINT('',#7048);
#2501=VERTEX_POINT('',#7050);
#2502=VERTEX_POINT('',#7057);
#2503=VERTEX_POINT('',#7058);
#2504=VERTEX_POINT('',#7060);
#2505=VERTEX_POINT('',#7062);
#2506=VERTEX_POINT('',#7066);
#2507=VERTEX_POINT('',#7068);
#2508=VERTEX_POINT('',#7072);
#2509=VERTEX_POINT('',#7074);
#2510=VERTEX_POINT('',#7081);
#2511=VERTEX_POINT('',#7082);
#2512=VERTEX_POINT('',#7084);
#2513=VERTEX_POINT('',#7086);
#2514=VERTEX_POINT('',#7090);
#2515=VERTEX_POINT('',#7092);
#2516=VERTEX_POINT('',#7096);
#2517=VERTEX_POINT('',#7098);
#2518=VERTEX_POINT('',#7105);
#2519=VERTEX_POINT('',#7106);
#2520=VERTEX_POINT('',#7108);
#2521=VERTEX_POINT('',#7110);
#2522=VERTEX_POINT('',#7114);
#2523=VERTEX_POINT('',#7116);
#2524=VERTEX_POINT('',#7120);
#2525=VERTEX_POINT('',#7122);
#2526=VERTEX_POINT('',#7129);
#2527=VERTEX_POINT('',#7130);
#2528=VERTEX_POINT('',#7132);
#2529=VERTEX_POINT('',#7134);
#2530=VERTEX_POINT('',#7138);
#2531=VERTEX_POINT('',#7140);
#2532=VERTEX_POINT('',#7144);
#2533=VERTEX_POINT('',#7146);
#2534=VERTEX_POINT('',#7153);
#2535=VERTEX_POINT('',#7154);
#2536=VERTEX_POINT('',#7156);
#2537=VERTEX_POINT('',#7158);
#2538=VERTEX_POINT('',#7162);
#2539=VERTEX_POINT('',#7164);
#2540=VERTEX_POINT('',#7168);
#2541=VERTEX_POINT('',#7170);
#2542=VERTEX_POINT('',#7177);
#2543=VERTEX_POINT('',#7178);
#2544=VERTEX_POINT('',#7180);
#2545=VERTEX_POINT('',#7182);
#2546=VERTEX_POINT('',#7186);
#2547=VERTEX_POINT('',#7188);
#2548=VERTEX_POINT('',#7192);
#2549=VERTEX_POINT('',#7194);
#2550=VERTEX_POINT('',#7204);
#2551=VERTEX_POINT('',#7205);
#2552=VERTEX_POINT('',#7210);
#2553=VERTEX_POINT('',#7213);
#2554=VERTEX_POINT('',#7215);
#2555=VERTEX_POINT('',#7218);
#2556=VERTEX_POINT('',#7220);
#2557=VERTEX_POINT('',#7222);
#2558=VERTEX_POINT('',#7224);
#2559=VERTEX_POINT('',#7226);
#2560=VERTEX_POINT('',#7228);
#2561=VERTEX_POINT('',#7230);
#2562=VERTEX_POINT('',#7232);
#2563=VERTEX_POINT('',#7234);
#2564=VERTEX_POINT('',#7236);
#2565=VERTEX_POINT('',#7238);
#2566=VERTEX_POINT('',#7240);
#2567=VERTEX_POINT('',#7243);
#2568=VERTEX_POINT('',#7245);
#2569=VERTEX_POINT('',#7248);
#2570=VERTEX_POINT('',#7250);
#2571=VERTEX_POINT('',#7254);
#2572=VERTEX_POINT('',#7256);
#2573=VERTEX_POINT('',#7260);
#2574=VERTEX_POINT('',#7324);
#2575=VERTEX_POINT('',#7350);
#2576=VERTEX_POINT('',#7354);
#2577=VERTEX_POINT('',#7358);
#2578=VERTEX_POINT('',#7364);
#2579=VERTEX_POINT('',#7367);
#2580=VERTEX_POINT('',#7371);
#2581=VERTEX_POINT('',#7375);
#2582=VERTEX_POINT('',#7379);
#2583=VERTEX_POINT('',#7385);
#2584=VERTEX_POINT('',#7387);
#2585=VERTEX_POINT('',#7390);
#2586=VERTEX_POINT('',#7391);
#2587=VERTEX_POINT('',#7393);
#2588=VERTEX_POINT('',#7395);
#2589=VERTEX_POINT('',#7407);
#2590=VERTEX_POINT('',#7408);
#2591=VERTEX_POINT('',#7410);
#2592=VERTEX_POINT('',#7412);
#2593=VERTEX_POINT('',#7424);
#2594=VERTEX_POINT('',#7425);
#2595=VERTEX_POINT('',#7427);
#2596=VERTEX_POINT('',#7429);
#2597=VERTEX_POINT('',#7441);
#2598=VERTEX_POINT('',#7442);
#2599=VERTEX_POINT('',#7444);
#2600=VERTEX_POINT('',#7446);
#2601=VERTEX_POINT('',#7458);
#2602=VERTEX_POINT('',#7459);
#2603=VERTEX_POINT('',#7461);
#2604=VERTEX_POINT('',#7463);
#2605=VERTEX_POINT('',#7475);
#2606=VERTEX_POINT('',#7476);
#2607=VERTEX_POINT('',#7478);
#2608=VERTEX_POINT('',#7480);
#2609=VERTEX_POINT('',#7492);
#2610=VERTEX_POINT('',#7493);
#2611=VERTEX_POINT('',#7495);
#2612=VERTEX_POINT('',#7497);
#2613=VERTEX_POINT('',#7509);
#2614=VERTEX_POINT('',#7510);
#2615=VERTEX_POINT('',#7512);
#2616=VERTEX_POINT('',#7514);
#2617=VERTEX_POINT('',#7526);
#2618=VERTEX_POINT('',#7527);
#2619=VERTEX_POINT('',#7529);
#2620=VERTEX_POINT('',#7531);
#2621=VERTEX_POINT('',#7543);
#2622=VERTEX_POINT('',#7544);
#2623=VERTEX_POINT('',#7546);
#2624=VERTEX_POINT('',#7548);
#2625=VERTEX_POINT('',#7560);
#2626=VERTEX_POINT('',#7561);
#2627=VERTEX_POINT('',#7563);
#2628=VERTEX_POINT('',#7565);
#2629=VERTEX_POINT('',#7577);
#2630=VERTEX_POINT('',#7579);
#2631=VERTEX_POINT('',#7584);
#2632=VERTEX_POINT('',#7586);
#2633=VERTEX_POINT('',#7591);
#2634=VERTEX_POINT('',#7593);
#2635=VERTEX_POINT('',#7598);
#2636=VERTEX_POINT('',#7600);
#2637=VERTEX_POINT('',#7604);
#2638=VERTEX_POINT('',#7608);
#2639=VERTEX_POINT('',#7612);
#2640=VERTEX_POINT('',#7616);
#2641=VERTEX_POINT('',#7620);
#2642=VERTEX_POINT('',#7627);
#2643=VERTEX_POINT('',#7629);
#2644=VERTEX_POINT('',#7633);
#2645=VERTEX_POINT('',#7637);
#2646=VERTEX_POINT('',#7641);
#2647=VERTEX_POINT('',#7645);
#2648=VERTEX_POINT('',#7649);
#2649=VERTEX_POINT('',#7653);
#2650=VERTEX_POINT('',#7657);
#2651=VERTEX_POINT('',#7668);
#2652=VERTEX_POINT('',#7670);
#2653=VERTEX_POINT('',#7673);
#2654=VERTEX_POINT('',#7675);
#2655=VERTEX_POINT('',#7677);
#2656=VERTEX_POINT('',#7679);
#2657=VERTEX_POINT('',#7688);
#2658=VERTEX_POINT('',#7690);
#2659=VERTEX_POINT('',#7693);
#2660=VERTEX_POINT('',#7695);
#2661=VERTEX_POINT('',#7711);
#2662=VERTEX_POINT('',#7713);
#2663=VERTEX_POINT('',#7716);
#2664=VERTEX_POINT('',#7718);
#2665=VERTEX_POINT('',#7734);
#2666=VERTEX_POINT('',#7735);
#2667=VERTEX_POINT('',#7737);
#2668=VERTEX_POINT('',#7739);
#2669=VERTEX_POINT('',#7741);
#2670=VERTEX_POINT('',#7744);
#2671=VERTEX_POINT('',#7756);
#2672=VERTEX_POINT('',#7760);
#2673=VERTEX_POINT('',#7766);
#2674=VERTEX_POINT('',#7770);
#2675=VERTEX_POINT('',#7779);
#2676=VERTEX_POINT('',#7783);
#2677=VERTEX_POINT('',#7792);
#2678=VERTEX_POINT('',#7796);
#2679=LINE('',#6395,#3205);
#2680=LINE('',#6422,#3206);
#2681=LINE('',#6424,#3207);
#2682=LINE('',#6426,#3208);
#2683=LINE('',#6428,#3209);
#2684=LINE('',#6430,#3210);
#2685=LINE('',#6432,#3211);
#2686=LINE('',#6434,#3212);
#2687=LINE('',#6436,#3213);
#2688=LINE('',#6438,#3214);
#2689=LINE('',#6440,#3215);
#2690=LINE('',#6442,#3216);
#2691=LINE('',#6464,#3217);
#2692=LINE('',#6466,#3218);
#2693=LINE('',#6468,#3219);
#2694=LINE('',#6472,#3220);
#2695=LINE('',#6474,#3221);
#2696=LINE('',#6476,#3222);
#2697=LINE('',#6478,#3223);
#2698=LINE('',#6480,#3224);
#2699=LINE('',#6484,#3225);
#2700=LINE('',#6488,#3226);
#2701=LINE('',#6492,#3227);
#2702=LINE('',#6504,#3228);
#2703=LINE('',#6508,#3229);
#2704=LINE('',#6512,#3230);
#2705=LINE('',#6516,#3231);
#2706=LINE('',#6520,#3232);
#2707=LINE('',#6524,#3233);
#2708=LINE('',#6525,#3234);
#2709=LINE('',#6530,#3235);
#2710=LINE('',#6533,#3236);
#2711=LINE('',#6538,#3237);
#2712=LINE('',#6544,#3238);
#2713=LINE('',#6548,#3239);
#2714=LINE('',#6552,#3240);
#2715=LINE('',#6556,#3241);
#2716=LINE('',#6557,#3242);
#2717=LINE('',#6562,#3243);
#2718=LINE('',#6568,#3244);
#2719=LINE('',#6572,#3245);
#2720=LINE('',#6576,#3246);
#2721=LINE('',#6580,#3247);
#2722=LINE('',#6587,#3248);
#2723=LINE('',#6590,#3249);
#2724=LINE('',#6592,#3250);
#2725=LINE('',#6594,#3251);
#2726=LINE('',#6596,#3252);
#2727=LINE('',#6598,#3253);
#2728=LINE('',#6600,#3254);
#2729=LINE('',#6602,#3255);
#2730=LINE('',#6604,#3256);
#2731=LINE('',#6606,#3257);
#2732=LINE('',#6609,#3258);
#2733=LINE('',#6611,#3259);
#2734=LINE('',#6613,#3260);
#2735=LINE('',#6615,#3261);
#2736=LINE('',#6617,#3262);
#2737=LINE('',#6619,#3263);
#2738=LINE('',#6621,#3264);
#2739=LINE('',#6623,#3265);
#2740=LINE('',#6625,#3266);
#2741=LINE('',#6627,#3267);
#2742=LINE('',#6630,#3268);
#2743=LINE('',#6631,#3269);
#2744=LINE('',#6633,#3270);
#2745=LINE('',#6635,#3271);
#2746=LINE('',#6637,#3272);
#2747=LINE('',#6639,#3273);
#2748=LINE('',#6641,#3274);
#2749=LINE('',#6643,#3275);
#2750=LINE('',#6645,#3276);
#2751=LINE('',#6647,#3277);
#2752=LINE('',#6649,#3278);
#2753=LINE('',#6651,#3279);
#2754=LINE('',#6653,#3280);
#2755=LINE('',#6655,#3281);
#2756=LINE('',#6657,#3282);
#2757=LINE('',#6659,#3283);
#2758=LINE('',#6661,#3284);
#2759=LINE('',#6663,#3285);
#2760=LINE('',#6665,#3286);
#2761=LINE('',#6667,#3287);
#2762=LINE('',#6671,#3288);
#2763=LINE('',#6675,#3289);
#2764=LINE('',#6677,#3290);
#2765=LINE('',#6679,#3291);
#2766=LINE('',#6680,#3292);
#2767=LINE('',#6682,#3293);
#2768=LINE('',#6683,#3294);
#2769=LINE('',#6685,#3295);
#2770=LINE('',#6687,#3296);
#2771=LINE('',#6689,#3297);
#2772=LINE('',#6691,#3298);
#2773=LINE('',#6693,#3299);
#2774=LINE('',#6695,#3300);
#2775=LINE('',#6697,#3301);
#2776=LINE('',#6699,#3302);
#2777=LINE('',#6701,#3303);
#2778=LINE('',#6703,#3304);
#2779=LINE('',#6712,#3305);
#2780=LINE('',#6714,#3306);
#2781=LINE('',#6718,#3307);
#2782=LINE('',#6719,#3308);
#2783=LINE('',#6720,#3309);
#2784=LINE('',#6724,#3310);
#2785=LINE('',#6726,#3311);
#2786=LINE('',#6728,#3312);
#2787=LINE('',#6750,#3313);
#2788=LINE('',#6752,#3314);
#2789=LINE('',#6754,#3315);
#2790=LINE('',#6756,#3316);
#2791=LINE('',#6758,#3317);
#2792=LINE('',#6760,#3318);
#2793=LINE('',#6762,#3319);
#2794=LINE('',#6764,#3320);
#2795=LINE('',#6766,#3321);
#2796=LINE('',#6768,#3322);
#2797=LINE('',#6770,#3323);
#2798=LINE('',#6771,#3324);
#2799=LINE('',#6773,#3325);
#2800=LINE('',#6775,#3326);
#2801=LINE('',#6777,#3327);
#2802=LINE('',#6779,#3328);
#2803=LINE('',#6781,#3329);
#2804=LINE('',#6783,#3330);
#2805=LINE('',#6785,#3331);
#2806=LINE('',#6787,#3332);
#2807=LINE('',#6789,#3333);
#2808=LINE('',#6807,#3334);
#2809=LINE('',#6810,#3335);
#2810=LINE('',#6812,#3336);
#2811=LINE('',#6814,#3337);
#2812=LINE('',#6816,#3338);
#2813=LINE('',#6818,#3339);
#2814=LINE('',#6820,#3340);
#2815=LINE('',#6822,#3341);
#2816=LINE('',#6824,#3342);
#2817=LINE('',#6829,#3343);
#2818=LINE('',#6832,#3344);
#2819=LINE('',#6834,#3345);
#2820=LINE('',#6836,#3346);
#2821=LINE('',#6838,#3347);
#2822=LINE('',#6840,#3348);
#2823=LINE('',#6842,#3349);
#2824=LINE('',#6848,#3350);
#2825=LINE('',#6850,#3351);
#2826=LINE('',#6851,#3352);
#2827=LINE('',#6853,#3353);
#2828=LINE('',#6855,#3354);
#2829=LINE('',#6856,#3355);
#2830=LINE('',#6858,#3356);
#2831=LINE('',#6861,#3357);
#2832=LINE('',#6863,#3358);
#2833=LINE('',#6865,#3359);
#2834=LINE('',#6867,#3360);
#2835=LINE('',#6870,#3361);
#2836=LINE('',#6872,#3362);
#2837=LINE('',#6874,#3363);
#2838=LINE('',#6876,#3364);
#2839=LINE('',#6878,#3365);
#2840=LINE('',#6880,#3366);
#2841=LINE('',#6882,#3367);
#2842=LINE('',#6884,#3368);
#2843=LINE('',#6886,#3369);
#2844=LINE('',#6888,#3370);
#2845=LINE('',#6890,#3371);
#2846=LINE('',#6892,#3372);
#2847=LINE('',#6894,#3373);
#2848=LINE('',#6896,#3374);
#2849=LINE('',#6898,#3375);
#2850=LINE('',#6900,#3376);
#2851=LINE('',#6902,#3377);
#2852=LINE('',#6904,#3378);
#2853=LINE('',#6906,#3379);
#2854=LINE('',#6908,#3380);
#2855=LINE('',#6910,#3381);
#2856=LINE('',#6912,#3382);
#2857=LINE('',#6914,#3383);
#2858=LINE('',#6916,#3384);
#2859=LINE('',#6918,#3385);
#2860=LINE('',#6920,#3386);
#2861=LINE('',#6922,#3387);
#2862=LINE('',#6924,#3388);
#2863=LINE('',#6926,#3389);
#2864=LINE('',#6928,#3390);
#2865=LINE('',#6930,#3391);
#2866=LINE('',#6932,#3392);
#2867=LINE('',#6934,#3393);
#2868=LINE('',#6936,#3394);
#2869=LINE('',#6939,#3395);
#2870=LINE('',#6941,#3396);
#2871=LINE('',#6943,#3397);
#2872=LINE('',#6949,#3398);
#2873=LINE('',#6953,#3399);
#2874=LINE('',#6957,#3400);
#2875=LINE('',#6958,#3401);
#2876=LINE('',#6963,#3402);
#2877=LINE('',#6967,#3403);
#2878=LINE('',#6969,#3404);
#2879=LINE('',#6971,#3405);
#2880=LINE('',#6973,#3406);
#2881=LINE('',#6975,#3407);
#2882=LINE('',#6977,#3408);
#2883=LINE('',#6979,#3409);
#2884=LINE('',#6987,#3410);
#2885=LINE('',#6991,#3411);
#2886=LINE('',#6993,#3412);
#2887=LINE('',#6995,#3413);
#2888=LINE('',#6997,#3414);
#2889=LINE('',#6999,#3415);
#2890=LINE('',#7001,#3416);
#2891=LINE('',#7003,#3417);
#2892=LINE('',#7008,#3418);
#2893=LINE('',#7011,#3419);
#2894=LINE('',#7013,#3420);
#2895=LINE('',#7015,#3421);
#2896=LINE('',#7021,#3422);
#2897=LINE('',#7025,#3423);
#2898=LINE('',#7029,#3424);
#2899=LINE('',#7030,#3425);
#2900=LINE('',#7032,#3426);
#2901=LINE('',#7035,#3427);
#2902=LINE('',#7037,#3428);
#2903=LINE('',#7039,#3429);
#2904=LINE('',#7045,#3430);
#2905=LINE('',#7049,#3431);
#2906=LINE('',#7053,#3432);
#2907=LINE('',#7054,#3433);
#2908=LINE('',#7059,#3434);
#2909=LINE('',#7063,#3435);
#2910=LINE('',#7065,#3436);
#2911=LINE('',#7067,#3437);
#2912=LINE('',#7069,#3438);
#2913=LINE('',#7071,#3439);
#2914=LINE('',#7073,#3440);
#2915=LINE('',#7075,#3441);
#2916=LINE('',#7083,#3442);
#2917=LINE('',#7087,#3443);
#2918=LINE('',#7089,#3444);
#2919=LINE('',#7091,#3445);
#2920=LINE('',#7093,#3446);
#2921=LINE('',#7095,#3447);
#2922=LINE('',#7097,#3448);
#2923=LINE('',#7099,#3449);
#2924=LINE('',#7104,#3450);
#2925=LINE('',#7107,#3451);
#2926=LINE('',#7109,#3452);
#2927=LINE('',#7111,#3453);
#2928=LINE('',#7117,#3454);
#2929=LINE('',#7121,#3455);
#2930=LINE('',#7125,#3456);
#2931=LINE('',#7126,#3457);
#2932=LINE('',#7131,#3458);
#2933=LINE('',#7135,#3459);
#2934=LINE('',#7137,#3460);
#2935=LINE('',#7139,#3461);
#2936=LINE('',#7141,#3462);
#2937=LINE('',#7143,#3463);
#2938=LINE('',#7145,#3464);
#2939=LINE('',#7147,#3465);
#2940=LINE('',#7155,#3466);
#2941=LINE('',#7159,#3467);
#2942=LINE('',#7161,#3468);
#2943=LINE('',#7163,#3469);
#2944=LINE('',#7165,#3470);
#2945=LINE('',#7167,#3471);
#2946=LINE('',#7169,#3472);
#2947=LINE('',#7171,#3473);
#2948=LINE('',#7179,#3474);
#2949=LINE('',#7183,#3475);
#2950=LINE('',#7185,#3476);
#2951=LINE('',#7187,#3477);
#2952=LINE('',#7189,#3478);
#2953=LINE('',#7191,#3479);
#2954=LINE('',#7193,#3480);
#2955=LINE('',#7195,#3481);
#2956=LINE('',#7200,#3482);
#2957=LINE('',#7201,#3483);
#2958=LINE('',#7203,#3484);
#2959=LINE('',#7206,#3485);
#2960=LINE('',#7207,#3486);
#2961=LINE('',#7209,#3487);
#2962=LINE('',#7211,#3488);
#2963=LINE('',#7212,#3489);
#2964=LINE('',#7214,#3490);
#2965=LINE('',#7216,#3491);
#2966=LINE('',#7217,#3492);
#2967=LINE('',#7219,#3493);
#2968=LINE('',#7221,#3494);
#2969=LINE('',#7225,#3495);
#2970=LINE('',#7229,#3496);
#2971=LINE('',#7231,#3497);
#2972=LINE('',#7233,#3498);
#2973=LINE('',#7235,#3499);
#2974=LINE('',#7237,#3500);
#2975=LINE('',#7239,#3501);
#2976=LINE('',#7241,#3502);
#2977=LINE('',#7242,#3503);
#2978=LINE('',#7244,#3504);
#2979=LINE('',#7246,#3505);
#2980=LINE('',#7247,#3506);
#2981=LINE('',#7249,#3507);
#2982=LINE('',#7251,#3508);
#2983=LINE('',#7252,#3509);
#2984=LINE('',#7253,#3510);
#2985=LINE('',#7255,#3511);
#2986=LINE('',#7257,#3512);
#2987=LINE('',#7259,#3513);
#2988=LINE('',#7261,#3514);
#2989=LINE('',#7262,#3515);
#2990=LINE('',#7264,#3516);
#2991=LINE('',#7266,#3517);
#2992=LINE('',#7267,#3518);
#2993=LINE('',#7269,#3519);
#2994=LINE('',#7278,#3520);
#2995=LINE('',#7280,#3521);
#2996=LINE('',#7281,#3522);
#2997=LINE('',#7290,#3523);
#2998=LINE('',#7291,#3524);
#2999=LINE('',#7300,#3525);
#3000=LINE('',#7302,#3526);
#3001=LINE('',#7304,#3527);
#3002=LINE('',#7313,#3528);
#3003=LINE('',#7323,#3529);
#3004=LINE('',#7325,#3530);
#3005=LINE('',#7326,#3531);
#3006=LINE('',#7335,#3532);
#3007=LINE('',#7349,#3533);
#3008=LINE('',#7351,#3534);
#3009=LINE('',#7353,#3535);
#3010=LINE('',#7355,#3536);
#3011=LINE('',#7357,#3537);
#3012=LINE('',#7359,#3538);
#3013=LINE('',#7361,#3539);
#3014=LINE('',#7366,#3540);
#3015=LINE('',#7368,#3541);
#3016=LINE('',#7370,#3542);
#3017=LINE('',#7372,#3543);
#3018=LINE('',#7374,#3544);
#3019=LINE('',#7376,#3545);
#3020=LINE('',#7378,#3546);
#3021=LINE('',#7380,#3547);
#3022=LINE('',#7382,#3548);
#3023=LINE('',#7389,#3549);
#3024=LINE('',#7394,#3550);
#3025=LINE('',#7398,#3551);
#3026=LINE('',#7399,#3552);
#3027=LINE('',#7401,#3553);
#3028=LINE('',#7403,#3554);
#3029=LINE('',#7406,#3555);
#3030=LINE('',#7411,#3556);
#3031=LINE('',#7415,#3557);
#3032=LINE('',#7416,#3558);
#3033=LINE('',#7418,#3559);
#3034=LINE('',#7420,#3560);
#3035=LINE('',#7423,#3561);
#3036=LINE('',#7428,#3562);
#3037=LINE('',#7432,#3563);
#3038=LINE('',#7433,#3564);
#3039=LINE('',#7435,#3565);
#3040=LINE('',#7437,#3566);
#3041=LINE('',#7443,#3567);
#3042=LINE('',#7447,#3568);
#3043=LINE('',#7449,#3569);
#3044=LINE('',#7450,#3570);
#3045=LINE('',#7452,#3571);
#3046=LINE('',#7454,#3572);
#3047=LINE('',#7460,#3573);
#3048=LINE('',#7464,#3574);
#3049=LINE('',#7466,#3575);
#3050=LINE('',#7467,#3576);
#3051=LINE('',#7469,#3577);
#3052=LINE('',#7471,#3578);
#3053=LINE('',#7474,#3579);
#3054=LINE('',#7479,#3580);
#3055=LINE('',#7483,#3581);
#3056=LINE('',#7484,#3582);
#3057=LINE('',#7486,#3583);
#3058=LINE('',#7488,#3584);
#3059=LINE('',#7494,#3585);
#3060=LINE('',#7498,#3586);
#3061=LINE('',#7500,#3587);
#3062=LINE('',#7501,#3588);
#3063=LINE('',#7503,#3589);
#3064=LINE('',#7505,#3590);
#3065=LINE('',#7511,#3591);
#3066=LINE('',#7515,#3592);
#3067=LINE('',#7517,#3593);
#3068=LINE('',#7518,#3594);
#3069=LINE('',#7520,#3595);
#3070=LINE('',#7522,#3596);
#3071=LINE('',#7528,#3597);
#3072=LINE('',#7532,#3598);
#3073=LINE('',#7534,#3599);
#3074=LINE('',#7535,#3600);
#3075=LINE('',#7537,#3601);
#3076=LINE('',#7539,#3602);
#3077=LINE('',#7545,#3603);
#3078=LINE('',#7549,#3604);
#3079=LINE('',#7551,#3605);
#3080=LINE('',#7552,#3606);
#3081=LINE('',#7554,#3607);
#3082=LINE('',#7556,#3608);
#3083=LINE('',#7559,#3609);
#3084=LINE('',#7564,#3610);
#3085=LINE('',#7568,#3611);
#3086=LINE('',#7569,#3612);
#3087=LINE('',#7571,#3613);
#3088=LINE('',#7573,#3614);
#3089=LINE('',#7597,#3615);
#3090=LINE('',#7599,#3616);
#3091=LINE('',#7601,#3617);
#3092=LINE('',#7603,#3618);
#3093=LINE('',#7605,#3619);
#3094=LINE('',#7607,#3620);
#3095=LINE('',#7609,#3621);
#3096=LINE('',#7611,#3622);
#3097=LINE('',#7613,#3623);
#3098=LINE('',#7615,#3624);
#3099=LINE('',#7617,#3625);
#3100=LINE('',#7619,#3626);
#3101=LINE('',#7621,#3627);
#3102=LINE('',#7623,#3628);
#3103=LINE('',#7626,#3629);
#3104=LINE('',#7628,#3630);
#3105=LINE('',#7630,#3631);
#3106=LINE('',#7632,#3632);
#3107=LINE('',#7634,#3633);
#3108=LINE('',#7636,#3634);
#3109=LINE('',#7638,#3635);
#3110=LINE('',#7640,#3636);
#3111=LINE('',#7642,#3637);
#3112=LINE('',#7644,#3638);
#3113=LINE('',#7646,#3639);
#3114=LINE('',#7648,#3640);
#3115=LINE('',#7650,#3641);
#3116=LINE('',#7652,#3642);
#3117=LINE('',#7654,#3643);
#3118=LINE('',#7656,#3644);
#3119=LINE('',#7658,#3645);
#3120=LINE('',#7660,#3646);
#3121=LINE('',#7663,#3647);
#3122=LINE('',#7665,#3648);
#3123=LINE('',#7667,#3649);
#3124=LINE('',#7669,#3650);
#3125=LINE('',#7671,#3651);
#3126=LINE('',#7672,#3652);
#3127=LINE('',#7674,#3653);
#3128=LINE('',#7676,#3654);
#3129=LINE('',#7678,#3655);
#3130=LINE('',#7680,#3656);
#3131=LINE('',#7681,#3657);
#3132=LINE('',#7683,#3658);
#3133=LINE('',#7687,#3659);
#3134=LINE('',#7689,#3660);
#3135=LINE('',#7691,#3661);
#3136=LINE('',#7692,#3662);
#3137=LINE('',#7694,#3663);
#3138=LINE('',#7696,#3664);
#3139=LINE('',#7698,#3665);
#3140=LINE('',#7700,#3666);
#3141=LINE('',#7702,#3667);
#3142=LINE('',#7704,#3668);
#3143=LINE('',#7705,#3669);
#3144=LINE('',#7707,#3670);
#3145=LINE('',#7710,#3671);
#3146=LINE('',#7712,#3672);
#3147=LINE('',#7714,#3673);
#3148=LINE('',#7715,#3674);
#3149=LINE('',#7717,#3675);
#3150=LINE('',#7719,#3676);
#3151=LINE('',#7721,#3677);
#3152=LINE('',#7723,#3678);
#3153=LINE('',#7725,#3679);
#3154=LINE('',#7727,#3680);
#3155=LINE('',#7728,#3681);
#3156=LINE('',#7730,#3682);
#3157=LINE('',#7733,#3683);
#3158=LINE('',#7736,#3684);
#3159=LINE('',#7738,#3685);
#3160=LINE('',#7740,#3686);
#3161=LINE('',#7742,#3687);
#3162=LINE('',#7743,#3688);
#3163=LINE('',#7745,#3689);
#3164=LINE('',#7747,#3690);
#3165=LINE('',#7748,#3691);
#3166=LINE('',#7751,#3692);
#3167=LINE('',#7753,#3693);
#3168=LINE('',#7755,#3694);
#3169=LINE('',#7757,#3695);
#3170=LINE('',#7759,#3696);
#3171=LINE('',#7761,#3697);
#3172=LINE('',#7763,#3698);
#3173=LINE('',#7765,#3699);
#3174=LINE('',#7767,#3700);
#3175=LINE('',#7769,#3701);
#3176=LINE('',#7771,#3702);
#3177=LINE('',#7773,#3703);
#3178=LINE('',#7775,#3704);
#3179=LINE('',#7778,#3705);
#3180=LINE('',#7780,#3706);
#3181=LINE('',#7782,#3707);
#3182=LINE('',#7784,#3708);
#3183=LINE('',#7786,#3709);
#3184=LINE('',#7788,#3710);
#3185=LINE('',#7791,#3711);
#3186=LINE('',#7793,#3712);
#3187=LINE('',#7795,#3713);
#3188=LINE('',#7797,#3714);
#3189=LINE('',#7799,#3715);
#3190=LINE('',#7801,#3716);
#3191=LINE('',#7804,#3717);
#3192=LINE('',#7806,#3718);
#3193=LINE('',#7808,#3719);
#3194=LINE('',#7810,#3720);
#3195=LINE('',#7812,#3721);
#3196=LINE('',#7814,#3722);
#3197=LINE('',#7816,#3723);
#3198=LINE('',#7818,#3724);
#3199=LINE('',#7823,#3725);
#3200=LINE('',#7827,#3726);
#3201=LINE('',#7831,#3727);
#3202=LINE('',#7833,#3728);
#3203=LINE('',#7836,#3729);
#3204=LINE('',#7837,#3730);
#3205=VECTOR('',#5145,1.);
#3206=VECTOR('',#5150,1.);
#3207=VECTOR('',#5151,1.);
#3208=VECTOR('',#5152,1.);
#3209=VECTOR('',#5153,1.);
#3210=VECTOR('',#5154,1.);
#3211=VECTOR('',#5155,1.);
#3212=VECTOR('',#5156,1.);
#3213=VECTOR('',#5157,1.);
#3214=VECTOR('',#5158,1.);
#3215=VECTOR('',#5159,1.);
#3216=VECTOR('',#5160,1.);
#3217=VECTOR('',#5165,1.);
#3218=VECTOR('',#5166,1.);
#3219=VECTOR('',#5167,1.);
#3220=VECTOR('',#5170,1.);
#3221=VECTOR('',#5171,1.);
#3222=VECTOR('',#5172,1.);
#3223=VECTOR('',#5173,1.);
#3224=VECTOR('',#5174,1.);
#3225=VECTOR('',#5177,1.);
#3226=VECTOR('',#5180,1.);
#3227=VECTOR('',#5183,1.);
#3228=VECTOR('',#5194,1.);
#3229=VECTOR('',#5197,1.);
#3230=VECTOR('',#5200,1.);
#3231=VECTOR('',#5203,1.);
#3232=VECTOR('',#5206,1.);
#3233=VECTOR('',#5209,1.);
#3234=VECTOR('',#5210,1.);
#3235=VECTOR('',#5213,1.);
#3236=VECTOR('',#5216,1.);
#3237=VECTOR('',#5219,1.);
#3238=VECTOR('',#5224,1.);
#3239=VECTOR('',#5227,1.);
#3240=VECTOR('',#5230,1.);
#3241=VECTOR('',#5233,1.);
#3242=VECTOR('',#5234,1.);
#3243=VECTOR('',#5237,1.);
#3244=VECTOR('',#5242,1.);
#3245=VECTOR('',#5245,1.);
#3246=VECTOR('',#5248,1.);
#3247=VECTOR('',#5251,1.);
#3248=VECTOR('',#5258,1.);
#3249=VECTOR('',#5259,1.);
#3250=VECTOR('',#5260,1.);
#3251=VECTOR('',#5261,1.);
#3252=VECTOR('',#5262,1.);
#3253=VECTOR('',#5263,1.);
#3254=VECTOR('',#5264,1.);
#3255=VECTOR('',#5265,1.);
#3256=VECTOR('',#5266,1.);
#3257=VECTOR('',#5269,1.);
#3258=VECTOR('',#5270,1.);
#3259=VECTOR('',#5271,1.);
#3260=VECTOR('',#5272,1.);
#3261=VECTOR('',#5273,1.);
#3262=VECTOR('',#5274,1.);
#3263=VECTOR('',#5275,1.);
#3264=VECTOR('',#5276,1.);
#3265=VECTOR('',#5277,1.);
#3266=VECTOR('',#5278,1.);
#3267=VECTOR('',#5281,1.);
#3268=VECTOR('',#5282,1.);
#3269=VECTOR('',#5283,1.);
#3270=VECTOR('',#5284,1.);
#3271=VECTOR('',#5285,1.);
#3272=VECTOR('',#5286,1.);
#3273=VECTOR('',#5287,1.);
#3274=VECTOR('',#5288,1.);
#3275=VECTOR('',#5289,1.);
#3276=VECTOR('',#5290,1.);
#3277=VECTOR('',#5291,1.);
#3278=VECTOR('',#5292,1.);
#3279=VECTOR('',#5293,1.);
#3280=VECTOR('',#5294,1.);
#3281=VECTOR('',#5295,1.);
#3282=VECTOR('',#5296,1.);
#3283=VECTOR('',#5299,1.);
#3284=VECTOR('',#5300,1.);
#3285=VECTOR('',#5301,1.);
#3286=VECTOR('',#5302,1.);
#3287=VECTOR('',#5303,1.);
#3288=VECTOR('',#5306,1.);
#3289=VECTOR('',#5309,1.);
#3290=VECTOR('',#5310,1.);
#3291=VECTOR('',#5311,1.);
#3292=VECTOR('',#5312,1.);
#3293=VECTOR('',#5315,1.);
#3294=VECTOR('',#5316,1.);
#3295=VECTOR('',#5317,1.);
#3296=VECTOR('',#5320,1.);
#3297=VECTOR('',#5321,1.);
#3298=VECTOR('',#5322,1.);
#3299=VECTOR('',#5325,1.);
#3300=VECTOR('',#5326,1.);
#3301=VECTOR('',#5327,1.);
#3302=VECTOR('',#5330,1.);
#3303=VECTOR('',#5331,1.);
#3304=VECTOR('',#5332,1.);
#3305=VECTOR('',#5337,1.);
#3306=VECTOR('',#5338,1.);
#3307=VECTOR('',#5341,1.);
#3308=VECTOR('',#5342,1.);
#3309=VECTOR('',#5343,1.);
#3310=VECTOR('',#5346,1.);
#3311=VECTOR('',#5347,1.);
#3312=VECTOR('',#5348,1.);
#3313=VECTOR('',#5353,1.);
#3314=VECTOR('',#5354,1.);
#3315=VECTOR('',#5355,1.);
#3316=VECTOR('',#5356,1.);
#3317=VECTOR('',#5357,1.);
#3318=VECTOR('',#5358,1.);
#3319=VECTOR('',#5359,1.);
#3320=VECTOR('',#5360,1.);
#3321=VECTOR('',#5361,1.);
#3322=VECTOR('',#5362,1.);
#3323=VECTOR('',#5363,1.);
#3324=VECTOR('',#5364,1.);
#3325=VECTOR('',#5365,1.);
#3326=VECTOR('',#5366,1.);
#3327=VECTOR('',#5367,1.);
#3328=VECTOR('',#5368,1.);
#3329=VECTOR('',#5369,1.);
#3330=VECTOR('',#5370,1.);
#3331=VECTOR('',#5371,1.);
#3332=VECTOR('',#5372,1.);
#3333=VECTOR('',#5373,1.);
#3334=VECTOR('',#5376,1.);
#3335=VECTOR('',#5377,1.);
#3336=VECTOR('',#5378,1.);
#3337=VECTOR('',#5379,1.);
#3338=VECTOR('',#5380,1.);
#3339=VECTOR('',#5381,1.);
#3340=VECTOR('',#5382,1.);
#3341=VECTOR('',#5383,1.);
#3342=VECTOR('',#5384,1.);
#3343=VECTOR('',#5389,1.);
#3344=VECTOR('',#5390,1.);
#3345=VECTOR('',#5391,1.);
#3346=VECTOR('',#5392,1.);
#3347=VECTOR('',#5393,1.);
#3348=VECTOR('',#5394,1.);
#3349=VECTOR('',#5395,1.);
#3350=VECTOR('',#5402,1.);
#3351=VECTOR('',#5405,1.);
#3352=VECTOR('',#5406,1.);
#3353=VECTOR('',#5409,1.);
#3354=VECTOR('',#5412,1.);
#3355=VECTOR('',#5413,1.);
#3356=VECTOR('',#5416,1.);
#3357=VECTOR('',#5417,1.);
#3358=VECTOR('',#5418,1.);
#3359=VECTOR('',#5419,1.);
#3360=VECTOR('',#5422,1.);
#3361=VECTOR('',#5423,1.);
#3362=VECTOR('',#5424,1.);
#3363=VECTOR('',#5425,1.);
#3364=VECTOR('',#5428,1.);
#3365=VECTOR('',#5429,1.);
#3366=VECTOR('',#5430,1.);
#3367=VECTOR('',#5431,1.);
#3368=VECTOR('',#5432,1.);
#3369=VECTOR('',#5433,1.);
#3370=VECTOR('',#5434,1.);
#3371=VECTOR('',#5435,1.);
#3372=VECTOR('',#5438,1.);
#3373=VECTOR('',#5439,1.);
#3374=VECTOR('',#5440,1.);
#3375=VECTOR('',#5441,1.);
#3376=VECTOR('',#5442,1.);
#3377=VECTOR('',#5443,1.);
#3378=VECTOR('',#5444,1.);
#3379=VECTOR('',#5445,1.);
#3380=VECTOR('',#5446,1.);
#3381=VECTOR('',#5447,1.);
#3382=VECTOR('',#5448,1.);
#3383=VECTOR('',#5451,1.);
#3384=VECTOR('',#5452,1.);
#3385=VECTOR('',#5453,1.);
#3386=VECTOR('',#5454,1.);
#3387=VECTOR('',#5455,1.);
#3388=VECTOR('',#5456,1.);
#3389=VECTOR('',#5457,1.);
#3390=VECTOR('',#5458,1.);
#3391=VECTOR('',#5459,1.);
#3392=VECTOR('',#5460,1.);
#3393=VECTOR('',#5461,1.);
#3394=VECTOR('',#5464,1.);
#3395=VECTOR('',#5465,1.);
#3396=VECTOR('',#5466,1.);
#3397=VECTOR('',#5467,1.);
#3398=VECTOR('',#5474,1.);
#3399=VECTOR('',#5479,1.);
#3400=VECTOR('',#5484,1.);
#3401=VECTOR('',#5485,1.);
#3402=VECTOR('',#5490,1.);
#3403=VECTOR('',#5493,1.);
#3404=VECTOR('',#5496,1.);
#3405=VECTOR('',#5497,1.);
#3406=VECTOR('',#5498,1.);
#3407=VECTOR('',#5501,1.);
#3408=VECTOR('',#5502,1.);
#3409=VECTOR('',#5503,1.);
#3410=VECTOR('',#5514,1.);
#3411=VECTOR('',#5517,1.);
#3412=VECTOR('',#5520,1.);
#3413=VECTOR('',#5521,1.);
#3414=VECTOR('',#5522,1.);
#3415=VECTOR('',#5525,1.);
#3416=VECTOR('',#5526,1.);
#3417=VECTOR('',#5527,1.);
#3418=VECTOR('',#5536,1.);
#3419=VECTOR('',#5537,1.);
#3420=VECTOR('',#5538,1.);
#3421=VECTOR('',#5539,1.);
#3422=VECTOR('',#5546,1.);
#3423=VECTOR('',#5551,1.);
#3424=VECTOR('',#5556,1.);
#3425=VECTOR('',#5557,1.);
#3426=VECTOR('',#5560,1.);
#3427=VECTOR('',#5561,1.);
#3428=VECTOR('',#5562,1.);
#3429=VECTOR('',#5563,1.);
#3430=VECTOR('',#5570,1.);
#3431=VECTOR('',#5575,1.);
#3432=VECTOR('',#5580,1.);
#3433=VECTOR('',#5581,1.);
#3434=VECTOR('',#5586,1.);
#3435=VECTOR('',#5589,1.);
#3436=VECTOR('',#5592,1.);
#3437=VECTOR('',#5593,1.);
#3438=VECTOR('',#5594,1.);
#3439=VECTOR('',#5597,1.);
#3440=VECTOR('',#5598,1.);
#3441=VECTOR('',#5599,1.);
#3442=VECTOR('',#5610,1.);
#3443=VECTOR('',#5613,1.);
#3444=VECTOR('',#5616,1.);
#3445=VECTOR('',#5617,1.);
#3446=VECTOR('',#5618,1.);
#3447=VECTOR('',#5621,1.);
#3448=VECTOR('',#5622,1.);
#3449=VECTOR('',#5623,1.);
#3450=VECTOR('',#5632,1.);
#3451=VECTOR('',#5633,1.);
#3452=VECTOR('',#5634,1.);
#3453=VECTOR('',#5635,1.);
#3454=VECTOR('',#5642,1.);
#3455=VECTOR('',#5647,1.);
#3456=VECTOR('',#5652,1.);
#3457=VECTOR('',#5653,1.);
#3458=VECTOR('',#5658,1.);
#3459=VECTOR('',#5661,1.);
#3460=VECTOR('',#5664,1.);
#3461=VECTOR('',#5665,1.);
#3462=VECTOR('',#5666,1.);
#3463=VECTOR('',#5669,1.);
#3464=VECTOR('',#5670,1.);
#3465=VECTOR('',#5671,1.);
#3466=VECTOR('',#5682,1.);
#3467=VECTOR('',#5685,1.);
#3468=VECTOR('',#5688,1.);
#3469=VECTOR('',#5689,1.);
#3470=VECTOR('',#5690,1.);
#3471=VECTOR('',#5693,1.);
#3472=VECTOR('',#5694,1.);
#3473=VECTOR('',#5695,1.);
#3474=VECTOR('',#5706,1.);
#3475=VECTOR('',#5709,1.);
#3476=VECTOR('',#5712,1.);
#3477=VECTOR('',#5713,1.);
#3478=VECTOR('',#5714,1.);
#3479=VECTOR('',#5717,1.);
#3480=VECTOR('',#5718,1.);
#3481=VECTOR('',#5719,1.);
#3482=VECTOR('',#5728,1.);
#3483=VECTOR('',#5729,1.);
#3484=VECTOR('',#5732,1.);
#3485=VECTOR('',#5733,1.);
#3486=VECTOR('',#5734,1.);
#3487=VECTOR('',#5737,1.);
#3488=VECTOR('',#5738,1.);
#3489=VECTOR('',#5739,1.);
#3490=VECTOR('',#5740,1.);
#3491=VECTOR('',#5741,1.);
#3492=VECTOR('',#5742,1.);
#3493=VECTOR('',#5743,1.);
#3494=VECTOR('',#5744,1.);
#3495=VECTOR('',#5747,1.);
#3496=VECTOR('',#5750,1.);
#3497=VECTOR('',#5751,1.);
#3498=VECTOR('',#5752,1.);
#3499=VECTOR('',#5753,1.);
#3500=VECTOR('',#5754,1.);
#3501=VECTOR('',#5755,1.);
#3502=VECTOR('',#5756,1.);
#3503=VECTOR('',#5757,1.);
#3504=VECTOR('',#5758,1.);
#3505=VECTOR('',#5759,1.);
#3506=VECTOR('',#5760,1.);
#3507=VECTOR('',#5761,1.);
#3508=VECTOR('',#5762,1.);
#3509=VECTOR('',#5763,1.);
#3510=VECTOR('',#5764,1.);
#3511=VECTOR('',#5765,1.);
#3512=VECTOR('',#5766,1.);
#3513=VECTOR('',#5769,1.);
#3514=VECTOR('',#5770,1.);
#3515=VECTOR('',#5771,1.);
#3516=VECTOR('',#5774,1.);
#3517=VECTOR('',#5777,1.);
#3518=VECTOR('',#5778,1.);
#3519=VECTOR('',#5781,1.);
#3520=VECTOR('',#5782,1.);
#3521=VECTOR('',#5785,1.);
#3522=VECTOR('',#5786,1.);
#3523=VECTOR('',#5787,1.);
#3524=VECTOR('',#5788,1.);
#3525=VECTOR('',#5789,1.);
#3526=VECTOR('',#5792,1.);
#3527=VECTOR('',#5795,1.);
#3528=VECTOR('',#5796,1.);
#3529=VECTOR('',#5799,1.);
#3530=VECTOR('',#5800,1.);
#3531=VECTOR('',#5801,1.);
#3532=VECTOR('',#5802,1.);
#3533=VECTOR('',#5813,1.);
#3534=VECTOR('',#5814,1.);
#3535=VECTOR('',#5817,1.);
#3536=VECTOR('',#5818,1.);
#3537=VECTOR('',#5821,1.);
#3538=VECTOR('',#5822,1.);
#3539=VECTOR('',#5825,1.);
#3540=VECTOR('',#5832,1.);
#3541=VECTOR('',#5833,1.);
#3542=VECTOR('',#5836,1.);
#3543=VECTOR('',#5837,1.);
#3544=VECTOR('',#5840,1.);
#3545=VECTOR('',#5841,1.);
#3546=VECTOR('',#5844,1.);
#3547=VECTOR('',#5845,1.);
#3548=VECTOR('',#5848,1.);
#3549=VECTOR('',#5857,1.);
#3550=VECTOR('',#5860,1.);
#3551=VECTOR('',#5865,1.);
#3552=VECTOR('',#5866,1.);
#3553=VECTOR('',#5869,1.);
#3554=VECTOR('',#5872,1.);
#3555=VECTOR('',#5877,1.);
#3556=VECTOR('',#5880,1.);
#3557=VECTOR('',#5885,1.);
#3558=VECTOR('',#5886,1.);
#3559=VECTOR('',#5889,1.);
#3560=VECTOR('',#5892,1.);
#3561=VECTOR('',#5897,1.);
#3562=VECTOR('',#5900,1.);
#3563=VECTOR('',#5905,1.);
#3564=VECTOR('',#5906,1.);
#3565=VECTOR('',#5909,1.);
#3566=VECTOR('',#5912,1.);
#3567=VECTOR('',#5919,1.);
#3568=VECTOR('',#5922,1.);
#3569=VECTOR('',#5925,1.);
#3570=VECTOR('',#5926,1.);
#3571=VECTOR('',#5929,1.);
#3572=VECTOR('',#5932,1.);
#3573=VECTOR('',#5939,1.);
#3574=VECTOR('',#5942,1.);
#3575=VECTOR('',#5945,1.);
#3576=VECTOR('',#5946,1.);
#3577=VECTOR('',#5949,1.);
#3578=VECTOR('',#5952,1.);
#3579=VECTOR('',#5957,1.);
#3580=VECTOR('',#5960,1.);
#3581=VECTOR('',#5965,1.);
#3582=VECTOR('',#5966,1.);
#3583=VECTOR('',#5969,1.);
#3584=VECTOR('',#5972,1.);
#3585=VECTOR('',#5979,1.);
#3586=VECTOR('',#5982,1.);
#3587=VECTOR('',#5985,1.);
#3588=VECTOR('',#5986,1.);
#3589=VECTOR('',#5989,1.);
#3590=VECTOR('',#5992,1.);
#3591=VECTOR('',#5999,1.);
#3592=VECTOR('',#6002,1.);
#3593=VECTOR('',#6005,1.);
#3594=VECTOR('',#6006,1.);
#3595=VECTOR('',#6009,1.);
#3596=VECTOR('',#6012,1.);
#3597=VECTOR('',#6019,1.);
#3598=VECTOR('',#6022,1.);
#3599=VECTOR('',#6025,1.);
#3600=VECTOR('',#6026,1.);
#3601=VECTOR('',#6029,1.);
#3602=VECTOR('',#6032,1.);
#3603=VECTOR('',#6039,1.);
#3604=VECTOR('',#6042,1.);
#3605=VECTOR('',#6045,1.);
#3606=VECTOR('',#6046,1.);
#3607=VECTOR('',#6049,1.);
#3608=VECTOR('',#6052,1.);
#3609=VECTOR('',#6057,1.);
#3610=VECTOR('',#6060,1.);
#3611=VECTOR('',#6065,1.);
#3612=VECTOR('',#6066,1.);
#3613=VECTOR('',#6069,1.);
#3614=VECTOR('',#6072,1.);
#3615=VECTOR('',#6107,1.);
#3616=VECTOR('',#6108,1.);
#3617=VECTOR('',#6109,1.);
#3618=VECTOR('',#6112,1.);
#3619=VECTOR('',#6113,1.);
#3620=VECTOR('',#6116,1.);
#3621=VECTOR('',#6117,1.);
#3622=VECTOR('',#6120,1.);
#3623=VECTOR('',#6121,1.);
#3624=VECTOR('',#6124,1.);
#3625=VECTOR('',#6125,1.);
#3626=VECTOR('',#6128,1.);
#3627=VECTOR('',#6129,1.);
#3628=VECTOR('',#6132,1.);
#3629=VECTOR('',#6137,1.);
#3630=VECTOR('',#6138,1.);
#3631=VECTOR('',#6139,1.);
#3632=VECTOR('',#6142,1.);
#3633=VECTOR('',#6143,1.);
#3634=VECTOR('',#6146,1.);
#3635=VECTOR('',#6147,1.);
#3636=VECTOR('',#6150,1.);
#3637=VECTOR('',#6151,1.);
#3638=VECTOR('',#6154,1.);
#3639=VECTOR('',#6155,1.);
#3640=VECTOR('',#6158,1.);
#3641=VECTOR('',#6159,1.);
#3642=VECTOR('',#6162,1.);
#3643=VECTOR('',#6163,1.);
#3644=VECTOR('',#6166,1.);
#3645=VECTOR('',#6167,1.);
#3646=VECTOR('',#6170,1.);
#3647=VECTOR('',#6175,1.);
#3648=VECTOR('',#6178,1.);
#3649=VECTOR('',#6181,1.);
#3650=VECTOR('',#6182,1.);
#3651=VECTOR('',#6183,1.);
#3652=VECTOR('',#6184,1.);
#3653=VECTOR('',#6185,1.);
#3654=VECTOR('',#6186,1.);
#3655=VECTOR('',#6187,1.);
#3656=VECTOR('',#6188,1.);
#3657=VECTOR('',#6189,1.);
#3658=VECTOR('',#6192,1.);
#3659=VECTOR('',#6199,1.);
#3660=VECTOR('',#6200,1.);
#3661=VECTOR('',#6201,1.);
#3662=VECTOR('',#6202,1.);
#3663=VECTOR('',#6203,1.);
#3664=VECTOR('',#6204,1.);
#3665=VECTOR('',#6207,1.);
#3666=VECTOR('',#6210,1.);
#3667=VECTOR('',#6213,1.);
#3668=VECTOR('',#6216,1.);
#3669=VECTOR('',#6217,1.);
#3670=VECTOR('',#6220,1.);
#3671=VECTOR('',#6225,1.);
#3672=VECTOR('',#6226,1.);
#3673=VECTOR('',#6227,1.);
#3674=VECTOR('',#6228,1.);
#3675=VECTOR('',#6229,1.);
#3676=VECTOR('',#6230,1.);
#3677=VECTOR('',#6233,1.);
#3678=VECTOR('',#6236,1.);
#3679=VECTOR('',#6239,1.);
#3680=VECTOR('',#6242,1.);
#3681=VECTOR('',#6243,1.);
#3682=VECTOR('',#6246,1.);
#3683=VECTOR('',#6251,1.);
#3684=VECTOR('',#6252,1.);
#3685=VECTOR('',#6253,1.);
#3686=VECTOR('',#6254,1.);
#3687=VECTOR('',#6255,1.);
#3688=VECTOR('',#6256,1.);
#3689=VECTOR('',#6257,1.);
#3690=VECTOR('',#6260,1.);
#3691=VECTOR('',#6261,1.);
#3692=VECTOR('',#6266,1.);
#3693=VECTOR('',#6269,1.);
#3694=VECTOR('',#6272,1.);
#3695=VECTOR('',#6273,1.);
#3696=VECTOR('',#6276,1.);
#3697=VECTOR('',#6277,1.);
#3698=VECTOR('',#6280,1.);
#3699=VECTOR('',#6283,1.);
#3700=VECTOR('',#6284,1.);
#3701=VECTOR('',#6287,1.);
#3702=VECTOR('',#6288,1.);
#3703=VECTOR('',#6291,1.);
#3704=VECTOR('',#6294,1.);
#3705=VECTOR('',#6299,1.);
#3706=VECTOR('',#6300,1.);
#3707=VECTOR('',#6303,1.);
#3708=VECTOR('',#6304,1.);
#3709=VECTOR('',#6307,1.);
#3710=VECTOR('',#6310,1.);
#3711=VECTOR('',#6315,1.);
#3712=VECTOR('',#6316,1.);
#3713=VECTOR('',#6319,1.);
#3714=VECTOR('',#6320,1.);
#3715=VECTOR('',#6323,1.);
#3716=VECTOR('',#6326,1.);
#3717=VECTOR('',#6331,1.);
#3718=VECTOR('',#6334,1.);
#3719=VECTOR('',#6337,1.);
#3720=VECTOR('',#6340,1.);
#3721=VECTOR('',#6343,1.);
#3722=VECTOR('',#6346,1.);
#3723=VECTOR('',#6349,1.);
#3724=VECTOR('',#6352,1.);
#3725=VECTOR('',#6361,1.);
#3726=VECTOR('',#6368,1.);
#3727=VECTOR('',#6375,1.);
#3728=VECTOR('',#6378,1.);
#3729=VECTOR('',#6383,1.);
#3730=VECTOR('',#6384,1.);
#3731=EDGE_LOOP('',(#225,#226,#227,#228,#229,#230,#231,#232,#233,#234,#235,
#236,#237,#238,#239,#240,#241,#242,#243,#244,#245,#246,#247,#248,#249,#250,
#251,#252,#253,#254,#255,#256,#257,#258,#259,#260));
#3732=EDGE_LOOP('',(#261,#262,#263,#264));
#3733=EDGE_LOOP('',(#265));
#3734=EDGE_LOOP('',(#266));
#3735=EDGE_LOOP('',(#267));
#3736=EDGE_LOOP('',(#268));
#3737=EDGE_LOOP('',(#269,#270,#271,#272));
#3738=EDGE_LOOP('',(#273,#274,#275,#276));
#3739=EDGE_LOOP('',(#277,#278,#279,#280));
#3740=EDGE_LOOP('',(#281,#282,#283,#284));
#3741=EDGE_LOOP('',(#285,#286,#287,#288));
#3742=EDGE_LOOP('',(#289,#290,#291,#292));
#3743=EDGE_LOOP('',(#293,#294,#295,#296));
#3744=EDGE_LOOP('',(#297,#298,#299,#300));
#3745=EDGE_LOOP('',(#301,#302,#303,#304));
#3746=EDGE_LOOP('',(#305,#306,#307,#308));
#3747=EDGE_LOOP('',(#309));
#3748=EDGE_LOOP('',(#310));
#3749=EDGE_LOOP('',(#311));
#3750=EDGE_LOOP('',(#312,#313,#314,#315,#316,#317,#318,#319,#320));
#3751=EDGE_LOOP('',(#321,#322,#323,#324,#325,#326,#327,#328,#329,#330));
#3752=EDGE_LOOP('',(#331,#332,#333,#334,#335,#336,#337,#338,#339,#340,#341,
#342,#343,#344,#345,#346,#347));
#3753=EDGE_LOOP('',(#348,#349,#350,#351,#352,#353,#354,#355,#356,#357,#358,
#359,#360,#361));
#3754=EDGE_LOOP('',(#362,#363,#364,#365,#366));
#3755=EDGE_LOOP('',(#367,#368,#369,#370));
#3756=EDGE_LOOP('',(#371,#372,#373,#374));
#3757=EDGE_LOOP('',(#375,#376,#377,#378));
#3758=EDGE_LOOP('',(#379,#380,#381,#382,#383,#384,#385,#386,#387,#388,#389,
#390,#391,#392,#393,#394,#395,#396,#397,#398,#399,#400,#401,#402,#403,#404,
#405,#406,#407,#408,#409,#410,#411,#412,#413,#414,#415,#416,#417,#418,#419,
#420,#421,#422,#423,#424,#425));
#3759=EDGE_LOOP('',(#426,#427,#428,#429,#430,#431,#432,#433,#434));
#3760=EDGE_LOOP('',(#435));
#3761=EDGE_LOOP('',(#436));
#3762=EDGE_LOOP('',(#437,#438,#439,#440,#441,#442,#443));
#3763=EDGE_LOOP('',(#444));
#3764=EDGE_LOOP('',(#445));
#3765=EDGE_LOOP('',(#446,#447,#448,#449));
#3766=EDGE_LOOP('',(#450,#451,#452,#453));
#3767=EDGE_LOOP('',(#454,#455,#456,#457));
#3768=EDGE_LOOP('',(#458,#459,#460,#461));
#3769=EDGE_LOOP('',(#462,#463,#464,#465));
#3770=EDGE_LOOP('',(#466,#467,#468,#469));
#3771=EDGE_LOOP('',(#470,#471,#472,#473,#474,#475,#476,#477,#478));
#3772=EDGE_LOOP('',(#479,#480,#481,#482,#483,#484,#485,#486,#487,#488,#489,
#490));
#3773=EDGE_LOOP('',(#491,#492,#493,#494,#495,#496,#497,#498,#499,#500,#501,
#502));
#3774=EDGE_LOOP('',(#503,#504,#505,#506));
#3775=EDGE_LOOP('',(#507,#508,#509,#510));
#3776=EDGE_LOOP('',(#511,#512,#513,#514));
#3777=EDGE_LOOP('',(#515,#516,#517,#518));
#3778=EDGE_LOOP('',(#519,#520,#521,#522));
#3779=EDGE_LOOP('',(#523,#524,#525,#526));
#3780=EDGE_LOOP('',(#527,#528,#529,#530));
#3781=EDGE_LOOP('',(#531,#532,#533,#534));
#3782=EDGE_LOOP('',(#535,#536,#537,#538));
#3783=EDGE_LOOP('',(#539,#540,#541,#542));
#3784=EDGE_LOOP('',(#543,#544,#545,#546));
#3785=EDGE_LOOP('',(#547,#548,#549,#550));
#3786=EDGE_LOOP('',(#551,#552,#553,#554));
#3787=EDGE_LOOP('',(#555,#556,#557,#558));
#3788=EDGE_LOOP('',(#559,#560,#561,#562));
#3789=EDGE_LOOP('',(#563,#564,#565,#566));
#3790=EDGE_LOOP('',(#567,#568,#569,#570));
#3791=EDGE_LOOP('',(#571,#572,#573,#574));
#3792=EDGE_LOOP('',(#575,#576,#577,#578));
#3793=EDGE_LOOP('',(#579,#580,#581,#582));
#3794=EDGE_LOOP('',(#583,#584,#585,#586));
#3795=EDGE_LOOP('',(#587,#588,#589,#590));
#3796=EDGE_LOOP('',(#591,#592,#593,#594));
#3797=EDGE_LOOP('',(#595,#596,#597,#598));
#3798=EDGE_LOOP('',(#599,#600,#601,#602));
#3799=EDGE_LOOP('',(#603,#604,#605,#606));
#3800=EDGE_LOOP('',(#607,#608,#609,#610));
#3801=EDGE_LOOP('',(#611,#612,#613,#614));
#3802=EDGE_LOOP('',(#615,#616,#617,#618));
#3803=EDGE_LOOP('',(#619,#620,#621,#622));
#3804=EDGE_LOOP('',(#623,#624,#625,#626));
#3805=EDGE_LOOP('',(#627,#628,#629,#630));
#3806=EDGE_LOOP('',(#631,#632,#633,#634));
#3807=EDGE_LOOP('',(#635,#636,#637,#638));
#3808=EDGE_LOOP('',(#639,#640,#641,#642));
#3809=EDGE_LOOP('',(#643,#644,#645,#646));
#3810=EDGE_LOOP('',(#647,#648,#649,#650));
#3811=EDGE_LOOP('',(#651,#652,#653,#654));
#3812=EDGE_LOOP('',(#655,#656,#657,#658));
#3813=EDGE_LOOP('',(#659,#660,#661,#662));
#3814=EDGE_LOOP('',(#663,#664,#665,#666));
#3815=EDGE_LOOP('',(#667,#668,#669,#670));
#3816=EDGE_LOOP('',(#671,#672,#673,#674));
#3817=EDGE_LOOP('',(#675,#676,#677,#678));
#3818=EDGE_LOOP('',(#679,#680,#681,#682));
#3819=EDGE_LOOP('',(#683,#684,#685,#686,#687,#688));
#3820=EDGE_LOOP('',(#689,#690,#691,#692,#693,#694,#695,#696,#697,#698,#699,
#700,#701,#702,#703,#704,#705,#706,#707,#708,#709,#710,#711,#712,#713,#714,
#715,#716,#717,#718,#719,#720,#721,#722,#723,#724));
#3821=EDGE_LOOP('',(#725,#726,#727,#728,#729,#730));
#3822=EDGE_LOOP('',(#731,#732,#733,#734));
#3823=EDGE_LOOP('',(#735,#736,#737,#738));
#3824=EDGE_LOOP('',(#739,#740,#741,#742));
#3825=EDGE_LOOP('',(#743,#744,#745,#746));
#3826=EDGE_LOOP('',(#747,#748,#749,#750));
#3827=EDGE_LOOP('',(#751,#752,#753,#754));
#3828=EDGE_LOOP('',(#755,#756,#757,#758));
#3829=EDGE_LOOP('',(#759,#760,#761,#762));
#3830=EDGE_LOOP('',(#763,#764,#765,#766));
#3831=EDGE_LOOP('',(#767,#768,#769,#770));
#3832=EDGE_LOOP('',(#771,#772,#773,#774));
#3833=EDGE_LOOP('',(#775,#776,#777,#778,#779,#780));
#3834=EDGE_LOOP('',(#781,#782,#783,#784));
#3835=EDGE_LOOP('',(#785));
#3836=EDGE_LOOP('',(#786));
#3837=EDGE_LOOP('',(#787));
#3838=EDGE_LOOP('',(#788));
#3839=EDGE_LOOP('',(#789));
#3840=EDGE_LOOP('',(#790));
#3841=EDGE_LOOP('',(#791));
#3842=EDGE_LOOP('',(#792));
#3843=EDGE_LOOP('',(#793,#794,#795,#796));
#3844=EDGE_LOOP('',(#797,#798,#799,#800));
#3845=EDGE_LOOP('',(#801,#802,#803,#804));
#3846=EDGE_LOOP('',(#805,#806,#807,#808));
#3847=EDGE_LOOP('',(#809,#810,#811,#812));
#3848=EDGE_LOOP('',(#813));
#3849=EDGE_LOOP('',(#814,#815,#816,#817));
#3850=EDGE_LOOP('',(#818,#819,#820,#821));
#3851=EDGE_LOOP('',(#822,#823,#824,#825));
#3852=EDGE_LOOP('',(#826,#827,#828,#829));
#3853=EDGE_LOOP('',(#830,#831,#832,#833));
#3854=EDGE_LOOP('',(#834,#835,#836,#837));
#3855=EDGE_LOOP('',(#838,#839,#840,#841,#842,#843));
#3856=EDGE_LOOP('',(#844,#845,#846,#847));
#3857=EDGE_LOOP('',(#848,#849,#850,#851));
#3858=EDGE_LOOP('',(#852,#853,#854,#855));
#3859=EDGE_LOOP('',(#856,#857,#858,#859));
#3860=EDGE_LOOP('',(#860,#861,#862,#863));
#3861=EDGE_LOOP('',(#864));
#3862=EDGE_LOOP('',(#865));
#3863=EDGE_LOOP('',(#866,#867,#868,#869));
#3864=EDGE_LOOP('',(#870,#871,#872,#873));
#3865=EDGE_LOOP('',(#874,#875,#876,#877));
#3866=EDGE_LOOP('',(#878,#879,#880,#881));
#3867=EDGE_LOOP('',(#882,#883,#884,#885));
#3868=EDGE_LOOP('',(#886,#887,#888,#889,#890,#891,#892));
#3869=EDGE_LOOP('',(#893,#894,#895,#896));
#3870=EDGE_LOOP('',(#897,#898,#899,#900));
#3871=EDGE_LOOP('',(#901,#902,#903,#904));
#3872=EDGE_LOOP('',(#905,#906,#907,#908));
#3873=EDGE_LOOP('',(#909,#910,#911,#912));
#3874=EDGE_LOOP('',(#913,#914,#915,#916));
#3875=EDGE_LOOP('',(#917,#918,#919,#920));
#3876=EDGE_LOOP('',(#921,#922,#923,#924));
#3877=EDGE_LOOP('',(#925,#926,#927,#928));
#3878=EDGE_LOOP('',(#929,#930,#931,#932));
#3879=EDGE_LOOP('',(#933,#934,#935,#936));
#3880=EDGE_LOOP('',(#937,#938,#939,#940));
#3881=EDGE_LOOP('',(#941,#942,#943,#944));
#3882=EDGE_LOOP('',(#945,#946,#947,#948));
#3883=EDGE_LOOP('',(#949,#950,#951,#952));
#3884=EDGE_LOOP('',(#953,#954,#955,#956));
#3885=EDGE_LOOP('',(#957,#958,#959,#960));
#3886=EDGE_LOOP('',(#961,#962,#963,#964));
#3887=EDGE_LOOP('',(#965,#966,#967,#968));
#3888=EDGE_LOOP('',(#969,#970,#971,#972));
#3889=EDGE_LOOP('',(#973,#974,#975,#976));
#3890=EDGE_LOOP('',(#977,#978,#979,#980));
#3891=EDGE_LOOP('',(#981,#982,#983,#984));
#3892=EDGE_LOOP('',(#985,#986,#987,#988));
#3893=EDGE_LOOP('',(#989,#990,#991,#992));
#3894=EDGE_LOOP('',(#993,#994,#995,#996));
#3895=EDGE_LOOP('',(#997,#998,#999,#1000));
#3896=EDGE_LOOP('',(#1001,#1002,#1003,#1004));
#3897=EDGE_LOOP('',(#1005,#1006,#1007,#1008));
#3898=EDGE_LOOP('',(#1009,#1010,#1011,#1012));
#3899=EDGE_LOOP('',(#1013,#1014,#1015,#1016));
#3900=EDGE_LOOP('',(#1017,#1018,#1019,#1020));
#3901=EDGE_LOOP('',(#1021,#1022,#1023,#1024));
#3902=EDGE_LOOP('',(#1025,#1026,#1027,#1028));
#3903=EDGE_LOOP('',(#1029,#1030,#1031,#1032));
#3904=EDGE_LOOP('',(#1033,#1034,#1035,#1036));
#3905=EDGE_LOOP('',(#1037,#1038,#1039,#1040));
#3906=EDGE_LOOP('',(#1041,#1042,#1043,#1044));
#3907=EDGE_LOOP('',(#1045,#1046,#1047,#1048));
#3908=EDGE_LOOP('',(#1049,#1050,#1051,#1052));
#3909=EDGE_LOOP('',(#1053,#1054,#1055,#1056));
#3910=EDGE_LOOP('',(#1057,#1058,#1059,#1060));
#3911=EDGE_LOOP('',(#1061,#1062,#1063,#1064));
#3912=EDGE_LOOP('',(#1065,#1066,#1067,#1068));
#3913=EDGE_LOOP('',(#1069,#1070,#1071,#1072));
#3914=EDGE_LOOP('',(#1073,#1074,#1075,#1076));
#3915=EDGE_LOOP('',(#1077,#1078,#1079,#1080));
#3916=EDGE_LOOP('',(#1081,#1082,#1083,#1084));
#3917=EDGE_LOOP('',(#1085,#1086,#1087,#1088));
#3918=EDGE_LOOP('',(#1089,#1090,#1091,#1092));
#3919=EDGE_LOOP('',(#1093,#1094,#1095,#1096));
#3920=EDGE_LOOP('',(#1097,#1098,#1099,#1100));
#3921=EDGE_LOOP('',(#1101,#1102,#1103,#1104));
#3922=EDGE_LOOP('',(#1105,#1106,#1107,#1108));
#3923=EDGE_LOOP('',(#1109,#1110,#1111,#1112));
#3924=EDGE_LOOP('',(#1113,#1114,#1115,#1116));
#3925=EDGE_LOOP('',(#1117,#1118,#1119,#1120));
#3926=EDGE_LOOP('',(#1121,#1122,#1123,#1124));
#3927=EDGE_LOOP('',(#1125,#1126,#1127,#1128));
#3928=EDGE_LOOP('',(#1129,#1130,#1131,#1132));
#3929=EDGE_LOOP('',(#1133,#1134,#1135,#1136));
#3930=EDGE_LOOP('',(#1137,#1138,#1139,#1140));
#3931=EDGE_LOOP('',(#1141,#1142,#1143,#1144));
#3932=EDGE_LOOP('',(#1145,#1146,#1147,#1148));
#3933=EDGE_LOOP('',(#1149,#1150,#1151,#1152));
#3934=EDGE_LOOP('',(#1153,#1154,#1155,#1156));
#3935=EDGE_LOOP('',(#1157));
#3936=EDGE_LOOP('',(#1158));
#3937=EDGE_LOOP('',(#1159));
#3938=EDGE_LOOP('',(#1160));
#3939=EDGE_LOOP('',(#1161));
#3940=EDGE_LOOP('',(#1162));
#3941=EDGE_LOOP('',(#1163));
#3942=EDGE_LOOP('',(#1164));
#3943=EDGE_LOOP('',(#1165));
#3944=EDGE_LOOP('',(#1166));
#3945=EDGE_LOOP('',(#1167));
#3946=EDGE_LOOP('',(#1168));
#3947=EDGE_LOOP('',(#1169));
#3948=EDGE_LOOP('',(#1170));
#3949=EDGE_LOOP('',(#1171));
#3950=EDGE_LOOP('',(#1172));
#3951=EDGE_LOOP('',(#1173));
#3952=EDGE_LOOP('',(#1174));
#3953=EDGE_LOOP('',(#1175,#1176,#1177,#1178));
#3954=EDGE_LOOP('',(#1179,#1180,#1181,#1182));
#3955=EDGE_LOOP('',(#1183,#1184,#1185,#1186));
#3956=EDGE_LOOP('',(#1187,#1188,#1189,#1190));
#3957=EDGE_LOOP('',(#1191,#1192,#1193,#1194));
#3958=EDGE_LOOP('',(#1195,#1196,#1197,#1198));
#3959=EDGE_LOOP('',(#1199,#1200,#1201,#1202));
#3960=EDGE_LOOP('',(#1203,#1204,#1205,#1206,#1207,#1208,#1209));
#3961=EDGE_LOOP('',(#1210,#1211,#1212,#1213));
#3962=EDGE_LOOP('',(#1214,#1215,#1216,#1217));
#3963=EDGE_LOOP('',(#1218,#1219,#1220,#1221));
#3964=EDGE_LOOP('',(#1222,#1223,#1224,#1225));
#3965=EDGE_LOOP('',(#1226,#1227,#1228,#1229));
#3966=EDGE_LOOP('',(#1230,#1231,#1232,#1233));
#3967=EDGE_LOOP('',(#1234,#1235,#1236,#1237));
#3968=EDGE_LOOP('',(#1238,#1239,#1240,#1241));
#3969=EDGE_LOOP('',(#1242,#1243,#1244,#1245));
#3970=EDGE_LOOP('',(#1246,#1247,#1248,#1249,#1250,#1251,#1252,#1253,#1254));
#3971=EDGE_LOOP('',(#1255,#1256,#1257,#1258));
#3972=EDGE_LOOP('',(#1259,#1260,#1261,#1262,#1263));
#3973=EDGE_LOOP('',(#1264,#1265,#1266,#1267,#1268,#1269,#1270,#1271,#1272,
#1273,#1274,#1275));
#3974=EDGE_LOOP('',(#1276,#1277,#1278,#1279,#1280));
#3975=EDGE_LOOP('',(#1281,#1282,#1283,#1284));
#3976=EDGE_LOOP('',(#1285,#1286,#1287,#1288));
#3977=EDGE_LOOP('',(#1289,#1290,#1291,#1292,#1293,#1294,#1295,#1296));
#3978=EDGE_LOOP('',(#1297,#1298,#1299,#1300));
#3979=EDGE_LOOP('',(#1301,#1302,#1303,#1304));
#3980=EDGE_LOOP('',(#1305,#1306,#1307,#1308,#1309));
#3981=EDGE_LOOP('',(#1310,#1311,#1312,#1313,#1314));
#3982=EDGE_LOOP('',(#1315,#1316,#1317,#1318));
#3983=EDGE_LOOP('',(#1319,#1320,#1321,#1322));
#3984=EDGE_LOOP('',(#1323,#1324,#1325,#1326,#1327,#1328,#1329,#1330));
#3985=EDGE_LOOP('',(#1331,#1332,#1333,#1334));
#3986=EDGE_LOOP('',(#1335,#1336,#1337,#1338));
#3987=EDGE_LOOP('',(#1339,#1340,#1341,#1342,#1343));
#3988=EDGE_LOOP('',(#1344,#1345,#1346,#1347,#1348));
#3989=EDGE_LOOP('',(#1349,#1350,#1351,#1352));
#3990=EDGE_LOOP('',(#1353,#1354,#1355,#1356));
#3991=EDGE_LOOP('',(#1357,#1358,#1359,#1360,#1361,#1362,#1363,#1364));
#3992=EDGE_LOOP('',(#1365,#1366,#1367,#1368));
#3993=EDGE_LOOP('',(#1369,#1370,#1371,#1372));
#3994=EDGE_LOOP('',(#1373,#1374,#1375,#1376));
#3995=EDGE_LOOP('',(#1377,#1378,#1379,#1380));
#3996=EDGE_LOOP('',(#1381,#1382,#1383,#1384,#1385));
#3997=EDGE_LOOP('',(#1386,#1387,#1388,#1389));
#3998=EDGE_LOOP('',(#1390,#1391,#1392,#1393,#1394));
#3999=EDGE_LOOP('',(#1395,#1396,#1397,#1398));
#4000=EDGE_LOOP('',(#1399,#1400,#1401,#1402));
#4001=EDGE_LOOP('',(#1403,#1404,#1405,#1406));
#4002=EDGE_LOOP('',(#1407,#1408,#1409,#1410));
#4003=EDGE_LOOP('',(#1411,#1412,#1413,#1414,#1415,#1416));
#4004=EDGE_LOOP('',(#1417,#1418,#1419,#1420));
#4005=EDGE_LOOP('',(#1421,#1422,#1423,#1424));
#4006=EDGE_LOOP('',(#1425,#1426,#1427,#1428));
#4007=EDGE_LOOP('',(#1429,#1430,#1431,#1432));
#4008=EDGE_LOOP('',(#1433,#1434,#1435,#1436,#1437,#1438));
#4009=EDGE_LOOP('',(#1439,#1440,#1441,#1442));
#4010=EDGE_LOOP('',(#1443,#1444,#1445,#1446));
#4011=EDGE_LOOP('',(#1447,#1448,#1449,#1450));
#4012=EDGE_LOOP('',(#1451,#1452,#1453,#1454));
#4013=EDGE_LOOP('',(#1455,#1456,#1457,#1458,#1459,#1460));
#4014=EDGE_LOOP('',(#1461,#1462,#1463,#1464));
#4015=EDGE_LOOP('',(#1465,#1466,#1467,#1468));
#4016=EDGE_LOOP('',(#1469,#1470,#1471,#1472));
#4017=EDGE_LOOP('',(#1473,#1474,#1475,#1476));
#4018=EDGE_LOOP('',(#1477,#1478,#1479,#1480));
#4019=EDGE_LOOP('',(#1481,#1482,#1483,#1484));
#4020=EDGE_LOOP('',(#1485,#1486,#1487,#1488));
#4021=EDGE_LOOP('',(#1489,#1490,#1491,#1492));
#4022=EDGE_LOOP('',(#1493,#1494,#1495,#1496));
#4023=EDGE_LOOP('',(#1497,#1498,#1499,#1500));
#4024=EDGE_LOOP('',(#1501,#1502,#1503,#1504));
#4025=EDGE_LOOP('',(#1505,#1506,#1507,#1508));
#4026=EDGE_LOOP('',(#1509,#1510,#1511,#1512));
#4027=EDGE_LOOP('',(#1513,#1514,#1515,#1516));
#4028=EDGE_LOOP('',(#1517,#1518,#1519,#1520));
#4029=EDGE_LOOP('',(#1521,#1522,#1523,#1524));
#4030=EDGE_LOOP('',(#1525,#1526,#1527,#1528));
#4031=EDGE_LOOP('',(#1529,#1530,#1531,#1532));
#4032=EDGE_LOOP('',(#1533,#1534,#1535,#1536));
#4033=EDGE_LOOP('',(#1537,#1538,#1539,#1540));
#4034=EDGE_LOOP('',(#1541,#1542,#1543,#1544));
#4035=EDGE_LOOP('',(#1545,#1546,#1547,#1548));
#4036=EDGE_LOOP('',(#1549,#1550,#1551,#1552));
#4037=EDGE_LOOP('',(#1553,#1554,#1555,#1556));
#4038=EDGE_LOOP('',(#1557,#1558,#1559,#1560));
#4039=FACE_BOUND('',#3731,.T.);
#4040=FACE_BOUND('',#3732,.T.);
#4041=FACE_BOUND('',#3733,.T.);
#4042=FACE_BOUND('',#3734,.T.);
#4043=FACE_BOUND('',#3735,.T.);
#4044=FACE_BOUND('',#3736,.T.);
#4045=FACE_BOUND('',#3737,.T.);
#4046=FACE_BOUND('',#3738,.T.);
#4047=FACE_BOUND('',#3739,.T.);
#4048=FACE_BOUND('',#3740,.T.);
#4049=FACE_BOUND('',#3741,.T.);
#4050=FACE_BOUND('',#3742,.T.);
#4051=FACE_BOUND('',#3743,.T.);
#4052=FACE_BOUND('',#3744,.T.);
#4053=FACE_BOUND('',#3745,.T.);
#4054=FACE_BOUND('',#3746,.T.);
#4055=FACE_BOUND('',#3747,.T.);
#4056=FACE_BOUND('',#3748,.T.);
#4057=FACE_BOUND('',#3749,.T.);
#4058=FACE_BOUND('',#3750,.T.);
#4059=FACE_BOUND('',#3751,.T.);
#4060=FACE_BOUND('',#3752,.T.);
#4061=FACE_BOUND('',#3753,.T.);
#4062=FACE_BOUND('',#3754,.T.);
#4063=FACE_BOUND('',#3755,.T.);
#4064=FACE_BOUND('',#3756,.T.);
#4065=FACE_BOUND('',#3757,.T.);
#4066=FACE_BOUND('',#3758,.T.);
#4067=FACE_BOUND('',#3759,.T.);
#4068=FACE_BOUND('',#3760,.T.);
#4069=FACE_BOUND('',#3761,.T.);
#4070=FACE_BOUND('',#3762,.T.);
#4071=FACE_BOUND('',#3763,.T.);
#4072=FACE_BOUND('',#3764,.T.);
#4073=FACE_BOUND('',#3765,.T.);
#4074=FACE_BOUND('',#3766,.T.);
#4075=FACE_BOUND('',#3767,.T.);
#4076=FACE_BOUND('',#3768,.T.);
#4077=FACE_BOUND('',#3769,.T.);
#4078=FACE_BOUND('',#3770,.T.);
#4079=FACE_BOUND('',#3771,.T.);
#4080=FACE_BOUND('',#3772,.T.);
#4081=FACE_BOUND('',#3773,.T.);
#4082=FACE_BOUND('',#3774,.T.);
#4083=FACE_BOUND('',#3775,.T.);
#4084=FACE_BOUND('',#3776,.T.);
#4085=FACE_BOUND('',#3777,.T.);
#4086=FACE_BOUND('',#3778,.T.);
#4087=FACE_BOUND('',#3779,.T.);
#4088=FACE_BOUND('',#3780,.T.);
#4089=FACE_BOUND('',#3781,.T.);
#4090=FACE_BOUND('',#3782,.T.);
#4091=FACE_BOUND('',#3783,.T.);
#4092=FACE_BOUND('',#3784,.T.);
#4093=FACE_BOUND('',#3785,.T.);
#4094=FACE_BOUND('',#3786,.T.);
#4095=FACE_BOUND('',#3787,.T.);
#4096=FACE_BOUND('',#3788,.T.);
#4097=FACE_BOUND('',#3789,.T.);
#4098=FACE_BOUND('',#3790,.T.);
#4099=FACE_BOUND('',#3791,.T.);
#4100=FACE_BOUND('',#3792,.T.);
#4101=FACE_BOUND('',#3793,.T.);
#4102=FACE_BOUND('',#3794,.T.);
#4103=FACE_BOUND('',#3795,.T.);
#4104=FACE_BOUND('',#3796,.T.);
#4105=FACE_BOUND('',#3797,.T.);
#4106=FACE_BOUND('',#3798,.T.);
#4107=FACE_BOUND('',#3799,.T.);
#4108=FACE_BOUND('',#3800,.T.);
#4109=FACE_BOUND('',#3801,.T.);
#4110=FACE_BOUND('',#3802,.T.);
#4111=FACE_BOUND('',#3803,.T.);
#4112=FACE_BOUND('',#3804,.T.);
#4113=FACE_BOUND('',#3805,.T.);
#4114=FACE_BOUND('',#3806,.T.);
#4115=FACE_BOUND('',#3807,.T.);
#4116=FACE_BOUND('',#3808,.T.);
#4117=FACE_BOUND('',#3809,.T.);
#4118=FACE_BOUND('',#3810,.T.);
#4119=FACE_BOUND('',#3811,.T.);
#4120=FACE_BOUND('',#3812,.T.);
#4121=FACE_BOUND('',#3813,.T.);
#4122=FACE_BOUND('',#3814,.T.);
#4123=FACE_BOUND('',#3815,.T.);
#4124=FACE_BOUND('',#3816,.T.);
#4125=FACE_BOUND('',#3817,.T.);
#4126=FACE_BOUND('',#3818,.T.);
#4127=FACE_BOUND('',#3819,.T.);
#4128=FACE_BOUND('',#3820,.T.);
#4129=FACE_BOUND('',#3821,.T.);
#4130=FACE_BOUND('',#3822,.T.);
#4131=FACE_BOUND('',#3823,.T.);
#4132=FACE_BOUND('',#3824,.T.);
#4133=FACE_BOUND('',#3825,.T.);
#4134=FACE_BOUND('',#3826,.T.);
#4135=FACE_BOUND('',#3827,.T.);
#4136=FACE_BOUND('',#3828,.T.);
#4137=FACE_BOUND('',#3829,.T.);
#4138=FACE_BOUND('',#3830,.T.);
#4139=FACE_BOUND('',#3831,.T.);
#4140=FACE_BOUND('',#3832,.T.);
#4141=FACE_BOUND('',#3833,.T.);
#4142=FACE_BOUND('',#3834,.T.);
#4143=FACE_BOUND('',#3835,.T.);
#4144=FACE_BOUND('',#3836,.T.);
#4145=FACE_BOUND('',#3837,.T.);
#4146=FACE_BOUND('',#3838,.T.);
#4147=FACE_BOUND('',#3839,.T.);
#4148=FACE_BOUND('',#3840,.T.);
#4149=FACE_BOUND('',#3841,.T.);
#4150=FACE_BOUND('',#3842,.T.);
#4151=FACE_BOUND('',#3843,.T.);
#4152=FACE_BOUND('',#3844,.T.);
#4153=FACE_BOUND('',#3845,.T.);
#4154=FACE_BOUND('',#3846,.T.);
#4155=FACE_BOUND('',#3847,.T.);
#4156=FACE_BOUND('',#3848,.T.);
#4157=FACE_BOUND('',#3849,.T.);
#4158=FACE_BOUND('',#3850,.T.);
#4159=FACE_BOUND('',#3851,.T.);
#4160=FACE_BOUND('',#3852,.T.);
#4161=FACE_BOUND('',#3853,.T.);
#4162=FACE_BOUND('',#3854,.T.);
#4163=FACE_BOUND('',#3855,.T.);
#4164=FACE_BOUND('',#3856,.T.);
#4165=FACE_BOUND('',#3857,.T.);
#4166=FACE_BOUND('',#3858,.T.);
#4167=FACE_BOUND('',#3859,.T.);
#4168=FACE_BOUND('',#3860,.T.);
#4169=FACE_BOUND('',#3861,.T.);
#4170=FACE_BOUND('',#3862,.T.);
#4171=FACE_BOUND('',#3863,.T.);
#4172=FACE_BOUND('',#3864,.T.);
#4173=FACE_BOUND('',#3865,.T.);
#4174=FACE_BOUND('',#3866,.T.);
#4175=FACE_BOUND('',#3867,.T.);
#4176=FACE_BOUND('',#3868,.T.);
#4177=FACE_BOUND('',#3869,.T.);
#4178=FACE_BOUND('',#3870,.T.);
#4179=FACE_BOUND('',#3871,.T.);
#4180=FACE_BOUND('',#3872,.T.);
#4181=FACE_BOUND('',#3873,.T.);
#4182=FACE_BOUND('',#3874,.T.);
#4183=FACE_BOUND('',#3875,.T.);
#4184=FACE_BOUND('',#3876,.T.);
#4185=FACE_BOUND('',#3877,.T.);
#4186=FACE_BOUND('',#3878,.T.);
#4187=FACE_BOUND('',#3879,.T.);
#4188=FACE_BOUND('',#3880,.T.);
#4189=FACE_BOUND('',#3881,.T.);
#4190=FACE_BOUND('',#3882,.T.);
#4191=FACE_BOUND('',#3883,.T.);
#4192=FACE_BOUND('',#3884,.T.);
#4193=FACE_BOUND('',#3885,.T.);
#4194=FACE_BOUND('',#3886,.T.);
#4195=FACE_BOUND('',#3887,.T.);
#4196=FACE_BOUND('',#3888,.T.);
#4197=FACE_BOUND('',#3889,.T.);
#4198=FACE_BOUND('',#3890,.T.);
#4199=FACE_BOUND('',#3891,.T.);
#4200=FACE_BOUND('',#3892,.T.);
#4201=FACE_BOUND('',#3893,.T.);
#4202=FACE_BOUND('',#3894,.T.);
#4203=FACE_BOUND('',#3895,.T.);
#4204=FACE_BOUND('',#3896,.T.);
#4205=FACE_BOUND('',#3897,.T.);
#4206=FACE_BOUND('',#3898,.T.);
#4207=FACE_BOUND('',#3899,.T.);
#4208=FACE_BOUND('',#3900,.T.);
#4209=FACE_BOUND('',#3901,.T.);
#4210=FACE_BOUND('',#3902,.T.);
#4211=FACE_BOUND('',#3903,.T.);
#4212=FACE_BOUND('',#3904,.T.);
#4213=FACE_BOUND('',#3905,.T.);
#4214=FACE_BOUND('',#3906,.T.);
#4215=FACE_BOUND('',#3907,.T.);
#4216=FACE_BOUND('',#3908,.T.);
#4217=FACE_BOUND('',#3909,.T.);
#4218=FACE_BOUND('',#3910,.T.);
#4219=FACE_BOUND('',#3911,.T.);
#4220=FACE_BOUND('',#3912,.T.);
#4221=FACE_BOUND('',#3913,.T.);
#4222=FACE_BOUND('',#3914,.T.);
#4223=FACE_BOUND('',#3915,.T.);
#4224=FACE_BOUND('',#3916,.T.);
#4225=FACE_BOUND('',#3917,.T.);
#4226=FACE_BOUND('',#3918,.T.);
#4227=FACE_BOUND('',#3919,.T.);
#4228=FACE_BOUND('',#3920,.T.);
#4229=FACE_BOUND('',#3921,.T.);
#4230=FACE_BOUND('',#3922,.T.);
#4231=FACE_BOUND('',#3923,.T.);
#4232=FACE_BOUND('',#3924,.T.);
#4233=FACE_BOUND('',#3925,.T.);
#4234=FACE_BOUND('',#3926,.T.);
#4235=FACE_BOUND('',#3927,.T.);
#4236=FACE_BOUND('',#3928,.T.);
#4237=FACE_BOUND('',#3929,.T.);
#4238=FACE_BOUND('',#3930,.T.);
#4239=FACE_BOUND('',#3931,.T.);
#4240=FACE_BOUND('',#3932,.T.);
#4241=FACE_BOUND('',#3933,.T.);
#4242=FACE_BOUND('',#3934,.T.);
#4243=FACE_BOUND('',#3935,.T.);
#4244=FACE_BOUND('',#3936,.T.);
#4245=FACE_BOUND('',#3937,.T.);
#4246=FACE_BOUND('',#3938,.T.);
#4247=FACE_BOUND('',#3939,.T.);
#4248=FACE_BOUND('',#3940,.T.);
#4249=FACE_BOUND('',#3941,.T.);
#4250=FACE_BOUND('',#3942,.T.);
#4251=FACE_BOUND('',#3943,.T.);
#4252=FACE_BOUND('',#3944,.T.);
#4253=FACE_BOUND('',#3945,.T.);
#4254=FACE_BOUND('',#3946,.T.);
#4255=FACE_BOUND('',#3947,.T.);
#4256=FACE_BOUND('',#3948,.T.);
#4257=FACE_BOUND('',#3949,.T.);
#4258=FACE_BOUND('',#3950,.T.);
#4259=FACE_BOUND('',#3951,.T.);
#4260=FACE_BOUND('',#3952,.T.);
#4261=FACE_BOUND('',#3953,.T.);
#4262=FACE_BOUND('',#3954,.T.);
#4263=FACE_BOUND('',#3955,.T.);
#4264=FACE_BOUND('',#3956,.T.);
#4265=FACE_BOUND('',#3957,.T.);
#4266=FACE_BOUND('',#3958,.T.);
#4267=FACE_BOUND('',#3959,.T.);
#4268=FACE_BOUND('',#3960,.T.);
#4269=FACE_BOUND('',#3961,.T.);
#4270=FACE_BOUND('',#3962,.T.);
#4271=FACE_BOUND('',#3963,.T.);
#4272=FACE_BOUND('',#3964,.T.);
#4273=FACE_BOUND('',#3965,.T.);
#4274=FACE_BOUND('',#3966,.T.);
#4275=FACE_BOUND('',#3967,.T.);
#4276=FACE_BOUND('',#3968,.T.);
#4277=FACE_BOUND('',#3969,.T.);
#4278=FACE_BOUND('',#3970,.T.);
#4279=FACE_BOUND('',#3971,.T.);
#4280=FACE_BOUND('',#3972,.T.);
#4281=FACE_BOUND('',#3973,.T.);
#4282=FACE_BOUND('',#3974,.T.);
#4283=FACE_BOUND('',#3975,.T.);
#4284=FACE_BOUND('',#3976,.T.);
#4285=FACE_BOUND('',#3977,.T.);
#4286=FACE_BOUND('',#3978,.T.);
#4287=FACE_BOUND('',#3979,.T.);
#4288=FACE_BOUND('',#3980,.T.);
#4289=FACE_BOUND('',#3981,.T.);
#4290=FACE_BOUND('',#3982,.T.);
#4291=FACE_BOUND('',#3983,.T.);
#4292=FACE_BOUND('',#3984,.T.);
#4293=FACE_BOUND('',#3985,.T.);
#4294=FACE_BOUND('',#3986,.T.);
#4295=FACE_BOUND('',#3987,.T.);
#4296=FACE_BOUND('',#3988,.T.);
#4297=FACE_BOUND('',#3989,.T.);
#4298=FACE_BOUND('',#3990,.T.);
#4299=FACE_BOUND('',#3991,.T.);
#4300=FACE_BOUND('',#3992,.T.);
#4301=FACE_BOUND('',#3993,.T.);
#4302=FACE_BOUND('',#3994,.T.);
#4303=FACE_BOUND('',#3995,.T.);
#4304=FACE_BOUND('',#3996,.T.);
#4305=FACE_BOUND('',#3997,.T.);
#4306=FACE_BOUND('',#3998,.T.);
#4307=FACE_BOUND('',#3999,.T.);
#4308=FACE_BOUND('',#4000,.T.);
#4309=FACE_BOUND('',#4001,.T.);
#4310=FACE_BOUND('',#4002,.T.);
#4311=FACE_BOUND('',#4003,.T.);
#4312=FACE_BOUND('',#4004,.T.);
#4313=FACE_BOUND('',#4005,.T.);
#4314=FACE_BOUND('',#4006,.T.);
#4315=FACE_BOUND('',#4007,.T.);
#4316=FACE_BOUND('',#4008,.T.);
#4317=FACE_BOUND('',#4009,.T.);
#4318=FACE_BOUND('',#4010,.T.);
#4319=FACE_BOUND('',#4011,.T.);
#4320=FACE_BOUND('',#4012,.T.);
#4321=FACE_BOUND('',#4013,.T.);
#4322=FACE_BOUND('',#4014,.T.);
#4323=FACE_BOUND('',#4015,.T.);
#4324=FACE_BOUND('',#4016,.T.);
#4325=FACE_BOUND('',#4017,.T.);
#4326=FACE_BOUND('',#4018,.T.);
#4327=FACE_BOUND('',#4019,.T.);
#4328=FACE_BOUND('',#4020,.T.);
#4329=FACE_BOUND('',#4021,.T.);
#4330=FACE_BOUND('',#4022,.T.);
#4331=FACE_BOUND('',#4023,.T.);
#4332=FACE_BOUND('',#4024,.T.);
#4333=FACE_BOUND('',#4025,.T.);
#4334=FACE_BOUND('',#4026,.T.);
#4335=FACE_BOUND('',#4027,.T.);
#4336=FACE_BOUND('',#4028,.T.);
#4337=FACE_BOUND('',#4029,.T.);
#4338=FACE_BOUND('',#4030,.T.);
#4339=FACE_BOUND('',#4031,.T.);
#4340=FACE_BOUND('',#4032,.T.);
#4341=FACE_BOUND('',#4033,.T.);
#4342=FACE_BOUND('',#4034,.T.);
#4343=FACE_BOUND('',#4035,.T.);
#4344=FACE_BOUND('',#4036,.T.);
#4345=FACE_BOUND('',#4037,.T.);
#4346=FACE_BOUND('',#4038,.T.);
#4347=PLANE('',#4779);
#4348=PLANE('',#4815);
#4349=PLANE('',#4816);
#4350=PLANE('',#4817);
#4351=PLANE('',#4820);
#4352=PLANE('',#4821);
#4353=PLANE('',#4822);
#4354=PLANE('',#4823);
#4355=PLANE('',#4824);
#4356=PLANE('',#4835);
#4357=PLANE('',#4836);
#4358=PLANE('',#4839);
#4359=PLANE('',#4840);
#4360=PLANE('',#4841);
#4361=PLANE('',#4842);
#4362=PLANE('',#4843);
#4363=PLANE('',#4844);
#4364=PLANE('',#4851);
#4365=PLANE('',#4855);
#4366=PLANE('',#4856);
#4367=PLANE('',#4863);
#4368=PLANE('',#4864);
#4369=PLANE('',#4868);
#4370=PLANE('',#4875);
#4371=PLANE('',#4876);
#4372=PLANE('',#4883);
#4373=PLANE('',#4887);
#4374=PLANE('',#4888);
#4375=PLANE('',#4895);
#4376=PLANE('',#4896);
#4377=PLANE('',#4900);
#4378=PLANE('',#4907);
#4379=PLANE('',#4911);
#4380=PLANE('',#4912);
#4381=PLANE('',#4919);
#4382=PLANE('',#4920);
#4383=PLANE('',#4927);
#4384=PLANE('',#4928);
#4385=PLANE('',#4932);
#4386=PLANE('',#4933);
#4387=PLANE('',#4934);
#4388=PLANE('',#4937);
#4389=PLANE('',#4938);
#4390=PLANE('',#4941);
#4391=PLANE('',#4944);
#4392=PLANE('',#4949);
#4393=PLANE('',#4950);
#4394=PLANE('',#4951);
#4395=PLANE('',#4952);
#4396=PLANE('',#4953);
#4397=PLANE('',#4955);
#4398=PLANE('',#4956);
#4399=PLANE('',#4957);
#4400=PLANE('',#4958);
#4401=PLANE('',#4959);
#4402=PLANE('',#4960);
#4403=PLANE('',#4963);
#4404=PLANE('',#4966);
#4405=PLANE('',#4968);
#4406=PLANE('',#4970);
#4407=PLANE('',#4973);
#4408=PLANE('',#4975);
#4409=PLANE('',#4977);
#4410=PLANE('',#4980);
#4411=PLANE('',#4982);
#4412=PLANE('',#4984);
#4413=PLANE('',#4988);
#4414=PLANE('',#4990);
#4415=PLANE('',#4991);
#4416=PLANE('',#4995);
#4417=PLANE('',#4997);
#4418=PLANE('',#4998);
#4419=PLANE('',#5001);
#4420=PLANE('',#5003);
#4421=PLANE('',#5005);
#4422=PLANE('',#5009);
#4423=PLANE('',#5011);
#4424=PLANE('',#5012);
#4425=PLANE('',#5016);
#4426=PLANE('',#5018);
#4427=PLANE('',#5019);
#4428=PLANE('',#5023);
#4429=PLANE('',#5025);
#4430=PLANE('',#5026);
#4431=PLANE('',#5030);
#4432=PLANE('',#5032);
#4433=PLANE('',#5033);
#4434=PLANE('',#5036);
#4435=PLANE('',#5038);
#4436=PLANE('',#5040);
#4437=PLANE('',#5045);
#4438=PLANE('',#5050);
#4439=PLANE('',#5055);
#4440=PLANE('',#5056);
#4441=PLANE('',#5057);
#4442=PLANE('',#5058);
#4443=PLANE('',#5059);
#4444=PLANE('',#5060);
#4445=PLANE('',#5061);
#4446=PLANE('',#5062);
#4447=PLANE('',#5063);
#4448=PLANE('',#5064);
#4449=PLANE('',#5065);
#4450=PLANE('',#5066);
#4451=PLANE('',#5067);
#4452=PLANE('',#5068);
#4453=PLANE('',#5069);
#4454=PLANE('',#5070);
#4455=PLANE('',#5071);
#4456=PLANE('',#5072);
#4457=PLANE('',#5073);
#4458=PLANE('',#5074);
#4459=PLANE('',#5075);
#4460=PLANE('',#5076);
#4461=PLANE('',#5077);
#4462=PLANE('',#5078);
#4463=PLANE('',#5079);
#4464=PLANE('',#5080);
#4465=PLANE('',#5081);
#4466=PLANE('',#5082);
#4467=PLANE('',#5083);
#4468=PLANE('',#5084);
#4469=PLANE('',#5085);
#4470=PLANE('',#5086);
#4471=PLANE('',#5087);
#4472=PLANE('',#5088);
#4473=PLANE('',#5089);
#4474=PLANE('',#5090);
#4475=PLANE('',#5091);
#4476=PLANE('',#5092);
#4477=PLANE('',#5093);
#4478=PLANE('',#5094);
#4479=PLANE('',#5095);
#4480=PLANE('',#5096);
#4481=PLANE('',#5097);
#4482=PLANE('',#5098);
#4483=PLANE('',#5099);
#4484=PLANE('',#5100);
#4485=PLANE('',#5101);
#4486=PLANE('',#5102);
#4487=PLANE('',#5103);
#4488=PLANE('',#5104);
#4489=PLANE('',#5105);
#4490=PLANE('',#5106);
#4491=PLANE('',#5107);
#4492=PLANE('',#5108);
#4493=PLANE('',#5109);
#4494=PLANE('',#5110);
#4495=PLANE('',#5111);
#4496=PLANE('',#5112);
#4497=PLANE('',#5113);
#4498=PLANE('',#5114);
#4499=PLANE('',#5115);
#4500=PLANE('',#5116);
#4501=PLANE('',#5117);
#4502=PLANE('',#5118);
#4503=PLANE('',#5120);
#4504=PLANE('',#5122);
#4505=PLANE('',#5123);
#4506=PLANE('',#5124);
#4507=PLANE('',#5125);
#4508=PLANE('',#5126);
#4509=PLANE('',#5127);
#4510=PLANE('',#5128);
#4511=PLANE('',#5129);
#4512=PLANE('',#5130);
#4513=PLANE('',#5131);
#4514=PLANE('',#5132);
#4515=PLANE('',#5133);
#4516=PLANE('',#5134);
#4517=PLANE('',#5135);
#4518=PLANE('',#5136);
#4519=PLANE('',#5137);
#4520=PLANE('',#5138);
#4521=ADVANCED_FACE('',(#4039,#4040,#4041,#4042,#4043,#4044,#4045,#4046,
#4047,#4048,#4049,#4050,#4051,#4052,#4053,#4054,#4055,#4056,#4057,#4058),
#4347,.F.);
#4522=ADVANCED_FACE('',(#4059),#4348,.F.);
#4523=ADVANCED_FACE('',(#4060),#4349,.T.);
#4524=ADVANCED_FACE('',(#4061),#4350,.T.);
#4525=ADVANCED_FACE('',(#4062),#4351,.T.);
#4526=ADVANCED_FACE('',(#4063),#4352,.F.);
#4527=ADVANCED_FACE('',(#4064),#4353,.T.);
#4528=ADVANCED_FACE('',(#4065),#4354,.F.);
#4529=ADVANCED_FACE('',(#4066,#4067,#4068,#4069,#4070,#4071,#4072),#4355,
 .T.);
#4530=ADVANCED_FACE('',(#4073),#4356,.T.);
#4531=ADVANCED_FACE('',(#4074),#4357,.F.);
#4532=ADVANCED_FACE('',(#4075),#21,.F.);
#4533=ADVANCED_FACE('',(#4076),#22,.F.);
#4534=ADVANCED_FACE('',(#4077),#4358,.F.);
#4535=ADVANCED_FACE('',(#4078),#4359,.F.);
#4536=ADVANCED_FACE('',(#4079),#4360,.F.);
#4537=ADVANCED_FACE('',(#4080),#4361,.F.);
#4538=ADVANCED_FACE('',(#4081),#4362,.F.);
#4539=ADVANCED_FACE('',(#4082),#4363,.F.);
#4540=ADVANCED_FACE('',(#4083),#23,.F.);
#4541=ADVANCED_FACE('',(#4084),#24,.F.);
#4542=ADVANCED_FACE('',(#4085),#4364,.F.);
#4543=ADVANCED_FACE('',(#4086),#25,.F.);
#4544=ADVANCED_FACE('',(#4087),#4365,.F.);
#4545=ADVANCED_FACE('',(#4088),#4366,.F.);
#4546=ADVANCED_FACE('',(#4089),#26,.F.);
#4547=ADVANCED_FACE('',(#4090),#27,.F.);
#4548=ADVANCED_FACE('',(#4091),#4367,.F.);
#4549=ADVANCED_FACE('',(#4092),#4368,.F.);
#4550=ADVANCED_FACE('',(#4093),#28,.F.);
#4551=ADVANCED_FACE('',(#4094),#4369,.F.);
#4552=ADVANCED_FACE('',(#4095),#29,.F.);
#4553=ADVANCED_FACE('',(#4096),#30,.F.);
#4554=ADVANCED_FACE('',(#4097),#4370,.F.);
#4555=ADVANCED_FACE('',(#4098),#4371,.F.);
#4556=ADVANCED_FACE('',(#4099),#31,.F.);
#4557=ADVANCED_FACE('',(#4100),#32,.F.);
#4558=ADVANCED_FACE('',(#4101),#4372,.F.);
#4559=ADVANCED_FACE('',(#4102),#33,.F.);
#4560=ADVANCED_FACE('',(#4103),#4373,.F.);
#4561=ADVANCED_FACE('',(#4104),#4374,.T.);
#4562=ADVANCED_FACE('',(#4105),#34,.F.);
#4563=ADVANCED_FACE('',(#4106),#35,.F.);
#4564=ADVANCED_FACE('',(#4107),#4375,.F.);
#4565=ADVANCED_FACE('',(#4108),#4376,.F.);
#4566=ADVANCED_FACE('',(#4109),#36,.F.);
#4567=ADVANCED_FACE('',(#4110),#4377,.F.);
#4568=ADVANCED_FACE('',(#4111),#37,.F.);
#4569=ADVANCED_FACE('',(#4112),#38,.F.);
#4570=ADVANCED_FACE('',(#4113),#4378,.F.);
#4571=ADVANCED_FACE('',(#4114),#39,.F.);
#4572=ADVANCED_FACE('',(#4115),#4379,.F.);
#4573=ADVANCED_FACE('',(#4116),#4380,.F.);
#4574=ADVANCED_FACE('',(#4117),#40,.F.);
#4575=ADVANCED_FACE('',(#4118),#41,.F.);
#4576=ADVANCED_FACE('',(#4119),#4381,.F.);
#4577=ADVANCED_FACE('',(#4120),#4382,.T.);
#4578=ADVANCED_FACE('',(#4121),#42,.F.);
#4579=ADVANCED_FACE('',(#4122),#43,.F.);
#4580=ADVANCED_FACE('',(#4123),#4383,.F.);
#4581=ADVANCED_FACE('',(#4124),#4384,.T.);
#4582=ADVANCED_FACE('',(#4125),#44,.F.);
#4583=ADVANCED_FACE('',(#4126),#4385,.F.);
#4584=ADVANCED_FACE('',(#4127),#4386,.T.);
#4585=ADVANCED_FACE('',(#4128),#4387,.T.);
#4586=ADVANCED_FACE('',(#4129),#4388,.F.);
#4587=ADVANCED_FACE('',(#4130),#4389,.T.);
#4588=ADVANCED_FACE('',(#4131),#45,.T.);
#4589=ADVANCED_FACE('',(#4132),#46,.T.);
#4590=ADVANCED_FACE('',(#4133),#12,.T.);
#4591=ADVANCED_FACE('',(#4134),#4390,.F.);
#4592=ADVANCED_FACE('',(#4135),#13,.F.);
#4593=ADVANCED_FACE('',(#4136),#14,.F.);
#4594=ADVANCED_FACE('',(#4137),#47,.T.);
#4595=ADVANCED_FACE('',(#4138),#48,.T.);
#4596=ADVANCED_FACE('',(#4139),#15,.F.);
#4597=ADVANCED_FACE('',(#4140),#16,.F.);
#4598=ADVANCED_FACE('',(#4141),#4391,.T.);
#4599=ADVANCED_FACE('',(#4142),#17,.T.);
#4600=ADVANCED_FACE('',(#4143,#4144),#49,.F.);
#4601=ADVANCED_FACE('',(#4145,#4146),#50,.F.);
#4602=ADVANCED_FACE('',(#4147,#4148),#51,.F.);
#4603=ADVANCED_FACE('',(#4149,#4150),#52,.F.);
#4604=ADVANCED_FACE('',(#4151),#18,.T.);
#4605=ADVANCED_FACE('',(#4152),#4392,.F.);
#4606=ADVANCED_FACE('',(#4153),#4393,.F.);
#4607=ADVANCED_FACE('',(#4154),#4394,.F.);
#4608=ADVANCED_FACE('',(#4155),#4395,.F.);
#4609=ADVANCED_FACE('',(#4156,#4157,#4158,#4159,#4160,#4161,#4162,#4163),
#4396,.T.);
#4610=ADVANCED_FACE('',(#4164),#4397,.F.);
#4611=ADVANCED_FACE('',(#4165),#4398,.F.);
#4612=ADVANCED_FACE('',(#4166),#4399,.F.);
#4613=ADVANCED_FACE('',(#4167),#4400,.F.);
#4614=ADVANCED_FACE('',(#4168),#4401,.F.);
#4615=ADVANCED_FACE('',(#4169,#4170,#4171,#4172,#4173,#4174,#4175,#4176),
#4402,.T.);
#4616=ADVANCED_FACE('',(#4177,#4178),#4403,.T.);
#4617=ADVANCED_FACE('',(#4179),#4404,.T.);
#4618=ADVANCED_FACE('',(#4180),#53,.F.);
#4619=ADVANCED_FACE('',(#4181),#4405,.F.);
#4620=ADVANCED_FACE('',(#4182),#54,.F.);
#4621=ADVANCED_FACE('',(#4183,#4184),#4406,.T.);
#4622=ADVANCED_FACE('',(#4185),#4407,.T.);
#4623=ADVANCED_FACE('',(#4186),#55,.F.);
#4624=ADVANCED_FACE('',(#4187),#4408,.F.);
#4625=ADVANCED_FACE('',(#4188),#56,.F.);
#4626=ADVANCED_FACE('',(#4189,#4190),#4409,.T.);
#4627=ADVANCED_FACE('',(#4191),#4410,.F.);
#4628=ADVANCED_FACE('',(#4192),#57,.F.);
#4629=ADVANCED_FACE('',(#4193),#4411,.F.);
#4630=ADVANCED_FACE('',(#4194),#58,.F.);
#4631=ADVANCED_FACE('',(#4195,#4196),#4412,.T.);
#4632=ADVANCED_FACE('',(#4197),#59,.F.);
#4633=ADVANCED_FACE('',(#4198),#4413,.F.);
#4634=ADVANCED_FACE('',(#4199),#60,.F.);
#4635=ADVANCED_FACE('',(#4200),#4414,.F.);
#4636=ADVANCED_FACE('',(#4201,#4202),#4415,.T.);
#4637=ADVANCED_FACE('',(#4203),#61,.F.);
#4638=ADVANCED_FACE('',(#4204),#4416,.F.);
#4639=ADVANCED_FACE('',(#4205),#62,.F.);
#4640=ADVANCED_FACE('',(#4206),#4417,.F.);
#4641=ADVANCED_FACE('',(#4207,#4208),#4418,.T.);
#4642=ADVANCED_FACE('',(#4209),#4419,.F.);
#4643=ADVANCED_FACE('',(#4210),#63,.F.);
#4644=ADVANCED_FACE('',(#4211),#4420,.T.);
#4645=ADVANCED_FACE('',(#4212),#64,.F.);
#4646=ADVANCED_FACE('',(#4213,#4214),#4421,.T.);
#4647=ADVANCED_FACE('',(#4215),#65,.F.);
#4648=ADVANCED_FACE('',(#4216),#4422,.F.);
#4649=ADVANCED_FACE('',(#4217),#66,.F.);
#4650=ADVANCED_FACE('',(#4218),#4423,.F.);
#4651=ADVANCED_FACE('',(#4219,#4220),#4424,.T.);
#4652=ADVANCED_FACE('',(#4221),#67,.F.);
#4653=ADVANCED_FACE('',(#4222),#4425,.F.);
#4654=ADVANCED_FACE('',(#4223),#68,.F.);
#4655=ADVANCED_FACE('',(#4224),#4426,.F.);
#4656=ADVANCED_FACE('',(#4225,#4226),#4427,.T.);
#4657=ADVANCED_FACE('',(#4227),#69,.F.);
#4658=ADVANCED_FACE('',(#4228),#4428,.F.);
#4659=ADVANCED_FACE('',(#4229),#70,.F.);
#4660=ADVANCED_FACE('',(#4230),#4429,.F.);
#4661=ADVANCED_FACE('',(#4231,#4232),#4430,.T.);
#4662=ADVANCED_FACE('',(#4233),#71,.F.);
#4663=ADVANCED_FACE('',(#4234),#4431,.F.);
#4664=ADVANCED_FACE('',(#4235),#72,.F.);
#4665=ADVANCED_FACE('',(#4236),#4432,.F.);
#4666=ADVANCED_FACE('',(#4237,#4238),#4433,.T.);
#4667=ADVANCED_FACE('',(#4239),#4434,.F.);
#4668=ADVANCED_FACE('',(#4240),#73,.F.);
#4669=ADVANCED_FACE('',(#4241),#4435,.F.);
#4670=ADVANCED_FACE('',(#4242),#74,.F.);
#4671=ADVANCED_FACE('',(#4243,#4244),#4436,.F.);
#4672=ADVANCED_FACE('',(#4245,#4246),#75,.F.);
#4673=ADVANCED_FACE('',(#4247,#4248),#76,.T.);
#4674=ADVANCED_FACE('',(#4249,#4250),#4437,.F.);
#4675=ADVANCED_FACE('',(#4251,#4252),#77,.F.);
#4676=ADVANCED_FACE('',(#4253,#4254),#78,.T.);
#4677=ADVANCED_FACE('',(#4255,#4256),#4438,.F.);
#4678=ADVANCED_FACE('',(#4257,#4258),#79,.F.);
#4679=ADVANCED_FACE('',(#4259,#4260),#80,.T.);
#4680=ADVANCED_FACE('',(#4261),#4439,.T.);
#4681=ADVANCED_FACE('',(#4262),#4440,.F.);
#4682=ADVANCED_FACE('',(#4263),#4441,.T.);
#4683=ADVANCED_FACE('',(#4264),#4442,.T.);
#4684=ADVANCED_FACE('',(#4265),#4443,.T.);
#4685=ADVANCED_FACE('',(#4266),#4444,.T.);
#4686=ADVANCED_FACE('',(#4267),#4445,.F.);
#4687=ADVANCED_FACE('',(#4268),#4446,.F.);
#4688=ADVANCED_FACE('',(#4269),#4447,.T.);
#4689=ADVANCED_FACE('',(#4270),#4448,.T.);
#4690=ADVANCED_FACE('',(#4271),#4449,.F.);
#4691=ADVANCED_FACE('',(#4272),#4450,.F.);
#4692=ADVANCED_FACE('',(#4273),#4451,.F.);
#4693=ADVANCED_FACE('',(#4274),#4452,.F.);
#4694=ADVANCED_FACE('',(#4275),#4453,.F.);
#4695=ADVANCED_FACE('',(#4276),#4454,.F.);
#4696=ADVANCED_FACE('',(#4277),#4455,.F.);
#4697=ADVANCED_FACE('',(#4278),#4456,.F.);
#4698=ADVANCED_FACE('',(#4279),#4457,.F.);
#4699=ADVANCED_FACE('',(#4280),#4458,.T.);
#4700=ADVANCED_FACE('',(#4281),#4459,.F.);
#4701=ADVANCED_FACE('',(#4282),#4460,.T.);
#4702=ADVANCED_FACE('',(#4283),#4461,.F.);
#4703=ADVANCED_FACE('',(#4284),#4462,.T.);
#4704=ADVANCED_FACE('',(#4285),#4463,.F.);
#4705=ADVANCED_FACE('',(#4286),#4464,.F.);
#4706=ADVANCED_FACE('',(#4287),#4465,.F.);
#4707=ADVANCED_FACE('',(#4288),#4466,.F.);
#4708=ADVANCED_FACE('',(#4289),#4467,.T.);
#4709=ADVANCED_FACE('',(#4290),#4468,.T.);
#4710=ADVANCED_FACE('',(#4291),#4469,.T.);
#4711=ADVANCED_FACE('',(#4292),#4470,.F.);
#4712=ADVANCED_FACE('',(#4293),#4471,.F.);
#4713=ADVANCED_FACE('',(#4294),#4472,.F.);
#4714=ADVANCED_FACE('',(#4295),#4473,.F.);
#4715=ADVANCED_FACE('',(#4296),#4474,.T.);
#4716=ADVANCED_FACE('',(#4297),#4475,.T.);
#4717=ADVANCED_FACE('',(#4298),#4476,.T.);
#4718=ADVANCED_FACE('',(#4299),#4477,.F.);
#4719=ADVANCED_FACE('',(#4300),#4478,.T.);
#4720=ADVANCED_FACE('',(#4301),#4479,.T.);
#4721=ADVANCED_FACE('',(#4302),#4480,.F.);
#4722=ADVANCED_FACE('',(#4303),#4481,.F.);
#4723=ADVANCED_FACE('',(#4304),#4482,.F.);
#4724=ADVANCED_FACE('',(#4305),#4483,.F.);
#4725=ADVANCED_FACE('',(#4306),#4484,.T.);
#4726=ADVANCED_FACE('',(#4307),#4485,.T.);
#4727=ADVANCED_FACE('',(#4308),#4486,.T.);
#4728=ADVANCED_FACE('',(#4309),#4487,.T.);
#4729=ADVANCED_FACE('',(#4310),#4488,.F.);
#4730=ADVANCED_FACE('',(#4311),#4489,.T.);
#4731=ADVANCED_FACE('',(#4312),#4490,.F.);
#4732=ADVANCED_FACE('',(#4313),#4491,.F.);
#4733=ADVANCED_FACE('',(#4314),#4492,.F.);
#4734=ADVANCED_FACE('',(#4315),#4493,.T.);
#4735=ADVANCED_FACE('',(#4316),#4494,.T.);
#4736=ADVANCED_FACE('',(#4317),#4495,.F.);
#4737=ADVANCED_FACE('',(#4318),#4496,.F.);
#4738=ADVANCED_FACE('',(#4319),#4497,.F.);
#4739=ADVANCED_FACE('',(#4320),#4498,.T.);
#4740=ADVANCED_FACE('',(#4321),#4499,.T.);
#4741=ADVANCED_FACE('',(#4322),#4500,.T.);
#4742=ADVANCED_FACE('',(#4323),#4501,.T.);
#4743=ADVANCED_FACE('',(#4324),#4502,.F.);
#4744=ADVANCED_FACE('',(#4325),#81,.F.);
#4745=ADVANCED_FACE('',(#4326),#4503,.F.);
#4746=ADVANCED_FACE('',(#4327),#82,.F.);
#4747=ADVANCED_FACE('',(#4328),#4504,.F.);
#4748=ADVANCED_FACE('',(#4329),#4505,.F.);
#4749=ADVANCED_FACE('',(#4330),#4506,.F.);
#4750=ADVANCED_FACE('',(#4331),#4507,.T.);
#4751=ADVANCED_FACE('',(#4332),#4508,.T.);
#4752=ADVANCED_FACE('',(#4333),#4509,.T.);
#4753=ADVANCED_FACE('',(#4334),#4510,.F.);
#4754=ADVANCED_FACE('',(#4335),#4511,.F.);
#4755=ADVANCED_FACE('',(#4336),#4512,.F.);
#4756=ADVANCED_FACE('',(#4337),#4513,.T.);
#4757=ADVANCED_FACE('',(#4338),#4514,.F.);
#4758=ADVANCED_FACE('',(#4339),#4515,.F.);
#4759=ADVANCED_FACE('',(#4340),#4516,.T.);
#4760=ADVANCED_FACE('',(#4341),#4517,.T.);
#4761=ADVANCED_FACE('',(#4342),#4518,.T.);
#4762=ADVANCED_FACE('',(#4343),#4519,.T.);
#4763=ADVANCED_FACE('',(#4344),#4520,.T.);
#4764=ADVANCED_FACE('',(#4345),#83,.T.);
#4765=ADVANCED_FACE('',(#4346),#84,.T.);
#4766=CLOSED_SHELL('',(#4521,#4522,#4523,#4524,#4525,#4526,#4527,#4528,
#4529,#4530,#4531,#4532,#4533,#4534,#4535,#4536,#4537,#4538,#4539,#4540,
#4541,#4542,#4543,#4544,#4545,#4546,#4547,#4548,#4549,#4550,#4551,#4552,
#4553,#4554,#4555,#4556,#4557,#4558,#4559,#4560,#4561,#4562,#4563,#4564,
#4565,#4566,#4567,#4568,#4569,#4570,#4571,#4572,#4573,#4574,#4575,#4576,
#4577,#4578,#4579,#4580,#4581,#4582,#4583,#4584,#4585,#4586,#4587,#4588,
#4589,#4590,#4591,#4592,#4593,#4594,#4595,#4596,#4597,#4598,#4599,#4600,
#4601,#4602,#4603,#4604,#4605,#4606,#4607,#4608,#4609,#4610,#4611,#4612,
#4613,#4614,#4615,#4616,#4617,#4618,#4619,#4620,#4621,#4622,#4623,#4624,
#4625,#4626,#4627,#4628,#4629,#4630,#4631,#4632,#4633,#4634,#4635,#4636,
#4637,#4638,#4639,#4640,#4641,#4642,#4643,#4644,#4645,#4646,#4647,#4648,
#4649,#4650,#4651,#4652,#4653,#4654,#4655,#4656,#4657,#4658,#4659,#4660,
#4661,#4662,#4663,#4664,#4665,#4666,#4667,#4668,#4669,#4670,#4671,#4672,
#4673,#4674,#4675,#4676,#4677,#4678,#4679,#4680,#4681,#4682,#4683,#4684,
#4685,#4686,#4687,#4688,#4689,#4690,#4691,#4692,#4693,#4694,#4695,#4696,
#4697,#4698,#4699,#4700,#4701,#4702,#4703,#4704,#4705,#4706,#4707,#4708,
#4709,#4710,#4711,#4712,#4713,#4714,#4715,#4716,#4717,#4718,#4719,#4720,
#4721,#4722,#4723,#4724,#4725,#4726,#4727,#4728,#4729,#4730,#4731,#4732,
#4733,#4734,#4735,#4736,#4737,#4738,#4739,#4740,#4741,#4742,#4743,#4744,
#4745,#4746,#4747,#4748,#4749,#4750,#4751,#4752,#4753,#4754,#4755,#4756,
#4757,#4758,#4759,#4760,#4761,#4762,#4763,#4764,#4765));
#4767=STYLED_ITEM('',(#4768),#4775);
#4768=PRESENTATION_STYLE_ASSIGNMENT((#4769));
#4769=SURFACE_STYLE_USAGE(.BOTH.,#4770);
#4770=SURFACE_SIDE_STYLE('',(#4771));
#4771=SURFACE_STYLE_FILL_AREA(#4772);
#4772=FILL_AREA_STYLE('',(#4773));
#4773=FILL_AREA_STYLE_COLOUR('',#4774);
#4774=COLOUR_RGB('',0.647058823529412,0.647058823529412,0.647058823529412);
#4775=MANIFOLD_SOLID_BREP('Part 3',#4766);
#4776=SHAPE_DEFINITION_REPRESENTATION(#7848,#4777);
#4777=SHAPE_REPRESENTATION('Part 3',(#4778),#7843);
#4778=AXIS2_PLACEMENT_3D('',#6393,#5141,#5142);
#4779=AXIS2_PLACEMENT_3D('',#6394,#5143,#5144);
#4780=AXIS2_PLACEMENT_3D('',#6398,#5146,#5147);
#4781=AXIS2_PLACEMENT_3D('',#6412,#5148,#5149);
#4782=AXIS2_PLACEMENT_3D('',#6452,#5161,#5162);
#4783=AXIS2_PLACEMENT_3D('',#6462,#5163,#5164);
#4784=AXIS2_PLACEMENT_3D('',#6470,#5168,#5169);
#4785=AXIS2_PLACEMENT_3D('',#6482,#5175,#5176);
#4786=AXIS2_PLACEMENT_3D('',#6485,#5178,#5179);
#4787=AXIS2_PLACEMENT_3D('',#6490,#5181,#5182);
#4788=AXIS2_PLACEMENT_3D('',#6493,#5184,#5185);
#4789=AXIS2_PLACEMENT_3D('',#6495,#5186,#5187);
#4790=AXIS2_PLACEMENT_3D('',#6497,#5188,#5189);
#4791=AXIS2_PLACEMENT_3D('',#6499,#5190,#5191);
#4792=AXIS2_PLACEMENT_3D('',#6501,#5192,#5193);
#4793=AXIS2_PLACEMENT_3D('',#6506,#5195,#5196);
#4794=AXIS2_PLACEMENT_3D('',#6509,#5198,#5199);
#4795=AXIS2_PLACEMENT_3D('',#6514,#5201,#5202);
#4796=AXIS2_PLACEMENT_3D('',#6517,#5204,#5205);
#4797=AXIS2_PLACEMENT_3D('',#6522,#5207,#5208);
#4798=AXIS2_PLACEMENT_3D('',#6528,#5211,#5212);
#4799=AXIS2_PLACEMENT_3D('',#6532,#5214,#5215);
#4800=AXIS2_PLACEMENT_3D('',#6536,#5217,#5218);
#4801=AXIS2_PLACEMENT_3D('',#6540,#5220,#5221);
#4802=AXIS2_PLACEMENT_3D('',#6541,#5222,#5223);
#4803=AXIS2_PLACEMENT_3D('',#6546,#5225,#5226);
#4804=AXIS2_PLACEMENT_3D('',#6549,#5228,#5229);
#4805=AXIS2_PLACEMENT_3D('',#6554,#5231,#5232);
#4806=AXIS2_PLACEMENT_3D('',#6560,#5235,#5236);
#4807=AXIS2_PLACEMENT_3D('',#6564,#5238,#5239);
#4808=AXIS2_PLACEMENT_3D('',#6565,#5240,#5241);
#4809=AXIS2_PLACEMENT_3D('',#6570,#5243,#5244);
#4810=AXIS2_PLACEMENT_3D('',#6573,#5246,#5247);
#4811=AXIS2_PLACEMENT_3D('',#6578,#5249,#5250);
#4812=AXIS2_PLACEMENT_3D('',#6581,#5252,#5253);
#4813=AXIS2_PLACEMENT_3D('',#6583,#5254,#5255);
#4814=AXIS2_PLACEMENT_3D('',#6585,#5256,#5257);
#4815=AXIS2_PLACEMENT_3D('',#6605,#5267,#5268);
#4816=AXIS2_PLACEMENT_3D('',#6626,#5279,#5280);
#4817=AXIS2_PLACEMENT_3D('',#6658,#5297,#5298);
#4818=AXIS2_PLACEMENT_3D('',#6669,#5304,#5305);
#4819=AXIS2_PLACEMENT_3D('',#6673,#5307,#5308);
#4820=AXIS2_PLACEMENT_3D('',#6681,#5313,#5314);
#4821=AXIS2_PLACEMENT_3D('',#6686,#5318,#5319);
#4822=AXIS2_PLACEMENT_3D('',#6692,#5323,#5324);
#4823=AXIS2_PLACEMENT_3D('',#6698,#5328,#5329);
#4824=AXIS2_PLACEMENT_3D('',#6704,#5333,#5334);
#4825=AXIS2_PLACEMENT_3D('',#6710,#5335,#5336);
#4826=AXIS2_PLACEMENT_3D('',#6716,#5339,#5340);
#4827=AXIS2_PLACEMENT_3D('',#6722,#5344,#5345);
#4828=AXIS2_PLACEMENT_3D('',#6730,#5349,#5350);
#4829=AXIS2_PLACEMENT_3D('',#6740,#5351,#5352);
#4830=AXIS2_PLACEMENT_3D('',#6798,#5374,#5375);
#4831=AXIS2_PLACEMENT_3D('',#6825,#5385,#5386);
#4832=AXIS2_PLACEMENT_3D('',#6827,#5387,#5388);
#4833=AXIS2_PLACEMENT_3D('',#6843,#5396,#5397);
#4834=AXIS2_PLACEMENT_3D('',#6845,#5398,#5399);
#4835=AXIS2_PLACEMENT_3D('',#6847,#5400,#5401);
#4836=AXIS2_PLACEMENT_3D('',#6849,#5403,#5404);
#4837=AXIS2_PLACEMENT_3D('',#6852,#5407,#5408);
#4838=AXIS2_PLACEMENT_3D('',#6854,#5410,#5411);
#4839=AXIS2_PLACEMENT_3D('',#6857,#5414,#5415);
#4840=AXIS2_PLACEMENT_3D('',#6866,#5420,#5421);
#4841=AXIS2_PLACEMENT_3D('',#6875,#5426,#5427);
#4842=AXIS2_PLACEMENT_3D('',#6891,#5436,#5437);
#4843=AXIS2_PLACEMENT_3D('',#6913,#5449,#5450);
#4844=AXIS2_PLACEMENT_3D('',#6935,#5462,#5463);
#4845=AXIS2_PLACEMENT_3D('',#6944,#5468,#5469);
#4846=AXIS2_PLACEMENT_3D('',#6945,#5470,#5471);
#4847=AXIS2_PLACEMENT_3D('',#6947,#5472,#5473);
#4848=AXIS2_PLACEMENT_3D('',#6950,#5475,#5476);
#4849=AXIS2_PLACEMENT_3D('',#6951,#5477,#5478);
#4850=AXIS2_PLACEMENT_3D('',#6955,#5480,#5481);
#4851=AXIS2_PLACEMENT_3D('',#6956,#5482,#5483);
#4852=AXIS2_PLACEMENT_3D('',#6959,#5486,#5487);
#4853=AXIS2_PLACEMENT_3D('',#6960,#5488,#5489);
#4854=AXIS2_PLACEMENT_3D('',#6965,#5491,#5492);
#4855=AXIS2_PLACEMENT_3D('',#6968,#5494,#5495);
#4856=AXIS2_PLACEMENT_3D('',#6974,#5499,#5500);
#4857=AXIS2_PLACEMENT_3D('',#6980,#5504,#5505);
#4858=AXIS2_PLACEMENT_3D('',#6981,#5506,#5507);
#4859=AXIS2_PLACEMENT_3D('',#6982,#5508,#5509);
#4860=AXIS2_PLACEMENT_3D('',#6983,#5510,#5511);
#4861=AXIS2_PLACEMENT_3D('',#6984,#5512,#5513);
#4862=AXIS2_PLACEMENT_3D('',#6989,#5515,#5516);
#4863=AXIS2_PLACEMENT_3D('',#6992,#5518,#5519);
#4864=AXIS2_PLACEMENT_3D('',#6998,#5523,#5524);
#4865=AXIS2_PLACEMENT_3D('',#7004,#5528,#5529);
#4866=AXIS2_PLACEMENT_3D('',#7005,#5530,#5531);
#4867=AXIS2_PLACEMENT_3D('',#7006,#5532,#5533);
#4868=AXIS2_PLACEMENT_3D('',#7007,#5534,#5535);
#4869=AXIS2_PLACEMENT_3D('',#7016,#5540,#5541);
#4870=AXIS2_PLACEMENT_3D('',#7017,#5542,#5543);
#4871=AXIS2_PLACEMENT_3D('',#7019,#5544,#5545);
#4872=AXIS2_PLACEMENT_3D('',#7022,#5547,#5548);
#4873=AXIS2_PLACEMENT_3D('',#7023,#5549,#5550);
#4874=AXIS2_PLACEMENT_3D('',#7027,#5552,#5553);
#4875=AXIS2_PLACEMENT_3D('',#7028,#5554,#5555);
#4876=AXIS2_PLACEMENT_3D('',#7031,#5558,#5559);
#4877=AXIS2_PLACEMENT_3D('',#7040,#5564,#5565);
#4878=AXIS2_PLACEMENT_3D('',#7041,#5566,#5567);
#4879=AXIS2_PLACEMENT_3D('',#7043,#5568,#5569);
#4880=AXIS2_PLACEMENT_3D('',#7046,#5571,#5572);
#4881=AXIS2_PLACEMENT_3D('',#7047,#5573,#5574);
#4882=AXIS2_PLACEMENT_3D('',#7051,#5576,#5577);
#4883=AXIS2_PLACEMENT_3D('',#7052,#5578,#5579);
#4884=AXIS2_PLACEMENT_3D('',#7055,#5582,#5583);
#4885=AXIS2_PLACEMENT_3D('',#7056,#5584,#5585);
#4886=AXIS2_PLACEMENT_3D('',#7061,#5587,#5588);
#4887=AXIS2_PLACEMENT_3D('',#7064,#5590,#5591);
#4888=AXIS2_PLACEMENT_3D('',#7070,#5595,#5596);
#4889=AXIS2_PLACEMENT_3D('',#7076,#5600,#5601);
#4890=AXIS2_PLACEMENT_3D('',#7077,#5602,#5603);
#4891=AXIS2_PLACEMENT_3D('',#7078,#5604,#5605);
#4892=AXIS2_PLACEMENT_3D('',#7079,#5606,#5607);
#4893=AXIS2_PLACEMENT_3D('',#7080,#5608,#5609);
#4894=AXIS2_PLACEMENT_3D('',#7085,#5611,#5612);
#4895=AXIS2_PLACEMENT_3D('',#7088,#5614,#5615);
#4896=AXIS2_PLACEMENT_3D('',#7094,#5619,#5620);
#4897=AXIS2_PLACEMENT_3D('',#7100,#5624,#5625);
#4898=AXIS2_PLACEMENT_3D('',#7101,#5626,#5627);
#4899=AXIS2_PLACEMENT_3D('',#7102,#5628,#5629);
#4900=AXIS2_PLACEMENT_3D('',#7103,#5630,#5631);
#4901=AXIS2_PLACEMENT_3D('',#7112,#5636,#5637);
#4902=AXIS2_PLACEMENT_3D('',#7113,#5638,#5639);
#4903=AXIS2_PLACEMENT_3D('',#7115,#5640,#5641);
#4904=AXIS2_PLACEMENT_3D('',#7118,#5643,#5644);
#4905=AXIS2_PLACEMENT_3D('',#7119,#5645,#5646);
#4906=AXIS2_PLACEMENT_3D('',#7123,#5648,#5649);
#4907=AXIS2_PLACEMENT_3D('',#7124,#5650,#5651);
#4908=AXIS2_PLACEMENT_3D('',#7127,#5654,#5655);
#4909=AXIS2_PLACEMENT_3D('',#7128,#5656,#5657);
#4910=AXIS2_PLACEMENT_3D('',#7133,#5659,#5660);
#4911=AXIS2_PLACEMENT_3D('',#7136,#5662,#5663);
#4912=AXIS2_PLACEMENT_3D('',#7142,#5667,#5668);
#4913=AXIS2_PLACEMENT_3D('',#7148,#5672,#5673);
#4914=AXIS2_PLACEMENT_3D('',#7149,#5674,#5675);
#4915=AXIS2_PLACEMENT_3D('',#7150,#5676,#5677);
#4916=AXIS2_PLACEMENT_3D('',#7151,#5678,#5679);
#4917=AXIS2_PLACEMENT_3D('',#7152,#5680,#5681);
#4918=AXIS2_PLACEMENT_3D('',#7157,#5683,#5684);
#4919=AXIS2_PLACEMENT_3D('',#7160,#5686,#5687);
#4920=AXIS2_PLACEMENT_3D('',#7166,#5691,#5692);
#4921=AXIS2_PLACEMENT_3D('',#7172,#5696,#5697);
#4922=AXIS2_PLACEMENT_3D('',#7173,#5698,#5699);
#4923=AXIS2_PLACEMENT_3D('',#7174,#5700,#5701);
#4924=AXIS2_PLACEMENT_3D('',#7175,#5702,#5703);
#4925=AXIS2_PLACEMENT_3D('',#7176,#5704,#5705);
#4926=AXIS2_PLACEMENT_3D('',#7181,#5707,#5708);
#4927=AXIS2_PLACEMENT_3D('',#7184,#5710,#5711);
#4928=AXIS2_PLACEMENT_3D('',#7190,#5715,#5716);
#4929=AXIS2_PLACEMENT_3D('',#7196,#5720,#5721);
#4930=AXIS2_PLACEMENT_3D('',#7197,#5722,#5723);
#4931=AXIS2_PLACEMENT_3D('',#7198,#5724,#5725);
#4932=AXIS2_PLACEMENT_3D('',#7199,#5726,#5727);
#4933=AXIS2_PLACEMENT_3D('',#7202,#5730,#5731);
#4934=AXIS2_PLACEMENT_3D('',#7208,#5735,#5736);
#4935=AXIS2_PLACEMENT_3D('',#7223,#5745,#5746);
#4936=AXIS2_PLACEMENT_3D('',#7227,#5748,#5749);
#4937=AXIS2_PLACEMENT_3D('',#7258,#5767,#5768);
#4938=AXIS2_PLACEMENT_3D('',#7263,#5772,#5773);
#4939=AXIS2_PLACEMENT_3D('',#7265,#5775,#5776);
#4940=AXIS2_PLACEMENT_3D('',#7268,#5779,#5780);
#4941=AXIS2_PLACEMENT_3D('',#7279,#5783,#5784);
#4942=AXIS2_PLACEMENT_3D('',#7301,#5790,#5791);
#4943=AXIS2_PLACEMENT_3D('',#7303,#5793,#5794);
#4944=AXIS2_PLACEMENT_3D('',#7322,#5797,#5798);
#4945=AXIS2_PLACEMENT_3D('',#7336,#5803,#5804);
#4946=AXIS2_PLACEMENT_3D('',#7337,#5805,#5806);
#4947=AXIS2_PLACEMENT_3D('',#7338,#5807,#5808);
#4948=AXIS2_PLACEMENT_3D('',#7339,#5809,#5810);
#4949=AXIS2_PLACEMENT_3D('',#7348,#5811,#5812);
#4950=AXIS2_PLACEMENT_3D('',#7352,#5815,#5816);
#4951=AXIS2_PLACEMENT_3D('',#7356,#5819,#5820);
#4952=AXIS2_PLACEMENT_3D('',#7360,#5823,#5824);
#4953=AXIS2_PLACEMENT_3D('',#7362,#5826,#5827);
#4954=AXIS2_PLACEMENT_3D('',#7363,#5828,#5829);
#4955=AXIS2_PLACEMENT_3D('',#7365,#5830,#5831);
#4956=AXIS2_PLACEMENT_3D('',#7369,#5834,#5835);
#4957=AXIS2_PLACEMENT_3D('',#7373,#5838,#5839);
#4958=AXIS2_PLACEMENT_3D('',#7377,#5842,#5843);
#4959=AXIS2_PLACEMENT_3D('',#7381,#5846,#5847);
#4960=AXIS2_PLACEMENT_3D('',#7383,#5849,#5850);
#4961=AXIS2_PLACEMENT_3D('',#7384,#5851,#5852);
#4962=AXIS2_PLACEMENT_3D('',#7386,#5853,#5854);
#4963=AXIS2_PLACEMENT_3D('',#7388,#5855,#5856);
#4964=AXIS2_PLACEMENT_3D('',#7392,#5858,#5859);
#4965=AXIS2_PLACEMENT_3D('',#7396,#5861,#5862);
#4966=AXIS2_PLACEMENT_3D('',#7397,#5863,#5864);
#4967=AXIS2_PLACEMENT_3D('',#7400,#5867,#5868);
#4968=AXIS2_PLACEMENT_3D('',#7402,#5870,#5871);
#4969=AXIS2_PLACEMENT_3D('',#7404,#5873,#5874);
#4970=AXIS2_PLACEMENT_3D('',#7405,#5875,#5876);
#4971=AXIS2_PLACEMENT_3D('',#7409,#5878,#5879);
#4972=AXIS2_PLACEMENT_3D('',#7413,#5881,#5882);
#4973=AXIS2_PLACEMENT_3D('',#7414,#5883,#5884);
#4974=AXIS2_PLACEMENT_3D('',#7417,#5887,#5888);
#4975=AXIS2_PLACEMENT_3D('',#7419,#5890,#5891);
#4976=AXIS2_PLACEMENT_3D('',#7421,#5893,#5894);
#4977=AXIS2_PLACEMENT_3D('',#7422,#5895,#5896);
#4978=AXIS2_PLACEMENT_3D('',#7426,#5898,#5899);
#4979=AXIS2_PLACEMENT_3D('',#7430,#5901,#5902);
#4980=AXIS2_PLACEMENT_3D('',#7431,#5903,#5904);
#4981=AXIS2_PLACEMENT_3D('',#7434,#5907,#5908);
#4982=AXIS2_PLACEMENT_3D('',#7436,#5910,#5911);
#4983=AXIS2_PLACEMENT_3D('',#7438,#5913,#5914);
#4984=AXIS2_PLACEMENT_3D('',#7439,#5915,#5916);
#4985=AXIS2_PLACEMENT_3D('',#7440,#5917,#5918);
#4986=AXIS2_PLACEMENT_3D('',#7445,#5920,#5921);
#4987=AXIS2_PLACEMENT_3D('',#7448,#5923,#5924);
#4988=AXIS2_PLACEMENT_3D('',#7451,#5927,#5928);
#4989=AXIS2_PLACEMENT_3D('',#7453,#5930,#5931);
#4990=AXIS2_PLACEMENT_3D('',#7455,#5933,#5934);
#4991=AXIS2_PLACEMENT_3D('',#7456,#5935,#5936);
#4992=AXIS2_PLACEMENT_3D('',#7457,#5937,#5938);
#4993=AXIS2_PLACEMENT_3D('',#7462,#5940,#5941);
#4994=AXIS2_PLACEMENT_3D('',#7465,#5943,#5944);
#4995=AXIS2_PLACEMENT_3D('',#7468,#5947,#5948);
#4996=AXIS2_PLACEMENT_3D('',#7470,#5950,#5951);
#4997=AXIS2_PLACEMENT_3D('',#7472,#5953,#5954);
#4998=AXIS2_PLACEMENT_3D('',#7473,#5955,#5956);
#4999=AXIS2_PLACEMENT_3D('',#7477,#5958,#5959);
#5000=AXIS2_PLACEMENT_3D('',#7481,#5961,#5962);
#5001=AXIS2_PLACEMENT_3D('',#7482,#5963,#5964);
#5002=AXIS2_PLACEMENT_3D('',#7485,#5967,#5968);
#5003=AXIS2_PLACEMENT_3D('',#7487,#5970,#5971);
#5004=AXIS2_PLACEMENT_3D('',#7489,#5973,#5974);
#5005=AXIS2_PLACEMENT_3D('',#7490,#5975,#5976);
#5006=AXIS2_PLACEMENT_3D('',#7491,#5977,#5978);
#5007=AXIS2_PLACEMENT_3D('',#7496,#5980,#5981);
#5008=AXIS2_PLACEMENT_3D('',#7499,#5983,#5984);
#5009=AXIS2_PLACEMENT_3D('',#7502,#5987,#5988);
#5010=AXIS2_PLACEMENT_3D('',#7504,#5990,#5991);
#5011=AXIS2_PLACEMENT_3D('',#7506,#5993,#5994);
#5012=AXIS2_PLACEMENT_3D('',#7507,#5995,#5996);
#5013=AXIS2_PLACEMENT_3D('',#7508,#5997,#5998);
#5014=AXIS2_PLACEMENT_3D('',#7513,#6000,#6001);
#5015=AXIS2_PLACEMENT_3D('',#7516,#6003,#6004);
#5016=AXIS2_PLACEMENT_3D('',#7519,#6007,#6008);
#5017=AXIS2_PLACEMENT_3D('',#7521,#6010,#6011);
#5018=AXIS2_PLACEMENT_3D('',#7523,#6013,#6014);
#5019=AXIS2_PLACEMENT_3D('',#7524,#6015,#6016);
#5020=AXIS2_PLACEMENT_3D('',#7525,#6017,#6018);
#5021=AXIS2_PLACEMENT_3D('',#7530,#6020,#6021);
#5022=AXIS2_PLACEMENT_3D('',#7533,#6023,#6024);
#5023=AXIS2_PLACEMENT_3D('',#7536,#6027,#6028);
#5024=AXIS2_PLACEMENT_3D('',#7538,#6030,#6031);
#5025=AXIS2_PLACEMENT_3D('',#7540,#6033,#6034);
#5026=AXIS2_PLACEMENT_3D('',#7541,#6035,#6036);
#5027=AXIS2_PLACEMENT_3D('',#7542,#6037,#6038);
#5028=AXIS2_PLACEMENT_3D('',#7547,#6040,#6041);
#5029=AXIS2_PLACEMENT_3D('',#7550,#6043,#6044);
#5030=AXIS2_PLACEMENT_3D('',#7553,#6047,#6048);
#5031=AXIS2_PLACEMENT_3D('',#7555,#6050,#6051);
#5032=AXIS2_PLACEMENT_3D('',#7557,#6053,#6054);
#5033=AXIS2_PLACEMENT_3D('',#7558,#6055,#6056);
#5034=AXIS2_PLACEMENT_3D('',#7562,#6058,#6059);
#5035=AXIS2_PLACEMENT_3D('',#7566,#6061,#6062);
#5036=AXIS2_PLACEMENT_3D('',#7567,#6063,#6064);
#5037=AXIS2_PLACEMENT_3D('',#7570,#6067,#6068);
#5038=AXIS2_PLACEMENT_3D('',#7572,#6070,#6071);
#5039=AXIS2_PLACEMENT_3D('',#7574,#6073,#6074);
#5040=AXIS2_PLACEMENT_3D('',#7575,#6075,#6076);
#5041=AXIS2_PLACEMENT_3D('',#7576,#6077,#6078);
#5042=AXIS2_PLACEMENT_3D('',#7578,#6079,#6080);
#5043=AXIS2_PLACEMENT_3D('',#7580,#6081,#6082);
#5044=AXIS2_PLACEMENT_3D('',#7581,#6083,#6084);
#5045=AXIS2_PLACEMENT_3D('',#7582,#6085,#6086);
#5046=AXIS2_PLACEMENT_3D('',#7583,#6087,#6088);
#5047=AXIS2_PLACEMENT_3D('',#7585,#6089,#6090);
#5048=AXIS2_PLACEMENT_3D('',#7587,#6091,#6092);
#5049=AXIS2_PLACEMENT_3D('',#7588,#6093,#6094);
#5050=AXIS2_PLACEMENT_3D('',#7589,#6095,#6096);
#5051=AXIS2_PLACEMENT_3D('',#7590,#6097,#6098);
#5052=AXIS2_PLACEMENT_3D('',#7592,#6099,#6100);
#5053=AXIS2_PLACEMENT_3D('',#7594,#6101,#6102);
#5054=AXIS2_PLACEMENT_3D('',#7595,#6103,#6104);
#5055=AXIS2_PLACEMENT_3D('',#7596,#6105,#6106);
#5056=AXIS2_PLACEMENT_3D('',#7602,#6110,#6111);
#5057=AXIS2_PLACEMENT_3D('',#7606,#6114,#6115);
#5058=AXIS2_PLACEMENT_3D('',#7610,#6118,#6119);
#5059=AXIS2_PLACEMENT_3D('',#7614,#6122,#6123);
#5060=AXIS2_PLACEMENT_3D('',#7618,#6126,#6127);
#5061=AXIS2_PLACEMENT_3D('',#7622,#6130,#6131);
#5062=AXIS2_PLACEMENT_3D('',#7624,#6133,#6134);
#5063=AXIS2_PLACEMENT_3D('',#7625,#6135,#6136);
#5064=AXIS2_PLACEMENT_3D('',#7631,#6140,#6141);
#5065=AXIS2_PLACEMENT_3D('',#7635,#6144,#6145);
#5066=AXIS2_PLACEMENT_3D('',#7639,#6148,#6149);
#5067=AXIS2_PLACEMENT_3D('',#7643,#6152,#6153);
#5068=AXIS2_PLACEMENT_3D('',#7647,#6156,#6157);
#5069=AXIS2_PLACEMENT_3D('',#7651,#6160,#6161);
#5070=AXIS2_PLACEMENT_3D('',#7655,#6164,#6165);
#5071=AXIS2_PLACEMENT_3D('',#7659,#6168,#6169);
#5072=AXIS2_PLACEMENT_3D('',#7661,#6171,#6172);
#5073=AXIS2_PLACEMENT_3D('',#7662,#6173,#6174);
#5074=AXIS2_PLACEMENT_3D('',#7664,#6176,#6177);
#5075=AXIS2_PLACEMENT_3D('',#7666,#6179,#6180);
#5076=AXIS2_PLACEMENT_3D('',#7682,#6190,#6191);
#5077=AXIS2_PLACEMENT_3D('',#7684,#6193,#6194);
#5078=AXIS2_PLACEMENT_3D('',#7685,#6195,#6196);
#5079=AXIS2_PLACEMENT_3D('',#7686,#6197,#6198);
#5080=AXIS2_PLACEMENT_3D('',#7697,#6205,#6206);
#5081=AXIS2_PLACEMENT_3D('',#7699,#6208,#6209);
#5082=AXIS2_PLACEMENT_3D('',#7701,#6211,#6212);
#5083=AXIS2_PLACEMENT_3D('',#7703,#6214,#6215);
#5084=AXIS2_PLACEMENT_3D('',#7706,#6218,#6219);
#5085=AXIS2_PLACEMENT_3D('',#7708,#6221,#6222);
#5086=AXIS2_PLACEMENT_3D('',#7709,#6223,#6224);
#5087=AXIS2_PLACEMENT_3D('',#7720,#6231,#6232);
#5088=AXIS2_PLACEMENT_3D('',#7722,#6234,#6235);
#5089=AXIS2_PLACEMENT_3D('',#7724,#6237,#6238);
#5090=AXIS2_PLACEMENT_3D('',#7726,#6240,#6241);
#5091=AXIS2_PLACEMENT_3D('',#7729,#6244,#6245);
#5092=AXIS2_PLACEMENT_3D('',#7731,#6247,#6248);
#5093=AXIS2_PLACEMENT_3D('',#7732,#6249,#6250);
#5094=AXIS2_PLACEMENT_3D('',#7746,#6258,#6259);
#5095=AXIS2_PLACEMENT_3D('',#7749,#6262,#6263);
#5096=AXIS2_PLACEMENT_3D('',#7750,#6264,#6265);
#5097=AXIS2_PLACEMENT_3D('',#7752,#6267,#6268);
#5098=AXIS2_PLACEMENT_3D('',#7754,#6270,#6271);
#5099=AXIS2_PLACEMENT_3D('',#7758,#6274,#6275);
#5100=AXIS2_PLACEMENT_3D('',#7762,#6278,#6279);
#5101=AXIS2_PLACEMENT_3D('',#7764,#6281,#6282);
#5102=AXIS2_PLACEMENT_3D('',#7768,#6285,#6286);
#5103=AXIS2_PLACEMENT_3D('',#7772,#6289,#6290);
#5104=AXIS2_PLACEMENT_3D('',#7774,#6292,#6293);
#5105=AXIS2_PLACEMENT_3D('',#7776,#6295,#6296);
#5106=AXIS2_PLACEMENT_3D('',#7777,#6297,#6298);
#5107=AXIS2_PLACEMENT_3D('',#7781,#6301,#6302);
#5108=AXIS2_PLACEMENT_3D('',#7785,#6305,#6306);
#5109=AXIS2_PLACEMENT_3D('',#7787,#6308,#6309);
#5110=AXIS2_PLACEMENT_3D('',#7789,#6311,#6312);
#5111=AXIS2_PLACEMENT_3D('',#7790,#6313,#6314);
#5112=AXIS2_PLACEMENT_3D('',#7794,#6317,#6318);
#5113=AXIS2_PLACEMENT_3D('',#7798,#6321,#6322);
#5114=AXIS2_PLACEMENT_3D('',#7800,#6324,#6325);
#5115=AXIS2_PLACEMENT_3D('',#7802,#6327,#6328);
#5116=AXIS2_PLACEMENT_3D('',#7803,#6329,#6330);
#5117=AXIS2_PLACEMENT_3D('',#7805,#6332,#6333);
#5118=AXIS2_PLACEMENT_3D('',#7807,#6335,#6336);
#5119=AXIS2_PLACEMENT_3D('',#7809,#6338,#6339);
#5120=AXIS2_PLACEMENT_3D('',#7811,#6341,#6342);
#5121=AXIS2_PLACEMENT_3D('',#7813,#6344,#6345);
#5122=AXIS2_PLACEMENT_3D('',#7815,#6347,#6348);
#5123=AXIS2_PLACEMENT_3D('',#7817,#6350,#6351);
#5124=AXIS2_PLACEMENT_3D('',#7819,#6353,#6354);
#5125=AXIS2_PLACEMENT_3D('',#7820,#6355,#6356);
#5126=AXIS2_PLACEMENT_3D('',#7821,#6357,#6358);
#5127=AXIS2_PLACEMENT_3D('',#7822,#6359,#6360);
#5128=AXIS2_PLACEMENT_3D('',#7824,#6362,#6363);
#5129=AXIS2_PLACEMENT_3D('',#7825,#6364,#6365);
#5130=AXIS2_PLACEMENT_3D('',#7826,#6366,#6367);
#5131=AXIS2_PLACEMENT_3D('',#7828,#6369,#6370);
#5132=AXIS2_PLACEMENT_3D('',#7829,#6371,#6372);
#5133=AXIS2_PLACEMENT_3D('',#7830,#6373,#6374);
#5134=AXIS2_PLACEMENT_3D('',#7832,#6376,#6377);
#5135=AXIS2_PLACEMENT_3D('',#7834,#6379,#6380);
#5136=AXIS2_PLACEMENT_3D('',#7835,#6381,#6382);
#5137=AXIS2_PLACEMENT_3D('',#7838,#6385,#6386);
#5138=AXIS2_PLACEMENT_3D('',#7839,#6387,#6388);
#5139=AXIS2_PLACEMENT_3D('',#7840,#6389,#6390);
#5140=AXIS2_PLACEMENT_3D('',#7841,#6391,#6392);
#5141=DIRECTION('',(0.,0.,1.));
#5142=DIRECTION('',(1.,0.,0.));
#5143=DIRECTION('',(-3.28081325416165E-15,-1.41657454089497E-30,-1.));
#5144=DIRECTION('',(-1.,0.,3.28081325416165E-15));
#5145=DIRECTION('',(1.,4.31775426138038E-16,-3.28081325416165E-15));
#5146=DIRECTION('',(-3.28081325416165E-15,-1.41657454089497E-30,-1.));
#5147=DIRECTION('',(-1.,0.,3.28081325416165E-15));
#5148=DIRECTION('',(3.28081325416162E-15,1.77635683940025E-15,1.));
#5149=DIRECTION('',(1.,0.,-3.28081325416165E-15));
#5150=DIRECTION('',(0.999999998476344,5.52024666527284E-5,-3.28091130844201E-15));
#5151=DIRECTION('',(-1.33440267382831E-16,1.,-9.78781943026504E-31));
#5152=DIRECTION('',(1.,1.33440267382831E-16,-3.28081325416165E-15));
#5153=DIRECTION('',(-1.33440267382831E-16,1.,-9.78781943026504E-31));
#5154=DIRECTION('',(0.999999998476344,5.52024666527284E-5,-3.28091130844201E-15));
#5155=DIRECTION('',(-1.33440267382831E-16,1.,-9.78781943026504E-31));
#5156=DIRECTION('',(1.,1.33440267382831E-16,-3.28081325416165E-15));
#5157=DIRECTION('',(1.33440267382831E-16,-1.,9.78781943026504E-31));
#5158=DIRECTION('',(0.999999998476344,5.52024666527284E-5,-3.28091130844201E-15));
#5159=DIRECTION('',(0.999999221011617,-0.00124818915199325,-3.27859346910923E-15));
#5160=DIRECTION('',(0.999999221011617,-0.00124818915199325,-3.27859346910923E-15));
#5161=DIRECTION('',(3.28081325416165E-15,1.77635683940027E-15,1.));
#5162=DIRECTION('',(1.,0.,-3.28081325416165E-15));
#5163=DIRECTION('',(-3.28081325416165E-15,-1.41657454089497E-30,-1.));
#5164=DIRECTION('',(-1.,0.,3.28081325416165E-15));
#5165=DIRECTION('',(1.,4.31775426138038E-16,-3.28081325416165E-15));
#5166=DIRECTION('',(4.31775426138044E-16,-1.,1.77635683940027E-15));
#5167=DIRECTION('',(1.,4.31775426138038E-16,-3.28081325416165E-15));
#5168=DIRECTION('',(3.28081325416165E-15,1.77635683940027E-15,1.));
#5169=DIRECTION('',(1.,0.,-3.28081325416165E-15));
#5170=DIRECTION('',(1.,4.31775426138038E-16,-3.28081325416165E-15));
#5171=DIRECTION('',(4.31775426138038E-16,-1.,0.));
#5172=DIRECTION('',(1.,4.31775426138038E-16,-3.28081325416165E-15));
#5173=DIRECTION('',(4.31775426138038E-16,-1.,0.));
#5174=DIRECTION('',(1.,4.31775426138038E-16,-3.28081325416165E-15));
#5175=DIRECTION('',(3.28081325416165E-15,1.77635683940027E-15,1.));
#5176=DIRECTION('',(1.,0.,-3.28081325416165E-15));
#5177=DIRECTION('',(4.31775426138044E-16,-1.,1.77635683940027E-15));
#5178=DIRECTION('',(3.28081325416165E-15,1.77635683940027E-15,1.));
#5179=DIRECTION('',(1.,0.,-3.28081325416165E-15));
#5180=DIRECTION('',(1.,-2.16840434497099E-15,-3.28081325416165E-15));
#5181=DIRECTION('',(3.28081325416165E-15,1.77635683940027E-15,1.));
#5182=DIRECTION('',(1.,0.,-3.28081325416165E-15));
#5183=DIRECTION('',(1.,-2.16840434497099E-15,-3.28081325416165E-15));
#5184=DIRECTION('',(3.28081325416165E-15,1.77635683940027E-15,1.));
#5185=DIRECTION('',(1.,0.,-3.28081325416165E-15));
#5186=DIRECTION('',(3.28081325416165E-15,1.77635683940027E-15,1.));
#5187=DIRECTION('',(1.,0.,-3.28081325416165E-15));
#5188=DIRECTION('',(3.28081325416165E-15,1.77635683940027E-15,1.));
#5189=DIRECTION('',(1.,0.,-3.28081325416165E-15));
#5190=DIRECTION('',(3.28081325416165E-15,1.77635683940027E-15,1.));
#5191=DIRECTION('',(1.,0.,-3.28081325416165E-15));
#5192=DIRECTION('',(3.28081325416165E-15,1.77635683940027E-15,1.));
#5193=DIRECTION('',(1.,0.,-3.28081325416165E-15));
#5194=DIRECTION('',(-1.,5.82789506282509E-30,3.28081325416165E-15));
#5195=DIRECTION('',(3.28081325416165E-15,1.77635683940027E-15,1.));
#5196=DIRECTION('',(1.,0.,-3.28081325416165E-15));
#5197=DIRECTION('',(1.,-5.82789506282509E-30,-3.28081325416165E-15));
#5198=DIRECTION('',(3.28081325416165E-15,1.77635683940027E-15,1.));
#5199=DIRECTION('',(1.,0.,-3.28081325416165E-15));
#5200=DIRECTION('',(1.,-1.62630325872825E-15,-3.28081325416165E-15));
#5201=DIRECTION('',(3.28081325416165E-15,1.77635683940027E-15,1.));
#5202=DIRECTION('',(1.,0.,-3.28081325416165E-15));
#5203=DIRECTION('',(1.,-2.16840434497099E-15,-3.28081325416165E-15));
#5204=DIRECTION('',(3.28081325416165E-15,1.77635683940027E-15,1.));
#5205=DIRECTION('',(1.,0.,-3.28081325416165E-15));
#5206=DIRECTION('',(1.,-5.82789506282509E-30,-3.28081325416165E-15));
#5207=DIRECTION('',(3.28081325416165E-15,1.77635683940027E-15,1.));
#5208=DIRECTION('',(1.,0.,-3.28081325416165E-15));
#5209=DIRECTION('',(-1.,5.82789506282509E-30,3.28081325416165E-15));
#5210=DIRECTION('',(1.,-5.82789506282509E-30,-3.28081325416165E-15));
#5211=DIRECTION('',(3.28081325416165E-15,1.77635683940027E-15,1.));
#5212=DIRECTION('',(1.,0.,-3.28081325416165E-15));
#5213=DIRECTION('',(1.,-5.82789506282509E-30,-3.28081325416165E-15));
#5214=DIRECTION('',(3.28081325416165E-15,1.77635683940027E-15,1.));
#5215=DIRECTION('',(1.,0.,-3.28081325416165E-15));
#5216=DIRECTION('',(1.,-2.16840434497099E-15,-3.28081325416165E-15));
#5217=DIRECTION('',(3.28081325416165E-15,1.77635683940027E-15,1.));
#5218=DIRECTION('',(1.,0.,-3.28081325416165E-15));
#5219=DIRECTION('',(-1.,5.82789506282509E-30,3.28081325416165E-15));
#5220=DIRECTION('',(3.28081325416165E-15,1.77635683940027E-15,1.));
#5221=DIRECTION('',(1.,0.,-3.28081325416165E-15));
#5222=DIRECTION('',(3.28081325416165E-15,1.77635683940027E-15,1.));
#5223=DIRECTION('',(1.,0.,-3.28081325416165E-15));
#5224=DIRECTION('',(-1.,5.82789506282509E-30,3.28081325416165E-15));
#5225=DIRECTION('',(3.28081325416165E-15,1.77635683940027E-15,1.));
#5226=DIRECTION('',(1.,0.,-3.28081325416165E-15));
#5227=DIRECTION('',(1.,-5.82789506282509E-30,-3.28081325416165E-15));
#5228=DIRECTION('',(3.28081325416165E-15,1.77635683940027E-15,1.));
#5229=DIRECTION('',(1.,0.,-3.28081325416165E-15));
#5230=DIRECTION('',(1.,-5.82789506282509E-30,-3.28081325416165E-15));
#5231=DIRECTION('',(3.28081325416165E-15,1.77635683940027E-15,1.));
#5232=DIRECTION('',(1.,0.,-3.28081325416165E-15));
#5233=DIRECTION('',(-1.,5.82789506282509E-30,3.28081325416165E-15));
#5234=DIRECTION('',(1.,-5.82789506282509E-30,-3.28081325416165E-15));
#5235=DIRECTION('',(3.28081325416165E-15,1.77635683940027E-15,1.));
#5236=DIRECTION('',(1.,0.,-3.28081325416165E-15));
#5237=DIRECTION('',(-1.,5.82789506282509E-30,3.28081325416165E-15));
#5238=DIRECTION('',(3.28081325416165E-15,1.77635683940027E-15,1.));
#5239=DIRECTION('',(1.,0.,-3.28081325416165E-15));
#5240=DIRECTION('',(3.28081325416165E-15,1.77635683940027E-15,1.));
#5241=DIRECTION('',(1.,0.,-3.28081325416165E-15));
#5242=DIRECTION('',(1.,-2.16840434497099E-15,-3.28081325416165E-15));
#5243=DIRECTION('',(3.28081325416165E-15,1.77635683940027E-15,1.));
#5244=DIRECTION('',(1.,0.,-3.28081325416165E-15));
#5245=DIRECTION('',(-1.,5.82789506282509E-30,3.28081325416165E-15));
#5246=DIRECTION('',(3.28081325416165E-15,1.77635683940027E-15,1.));
#5247=DIRECTION('',(1.,0.,-3.28081325416165E-15));
#5248=DIRECTION('',(-1.,2.16840434497099E-15,3.28081325416165E-15));
#5249=DIRECTION('',(3.28081325416165E-15,1.77635683940027E-15,1.));
#5250=DIRECTION('',(1.,0.,-3.28081325416165E-15));
#5251=DIRECTION('',(1.,-2.16840434497099E-15,-3.28081325416165E-15));
#5252=DIRECTION('',(3.28081325416165E-15,1.77635683940027E-15,1.));
#5253=DIRECTION('',(1.,0.,-3.28081325416165E-15));
#5254=DIRECTION('',(3.28081325416165E-15,1.77635683940027E-15,1.));
#5255=DIRECTION('',(1.,0.,-3.28081325416165E-15));
#5256=DIRECTION('',(3.28081325416165E-15,1.77635683940027E-15,1.));
#5257=DIRECTION('',(1.,0.,-3.28081325416165E-15));
#5258=DIRECTION('',(0.,-1.,1.77635683940027E-15));
#5259=DIRECTION('',(-1.,-4.31775426138038E-16,3.28081325416165E-15));
#5260=DIRECTION('',(-4.27284246208915E-32,1.,-1.77635683940027E-15));
#5261=DIRECTION('',(-1.,5.78516663820419E-30,3.28081325416165E-15));
#5262=DIRECTION('',(-0.999984423785499,0.00558141437128572,3.27084756791871E-15));
#5263=DIRECTION('',(-0.00558141437128577,-0.999984423785499,1.79464074873138E-15));
#5264=DIRECTION('',(-0.999999221011617,0.00124818915199348,3.27859346910923E-15));
#5265=DIRECTION('',(3.8011874202929E-32,-1.,1.77635683940027E-15));
#5266=DIRECTION('',(1.,0.,0.));
#5267=DIRECTION('',(0.,0.,1.));
#5268=DIRECTION('',(1.,0.,0.));
#5269=DIRECTION('',(1.33440267382831E-16,-1.,0.));
#5270=DIRECTION('',(-0.999999998476344,-5.52024666527284E-5,0.));
#5271=DIRECTION('',(-5.52024666527284E-5,0.999999998476344,-1.77617572770945E-15));
#5272=DIRECTION('',(0.999999221011617,-0.00124818915199348,0.));
#5273=DIRECTION('',(-1.,-1.04579000588541E-29,0.));
#5274=DIRECTION('',(-1.33440267382831E-16,1.,4.37792597868487E-31));
#5275=DIRECTION('',(1.,5.13581318503264E-30,0.));
#5276=DIRECTION('',(-0.999999998476344,-5.52024666527284E-5,0.));
#5277=DIRECTION('',(-1.33440267382831E-16,1.,0.));
#5278=DIRECTION('',(-1.,-1.33440267382831E-16,0.));
#5279=DIRECTION('',(-5.52024666527284E-5,0.999999998476344,-1.77617572770945E-15));
#5280=DIRECTION('',(-0.999999998476344,-5.52024666527284E-5,0.));
#5281=DIRECTION('',(-0.999999998476344,-5.52024666527284E-5,0.));
#5282=DIRECTION('',(-9.80492813782666E-20,1.77617572500317E-15,1.));
#5283=DIRECTION('',(-3.28081325416165E-15,-1.77635683940027E-15,-1.));
#5284=DIRECTION('',(3.28081325416165E-15,1.77635683940027E-15,1.));
#5285=DIRECTION('',(-0.999999998476344,-5.52024666527284E-5,0.));
#5286=DIRECTION('',(0.,0.,1.));
#5287=DIRECTION('',(-0.999999998476344,-5.52024666527284E-5,0.));
#5288=DIRECTION('',(0.,0.,1.));
#5289=DIRECTION('',(-0.999999998476344,-5.52024666527284E-5,0.));
#5290=DIRECTION('',(0.,0.,1.));
#5291=DIRECTION('',(-0.999999998476344,-5.52024666527284E-5,0.));
#5292=DIRECTION('',(0.,0.,1.));
#5293=DIRECTION('',(-0.999999998476344,-5.52024666527284E-5,0.));
#5294=DIRECTION('',(0.,0.,1.));
#5295=DIRECTION('',(-0.999999998476344,-5.52024666527284E-5,0.));
#5296=DIRECTION('',(0.,0.,1.));
#5297=DIRECTION('',(-5.52024666527284E-5,0.999999998476344,-1.77617572770945E-15));
#5298=DIRECTION('',(-0.999999998476344,-5.52024666527284E-5,0.));
#5299=DIRECTION('',(-2.37013364385571E-31,1.77617573041574E-15,1.));
#5300=DIRECTION('',(-0.999999998476344,-5.52024666527284E-5,0.));
#5301=DIRECTION('',(9.80492813782666E-20,-1.77617572500317E-15,-1.));
#5302=DIRECTION('',(-0.999999998476344,-5.52024666527284E-5,-9.89465986460329E-32));
#5303=DIRECTION('',(9.80492813782666E-20,-1.77617572500317E-15,-1.));
#5304=DIRECTION('',(-5.52024666527284E-5,0.999999998476344,-1.77617572770945E-15));
#5305=DIRECTION('',(-0.999999998476344,-5.52024666527284E-5,0.));
#5306=DIRECTION('',(0.999999998476344,5.52024666527284E-5,-5.42101087068719E-16));
#5307=DIRECTION('',(-5.52024666527284E-5,0.999999998476344,-1.77617572770945E-15));
#5308=DIRECTION('',(-0.999999998476344,-5.52024666527284E-5,0.));
#5309=DIRECTION('',(-9.80492813782666E-20,1.77617572500317E-15,1.));
#5310=DIRECTION('',(0.999999998476344,5.52024666527284E-5,4.65076696056606E-31));
#5311=DIRECTION('',(-2.20272260680141E-20,-1.77617573163169E-15,-1.));
#5312=DIRECTION('',(-9.80492813782666E-20,1.77617572500317E-15,1.));
#5313=DIRECTION('',(-5.52024666527284E-5,0.999999998476344,-1.77617572770945E-15));
#5314=DIRECTION('',(-0.999999998476344,-5.52024666527284E-5,0.));
#5315=DIRECTION('',(-9.80492813782666E-20,1.77617572500317E-15,1.));
#5316=DIRECTION('',(3.28081325416165E-15,1.77635683940027E-15,1.));
#5317=DIRECTION('',(-3.28081325416165E-15,-1.77635683940027E-15,-1.));
#5318=DIRECTION('',(4.31775426138044E-16,-1.,1.77635683940027E-15));
#5319=DIRECTION('',(1.,4.31775426138044E-16,-7.66987231305278E-31));
#5320=DIRECTION('',(-3.28081325416165E-15,-1.77635683940027E-15,-1.));
#5321=DIRECTION('',(-1.,-4.31775426138038E-16,3.28081325416165E-15));
#5322=DIRECTION('',(3.28081325416165E-15,1.77635683940027E-15,1.));
#5323=DIRECTION('',(1.,4.31775426138038E-16,-3.70074341541715E-15));
#5324=DIRECTION('',(-3.70074341541715E-15,0.,-1.));
#5325=DIRECTION('',(-3.70074341541715E-15,-1.77635683940027E-15,-1.));
#5326=DIRECTION('',(-3.70074341541715E-15,-1.77635683940027E-15,-1.));
#5327=DIRECTION('',(4.31775426138038E-16,-1.,0.));
#5328=DIRECTION('',(1.,4.31775426138038E-16,-3.70074341541715E-15));
#5329=DIRECTION('',(-3.70074341541715E-15,0.,-1.));
#5330=DIRECTION('',(-3.70074341541715E-15,-1.77635683940027E-15,-1.));
#5331=DIRECTION('',(4.31775426138038E-16,-1.,0.));
#5332=DIRECTION('',(-3.70074341541715E-15,-1.77635683940027E-15,-1.));
#5333=DIRECTION('',(-3.28081325416165E-15,-1.41657454089497E-30,-1.));
#5334=DIRECTION('',(-1.,0.,3.28081325416165E-15));
#5335=DIRECTION('',(-3.28081325416165E-15,-1.41657454089497E-30,-1.));
#5336=DIRECTION('',(-1.,0.,3.28081325416165E-15));
#5337=DIRECTION('',(1.,4.31775426138038E-16,-3.28081325416165E-15));
#5338=DIRECTION('',(4.31775426138044E-16,-1.,1.77635683940027E-15));
#5339=DIRECTION('',(3.28081325416165E-15,1.77635683940027E-15,1.));
#5340=DIRECTION('',(1.,0.,-3.28081325416165E-15));
#5341=DIRECTION('',(1.,4.31775426138038E-16,-3.28081325416165E-15));
#5342=DIRECTION('',(1.,4.31775426138038E-16,-3.28081325416165E-15));
#5343=DIRECTION('',(1.,4.31775426138038E-16,-3.28081325416165E-15));
#5344=DIRECTION('',(3.28081325416165E-15,1.77635683940027E-15,1.));
#5345=DIRECTION('',(1.,0.,-3.28081325416165E-15));
#5346=DIRECTION('',(1.,4.31775426138038E-16,-3.28081325416165E-15));
#5347=DIRECTION('',(4.31775426138044E-16,-1.,1.77635683940027E-15));
#5348=DIRECTION('',(1.,4.31775426138038E-16,-3.28081325416165E-15));
#5349=DIRECTION('',(-3.28081325416165E-15,-1.41657454089497E-30,-1.));
#5350=DIRECTION('',(-1.,0.,3.28081325416165E-15));
#5351=DIRECTION('',(3.28081325416165E-15,1.77635683940027E-15,1.));
#5352=DIRECTION('',(1.,0.,-3.28081325416165E-15));
#5353=DIRECTION('',(1.33440267382831E-16,-1.,1.77635683940027E-15));
#5354=DIRECTION('',(-0.999999221011617,0.00124818915199348,3.27859346910923E-15));
#5355=DIRECTION('',(0.847906242554518,0.530146209867692,-3.72355088463987E-15));
#5356=DIRECTION('',(0.420912170197017,0.907101397298029,-2.99226999794021E-15));
#5357=DIRECTION('',(-0.11454707411501,0.993417821368074,-1.38885698238733E-15));
#5358=DIRECTION('',(-0.325897633027104,0.945405062810292,-6.10167475391469E-16));
#5359=DIRECTION('',(-0.999984423785499,0.00558141437128794,3.2708475679187E-15));
#5360=DIRECTION('',(-0.00558141437128577,-0.999984423785499,1.79464074873138E-15));
#5361=DIRECTION('',(-0.999984423785499,0.00558141437128572,3.27084756791871E-15));
#5362=DIRECTION('',(-1.,5.78516663820419E-30,3.28081325416165E-15));
#5363=DIRECTION('',(-4.27284246208915E-32,1.,-1.77635683940027E-15));
#5364=DIRECTION('',(0.,-1.,1.77635683940027E-15));
#5365=DIRECTION('',(1.,0.,0.));
#5366=DIRECTION('',(3.8011874202929E-32,-1.,1.77635683940027E-15));
#5367=DIRECTION('',(-0.999984423785499,0.00558141437128778,3.2708475679187E-15));
#5368=DIRECTION('',(-0.366593488334893,-0.930381219882718,2.8554138186067E-15));
#5369=DIRECTION('',(-0.0608313409431237,-0.998148059137051,1.97264340121683E-15));
#5370=DIRECTION('',(0.930559210194336,-0.366141443055131,-2.40259313402891E-15));
#5371=DIRECTION('',(0.999999221011617,-0.001248189151996,-3.27859346910923E-15));
#5372=DIRECTION('',(0.00194938146234893,-0.999998099954152,0.));
#5373=DIRECTION('',(-4.23406404935408E-31,-1.,1.77635683940027E-15));
#5374=DIRECTION('',(3.28081325416162E-15,1.77635683940025E-15,1.));
#5375=DIRECTION('',(1.,0.,-3.28081325416165E-15));
#5376=DIRECTION('',(2.13867323487596E-15,-1.,1.77635683940026E-15));
#5377=DIRECTION('',(-0.935034889014795,-0.354555716813438,3.69749232949332E-15));
#5378=DIRECTION('',(2.13867323487596E-15,-1.,1.77635683940026E-15));
#5379=DIRECTION('',(1.,3.15404268359419E-15,-3.28081325416166E-15));
#5380=DIRECTION('',(-2.13867323487596E-15,1.,-1.77635683940026E-15));
#5381=DIRECTION('',(-1.,2.22044604927112E-16,3.28081325416165E-15));
#5382=DIRECTION('',(-2.13867323487596E-15,1.,-1.77635683940026E-15));
#5383=DIRECTION('',(-1.,1.63145977473161E-29,3.28081325416165E-15));
#5384=DIRECTION('',(-0.847906242554515,-0.530146209867697,3.72355088463987E-15));
#5385=DIRECTION('',(3.28081325416165E-15,1.77635683940027E-15,1.));
#5386=DIRECTION('',(1.,0.,-3.28081325416165E-15));
#5387=DIRECTION('',(3.28081325416165E-15,1.77635683940027E-15,1.));
#5388=DIRECTION('',(1.,0.,-3.28081325416165E-15));
#5389=DIRECTION('',(0.940467759414905,-0.339882911457913,-2.48174575583659E-15));
#5390=DIRECTION('',(0.000371909272580843,-0.999999930841744,1.7751365516797E-15));
#5391=DIRECTION('',(-0.930559210194336,0.366141443055132,2.40259313402891E-15));
#5392=DIRECTION('',(1.,-1.63145977473161E-29,-3.28081325416165E-15));
#5393=DIRECTION('',(7.66046042782506E-31,1.,-1.77635683940027E-15));
#5394=DIRECTION('',(-1.,1.63145977473161E-29,3.28081325416165E-15));
#5395=DIRECTION('',(-3.82104500956268E-31,1.,-1.77635683940027E-15));
#5396=DIRECTION('',(3.28081325416165E-15,1.77635683940027E-15,1.));
#5397=DIRECTION('',(1.,0.,-3.28081325416165E-15));
#5398=DIRECTION('',(3.28081325416165E-15,1.77635683940027E-15,1.));
#5399=DIRECTION('',(1.,0.,-3.28081325416165E-15));
#5400=DIRECTION('',(4.31775426138044E-16,-1.,1.77635683940027E-15));
#5401=DIRECTION('',(1.,4.31775426138044E-16,-7.66987231305278E-31));
#5402=DIRECTION('',(-3.28081325416165E-15,-1.77635683940027E-15,-1.));
#5403=DIRECTION('',(-4.31775426138044E-16,1.,-1.77635683940027E-15));
#5404=DIRECTION('',(0.,1.77635683940027E-15,1.));
#5405=DIRECTION('',(3.28081325416165E-15,1.77635683940027E-15,1.));
#5406=DIRECTION('',(-1.1146922134605E-14,-1.77635683940027E-15,-1.));
#5407=DIRECTION('',(-3.28081325416165E-15,-1.77635683940027E-15,-1.));
#5408=DIRECTION('',(-1.,0.,3.28081325416165E-15));
#5409=DIRECTION('',(-3.28081325416165E-15,-1.77635683940027E-15,-1.));
#5410=DIRECTION('',(-3.28081325416165E-15,-1.77635683940027E-15,-1.));
#5411=DIRECTION('',(-1.,0.,3.28081325416165E-15));
#5412=DIRECTION('',(-3.28081325416165E-15,-1.77635683940027E-15,-1.));
#5413=DIRECTION('',(-3.28081325416165E-15,-1.77635683940027E-15,-1.));
#5414=DIRECTION('',(0.,-1.,0.));
#5415=DIRECTION('',(0.,0.,-1.));
#5416=DIRECTION('',(-1.,0.,0.));
#5417=DIRECTION('',(0.,0.,1.));
#5418=DIRECTION('',(-1.,0.,2.81249289978348E-15));
#5419=DIRECTION('',(0.,0.,1.));
#5420=DIRECTION('',(0.,-1.,0.));
#5421=DIRECTION('',(0.,0.,-1.));
#5422=DIRECTION('',(-1.,0.,0.));
#5423=DIRECTION('',(0.,0.,1.));
#5424=DIRECTION('',(-1.,0.,2.81249289978348E-15));
#5425=DIRECTION('',(0.,0.,1.));
#5426=DIRECTION('',(0.,0.,1.));
#5427=DIRECTION('',(1.,0.,0.));
#5428=DIRECTION('',(0.,-1.,0.));
#5429=DIRECTION('',(6.25130146776049E-30,1.,0.));
#5430=DIRECTION('',(-0.00194938146234893,0.999998099954152,-1.76995790770174E-15));
#5431=DIRECTION('',(0.999999221011617,-0.00124818915199348,0.));
#5432=DIRECTION('',(0.,-1.,0.));
#5433=DIRECTION('',(-1.,0.,0.));
#5434=DIRECTION('',(0.,-1.,0.));
#5435=DIRECTION('',(-1.,0.,0.));
#5436=DIRECTION('',(0.,0.,1.));
#5437=DIRECTION('',(1.,0.,0.));
#5438=DIRECTION('',(0.,-1.,0.));
#5439=DIRECTION('',(-1.,0.,0.));
#5440=DIRECTION('',(0.,-1.,0.));
#5441=DIRECTION('',(1.,0.,0.));
#5442=DIRECTION('',(0.,-1.,0.));
#5443=DIRECTION('',(0.999999221011617,-0.00124818915199348,0.));
#5444=DIRECTION('',(-0.0012481891519989,-0.999999221011617,0.));
#5445=DIRECTION('',(-1.,0.,0.));
#5446=DIRECTION('',(0.,-1.,0.));
#5447=DIRECTION('',(-1.,0.,0.));
#5448=DIRECTION('',(0.,-1.,0.));
#5449=DIRECTION('',(0.,0.,1.));
#5450=DIRECTION('',(1.,0.,0.));
#5451=DIRECTION('',(0.,-1.,0.));
#5452=DIRECTION('',(-1.,0.,0.));
#5453=DIRECTION('',(0.,-1.,0.));
#5454=DIRECTION('',(1.,0.,0.));
#5455=DIRECTION('',(0.,-1.,0.));
#5456=DIRECTION('',(0.999999221011617,-0.00124818915199348,0.));
#5457=DIRECTION('',(-0.00124818915199159,-0.999999221011617,0.));
#5458=DIRECTION('',(-0.999999501447225,0.000998551601620601,0.));
#5459=DIRECTION('',(0.,-1.,0.));
#5460=DIRECTION('',(0.999999501447225,-0.000998551601624246,0.));
#5461=DIRECTION('',(0.,-1.,0.));
#5462=DIRECTION('',(-7.70371977754892E-30,1.,-1.77635683940027E-15));
#5463=DIRECTION('',(0.,1.77635683940027E-15,1.));
#5464=DIRECTION('',(1.,1.87582471472384E-30,-3.28081325416165E-15));
#5465=DIRECTION('',(3.28081325416165E-15,1.77635683940027E-15,1.));
#5466=DIRECTION('',(-1.,-1.87582471472384E-30,3.28081325416165E-15));
#5467=DIRECTION('',(3.28081325416165E-15,1.77635683940027E-15,1.));
#5468=DIRECTION('',(3.28081325416165E-15,1.77635683940027E-15,1.));
#5469=DIRECTION('',(1.,0.,-3.28081325416165E-15));
#5470=DIRECTION('',(3.28081325416165E-15,1.77635683940027E-15,1.));
#5471=DIRECTION('',(1.,0.,-3.28081325416165E-15));
#5472=DIRECTION('',(-3.28081325416165E-15,-1.77635683940027E-15,-1.));
#5473=DIRECTION('',(-1.,0.,3.28081325416165E-15));
#5474=DIRECTION('',(3.28081325416165E-15,1.77635683940027E-15,1.));
#5475=DIRECTION('',(3.28081325416165E-15,1.77635683940027E-15,1.));
#5476=DIRECTION('',(1.,0.,-3.28081325416165E-15));
#5477=DIRECTION('',(3.28081325416165E-15,1.77635683940027E-15,1.));
#5478=DIRECTION('',(1.,0.,-3.28081325416165E-15));
#5479=DIRECTION('',(3.28081325416165E-15,1.77635683940027E-15,1.));
#5480=DIRECTION('',(-3.28081325416165E-15,-1.77635683940027E-15,-1.));
#5481=DIRECTION('',(-1.,0.,3.28081325416165E-15));
#5482=DIRECTION('',(7.70371977754892E-30,-1.,1.77635683940027E-15));
#5483=DIRECTION('',(0.,-1.77635683940027E-15,-1.));
#5484=DIRECTION('',(-1.,-1.87582471472384E-30,3.28081325416165E-15));
#5485=DIRECTION('',(1.,1.87582471472384E-30,-3.28081325416165E-15));
#5486=DIRECTION('',(3.28081325416165E-15,1.77635683940027E-15,1.));
#5487=DIRECTION('',(1.,0.,-3.28081325416165E-15));
#5488=DIRECTION('',(3.28081325416165E-15,1.77635683940027E-15,1.));
#5489=DIRECTION('',(1.,0.,-3.28081325416165E-15));
#5490=DIRECTION('',(3.28081325416165E-15,1.77635683940027E-15,1.));
#5491=DIRECTION('',(-3.28081325416165E-15,-1.77635683940027E-15,-1.));
#5492=DIRECTION('',(-1.,0.,3.28081325416165E-15));
#5493=DIRECTION('',(3.28081325416165E-15,1.77635683940027E-15,1.));
#5494=DIRECTION('',(-2.16840434497098E-15,-1.,1.77635683940027E-15));
#5495=DIRECTION('',(1.,-2.16840434497098E-15,0.));
#5496=DIRECTION('',(-1.,2.16840434497099E-15,3.28081325416165E-15));
#5497=DIRECTION('',(1.,-2.16840434497099E-15,-3.28081325416165E-15));
#5498=DIRECTION('',(3.28081325416165E-15,1.77635683940027E-15,1.));
#5499=DIRECTION('',(2.16840434497098E-15,1.,-1.77635683940027E-15));
#5500=DIRECTION('',(-1.,2.16840434497098E-15,0.));
#5501=DIRECTION('',(1.,-2.16840434497099E-15,-3.28081325416165E-15));
#5502=DIRECTION('',(3.28081325416165E-15,1.77635683940027E-15,1.));
#5503=DIRECTION('',(-1.,2.16840434497099E-15,3.28081325416165E-15));
#5504=DIRECTION('',(3.28081325416165E-15,1.77635683940027E-15,1.));
#5505=DIRECTION('',(1.,0.,-3.28081325416165E-15));
#5506=DIRECTION('',(3.28081325416165E-15,1.77635683940027E-15,1.));
#5507=DIRECTION('',(1.,0.,-3.28081325416165E-15));
#5508=DIRECTION('',(-3.28081325416165E-15,-1.77635683940027E-15,-1.));
#5509=DIRECTION('',(-1.,0.,3.28081325416165E-15));
#5510=DIRECTION('',(3.28081325416165E-15,1.77635683940027E-15,1.));
#5511=DIRECTION('',(1.,0.,-3.28081325416165E-15));
#5512=DIRECTION('',(3.28081325416165E-15,1.77635683940027E-15,1.));
#5513=DIRECTION('',(1.,0.,-3.28081325416165E-15));
#5514=DIRECTION('',(3.28081325416165E-15,1.77635683940027E-15,1.));
#5515=DIRECTION('',(-3.28081325416165E-15,-1.77635683940027E-15,-1.));
#5516=DIRECTION('',(-1.,0.,3.28081325416165E-15));
#5517=DIRECTION('',(3.28081325416165E-15,1.77635683940027E-15,1.));
#5518=DIRECTION('',(-7.70371977754892E-30,1.,-1.77635683940027E-15));
#5519=DIRECTION('',(0.,1.77635683940027E-15,1.));
#5520=DIRECTION('',(1.,1.87582471472384E-30,-3.28081325416165E-15));
#5521=DIRECTION('',(-1.,-1.87582471472384E-30,3.28081325416165E-15));
#5522=DIRECTION('',(3.28081325416165E-15,1.77635683940027E-15,1.));
#5523=DIRECTION('',(7.70371977754892E-30,-1.,1.77635683940027E-15));
#5524=DIRECTION('',(0.,-1.77635683940027E-15,-1.));
#5525=DIRECTION('',(-1.,-1.87582471472384E-30,3.28081325416165E-15));
#5526=DIRECTION('',(3.28081325416165E-15,1.77635683940027E-15,1.));
#5527=DIRECTION('',(1.,1.87582471472384E-30,-3.28081325416165E-15));
#5528=DIRECTION('',(3.28081325416165E-15,1.77635683940027E-15,1.));
#5529=DIRECTION('',(1.,0.,-3.28081325416165E-15));
#5530=DIRECTION('',(3.28081325416165E-15,1.77635683940027E-15,1.));
#5531=DIRECTION('',(1.,0.,-3.28081325416165E-15));
#5532=DIRECTION('',(-3.28081325416165E-15,-1.77635683940027E-15,-1.));
#5533=DIRECTION('',(-1.,0.,3.28081325416165E-15));
#5534=DIRECTION('',(-7.70371977754892E-30,1.,-1.77635683940027E-15));
#5535=DIRECTION('',(0.,1.77635683940027E-15,1.));
#5536=DIRECTION('',(1.,1.87582471472384E-30,-3.28081325416165E-15));
#5537=DIRECTION('',(3.28081325416165E-15,1.77635683940027E-15,1.));
#5538=DIRECTION('',(-1.,-1.87582471472384E-30,3.28081325416165E-15));
#5539=DIRECTION('',(3.28081325416165E-15,1.77635683940027E-15,1.));
#5540=DIRECTION('',(3.28081325416165E-15,1.77635683940027E-15,1.));
#5541=DIRECTION('',(1.,0.,-3.28081325416165E-15));
#5542=DIRECTION('',(3.28081325416165E-15,1.77635683940027E-15,1.));
#5543=DIRECTION('',(1.,0.,-3.28081325416165E-15));
#5544=DIRECTION('',(-3.28081325416165E-15,-1.77635683940027E-15,-1.));
#5545=DIRECTION('',(-1.,0.,3.28081325416165E-15));
#5546=DIRECTION('',(3.28081325416165E-15,1.77635683940027E-15,1.));
#5547=DIRECTION('',(3.28081325416165E-15,1.77635683940027E-15,1.));
#5548=DIRECTION('',(1.,0.,-3.28081325416165E-15));
#5549=DIRECTION('',(3.28081325416165E-15,1.77635683940027E-15,1.));
#5550=DIRECTION('',(1.,0.,-3.28081325416165E-15));
#5551=DIRECTION('',(3.28081325416165E-15,1.77635683940027E-15,1.));
#5552=DIRECTION('',(-3.28081325416165E-15,-1.77635683940027E-15,-1.));
#5553=DIRECTION('',(-1.,0.,3.28081325416165E-15));
#5554=DIRECTION('',(-2.16840434497098E-15,-1.,1.77635683940027E-15));
#5555=DIRECTION('',(1.,-2.16840434497098E-15,0.));
#5556=DIRECTION('',(-1.,2.16840434497099E-15,3.28081325416165E-15));
#5557=DIRECTION('',(1.,-2.16840434497099E-15,-3.28081325416165E-15));
#5558=DIRECTION('',(-7.70371977754892E-30,1.,-1.77635683940027E-15));
#5559=DIRECTION('',(0.,1.77635683940027E-15,1.));
#5560=DIRECTION('',(1.,1.87582471472384E-30,-3.28081325416165E-15));
#5561=DIRECTION('',(3.28081325416165E-15,1.77635683940027E-15,1.));
#5562=DIRECTION('',(-1.,-1.87582471472384E-30,3.28081325416165E-15));
#5563=DIRECTION('',(3.28081325416165E-15,1.77635683940027E-15,1.));
#5564=DIRECTION('',(3.28081325416165E-15,1.77635683940027E-15,1.));
#5565=DIRECTION('',(1.,0.,-3.28081325416165E-15));
#5566=DIRECTION('',(3.28081325416165E-15,1.77635683940027E-15,1.));
#5567=DIRECTION('',(1.,0.,-3.28081325416165E-15));
#5568=DIRECTION('',(-3.28081325416165E-15,-1.77635683940027E-15,-1.));
#5569=DIRECTION('',(-1.,0.,3.28081325416165E-15));
#5570=DIRECTION('',(3.28081325416165E-15,1.77635683940027E-15,1.));
#5571=DIRECTION('',(3.28081325416165E-15,1.77635683940027E-15,1.));
#5572=DIRECTION('',(1.,0.,-3.28081325416165E-15));
#5573=DIRECTION('',(3.28081325416165E-15,1.77635683940027E-15,1.));
#5574=DIRECTION('',(1.,0.,-3.28081325416165E-15));
#5575=DIRECTION('',(3.28081325416165E-15,1.77635683940027E-15,1.));
#5576=DIRECTION('',(-3.28081325416165E-15,-1.77635683940027E-15,-1.));
#5577=DIRECTION('',(-1.,0.,3.28081325416165E-15));
#5578=DIRECTION('',(7.70371977754892E-30,-1.,1.77635683940027E-15));
#5579=DIRECTION('',(0.,-1.77635683940027E-15,-1.));
#5580=DIRECTION('',(-1.,-1.87582471472384E-30,3.28081325416165E-15));
#5581=DIRECTION('',(1.,1.87582471472384E-30,-3.28081325416165E-15));
#5582=DIRECTION('',(3.28081325416165E-15,1.77635683940027E-15,1.));
#5583=DIRECTION('',(1.,0.,-3.28081325416165E-15));
#5584=DIRECTION('',(3.28081325416165E-15,1.77635683940027E-15,1.));
#5585=DIRECTION('',(1.,0.,-3.28081325416165E-15));
#5586=DIRECTION('',(3.28081325416165E-15,1.77635683940027E-15,1.));
#5587=DIRECTION('',(-3.28081325416165E-15,-1.77635683940027E-15,-1.));
#5588=DIRECTION('',(-1.,0.,3.28081325416165E-15));
#5589=DIRECTION('',(3.28081325416165E-15,1.77635683940027E-15,1.));
#5590=DIRECTION('',(7.70371977754892E-30,-1.,1.77635683940027E-15));
#5591=DIRECTION('',(0.,-1.77635683940027E-15,-1.));
#5592=DIRECTION('',(-1.,-1.87582471472384E-30,3.28081325416165E-15));
#5593=DIRECTION('',(1.,1.87582471472384E-30,-3.28081325416165E-15));
#5594=DIRECTION('',(3.28081325416165E-15,1.77635683940027E-15,1.));
#5595=DIRECTION('',(7.70371977754892E-30,-1.,1.77635683940027E-15));
#5596=DIRECTION('',(0.,-1.77635683940027E-15,-1.));
#5597=DIRECTION('',(-1.,-1.87582471472384E-30,3.28081325416165E-15));
#5598=DIRECTION('',(3.28081325416165E-15,1.77635683940027E-15,1.));
#5599=DIRECTION('',(1.,1.87582471472384E-30,-3.28081325416165E-15));
#5600=DIRECTION('',(3.28081325416165E-15,1.77635683940027E-15,1.));
#5601=DIRECTION('',(1.,0.,-3.28081325416165E-15));
#5602=DIRECTION('',(3.28081325416165E-15,1.77635683940027E-15,1.));
#5603=DIRECTION('',(1.,0.,-3.28081325416165E-15));
#5604=DIRECTION('',(-3.28081325416165E-15,-1.77635683940027E-15,-1.));
#5605=DIRECTION('',(-1.,0.,3.28081325416165E-15));
#5606=DIRECTION('',(3.28081325416165E-15,1.77635683940027E-15,1.));
#5607=DIRECTION('',(1.,0.,-3.28081325416165E-15));
#5608=DIRECTION('',(3.28081325416165E-15,1.77635683940027E-15,1.));
#5609=DIRECTION('',(1.,0.,-3.28081325416165E-15));
#5610=DIRECTION('',(3.28081325416165E-15,1.77635683940027E-15,1.));
#5611=DIRECTION('',(-3.28081325416165E-15,-1.77635683940027E-15,-1.));
#5612=DIRECTION('',(-1.,0.,3.28081325416165E-15));
#5613=DIRECTION('',(3.28081325416165E-15,1.77635683940027E-15,1.));
#5614=DIRECTION('',(7.70371977754892E-30,-1.,1.77635683940027E-15));
#5615=DIRECTION('',(0.,-1.77635683940027E-15,-1.));
#5616=DIRECTION('',(-1.,-1.87582471472384E-30,3.28081325416165E-15));
#5617=DIRECTION('',(1.,1.87582471472384E-30,-3.28081325416165E-15));
#5618=DIRECTION('',(3.28081325416165E-15,1.77635683940027E-15,1.));
#5619=DIRECTION('',(-7.70371977754892E-30,1.,-1.77635683940027E-15));
#5620=DIRECTION('',(0.,1.77635683940027E-15,1.));
#5621=DIRECTION('',(1.,1.87582471472384E-30,-3.28081325416165E-15));
#5622=DIRECTION('',(3.28081325416165E-15,1.77635683940027E-15,1.));
#5623=DIRECTION('',(-1.,-1.87582471472384E-30,3.28081325416165E-15));
#5624=DIRECTION('',(3.28081325416165E-15,1.77635683940027E-15,1.));
#5625=DIRECTION('',(1.,0.,-3.28081325416165E-15));
#5626=DIRECTION('',(3.28081325416165E-15,1.77635683940027E-15,1.));
#5627=DIRECTION('',(1.,0.,-3.28081325416165E-15));
#5628=DIRECTION('',(-3.28081325416165E-15,-1.77635683940027E-15,-1.));
#5629=DIRECTION('',(-1.,0.,3.28081325416165E-15));
#5630=DIRECTION('',(-7.70371977754892E-30,1.,-1.77635683940027E-15));
#5631=DIRECTION('',(0.,1.77635683940027E-15,1.));
#5632=DIRECTION('',(1.,1.87582471472384E-30,-3.28081325416165E-15));
#5633=DIRECTION('',(3.28081325416165E-15,1.77635683940027E-15,1.));
#5634=DIRECTION('',(-1.,-1.87582471472384E-30,3.28081325416165E-15));
#5635=DIRECTION('',(3.28081325416165E-15,1.77635683940027E-15,1.));
#5636=DIRECTION('',(3.28081325416165E-15,1.77635683940027E-15,1.));
#5637=DIRECTION('',(1.,0.,-3.28081325416165E-15));
#5638=DIRECTION('',(3.28081325416165E-15,1.77635683940027E-15,1.));
#5639=DIRECTION('',(1.,0.,-3.28081325416165E-15));
#5640=DIRECTION('',(-3.28081325416165E-15,-1.77635683940027E-15,-1.));
#5641=DIRECTION('',(-1.,0.,3.28081325416165E-15));
#5642=DIRECTION('',(3.28081325416165E-15,1.77635683940027E-15,1.));
#5643=DIRECTION('',(3.28081325416165E-15,1.77635683940027E-15,1.));
#5644=DIRECTION('',(1.,0.,-3.28081325416165E-15));
#5645=DIRECTION('',(3.28081325416165E-15,1.77635683940027E-15,1.));
#5646=DIRECTION('',(1.,0.,-3.28081325416165E-15));
#5647=DIRECTION('',(3.28081325416165E-15,1.77635683940027E-15,1.));
#5648=DIRECTION('',(-3.28081325416165E-15,-1.77635683940027E-15,-1.));
#5649=DIRECTION('',(-1.,0.,3.28081325416165E-15));
#5650=DIRECTION('',(7.70371977754892E-30,-1.,1.77635683940027E-15));
#5651=DIRECTION('',(0.,-1.77635683940027E-15,-1.));
#5652=DIRECTION('',(-1.,-1.87582471472384E-30,3.28081325416165E-15));
#5653=DIRECTION('',(1.,1.87582471472384E-30,-3.28081325416165E-15));
#5654=DIRECTION('',(3.28081325416165E-15,1.77635683940027E-15,1.));
#5655=DIRECTION('',(1.,0.,-3.28081325416165E-15));
#5656=DIRECTION('',(3.28081325416165E-15,1.77635683940027E-15,1.));
#5657=DIRECTION('',(1.,0.,-3.28081325416165E-15));
#5658=DIRECTION('',(3.28081325416165E-15,1.77635683940027E-15,1.));
#5659=DIRECTION('',(-3.28081325416165E-15,-1.77635683940027E-15,-1.));
#5660=DIRECTION('',(-1.,0.,3.28081325416165E-15));
#5661=DIRECTION('',(3.28081325416165E-15,1.77635683940027E-15,1.));
#5662=DIRECTION('',(-2.16840434497098E-15,-1.,1.77635683940027E-15));
#5663=DIRECTION('',(1.,-2.16840434497098E-15,0.));
#5664=DIRECTION('',(-1.,2.16840434497099E-15,3.28081325416165E-15));
#5665=DIRECTION('',(1.,-2.16840434497099E-15,-3.28081325416165E-15));
#5666=DIRECTION('',(3.28081325416165E-15,1.77635683940027E-15,1.));
#5667=DIRECTION('',(-7.70371977754892E-30,1.,-1.77635683940027E-15));
#5668=DIRECTION('',(0.,1.77635683940027E-15,1.));
#5669=DIRECTION('',(1.,1.87582471472384E-30,-3.28081325416165E-15));
#5670=DIRECTION('',(3.28081325416165E-15,1.77635683940027E-15,1.));
#5671=DIRECTION('',(-1.,-1.87582471472384E-30,3.28081325416165E-15));
#5672=DIRECTION('',(3.28081325416165E-15,1.77635683940027E-15,1.));
#5673=DIRECTION('',(1.,0.,-3.28081325416165E-15));
#5674=DIRECTION('',(3.28081325416165E-15,1.77635683940027E-15,1.));
#5675=DIRECTION('',(1.,0.,-3.28081325416165E-15));
#5676=DIRECTION('',(-3.28081325416165E-15,-1.77635683940027E-15,-1.));
#5677=DIRECTION('',(-1.,0.,3.28081325416165E-15));
#5678=DIRECTION('',(3.28081325416165E-15,1.77635683940027E-15,1.));
#5679=DIRECTION('',(1.,0.,-3.28081325416165E-15));
#5680=DIRECTION('',(3.28081325416165E-15,1.77635683940027E-15,1.));
#5681=DIRECTION('',(1.,0.,-3.28081325416165E-15));
#5682=DIRECTION('',(3.28081325416165E-15,1.77635683940027E-15,1.));
#5683=DIRECTION('',(-3.28081325416165E-15,-1.77635683940027E-15,-1.));
#5684=DIRECTION('',(-1.,0.,3.28081325416165E-15));
#5685=DIRECTION('',(3.28081325416165E-15,1.77635683940027E-15,1.));
#5686=DIRECTION('',(-2.16840434497098E-15,-1.,1.77635683940027E-15));
#5687=DIRECTION('',(1.,-2.16840434497098E-15,0.));
#5688=DIRECTION('',(-1.,2.16840434497099E-15,3.28081325416165E-15));
#5689=DIRECTION('',(1.,-2.16840434497099E-15,-3.28081325416165E-15));
#5690=DIRECTION('',(3.28081325416165E-15,1.77635683940027E-15,1.));
#5691=DIRECTION('',(-1.62630325872823E-15,-1.,1.77635683940027E-15));
#5692=DIRECTION('',(0.,-1.77635683940027E-15,-1.));
#5693=DIRECTION('',(-1.,1.62630325872823E-15,3.28081325416165E-15));
#5694=DIRECTION('',(3.28081325416165E-15,1.77635683940027E-15,1.));
#5695=DIRECTION('',(1.,-1.62630325872823E-15,-3.28081325416165E-15));
#5696=DIRECTION('',(3.28081325416165E-15,1.77635683940027E-15,1.));
#5697=DIRECTION('',(1.,0.,-3.28081325416165E-15));
#5698=DIRECTION('',(3.28081325416165E-15,1.77635683940027E-15,1.));
#5699=DIRECTION('',(1.,0.,-3.28081325416165E-15));
#5700=DIRECTION('',(-3.28081325416165E-15,-1.77635683940027E-15,-1.));
#5701=DIRECTION('',(-1.,0.,3.28081325416165E-15));
#5702=DIRECTION('',(3.28081325416165E-15,1.77635683940027E-15,1.));
#5703=DIRECTION('',(1.,0.,-3.28081325416165E-15));
#5704=DIRECTION('',(3.28081325416165E-15,1.77635683940027E-15,1.));
#5705=DIRECTION('',(1.,0.,-3.28081325416165E-15));
#5706=DIRECTION('',(3.28081325416165E-15,1.77635683940027E-15,1.));
#5707=DIRECTION('',(-3.28081325416165E-15,-1.77635683940027E-15,-1.));
#5708=DIRECTION('',(-1.,0.,3.28081325416165E-15));
#5709=DIRECTION('',(3.28081325416165E-15,1.77635683940027E-15,1.));
#5710=DIRECTION('',(-2.16840434497098E-15,-1.,1.77635683940027E-15));
#5711=DIRECTION('',(1.,-2.16840434497098E-15,0.));
#5712=DIRECTION('',(-1.,2.16840434497099E-15,3.28081325416165E-15));
#5713=DIRECTION('',(1.,-2.16840434497099E-15,-3.28081325416165E-15));
#5714=DIRECTION('',(3.28081325416165E-15,1.77635683940027E-15,1.));
#5715=DIRECTION('',(-2.16840434497098E-15,-1.,1.77635683940027E-15));
#5716=DIRECTION('',(1.,-2.16840434497098E-15,0.));
#5717=DIRECTION('',(-1.,2.16840434497099E-15,3.28081325416165E-15));
#5718=DIRECTION('',(3.28081325416165E-15,1.77635683940027E-15,1.));
#5719=DIRECTION('',(1.,-2.16840434497099E-15,-3.28081325416165E-15));
#5720=DIRECTION('',(3.28081325416165E-15,1.77635683940027E-15,1.));
#5721=DIRECTION('',(1.,0.,-3.28081325416165E-15));
#5722=DIRECTION('',(3.28081325416165E-15,1.77635683940027E-15,1.));
#5723=DIRECTION('',(1.,0.,-3.28081325416165E-15));
#5724=DIRECTION('',(-3.28081325416165E-15,-1.77635683940027E-15,-1.));
#5725=DIRECTION('',(-1.,0.,3.28081325416165E-15));
#5726=DIRECTION('',(-0.00558141437128572,-0.999984423785499,1.79464074873138E-15));
#5727=DIRECTION('',(0.999984423785499,-0.00558141437128572,0.));
#5728=DIRECTION('',(-3.28081325416165E-15,-1.77635683940027E-15,-1.));
#5729=DIRECTION('',(-3.28081325416165E-15,-1.77635683940027E-15,-1.));
#5730=DIRECTION('',(0.999984423785499,-0.00558141437128576,-3.27084756791871E-15));
#5731=DIRECTION('',(0.00558141437128576,0.999984423785499,0.));
#5732=DIRECTION('',(-0.00558141437128577,-0.999984423785499,1.79464074873138E-15));
#5733=DIRECTION('',(-3.28081325416165E-15,-1.77635683940027E-15,-1.));
#5734=DIRECTION('',(-3.28081325416165E-15,-1.77635683940027E-15,-1.));
#5735=DIRECTION('',(-0.00124818915199348,-0.999999221011617,1.78045053115249E-15));
#5736=DIRECTION('',(0.999999221011617,-0.00124818915199348,0.));
#5737=DIRECTION('',(0.999999221011617,-0.00124818915199572,-3.27859346910923E-15));
#5738=DIRECTION('',(-3.28081325416165E-15,-1.77635683940027E-15,-1.));
#5739=DIRECTION('',(-0.999999221011617,0.00124818915199348,3.27859346910923E-15));
#5740=DIRECTION('',(-0.999999221011617,0.00124818915199348,3.27859346910923E-15));
#5741=DIRECTION('',(3.28081325416165E-15,1.77635683940027E-15,1.));
#5742=DIRECTION('',(-2.17911715280063E-20,-1.78045189090432E-15,-1.));
#5743=DIRECTION('',(0.999999221011617,-0.00124818915199348,2.31505247698258E-18));
#5744=DIRECTION('',(-9.82853445578385E-20,1.78045204078264E-15,1.));
#5745=DIRECTION('',(-0.00124818915199348,-0.999999221011617,1.78045053115249E-15));
#5746=DIRECTION('',(-0.999999221011617,0.00124818915199348,3.27859346910904E-15));
#5747=DIRECTION('',(0.999999221011617,-0.00124818915199348,-5.39785574122856E-16));
#5748=DIRECTION('',(-0.00124818915199348,-0.999999221011617,1.78045053115249E-15));
#5749=DIRECTION('',(-0.999999221011617,0.00124818915199348,3.27859346910904E-15));
#5750=DIRECTION('',(9.82853445578385E-20,-1.78045204078264E-15,-1.));
#5751=DIRECTION('',(-0.999999221011617,0.00124818915199348,-2.31505247698222E-18));
#5752=DIRECTION('',(9.82853445578385E-20,-1.78045204078264E-15,-1.));
#5753=DIRECTION('',(0.999999221011617,-0.00124818915199348,0.));
#5754=DIRECTION('',(0.,0.,1.));
#5755=DIRECTION('',(-0.999999221011617,0.00124818915199348,2.80669087097482E-15));
#5756=DIRECTION('',(0.,0.,1.));
#5757=DIRECTION('',(0.,0.,1.));
#5758=DIRECTION('',(-0.999999221011617,0.00124818915199348,2.80669087097482E-15));
#5759=DIRECTION('',(0.,0.,1.));
#5760=DIRECTION('',(0.,0.,1.));
#5761=DIRECTION('',(-0.999999221011617,0.00124818915199348,2.80669087097482E-15));
#5762=DIRECTION('',(0.,0.,1.));
#5763=DIRECTION('',(-3.28428404916521E-15,4.09941091562685E-18,-1.));
#5764=DIRECTION('',(-3.28081325416165E-15,-1.77635683940027E-15,-1.));
#5765=DIRECTION('',(0.999999221011617,-0.001248189151996,-3.27859346910923E-15));
#5766=DIRECTION('',(-3.28081325416165E-15,0.,-1.));
#5767=DIRECTION('',(1.,-5.78988318862216E-30,-3.28081325416165E-15));
#5768=DIRECTION('',(-3.28081325416165E-15,0.,-1.));
#5769=DIRECTION('',(3.8011874202929E-32,-1.,1.77635683940027E-15));
#5770=DIRECTION('',(-3.28081325416165E-15,-1.77635683940027E-15,-1.));
#5771=DIRECTION('',(-3.28081325416165E-15,-1.77635683940027E-15,-1.));
#5772=DIRECTION('',(0.,1.,-1.77635683940027E-15));
#5773=DIRECTION('',(0.,1.77635683940027E-15,1.));
#5774=DIRECTION('',(-3.28081325416165E-15,-1.77635683940027E-15,-1.));
#5775=DIRECTION('',(-3.28081325416165E-15,-1.77635683940027E-15,-1.));
#5776=DIRECTION('',(-1.,0.,3.28081325416165E-15));
#5777=DIRECTION('',(-3.28081325416165E-15,-1.77635683940027E-15,-1.));
#5778=DIRECTION('',(-3.28081325416165E-15,-1.77635683940027E-15,-1.));
#5779=DIRECTION('',(3.28081325416171E-15,1.77635683939787E-15,1.));
#5780=DIRECTION('',(1.,0.,-3.28081325416171E-15));
#5781=DIRECTION('',(-3.28081325416165E-15,-1.77635683940027E-15,-1.));
#5782=DIRECTION('',(-3.28081325416165E-15,-1.77635683940027E-15,-1.));
#5783=DIRECTION('',(-4.31775426138044E-16,1.,-1.77635683940027E-15));
#5784=DIRECTION('',(0.,1.77635683940027E-15,1.));
#5785=DIRECTION('',(-3.28081325416165E-15,-1.77635683940027E-15,-1.));
#5786=DIRECTION('',(5.5734610673025E-15,-1.77635683940026E-15,-1.));
#5787=DIRECTION('',(-3.28081325416165E-15,-1.77635683940027E-15,-1.));
#5788=DIRECTION('',(-3.28081325416165E-15,-1.77635683940027E-15,-1.));
#5789=DIRECTION('',(-3.28081325416165E-15,-1.77635683940027E-15,-1.));
#5790=DIRECTION('',(-3.28081325416163E-15,-1.77635683939933E-15,-1.));
#5791=DIRECTION('',(-1.,0.,3.28081325416163E-15));
#5792=DIRECTION('',(-3.28081325416165E-15,-1.77635683940027E-15,-1.));
#5793=DIRECTION('',(-3.28081325416165E-15,-1.77635683940027E-15,-1.));
#5794=DIRECTION('',(-1.,0.,3.28081325416165E-15));
#5795=DIRECTION('',(-3.28081325416165E-15,-1.77635683940027E-15,-1.));
#5796=DIRECTION('',(-3.28081325416165E-15,-1.77635683940027E-15,-1.));
#5797=DIRECTION('',(0.00124818915199325,0.999999221011617,-1.78045053115249E-15));
#5798=DIRECTION('',(-0.999999221011617,0.00124818915199325,0.));
#5799=DIRECTION('',(0.999999221011617,-0.00124818915199325,-3.27859346910923E-15));
#5800=DIRECTION('',(0.999999221011617,-0.00124818915199325,-3.27859346910923E-15));
#5801=DIRECTION('',(-3.28081325416165E-15,-1.77635683940027E-15,-1.));
#5802=DIRECTION('',(-3.28081325416165E-15,-1.77635683940027E-15,-1.));
#5803=DIRECTION('',(-3.28081325416165E-15,-1.77635683940027E-15,-1.));
#5804=DIRECTION('',(-1.,0.,3.28081325416165E-15));
#5805=DIRECTION('',(-3.28081325416165E-15,-1.77635683940027E-15,-1.));
#5806=DIRECTION('',(-1.,0.,3.28081325416165E-15));
#5807=DIRECTION('',(-3.28081325416165E-15,-1.77635683940027E-15,-1.));
#5808=DIRECTION('',(-1.,0.,3.28081325416165E-15));
#5809=DIRECTION('',(-3.28081325416165E-15,-1.77635683940027E-15,-1.));
#5810=DIRECTION('',(-1.,0.,3.28081325416165E-15));
#5811=DIRECTION('',(0.366141443055131,0.930559210194336,-2.85424691676877E-15));
#5812=DIRECTION('',(-0.930559210194336,0.366141443055131,0.));
#5813=DIRECTION('',(-3.28081325416165E-15,-1.77635683940027E-15,-1.));
#5814=DIRECTION('',(0.930559210194336,-0.366141443055131,-2.40259313402891E-15));
#5815=DIRECTION('',(0.998148059137051,-0.0608313409431237,-3.16667921349836E-15));
#5816=DIRECTION('',(0.0608313409431237,0.998148059137051,0.));
#5817=DIRECTION('',(-3.28081325416165E-15,-1.77635683940027E-15,-1.));
#5818=DIRECTION('',(-0.0608313409431237,-0.998148059137051,1.97264340121683E-15));
#5819=DIRECTION('',(0.930381219882718,-0.366593488334893,-2.40120618733102E-15));
#5820=DIRECTION('',(0.366593488334893,0.930381219882718,0.));
#5821=DIRECTION('',(-3.28081325416165E-15,-1.77635683940027E-15,-1.));
#5822=DIRECTION('',(-0.366593488334893,-0.930381219882718,2.8554138186067E-15));
#5823=DIRECTION('',(-0.00558141437128778,-0.999984423785499,1.7946407487314E-15));
#5824=DIRECTION('',(0.999984423785499,-0.00558141437128778,0.));
#5825=DIRECTION('',(-0.999984423785499,0.00558141437128778,3.2708475679187E-15));
#5826=DIRECTION('',(-3.28081325416165E-15,-1.77635683940027E-15,-1.));
#5827=DIRECTION('',(1.,-5.82789506282509E-30,-3.28081325416165E-15));
#5828=DIRECTION('',(-3.28081325416165E-15,-1.77635683940027E-15,-1.));
#5829=DIRECTION('',(-1.,0.,3.28081325416165E-15));
#5830=DIRECTION('',(-0.530146209867692,0.847906242554518,2.3312665884559E-16));
#5831=DIRECTION('',(-0.847906242554518,-0.530146209867692,0.));
#5832=DIRECTION('',(0.847906242554518,0.530146209867692,-3.72355088463987E-15));
#5833=DIRECTION('',(-3.28081325416165E-15,-1.77635683940027E-15,-1.));
#5834=DIRECTION('',(-0.00558141437128794,-0.999984423785499,1.7946407487314E-15));
#5835=DIRECTION('',(0.999984423785499,-0.00558141437128794,0.));
#5836=DIRECTION('',(-3.28081325416165E-15,-1.77635683940027E-15,-1.));
#5837=DIRECTION('',(-0.999984423785499,0.00558141437128794,3.2708475679187E-15));
#5838=DIRECTION('',(-0.945405062810292,-0.325897633027104,3.68060794999159E-15));
#5839=DIRECTION('',(0.325897633027104,-0.945405062810292,0.));
#5840=DIRECTION('',(-3.28081325416165E-15,-1.77635683940027E-15,-1.));
#5841=DIRECTION('',(-0.325897633027104,0.945405062810292,-6.10167475391469E-16));
#5842=DIRECTION('',(-0.993417821368074,-0.11454707411501,3.46269483380226E-15));
#5843=DIRECTION('',(0.11454707411501,-0.993417821368074,0.));
#5844=DIRECTION('',(-3.28081325416165E-15,-1.77635683940027E-15,-1.));
#5845=DIRECTION('',(-0.11454707411501,0.993417821368074,-1.38885698238733E-15));
#5846=DIRECTION('',(-0.907101397298029,0.420912170197017,2.22834007480765E-15));
#5847=DIRECTION('',(-0.420912170197017,-0.907101397298029,0.));
#5848=DIRECTION('',(0.420912170197017,0.907101397298029,-2.99226999794021E-15));
#5849=DIRECTION('',(-3.28081325416165E-15,-1.77635683940027E-15,-1.));
#5850=DIRECTION('',(1.,-5.82789506282509E-30,-3.28081325416165E-15));
#5851=DIRECTION('',(-3.28081325416165E-15,-1.77635683940027E-15,-1.));
#5852=DIRECTION('',(-1.,0.,3.28081325416165E-15));
#5853=DIRECTION('',(-3.28081325416165E-15,-1.77635683940027E-15,-1.));
#5854=DIRECTION('',(-1.,0.,3.28081325416165E-15));
#5855=DIRECTION('',(3.28081325416165E-15,1.77635683940027E-15,1.));
#5856=DIRECTION('',(1.,-5.82789506282509E-30,-3.28081325416165E-15));
#5857=DIRECTION('',(1.,-2.16840434497099E-15,-3.28081325416165E-15));
#5858=DIRECTION('',(3.28081325416165E-15,1.77635683940027E-15,1.));
#5859=DIRECTION('',(1.,0.,-3.28081325416165E-15));
#5860=DIRECTION('',(1.,-2.16840434497099E-15,-3.28081325416165E-15));
#5861=DIRECTION('',(3.28081325416165E-15,1.77635683940027E-15,1.));
#5862=DIRECTION('',(1.,0.,-3.28081325416165E-15));
#5863=DIRECTION('',(-2.16840434497099E-15,-1.,1.77635683940027E-15));
#5864=DIRECTION('',(1.,-2.16840434497099E-15,0.));
#5865=DIRECTION('',(3.28081325416165E-15,1.77635683940027E-15,1.));
#5866=DIRECTION('',(3.28081325416165E-15,1.77635683940027E-15,1.));
#5867=DIRECTION('',(3.28081325416165E-15,1.77635683940027E-15,1.));
#5868=DIRECTION('',(1.,0.,-3.28081325416165E-15));
#5869=DIRECTION('',(3.28081325416165E-15,1.77635683940027E-15,1.));
#5870=DIRECTION('',(-2.16840434497099E-15,-1.,1.77635683940027E-15));
#5871=DIRECTION('',(1.,-2.16840434497099E-15,0.));
#5872=DIRECTION('',(3.28081325416165E-15,1.77635683940027E-15,1.));
#5873=DIRECTION('',(3.28081325416165E-15,1.77635683940027E-15,1.));
#5874=DIRECTION('',(1.,0.,-3.28081325416165E-15));
#5875=DIRECTION('',(3.28081325416165E-15,1.77635683940027E-15,1.));
#5876=DIRECTION('',(1.,-5.82789506282509E-30,-3.28081325416165E-15));
#5877=DIRECTION('',(1.,-1.62630325872825E-15,-3.28081325416165E-15));
#5878=DIRECTION('',(3.28081325416165E-15,1.77635683940027E-15,1.));
#5879=DIRECTION('',(1.,0.,-3.28081325416165E-15));
#5880=DIRECTION('',(1.,-2.16840434497099E-15,-3.28081325416165E-15));
#5881=DIRECTION('',(3.28081325416165E-15,1.77635683940027E-15,1.));
#5882=DIRECTION('',(1.,0.,-3.28081325416165E-15));
#5883=DIRECTION('',(-1.62630325872824E-15,-1.,1.77635683940027E-15));
#5884=DIRECTION('',(0.,-1.77635683940027E-15,-1.));
#5885=DIRECTION('',(3.28081325416165E-15,1.77635683940027E-15,1.));
#5886=DIRECTION('',(3.28081325416165E-15,1.77635683940027E-15,1.));
#5887=DIRECTION('',(3.28081325416165E-15,1.77635683940027E-15,1.));
#5888=DIRECTION('',(1.,0.,-3.28081325416165E-15));
#5889=DIRECTION('',(3.28081325416165E-15,1.77635683940027E-15,1.));
#5890=DIRECTION('',(-2.16840434497099E-15,-1.,1.77635683940027E-15));
#5891=DIRECTION('',(1.,-2.16840434497099E-15,0.));
#5892=DIRECTION('',(3.28081325416165E-15,1.77635683940027E-15,1.));
#5893=DIRECTION('',(3.28081325416165E-15,1.77635683940027E-15,1.));
#5894=DIRECTION('',(1.,0.,-3.28081325416165E-15));
#5895=DIRECTION('',(3.28081325416165E-15,1.77635683940027E-15,1.));
#5896=DIRECTION('',(1.,-5.82789506282509E-30,-3.28081325416165E-15));
#5897=DIRECTION('',(1.,-2.16840434497099E-15,-3.28081325416165E-15));
#5898=DIRECTION('',(3.28081325416165E-15,1.77635683940027E-15,1.));
#5899=DIRECTION('',(1.,0.,-3.28081325416165E-15));
#5900=DIRECTION('',(-1.,5.82789506282509E-30,3.28081325416165E-15));
#5901=DIRECTION('',(3.28081325416165E-15,1.77635683940027E-15,1.));
#5902=DIRECTION('',(1.,0.,-3.28081325416165E-15));
#5903=DIRECTION('',(-2.16840434497099E-15,-1.,1.77635683940027E-15));
#5904=DIRECTION('',(1.,-2.16840434497099E-15,0.));
#5905=DIRECTION('',(3.28081325416165E-15,1.77635683940027E-15,1.));
#5906=DIRECTION('',(3.28081325416165E-15,1.77635683940027E-15,1.));
#5907=DIRECTION('',(3.28081325416165E-15,1.77635683940027E-15,1.));
#5908=DIRECTION('',(1.,0.,-3.28081325416165E-15));
#5909=DIRECTION('',(3.28081325416165E-15,1.77635683940027E-15,1.));
#5910=DIRECTION('',(0.,1.,-1.77635683940027E-15));
#5911=DIRECTION('',(0.,1.77635683940027E-15,1.));
#5912=DIRECTION('',(3.28081325416165E-15,1.77635683940027E-15,1.));
#5913=DIRECTION('',(3.28081325416165E-15,1.77635683940027E-15,1.));
#5914=DIRECTION('',(1.,0.,-3.28081325416165E-15));
#5915=DIRECTION('',(3.28081325416165E-15,1.77635683940027E-15,1.));
#5916=DIRECTION('',(1.,-5.82789506282509E-30,-3.28081325416165E-15));
#5917=DIRECTION('',(3.28081325416165E-15,1.77635683940027E-15,1.));
#5918=DIRECTION('',(1.,0.,-3.28081325416165E-15));
#5919=DIRECTION('',(1.,-5.82789506282509E-30,-3.28081325416165E-15));
#5920=DIRECTION('',(3.28081325416165E-15,1.77635683940027E-15,1.));
#5921=DIRECTION('',(1.,0.,-3.28081325416165E-15));
#5922=DIRECTION('',(-1.,5.82789506282509E-30,3.28081325416165E-15));
#5923=DIRECTION('',(3.28081325416165E-15,1.77635683940027E-15,1.));
#5924=DIRECTION('',(1.,0.,-3.28081325416165E-15));
#5925=DIRECTION('',(3.28081325416165E-15,1.77635683940027E-15,1.));
#5926=DIRECTION('',(3.28081325416165E-15,1.77635683940027E-15,1.));
#5927=DIRECTION('',(0.,-1.,1.77635683940027E-15));
#5928=DIRECTION('',(0.,-1.77635683940027E-15,-1.));
#5929=DIRECTION('',(3.28081325416165E-15,1.77635683940027E-15,1.));
#5930=DIRECTION('',(3.28081325416165E-15,1.77635683940027E-15,1.));
#5931=DIRECTION('',(1.,0.,-3.28081325416165E-15));
#5932=DIRECTION('',(3.28081325416165E-15,1.77635683940027E-15,1.));
#5933=DIRECTION('',(0.,1.,-1.77635683940027E-15));
#5934=DIRECTION('',(0.,1.77635683940027E-15,1.));
#5935=DIRECTION('',(3.28081325416165E-15,1.77635683940027E-15,1.));
#5936=DIRECTION('',(1.,-5.82789506282509E-30,-3.28081325416165E-15));
#5937=DIRECTION('',(3.28081325416165E-15,1.77635683940027E-15,1.));
#5938=DIRECTION('',(1.,0.,-3.28081325416165E-15));
#5939=DIRECTION('',(-1.,5.82789506282509E-30,3.28081325416165E-15));
#5940=DIRECTION('',(3.28081325416165E-15,1.77635683940027E-15,1.));
#5941=DIRECTION('',(1.,0.,-3.28081325416165E-15));
#5942=DIRECTION('',(1.,-5.82789506282509E-30,-3.28081325416165E-15));
#5943=DIRECTION('',(3.28081325416165E-15,1.77635683940027E-15,1.));
#5944=DIRECTION('',(1.,0.,-3.28081325416165E-15));
#5945=DIRECTION('',(3.28081325416165E-15,1.77635683940027E-15,1.));
#5946=DIRECTION('',(3.28081325416165E-15,1.77635683940027E-15,1.));
#5947=DIRECTION('',(0.,1.,-1.77635683940027E-15));
#5948=DIRECTION('',(0.,1.77635683940027E-15,1.));
#5949=DIRECTION('',(3.28081325416165E-15,1.77635683940027E-15,1.));
#5950=DIRECTION('',(3.28081325416165E-15,1.77635683940027E-15,1.));
#5951=DIRECTION('',(1.,0.,-3.28081325416165E-15));
#5952=DIRECTION('',(3.28081325416165E-15,1.77635683940027E-15,1.));
#5953=DIRECTION('',(0.,-1.,1.77635683940027E-15));
#5954=DIRECTION('',(0.,-1.77635683940027E-15,-1.));
#5955=DIRECTION('',(3.28081325416165E-15,1.77635683940027E-15,1.));
#5956=DIRECTION('',(1.,-5.82789506282509E-30,-3.28081325416165E-15));
#5957=DIRECTION('',(1.,-5.82789506282509E-30,-3.28081325416165E-15));
#5958=DIRECTION('',(3.28081325416165E-15,1.77635683940027E-15,1.));
#5959=DIRECTION('',(1.,0.,-3.28081325416165E-15));
#5960=DIRECTION('',(1.,-5.82789506282509E-30,-3.28081325416165E-15));
#5961=DIRECTION('',(3.28081325416165E-15,1.77635683940027E-15,1.));
#5962=DIRECTION('',(1.,0.,-3.28081325416165E-15));
#5963=DIRECTION('',(0.,-1.,1.77635683940027E-15));
#5964=DIRECTION('',(0.,-1.77635683940027E-15,-1.));
#5965=DIRECTION('',(3.28081325416165E-15,1.77635683940027E-15,1.));
#5966=DIRECTION('',(3.28081325416165E-15,1.77635683940027E-15,1.));
#5967=DIRECTION('',(3.28081325416165E-15,1.77635683940027E-15,1.));
#5968=DIRECTION('',(1.,0.,-3.28081325416165E-15));
#5969=DIRECTION('',(3.28081325416165E-15,1.77635683940027E-15,1.));
#5970=DIRECTION('',(0.,-1.,1.77635683940027E-15));
#5971=DIRECTION('',(0.,-1.77635683940027E-15,-1.));
#5972=DIRECTION('',(3.28081325416165E-15,1.77635683940027E-15,1.));
#5973=DIRECTION('',(3.28081325416165E-15,1.77635683940027E-15,1.));
#5974=DIRECTION('',(1.,0.,-3.28081325416165E-15));
#5975=DIRECTION('',(3.28081325416165E-15,1.77635683940027E-15,1.));
#5976=DIRECTION('',(1.,-5.82789506282509E-30,-3.28081325416165E-15));
#5977=DIRECTION('',(3.28081325416165E-15,1.77635683940027E-15,1.));
#5978=DIRECTION('',(1.,0.,-3.28081325416165E-15));
#5979=DIRECTION('',(-1.,5.82789506282509E-30,3.28081325416165E-15));
#5980=DIRECTION('',(3.28081325416165E-15,1.77635683940027E-15,1.));
#5981=DIRECTION('',(1.,0.,-3.28081325416165E-15));
#5982=DIRECTION('',(1.,-5.82789506282509E-30,-3.28081325416165E-15));
#5983=DIRECTION('',(3.28081325416165E-15,1.77635683940027E-15,1.));
#5984=DIRECTION('',(1.,0.,-3.28081325416165E-15));
#5985=DIRECTION('',(3.28081325416165E-15,1.77635683940027E-15,1.));
#5986=DIRECTION('',(3.28081325416165E-15,1.77635683940027E-15,1.));
#5987=DIRECTION('',(0.,1.,-1.77635683940027E-15));
#5988=DIRECTION('',(0.,1.77635683940027E-15,1.));
#5989=DIRECTION('',(3.28081325416165E-15,1.77635683940027E-15,1.));
#5990=DIRECTION('',(3.28081325416165E-15,1.77635683940027E-15,1.));
#5991=DIRECTION('',(1.,0.,-3.28081325416165E-15));
#5992=DIRECTION('',(3.28081325416165E-15,1.77635683940027E-15,1.));
#5993=DIRECTION('',(0.,-1.,1.77635683940027E-15));
#5994=DIRECTION('',(0.,-1.77635683940027E-15,-1.));
#5995=DIRECTION('',(3.28081325416165E-15,1.77635683940027E-15,1.));
#5996=DIRECTION('',(1.,-5.82789506282509E-30,-3.28081325416165E-15));
#5997=DIRECTION('',(3.28081325416165E-15,1.77635683940027E-15,1.));
#5998=DIRECTION('',(1.,0.,-3.28081325416165E-15));
#5999=DIRECTION('',(-1.,5.82789506282509E-30,3.28081325416165E-15));
#6000=DIRECTION('',(3.28081325416165E-15,1.77635683940027E-15,1.));
#6001=DIRECTION('',(1.,0.,-3.28081325416165E-15));
#6002=DIRECTION('',(1.,-2.16840434497099E-15,-3.28081325416165E-15));
#6003=DIRECTION('',(3.28081325416165E-15,1.77635683940027E-15,1.));
#6004=DIRECTION('',(1.,0.,-3.28081325416165E-15));
#6005=DIRECTION('',(3.28081325416165E-15,1.77635683940027E-15,1.));
#6006=DIRECTION('',(3.28081325416165E-15,1.77635683940027E-15,1.));
#6007=DIRECTION('',(0.,1.,-1.77635683940027E-15));
#6008=DIRECTION('',(0.,1.77635683940027E-15,1.));
#6009=DIRECTION('',(3.28081325416165E-15,1.77635683940027E-15,1.));
#6010=DIRECTION('',(3.28081325416165E-15,1.77635683940027E-15,1.));
#6011=DIRECTION('',(1.,0.,-3.28081325416165E-15));
#6012=DIRECTION('',(3.28081325416165E-15,1.77635683940027E-15,1.));
#6013=DIRECTION('',(-2.16840434497099E-15,-1.,1.77635683940027E-15));
#6014=DIRECTION('',(1.,-2.16840434497099E-15,0.));
#6015=DIRECTION('',(3.28081325416165E-15,1.77635683940027E-15,1.));
#6016=DIRECTION('',(1.,-5.82789506282509E-30,-3.28081325416165E-15));
#6017=DIRECTION('',(3.28081325416165E-15,1.77635683940027E-15,1.));
#6018=DIRECTION('',(1.,0.,-3.28081325416165E-15));
#6019=DIRECTION('',(1.,-5.82789506282509E-30,-3.28081325416165E-15));
#6020=DIRECTION('',(3.28081325416165E-15,1.77635683940027E-15,1.));
#6021=DIRECTION('',(1.,0.,-3.28081325416165E-15));
#6022=DIRECTION('',(-1.,5.82789506282509E-30,3.28081325416165E-15));
#6023=DIRECTION('',(3.28081325416165E-15,1.77635683940027E-15,1.));
#6024=DIRECTION('',(1.,0.,-3.28081325416165E-15));
#6025=DIRECTION('',(3.28081325416165E-15,1.77635683940027E-15,1.));
#6026=DIRECTION('',(3.28081325416165E-15,1.77635683940027E-15,1.));
#6027=DIRECTION('',(0.,-1.,1.77635683940027E-15));
#6028=DIRECTION('',(0.,-1.77635683940027E-15,-1.));
#6029=DIRECTION('',(3.28081325416165E-15,1.77635683940027E-15,1.));
#6030=DIRECTION('',(3.28081325416165E-15,1.77635683940027E-15,1.));
#6031=DIRECTION('',(1.,0.,-3.28081325416165E-15));
#6032=DIRECTION('',(3.28081325416165E-15,1.77635683940027E-15,1.));
#6033=DIRECTION('',(0.,1.,-1.77635683940027E-15));
#6034=DIRECTION('',(0.,1.77635683940027E-15,1.));
#6035=DIRECTION('',(3.28081325416165E-15,1.77635683940027E-15,1.));
#6036=DIRECTION('',(1.,-5.82789506282509E-30,-3.28081325416165E-15));
#6037=DIRECTION('',(3.28081325416165E-15,1.77635683940027E-15,1.));
#6038=DIRECTION('',(1.,0.,-3.28081325416165E-15));
#6039=DIRECTION('',(1.,-2.16840434497099E-15,-3.28081325416165E-15));
#6040=DIRECTION('',(3.28081325416165E-15,1.77635683940027E-15,1.));
#6041=DIRECTION('',(1.,0.,-3.28081325416165E-15));
#6042=DIRECTION('',(-1.,2.16840434497099E-15,3.28081325416165E-15));
#6043=DIRECTION('',(3.28081325416165E-15,1.77635683940027E-15,1.));
#6044=DIRECTION('',(1.,0.,-3.28081325416165E-15));
#6045=DIRECTION('',(3.28081325416165E-15,1.77635683940027E-15,1.));
#6046=DIRECTION('',(3.28081325416165E-15,1.77635683940027E-15,1.));
#6047=DIRECTION('',(-2.16840434497099E-15,-1.,1.77635683940027E-15));
#6048=DIRECTION('',(1.,-2.16840434497099E-15,0.));
#6049=DIRECTION('',(3.28081325416165E-15,1.77635683940027E-15,1.));
#6050=DIRECTION('',(3.28081325416165E-15,1.77635683940027E-15,1.));
#6051=DIRECTION('',(1.,0.,-3.28081325416165E-15));
#6052=DIRECTION('',(3.28081325416165E-15,1.77635683940027E-15,1.));
#6053=DIRECTION('',(2.16840434497099E-15,1.,-1.77635683940027E-15));
#6054=DIRECTION('',(-1.,2.16840434497099E-15,0.));
#6055=DIRECTION('',(3.28081325416165E-15,1.77635683940027E-15,1.));
#6056=DIRECTION('',(1.,-5.82789506282509E-30,-3.28081325416165E-15));
#6057=DIRECTION('',(1.,-5.82789506282509E-30,-3.28081325416165E-15));
#6058=DIRECTION('',(3.28081325416165E-15,1.77635683940027E-15,1.));
#6059=DIRECTION('',(1.,0.,-3.28081325416165E-15));
#6060=DIRECTION('',(-1.,5.82789506282509E-30,3.28081325416165E-15));
#6061=DIRECTION('',(3.28081325416165E-15,1.77635683940027E-15,1.));
#6062=DIRECTION('',(1.,0.,-3.28081325416165E-15));
#6063=DIRECTION('',(0.,-1.,1.77635683940027E-15));
#6064=DIRECTION('',(0.,-1.77635683940027E-15,-1.));
#6065=DIRECTION('',(3.28081325416165E-15,1.77635683940027E-15,1.));
#6066=DIRECTION('',(3.28081325416165E-15,1.77635683940027E-15,1.));
#6067=DIRECTION('',(3.28081325416165E-15,1.77635683940027E-15,1.));
#6068=DIRECTION('',(1.,0.,-3.28081325416165E-15));
#6069=DIRECTION('',(3.28081325416165E-15,1.77635683940027E-15,1.));
#6070=DIRECTION('',(0.,1.,-1.77635683940027E-15));
#6071=DIRECTION('',(0.,1.77635683940027E-15,1.));
#6072=DIRECTION('',(3.28081325416165E-15,1.77635683940027E-15,1.));
#6073=DIRECTION('',(3.28081325416165E-15,1.77635683940027E-15,1.));
#6074=DIRECTION('',(1.,0.,-3.28081325416165E-15));
#6075=DIRECTION('',(3.50302201876584E-15,6.72133103638625E-15,0.999999999999974));
#6076=DIRECTION('',(1.00000000000002,-2.21463463426468E-15,-3.64401105505419E-16));
#6077=DIRECTION('',(3.50302201876584E-15,6.72133103638625E-15,0.999999999999974));
#6078=DIRECTION('',(0.,-1.,6.72133103638642E-15));
#6079=DIRECTION('',(3.50302201876584E-15,6.72133103638625E-15,0.999999999999974));
#6080=DIRECTION('',(0.,-1.,6.72133103638642E-15));
#6081=DIRECTION('',(3.28081325416165E-15,1.77635683940027E-15,1.));
#6082=DIRECTION('',(1.,0.,-3.28081325416165E-15));
#6083=DIRECTION('',(3.28081325416165E-15,1.77635683940027E-15,1.));
#6084=DIRECTION('',(1.,0.,-3.28081325416165E-15));
#6085=DIRECTION('',(3.50302201876584E-15,6.72133103638625E-15,0.999999999999974));
#6086=DIRECTION('',(1.00000000000002,-2.21463463426468E-15,-3.64401105505419E-16));
#6087=DIRECTION('',(3.50302201876584E-15,6.72133103638625E-15,0.999999999999974));
#6088=DIRECTION('',(0.,-1.,6.72133103638642E-15));
#6089=DIRECTION('',(3.50302201876584E-15,6.72133103638625E-15,0.999999999999974));
#6090=DIRECTION('',(0.,-1.,6.72133103638642E-15));
#6091=DIRECTION('',(3.28081325416165E-15,1.77635683940027E-15,1.));
#6092=DIRECTION('',(1.,0.,-3.28081325416165E-15));
#6093=DIRECTION('',(3.28081325416165E-15,1.77635683940027E-15,1.));
#6094=DIRECTION('',(1.,0.,-3.28081325416165E-15));
#6095=DIRECTION('',(3.50302201876584E-15,6.72133103638625E-15,0.999999999999974));
#6096=DIRECTION('',(1.00000000000002,-2.21463463426468E-15,-3.64401105505419E-16));
#6097=DIRECTION('',(3.50302201876584E-15,6.72133103638625E-15,0.999999999999974));
#6098=DIRECTION('',(0.,-1.,6.72133103638642E-15));
#6099=DIRECTION('',(3.50302201876584E-15,6.72133103638625E-15,0.999999999999974));
#6100=DIRECTION('',(0.,-1.,6.72133103638642E-15));
#6101=DIRECTION('',(3.28081325416165E-15,1.77635683940027E-15,1.));
#6102=DIRECTION('',(1.,0.,-3.28081325416165E-15));
#6103=DIRECTION('',(3.28081325416165E-15,1.77635683940027E-15,1.));
#6104=DIRECTION('',(1.,0.,-3.28081325416165E-15));
#6105=DIRECTION('',(-0.999999930841744,-0.000371909272580843,2.16955100451536E-16));
#6106=DIRECTION('',(0.000371909272580843,-0.999999930841744,0.));
#6107=DIRECTION('',(-2.15105711015403E-16,-4.97272977260176E-15,-1.));
#6108=DIRECTION('',(-0.000371909272580843,0.999999930841744,-4.97264942888793E-15));
#6109=DIRECTION('',(-2.15105711015403E-16,-4.97272977260176E-15,-1.));
#6110=DIRECTION('',(0.366141443055132,0.930559210194336,-4.70617860514273E-15));
#6111=DIRECTION('',(-0.930559210194336,0.366141443055132,0.));
#6112=DIRECTION('',(-2.15105711015403E-16,-4.97272977260176E-15,-1.));
#6113=DIRECTION('',(0.930559210194336,-0.366141443055132,1.62055385431285E-15));
#6114=DIRECTION('',(0.,-1.,4.97272977260176E-15));
#6115=DIRECTION('',(0.,-4.97272977260176E-15,-1.));
#6116=DIRECTION('',(-1.,1.06966257342296E-30,2.15105711015403E-16));
#6117=DIRECTION('',(-2.15105711015403E-16,-4.97272977260176E-15,-1.));
#6118=DIRECTION('',(1.,-1.14815054373877E-30,-2.15105711015403E-16));
#6119=DIRECTION('',(-2.15105711015403E-16,0.,-1.));
#6120=DIRECTION('',(-7.84879703158089E-32,-1.,4.97272977260176E-15));
#6121=DIRECTION('',(-2.15105711015403E-16,-4.97272977260176E-15,-1.));
#6122=DIRECTION('',(0.,1.,-4.97272977260176E-15));
#6123=DIRECTION('',(0.,4.97272977260176E-15,1.));
#6124=DIRECTION('',(1.,-1.06966257342296E-30,-2.15105711015403E-16));
#6125=DIRECTION('',(-2.15105711015403E-16,-4.97272977260176E-15,-1.));
#6126=DIRECTION('',(1.,0.,-2.15105711015403E-16));
#6127=DIRECTION('',(-2.15105711015403E-16,0.,-1.));
#6128=DIRECTION('',(1.06966257342296E-30,-1.,4.97272977260176E-15));
#6129=DIRECTION('',(-2.15105711015403E-16,-4.97272977260176E-15,-1.));
#6130=DIRECTION('',(-0.339882911457913,-0.940467759414905,4.74980278274571E-15));
#6131=DIRECTION('',(0.940467759414905,-0.339882911457913,0.));
#6132=DIRECTION('',(-0.940467759414906,0.339882911457913,-1.48784588692933E-15));
#6133=DIRECTION('',(2.15105711015403E-16,4.97272977260176E-15,1.));
#6134=DIRECTION('',(1.,-1.06966257342296E-30,-2.15105711015403E-16));
#6135=DIRECTION('',(-0.354555716813438,0.935034889014795,-4.57340887146553E-15));
#6136=DIRECTION('',(-0.935034889014795,-0.354555716813438,0.));
#6137=DIRECTION('',(-2.15105711015403E-16,-4.97272977260176E-15,-1.));
#6138=DIRECTION('',(0.935034889014795,0.354555716813438,-1.96424111367008E-15));
#6139=DIRECTION('',(-2.15105711015403E-16,-4.97272977260176E-15,-1.));
#6140=DIRECTION('',(-1.,-2.13867323487596E-15,2.15105711015414E-16));
#6141=DIRECTION('',(2.13867323487596E-15,-1.,0.));
#6142=DIRECTION('',(-2.13867323487598E-15,1.,-4.37150315946297E-16));
#6143=DIRECTION('',(-2.15105711015403E-16,-4.97272977260176E-15,-1.));
#6144=DIRECTION('',(3.15404268359421E-15,-1.,4.97272977260176E-15));
#6145=DIRECTION('',(0.,-4.97272977260176E-15,-1.));
#6146=DIRECTION('',(-2.15105711015403E-16,-4.97272977260176E-15,-1.));
#6147=DIRECTION('',(-1.,-3.15404268359421E-15,2.15105711015419E-16));
#6148=DIRECTION('',(1.,2.13867323487596E-15,-2.15105711015414E-16));
#6149=DIRECTION('',(-2.13867323487596E-15,1.,0.));
#6150=DIRECTION('',(-2.15105711015403E-16,-4.97272977260176E-15,-1.));
#6151=DIRECTION('',(2.13867323487598E-15,-1.,4.37150315946297E-16));
#6152=DIRECTION('',(2.22044604927096E-16,1.,-4.97272977260176E-15));
#6153=DIRECTION('',(0.,4.97272977260176E-15,1.));
#6154=DIRECTION('',(-2.15105711015403E-16,-4.97272977260176E-15,-1.));
#6155=DIRECTION('',(1.00000000000002,-2.22044604927086E-16,2.92351520224488E-15));
#6156=DIRECTION('',(1.,2.13867323487596E-15,-2.15105711015414E-16));
#6157=DIRECTION('',(-2.13867323487596E-15,1.,0.));
#6158=DIRECTION('',(-2.15105711015403E-16,-4.97272977260176E-15,-1.));
#6159=DIRECTION('',(2.13867323487598E-15,-1.,4.37150315946297E-16));
#6160=DIRECTION('',(0.,1.,-4.97272977260176E-15));
#6161=DIRECTION('',(0.,4.97272977260176E-15,1.));
#6162=DIRECTION('',(-2.15105711015403E-16,-4.97272977260176E-15,-1.));
#6163=DIRECTION('',(1.,-1.06966257342296E-30,-2.15105711015403E-16));
#6164=DIRECTION('',(-0.530146209867697,0.847906242554515,-4.10237113931002E-15));
#6165=DIRECTION('',(-0.847906242554515,-0.530146209867697,0.));
#6166=DIRECTION('',(-2.15105711015403E-16,-4.97272977260176E-15,-1.));
#6167=DIRECTION('',(0.847906242554515,0.530146209867697,-2.81866331682017E-15));
#6168=DIRECTION('',(-1.,-2.13867323487596E-15,2.15105711015414E-16));
#6169=DIRECTION('',(2.13867323487596E-15,-1.,0.));
#6170=DIRECTION('',(-2.13867323487598E-15,1.,-4.37150315946297E-16));
#6171=DIRECTION('',(2.15105711015403E-16,4.97272977260176E-15,1.));
#6172=DIRECTION('',(1.,-1.06966257342296E-30,-2.15105711015403E-16));
#6173=DIRECTION('',(-1.,6.25130146776049E-30,3.28081325416165E-15));
#6174=DIRECTION('',(3.28081325416165E-15,0.,1.));
#6175=DIRECTION('',(3.28081325416165E-15,1.77635683940027E-15,1.));
#6176=DIRECTION('',(1.04579000588541E-29,-1.,1.77635683940027E-15));
#6177=DIRECTION('',(0.,-1.77635683940027E-15,-1.));
#6178=DIRECTION('',(-2.37037531616892E-31,1.77635683940027E-15,1.));
#6179=DIRECTION('',(0.,0.,1.));
#6180=DIRECTION('',(1.,0.,0.));
#6181=DIRECTION('',(1.33440267382831E-16,-1.,0.));
#6182=DIRECTION('',(-1.,-1.33440267382831E-16,0.));
#6183=DIRECTION('',(1.33440267382831E-16,-1.,0.));
#6184=DIRECTION('',(-0.000998551601624524,-0.999999501447225,0.));
#6185=DIRECTION('',(0.999999501447225,-0.000998551601624246,0.));
#6186=DIRECTION('',(-0.000998551601623123,-0.999999501447225,0.));
#6187=DIRECTION('',(0.999999501447225,-0.000998551601620597,0.));
#6188=DIRECTION('',(-0.000998551601624909,-0.999999501447225,0.));
#6189=DIRECTION('',(-5.52024666527284E-5,0.999999998476344,-1.77617572770945E-15));
#6190=DIRECTION('',(-5.13581318503264E-30,1.,-1.77635683940027E-15));
#6191=DIRECTION('',(0.,1.77635683940027E-15,1.));
#6192=DIRECTION('',(-2.37037531616892E-31,1.77635683940027E-15,1.));
#6193=DIRECTION('',(-0.999998099954152,-0.00194938146234893,3.28426981755929E-15));
#6194=DIRECTION('',(0.00194938146234893,-0.999998099954152,0.));
#6195=DIRECTION('',(-1.,-1.33440267382831E-16,0.));
#6196=DIRECTION('',(1.33440267382831E-16,-1.,0.));
#6197=DIRECTION('',(2.81249289978338E-15,4.64660175912105E-15,0.999999999999966));
#6198=DIRECTION('',(1.00000000000002,-5.49907341889085E-16,2.81249289978331E-15));
#6199=DIRECTION('',(0.,1.,-4.64660175912121E-15));
#6200=DIRECTION('',(-1.,0.,2.81249289978348E-15));
#6201=DIRECTION('',(0.,1.,-4.64660175912121E-15));
#6202=DIRECTION('',(0.,1.,-4.64660175912121E-15));
#6203=DIRECTION('',(1.,0.,-2.81249289978348E-15));
#6204=DIRECTION('',(0.,1.,-4.64660175912121E-15));
#6205=DIRECTION('',(-1.,0.,0.));
#6206=DIRECTION('',(0.,0.,1.));
#6207=DIRECTION('',(0.,0.,1.));
#6208=DIRECTION('',(0.,1.,0.));
#6209=DIRECTION('',(0.,0.,1.));
#6210=DIRECTION('',(0.,0.,1.));
#6211=DIRECTION('',(-1.,0.,0.));
#6212=DIRECTION('',(0.,0.,1.));
#6213=DIRECTION('',(0.,0.,1.));
#6214=DIRECTION('',(-1.,0.,0.));
#6215=DIRECTION('',(0.,0.,1.));
#6216=DIRECTION('',(0.,0.,1.));
#6217=DIRECTION('',(0.,0.,1.));
#6218=DIRECTION('',(0.,-1.,0.));
#6219=DIRECTION('',(0.,0.,-1.));
#6220=DIRECTION('',(0.,0.,1.));
#6221=DIRECTION('',(-1.,0.,0.));
#6222=DIRECTION('',(0.,0.,1.));
#6223=DIRECTION('',(2.81249289978338E-15,4.64660175912105E-15,0.999999999999966));
#6224=DIRECTION('',(1.00000000000002,-5.49907341889085E-16,2.81249289978331E-15));
#6225=DIRECTION('',(0.,1.,-4.64660175912121E-15));
#6226=DIRECTION('',(-1.,0.,2.81249289978348E-15));
#6227=DIRECTION('',(0.,1.,-4.64660175912121E-15));
#6228=DIRECTION('',(0.,1.,-4.64660175912121E-15));
#6229=DIRECTION('',(1.,0.,-2.81249289978348E-15));
#6230=DIRECTION('',(0.0012481891519989,0.999999221011617,-4.6501086626E-15));
#6231=DIRECTION('',(-0.999999221011617,0.0012481891519989,0.));
#6232=DIRECTION('',(-0.0012481891519989,-0.999999221011617,0.));
#6233=DIRECTION('',(0.,0.,1.));
#6234=DIRECTION('',(0.,1.,0.));
#6235=DIRECTION('',(0.,0.,1.));
#6236=DIRECTION('',(0.,0.,1.));
#6237=DIRECTION('',(-1.,0.,0.));
#6238=DIRECTION('',(0.,0.,1.));
#6239=DIRECTION('',(0.,0.,1.));
#6240=DIRECTION('',(-1.,0.,0.));
#6241=DIRECTION('',(0.,0.,1.));
#6242=DIRECTION('',(0.,0.,1.));
#6243=DIRECTION('',(0.,0.,1.));
#6244=DIRECTION('',(0.,-1.,0.));
#6245=DIRECTION('',(0.,0.,-1.));
#6246=DIRECTION('',(0.,0.,1.));
#6247=DIRECTION('',(-1.,0.,0.));
#6248=DIRECTION('',(0.,0.,1.));
#6249=DIRECTION('',(2.81249289978338E-15,4.64660175912105E-15,0.999999999999966));
#6250=DIRECTION('',(1.00000000000002,-5.49907341889085E-16,2.81249289978331E-15));
#6251=DIRECTION('',(0.000998551601623123,0.999999501447225,-4.64940786183464E-15));
#6252=DIRECTION('',(-0.999999501447225,0.000998551601624246,2.80785162597866E-15));
#6253=DIRECTION('',(0.,1.,-4.64660175912121E-15));
#6254=DIRECTION('',(0.999999501447225,-0.000998551601620601,-2.80785162597868E-15));
#6255=DIRECTION('',(0.00124818915199159,0.999999221011617,-4.65010866259998E-15));
#6256=DIRECTION('',(0.000998551601624909,0.999999501447225,-4.64940786183464E-15));
#6257=DIRECTION('',(-0.999999501447225,0.000998551601620597,2.80785162597868E-15));
#6258=DIRECTION('',(-0.000998551601620597,-0.999999501447225,0.));
#6259=DIRECTION('',(0.999999501447225,-0.000998551601620597,0.));
#6260=DIRECTION('',(0.,0.,1.));
#6261=DIRECTION('',(0.,0.,1.));
#6262=DIRECTION('',(-0.999999501447225,0.000998551601624909,0.));
#6263=DIRECTION('',(-0.000998551601624909,-0.999999501447225,0.));
#6264=DIRECTION('',(-0.999999221011617,0.00124818915199159,0.));
#6265=DIRECTION('',(-0.00124818915199159,-0.999999221011617,0.));
#6266=DIRECTION('',(0.,0.,1.));
#6267=DIRECTION('',(0.000998551601620601,0.999999501447225,0.));
#6268=DIRECTION('',(-0.999999501447225,0.000998551601620601,0.));
#6269=DIRECTION('',(0.,0.,1.));
#6270=DIRECTION('',(-1.,0.,0.));
#6271=DIRECTION('',(0.,0.,1.));
#6272=DIRECTION('',(0.,0.,1.));
#6273=DIRECTION('',(0.,0.,1.));
#6274=DIRECTION('',(-0.000998551601624246,-0.999999501447225,0.));
#6275=DIRECTION('',(0.999999501447225,-0.000998551601624246,0.));
#6276=DIRECTION('',(0.,0.,1.));
#6277=DIRECTION('',(0.999999501447225,-0.000998551601624246,0.));
#6278=DIRECTION('',(-0.999999501447225,0.000998551601623123,0.));
#6279=DIRECTION('',(-0.000998551601623123,-0.999999501447225,0.));
#6280=DIRECTION('',(0.,0.,1.));
#6281=DIRECTION('',(-0.000998551601624246,-0.999999501447225,0.));
#6282=DIRECTION('',(0.999999501447225,-0.000998551601624246,0.));
#6283=DIRECTION('',(0.999999501447225,-0.000998551601624246,0.));
#6284=DIRECTION('',(0.,0.,1.));
#6285=DIRECTION('',(-0.000998551601624246,-0.999999501447225,0.));
#6286=DIRECTION('',(0.999999501447225,-0.000998551601624246,0.));
#6287=DIRECTION('',(0.999999501447225,-0.000998551601624246,0.));
#6288=DIRECTION('',(0.,0.,1.));
#6289=DIRECTION('',(-0.999999501447225,0.000998551601624524,0.));
#6290=DIRECTION('',(-0.000998551601624524,-0.999999501447225,0.));
#6291=DIRECTION('',(-0.000998551601624524,-0.999999501447225,0.));
#6292=DIRECTION('',(-1.,0.,0.));
#6293=DIRECTION('',(0.,0.,1.));
#6294=DIRECTION('',(0.,-1.,0.));
#6295=DIRECTION('',(0.,0.,-1.));
#6296=DIRECTION('',(1.,0.,0.));
#6297=DIRECTION('',(0.,1.,0.));
#6298=DIRECTION('',(0.,0.,1.));
#6299=DIRECTION('',(-1.,0.,0.));
#6300=DIRECTION('',(0.,0.,1.));
#6301=DIRECTION('',(-1.,0.,0.));
#6302=DIRECTION('',(0.,0.,1.));
#6303=DIRECTION('',(0.,0.,1.));
#6304=DIRECTION('',(0.,-1.,0.));
#6305=DIRECTION('',(0.,1.,0.));
#6306=DIRECTION('',(0.,0.,1.));
#6307=DIRECTION('',(-1.,0.,0.));
#6308=DIRECTION('',(-1.,0.,0.));
#6309=DIRECTION('',(0.,0.,1.));
#6310=DIRECTION('',(0.,-1.,0.));
#6311=DIRECTION('',(0.,0.,-1.));
#6312=DIRECTION('',(1.,0.,0.));
#6313=DIRECTION('',(0.,1.,0.));
#6314=DIRECTION('',(0.,0.,1.));
#6315=DIRECTION('',(-1.,0.,0.));
#6316=DIRECTION('',(0.,0.,1.));
#6317=DIRECTION('',(-1.,0.,0.));
#6318=DIRECTION('',(0.,0.,1.));
#6319=DIRECTION('',(0.,0.,1.));
#6320=DIRECTION('',(0.,-1.,0.));
#6321=DIRECTION('',(0.,1.,0.));
#6322=DIRECTION('',(0.,0.,1.));
#6323=DIRECTION('',(-1.,0.,0.));
#6324=DIRECTION('',(-1.,0.,0.));
#6325=DIRECTION('',(0.,0.,1.));
#6326=DIRECTION('',(0.,-1.,0.));
#6327=DIRECTION('',(0.,0.,-1.));
#6328=DIRECTION('',(1.,0.,0.));
#6329=DIRECTION('',(0.999999998476344,5.52024666527284E-5,1.20100412988321E-35));
#6330=DIRECTION('',(-5.52024666527284E-5,0.999999998476344,0.));
#6331=DIRECTION('',(-5.52024666527284E-5,0.999999998476344,-1.77617572770945E-15));
#6332=DIRECTION('',(9.80492813783655E-20,-1.77617572500317E-15,-1.));
#6333=DIRECTION('',(0.,1.,-1.77617572500317E-15));
#6334=DIRECTION('',(-5.52024666527284E-5,0.999999998476344,-1.77617572770945E-15));
#6335=DIRECTION('',(0.999999998476344,5.52024666527284E-5,1.20100412988321E-35));
#6336=DIRECTION('',(-5.52024666527284E-5,0.999999998476344,0.));
#6337=DIRECTION('',(-5.52024666527284E-5,0.999999998476344,-1.77617572770945E-15));
#6338=DIRECTION('',(-5.52024666527284E-5,0.999999998476344,-1.77617572770945E-15));
#6339=DIRECTION('',(-0.999999998476344,-5.52024666527284E-5,0.));
#6340=DIRECTION('',(-5.52024666527284E-5,0.999999998476344,-1.77617572770945E-15));
#6341=DIRECTION('',(5.42003036961365E-16,1.77620565032035E-15,1.));
#6342=DIRECTION('',(0.,-1.,1.77620565032035E-15));
#6343=DIRECTION('',(-5.52024666527284E-5,0.999999998476344,-1.77617572770945E-15));
#6344=DIRECTION('',(-5.52024666527284E-5,0.999999998476344,-1.77617572770945E-15));
#6345=DIRECTION('',(-0.999999998476344,-5.52024666527284E-5,0.));
#6346=DIRECTION('',(-5.52024666527284E-5,0.999999998476344,-1.77617572770945E-15));
#6347=DIRECTION('',(-0.999999998476344,-5.52024666527284E-5,-1.20100412988321E-35));
#6348=DIRECTION('',(5.52024666527284E-5,-0.999999998476344,0.));
#6349=DIRECTION('',(-5.52024666527284E-5,0.999999998476344,-1.77617572770945E-15));
#6350=DIRECTION('',(-9.80492813787317E-20,1.77617572500317E-15,1.));
#6351=DIRECTION('',(0.,-1.,1.77617572500317E-15));
#6352=DIRECTION('',(-5.52024666527284E-5,0.999999998476344,-1.77617572770945E-15));
#6353=DIRECTION('',(0.999999998476344,5.52024666527284E-5,-1.20076507629236E-19));
#6354=DIRECTION('',(-5.52024666527284E-5,0.999999998476344,0.));
#6355=DIRECTION('',(4.31775426138044E-16,-1.,1.77635683940027E-15));
#6356=DIRECTION('',(1.,4.31775426138044E-16,-7.66987231305278E-31));
#6357=DIRECTION('',(-1.,-4.31775426138054E-16,-5.5734610673025E-15));
#6358=DIRECTION('',(-5.5734610673025E-15,0.,1.));
#6359=DIRECTION('',(4.31775426138044E-16,-1.,1.77635683940027E-15));
#6360=DIRECTION('',(1.,4.31775426138044E-16,-7.66987231305278E-31));
#6361=DIRECTION('',(-1.1146922134605E-14,-1.77635683940027E-15,-1.));
#6362=DIRECTION('',(-1.,-4.31775426138024E-16,1.1146922134605E-14));
#6363=DIRECTION('',(1.1146922134605E-14,0.,1.));
#6364=DIRECTION('',(1.,-5.82789506282509E-30,-3.28081325416165E-15));
#6365=DIRECTION('',(-3.28081325416165E-15,0.,-1.));
#6366=DIRECTION('',(-1.,5.7851666382042E-30,3.28081325416165E-15));
#6367=DIRECTION('',(3.28081325416165E-15,0.,1.));
#6368=DIRECTION('',(3.28081325416165E-15,1.77635683940027E-15,1.));
#6369=DIRECTION('',(-4.27284246208917E-32,1.,-1.77635683940027E-15));
#6370=DIRECTION('',(0.,1.77635683940027E-15,1.));
#6371=DIRECTION('',(-4.31775426138044E-16,1.,-1.77635683940027E-15));
#6372=DIRECTION('',(0.,1.77635683940027E-15,1.));
#6373=DIRECTION('',(-1.,-1.33440267382831E-16,0.));
#6374=DIRECTION('',(1.33440267382831E-16,-1.,0.));
#6375=DIRECTION('',(0.,0.,1.));
#6376=DIRECTION('',(-1.,-1.33440267382831E-16,0.));
#6377=DIRECTION('',(1.33440267382831E-16,-1.,0.));
#6378=DIRECTION('',(0.,0.,1.));
#6379=DIRECTION('',(-1.33440267382831E-16,1.,0.));
#6380=DIRECTION('',(-1.,-1.33440267382831E-16,0.));
#6381=DIRECTION('',(-1.33440267382831E-16,1.,0.));
#6382=DIRECTION('',(-1.,-1.33440267382831E-16,0.));
#6383=DIRECTION('',(0.,0.,1.));
#6384=DIRECTION('',(0.,0.,-1.));
#6385=DIRECTION('',(-1.,-1.33440267382831E-16,0.));
#6386=DIRECTION('',(1.33440267382831E-16,-1.,0.));
#6387=DIRECTION('',(1.,1.33440267382831E-16,0.));
#6388=DIRECTION('',(-1.33440267382831E-16,1.,0.));
#6389=DIRECTION('',(-3.28081325416165E-15,-1.77635683940027E-15,-1.));
#6390=DIRECTION('',(-1.,0.,3.28081325416165E-15));
#6391=DIRECTION('',(-3.28081325416165E-15,-1.77635683940027E-15,-1.));
#6392=DIRECTION('',(-1.,0.,3.28081325416165E-15));
#6393=CARTESIAN_POINT('',(0.,0.,0.));
#6394=CARTESIAN_POINT('',(-0.106701981825162,-0.0664959618027714,0.02825));
#6395=CARTESIAN_POINT('',(-0.106701981825162,-0.0694979618027714,0.02825));
#6396=CARTESIAN_POINT('',(0.0842659538648146,-0.0694979618027714,0.0282499999999993));
#6397=CARTESIAN_POINT('',(0.104034806850382,-0.0694979618027713,0.0282499999999992));
#6398=CARTESIAN_POINT('',(0.104034806850382,-0.0644979618027712,0.0282499999999992));
#6399=CARTESIAN_POINT('',(0.10827552976005,-0.0671467859198882,0.02825));
#6400=CARTESIAN_POINT('',(0.106700018174837,-0.0694979618027713,0.02825));
#6401=CARTESIAN_POINT('',(0.113173645293296,-0.060506813027135,0.02825));
#6402=CARTESIAN_POINT('',(0.117152298256971,-0.0444979618027721,0.02825));
#6403=CARTESIAN_POINT('',(0.117152298256971,-0.0444979618027721,0.02825));
#6404=CARTESIAN_POINT('',(0.117152298256971,-0.0444979618027721,0.02825));
#6405=CARTESIAN_POINT('',(0.124236338901639,-0.0159940048647824,0.02825));
#6406=CARTESIAN_POINT('',(0.123410752240168,0.0347576418171663,0.02825));
#6407=CARTESIAN_POINT('',(0.12343984816561,0.0327938536815168,0.02825));
#6408=CARTESIAN_POINT('',(0.123448961819506,0.0333971148284675,0.02825));
#6409=CARTESIAN_POINT('',(0.122634964115946,-0.0228568106249047,0.02825));
#6410=CARTESIAN_POINT('',(0.108838680308246,-0.054409905347337,0.02825));
#6411=CARTESIAN_POINT('',(0.123448961819506,0.0333971148284674,0.028249999999999));
#6412=CARTESIAN_POINT('',(0.107450636617708,0.0336286115617198,0.0282499999999991));
#6413=CARTESIAN_POINT('',(0.115704327685804,0.0473354194961895,0.028249999999999));
#6414=CARTESIAN_POINT('',(0.115704327685804,0.0473354194961895,0.028249999999999));
#6415=CARTESIAN_POINT('',(0.107763171277361,0.0521172660086737,0.028249999999999));
#6416=CARTESIAN_POINT('',(0.0954107522352092,0.0534681304727179,0.0282499999999991));
#6417=CARTESIAN_POINT('',(0.095410752249304,0.0534681304711765,0.0282499999999991));
#6418=CARTESIAN_POINT('',(0.095410752249304,0.0534681304711765,0.0282499999999991));
#6419=CARTESIAN_POINT('',(0.0905472922503243,0.054,0.0282499999999991));
#6420=CARTESIAN_POINT('',(0.085,0.054,0.0282499999999991));
#6421=CARTESIAN_POINT('',(0.085,0.054,0.0282499999999991));
#6422=CARTESIAN_POINT('',(0.0035999971956418,0.0539955065190528,0.0282499999999993));
#6423=CARTESIAN_POINT('',(0.0215536156156498,0.0539964976030765,0.0282499999999993));
#6424=CARTESIAN_POINT('',(0.0215536155189794,-0.0664959618027714,0.0282499999999995));
#6425=CARTESIAN_POINT('',(0.0215536155189793,0.0515,0.0282499999999995));
#6426=CARTESIAN_POINT('',(-0.106701981825162,0.0515,0.02825));
#6427=CARTESIAN_POINT('',(0.0117451359618692,0.0515,0.0282499999999995));
#6428=CARTESIAN_POINT('',(0.0117451359618692,-0.0664959618027714,0.0282499999999995));
#6429=CARTESIAN_POINT('',(0.0117451359618692,0.0539959561508046,0.0282499999999994));
#6430=CARTESIAN_POINT('',(0.0035999971956418,0.0539955065190528,0.0282499999999993));
#6431=CARTESIAN_POINT('',(-0.063191520217097,0.0539918194625346,0.0282499999999997));
#6432=CARTESIAN_POINT('',(-0.0631915204428899,-0.0664959618027714,0.02825));
#6433=CARTESIAN_POINT('',(-0.0631915204428899,0.0515,0.02825));
#6434=CARTESIAN_POINT('',(-0.106701981825162,0.0515,0.02825));
#6435=CARTESIAN_POINT('',(-0.073,0.0515,0.02825));
#6436=CARTESIAN_POINT('',(-0.073,-0.0664959618027714,0.02825));
#6437=CARTESIAN_POINT('',(-0.0729999997592623,0.0539912780102689,0.0282499999999997));
#6438=CARTESIAN_POINT('',(0.0035999971956418,0.0539955065190528,0.0282499999999993));
#6439=CARTESIAN_POINT('',(-0.0778000056087164,0.0539910130381057,0.0282499999999997));
#6440=CARTESIAN_POINT('',(-0.0814000028043582,0.0539955065190528,0.0282499999999997));
#6441=CARTESIAN_POINT('',(-0.079000003739145,0.0539925108639213,0.0282499999999997));
#6442=CARTESIAN_POINT('',(-0.0814000028043582,0.0539955065190528,0.0282499999999997));
#6443=CARTESIAN_POINT('',(-0.085,0.054,0.0282499999999997));
#6444=CARTESIAN_POINT('',(-0.0954107522584566,0.0534681304701755,0.02825));
#6445=CARTESIAN_POINT('',(-0.090547292255544,0.054,0.0282499999999997));
#6446=CARTESIAN_POINT('',(-0.085,0.054,0.0282499999999997));
#6447=CARTESIAN_POINT('',(-0.0954107522584566,0.0534681304701755,0.02825));
#6448=CARTESIAN_POINT('',(-0.115704327685804,0.0473354194961895,0.02825));
#6449=CARTESIAN_POINT('',(-0.107763171277361,0.0521172660086737,0.02825));
#6450=CARTESIAN_POINT('',(-0.0954107522352091,0.0534681304727179,0.02825));
#6451=CARTESIAN_POINT('',(-0.115704327685804,0.0473354194961895,0.02825));
#6452=CARTESIAN_POINT('',(-0.107450636617708,0.0336286115617201,0.02825));
#6453=CARTESIAN_POINT('',(-0.123448961819506,0.0333971148284674,0.02825));
#6454=CARTESIAN_POINT('',(-0.123448961819506,0.0333971148284674,0.02825));
#6455=CARTESIAN_POINT('',(-0.122634964115946,-0.0228568106249047,0.02825));
#6456=CARTESIAN_POINT('',(-0.108838680308246,-0.054409905347337,0.02825));
#6457=CARTESIAN_POINT('',(-0.12343982849454,0.0327926045179307,0.02825));
#6458=CARTESIAN_POINT('',(-0.106699981825162,-0.0694979618027714,0.02825));
#6459=CARTESIAN_POINT('',(-0.124699981825162,-0.0444979618027715,0.02825));
#6460=CARTESIAN_POINT('',(-0.123410715890493,0.0347576418171662,0.02825));
#6461=CARTESIAN_POINT('',(-0.108275493410375,-0.0671467859198884,0.02825));
#6462=CARTESIAN_POINT('',(-0.104034770500707,-0.0644979618027714,0.02825));
#6463=CARTESIAN_POINT('',(-0.104034770500707,-0.0694979618027714,0.02825));
#6464=CARTESIAN_POINT('',(-0.106701981825162,-0.0694979618027714,0.02825));
#6465=CARTESIAN_POINT('',(-0.0842659175151395,-0.0694979618027714,0.02825));
#6466=CARTESIAN_POINT('',(-0.0842659175151395,-0.0077489934013857,0.02825));
#6467=CARTESIAN_POINT('',(-0.0842659175151395,-0.0664979618027714,0.0282499999999996));
#6468=CARTESIAN_POINT('',(-0.000188593529616858,-0.0664979618027714,0.0282499999999996));
#6469=CARTESIAN_POINT('',(-0.0750157459105214,-0.0664979618027714,0.02825));
#6470=CARTESIAN_POINT('',(-0.0732748844809948,-0.0618108089907557,0.02825));
#6471=CARTESIAN_POINT('',(-0.0715340230514682,-0.0664979618027714,0.02825));
#6472=CARTESIAN_POINT('',(-0.000188593529616858,-0.0664979618027714,0.0282499999999996));
#6473=CARTESIAN_POINT('',(-0.0649999818251625,-0.0664979618027714,0.02825));
#6474=CARTESIAN_POINT('',(-0.0649999818251625,-0.0664959618027714,0.02825));
#6475=CARTESIAN_POINT('',(-0.0649999818251625,-0.0694979618027714,0.02825));
#6476=CARTESIAN_POINT('',(-0.106701981825162,-0.0694979618027714,0.02825));
#6477=CARTESIAN_POINT('',(0.0650000181748376,-0.0694979618027714,0.0282499999999994));
#6478=CARTESIAN_POINT('',(0.0650000181748376,-0.0664959618027714,0.0282499999999993));
#6479=CARTESIAN_POINT('',(0.0650000181748376,-0.0664979618027714,0.0282499999999994));
#6480=CARTESIAN_POINT('',(-0.000188593529616858,-0.0664979618027714,0.0282499999999996));
#6481=CARTESIAN_POINT('',(0.0821124543058753,-0.0664979618027713,0.0282499999999993));
#6482=CARTESIAN_POINT('',(0.0847959392539511,-0.062279086534,0.0282499999999993));
#6483=CARTESIAN_POINT('',(0.0842659538648146,-0.0672509187402698,0.0282499999999993));
#6484=CARTESIAN_POINT('',(0.0842659538648145,-0.00774899340138563,0.0282499999999992));
#6485=CARTESIAN_POINT('',(0.0966436155190328,0.00227714181716187,0.0282499999999992));
#6486=CARTESIAN_POINT('',(0.0966436155190328,0.00537714181716187,0.0282499999999992));
#6487=CARTESIAN_POINT('',(0.0966436155190328,-0.000822858182838086,0.0282499999999992));
#6488=CARTESIAN_POINT('',(0.0970436155190328,0.00537714181716193,0.0282499999999992));
#6489=CARTESIAN_POINT('',(0.0974436155190328,0.00537714181716187,0.0282499999999992));
#6490=CARTESIAN_POINT('',(0.0974436155190328,0.00227714181716187,0.0282499999999992));
#6491=CARTESIAN_POINT('',(0.0974436155190328,-0.000822858182838129,0.0282499999999992));
#6492=CARTESIAN_POINT('',(0.0970436155190328,-0.000822858182838087,0.0282499999999992));
#6493=CARTESIAN_POINT('',(0.101795939253951,-0.0458028519523479,0.0282499999999992));
#6494=CARTESIAN_POINT('',(0.106895939253951,-0.0458028519523479,0.0282499999999992));
#6495=CARTESIAN_POINT('',(0.116199016896862,5.04318808935978E-17,0.0282499999999991));
#6496=CARTESIAN_POINT('',(0.121299016896862,5.04318808935978E-17,0.0282499999999991));
#6497=CARTESIAN_POINT('',(-0.101342144229185,-0.0488212694450071,0.02825));
#6498=CARTESIAN_POINT('',(-0.096242144229185,-0.0488212694450071,0.02825));
#6499=CARTESIAN_POINT('',(-0.115192256911295,5.04318808935978E-17,0.02825));
#6500=CARTESIAN_POINT('',(-0.110092256911295,5.04318808935978E-17,0.02825));
#6501=CARTESIAN_POINT('',(-0.0960022034809976,0.0203826418171652,0.02825));
#6502=CARTESIAN_POINT('',(-0.0960022034809976,0.0236826418171652,0.02825));
#6503=CARTESIAN_POINT('',(-0.0960022034809976,0.0170826418171652,0.02825));
#6504=CARTESIAN_POINT('',(-0.0956022034809976,0.0236826418171652,0.02825));
#6505=CARTESIAN_POINT('',(-0.0952022034809976,0.0236826418171652,0.02825));
#6506=CARTESIAN_POINT('',(-0.0952022034809976,0.0203826418171652,0.02825));
#6507=CARTESIAN_POINT('',(-0.0952022034809976,0.0170826418171652,0.02825));
#6508=CARTESIAN_POINT('',(-0.0956022034809976,0.0170826418171652,0.02825));
#6509=CARTESIAN_POINT('',(0.0966786155190328,-0.00417590418283918,0.0282499999999992));
#6510=CARTESIAN_POINT('',(0.0966786155190328,-0.00107590418283917,0.0282499999999992));
#6511=CARTESIAN_POINT('',(0.0966786155190328,-0.00727590418283913,0.0282499999999992));
#6512=CARTESIAN_POINT('',(0.0970786155190328,-0.00107590418283912,0.0282499999999992));
#6513=CARTESIAN_POINT('',(0.0974786155190328,-0.00107590418283918,0.0282499999999992));
#6514=CARTESIAN_POINT('',(0.0974786155190328,-0.00417590418283918,0.0282499999999992));
#6515=CARTESIAN_POINT('',(0.0974786155190328,-0.00727590418283918,0.0282499999999992));
#6516=CARTESIAN_POINT('',(0.0970786155190328,-0.00727590418283913,0.0282499999999992));
#6517=CARTESIAN_POINT('',(0.102978615519034,0.0253990958171657,0.0282499999999991));
#6518=CARTESIAN_POINT('',(0.102978615519034,0.0220990958171657,0.0282499999999991));
#6519=CARTESIAN_POINT('',(0.102978615519034,0.0286990958171657,0.0282499999999991));
#6520=CARTESIAN_POINT('',(0.102578615519034,0.0220990958171657,0.0282499999999991));
#6521=CARTESIAN_POINT('',(0.102178615519034,0.0220990958171657,0.0282499999999991));
#6522=CARTESIAN_POINT('',(0.102178615519034,0.0253990958171657,0.0282499999999991));
#6523=CARTESIAN_POINT('',(0.102178615519034,0.0286990958171657,0.0282499999999991));
#6524=CARTESIAN_POINT('',(0.102578615519034,0.0286990958171657,0.0282499999999991));
#6525=CARTESIAN_POINT('',(0.0970786155190328,0.0165990958171648,0.0282499999999992));
#6526=CARTESIAN_POINT('',(0.0966786155190328,0.0165990958171648,0.0282499999999992));
#6527=CARTESIAN_POINT('',(0.0974786155190328,0.0165990958171648,0.0282499999999991));
#6528=CARTESIAN_POINT('',(0.0966786155190328,0.0198990958171648,0.0282499999999991));
#6529=CARTESIAN_POINT('',(0.0966786155190328,0.0231990958171647,0.0282499999999991));
#6530=CARTESIAN_POINT('',(0.0970786155190328,0.0231990958171648,0.0282499999999991));
#6531=CARTESIAN_POINT('',(0.0974786155190328,0.0231990958171648,0.0282499999999991));
#6532=CARTESIAN_POINT('',(0.0974786155190328,0.0198990958171648,0.0282499999999991));
#6533=CARTESIAN_POINT('',(0.102578615519034,0.0110990958171639,0.0282499999999991));
#6534=CARTESIAN_POINT('',(0.102178615519034,0.0110990958171639,0.0282499999999991));
#6535=CARTESIAN_POINT('',(0.102978615519034,0.0110990958171639,0.0282499999999991));
#6536=CARTESIAN_POINT('',(0.102178615519034,0.0143990958171638,0.0282499999999991));
#6537=CARTESIAN_POINT('',(0.102178615519034,0.0176990958171638,0.0282499999999991));
#6538=CARTESIAN_POINT('',(0.102578615519034,0.0176990958171639,0.0282499999999991));
#6539=CARTESIAN_POINT('',(0.102978615519034,0.0176990958171639,0.0282499999999991));
#6540=CARTESIAN_POINT('',(0.102978615519034,0.0143990958171638,0.0282499999999991));
#6541=CARTESIAN_POINT('',(0.107678615519034,0.0198990958171647,0.0282499999999991));
#6542=CARTESIAN_POINT('',(0.107678615519034,0.0231990958171647,0.0282499999999991));
#6543=CARTESIAN_POINT('',(0.107678615519034,0.0165990958171647,0.0282499999999991));
#6544=CARTESIAN_POINT('',(0.108078615519034,0.0231990958171648,0.0282499999999991));
#6545=CARTESIAN_POINT('',(0.108478615519034,0.0231990958171648,0.0282499999999991));
#6546=CARTESIAN_POINT('',(0.108478615519034,0.0198990958171647,0.0282499999999991));
#6547=CARTESIAN_POINT('',(0.108478615519034,0.0165990958171647,0.0282499999999991));
#6548=CARTESIAN_POINT('',(0.108078615519034,0.0165990958171648,0.0282499999999991));
#6549=CARTESIAN_POINT('',(-0.106247565480999,0.0203826418171653,0.02825));
#6550=CARTESIAN_POINT('',(-0.106247565480999,0.0170826418171653,0.02825));
#6551=CARTESIAN_POINT('',(-0.106247565480999,0.0236826418171653,0.02825));
#6552=CARTESIAN_POINT('',(-0.106647565480999,0.0170826418171654,0.02825));
#6553=CARTESIAN_POINT('',(-0.107047565480999,0.0170826418171654,0.02825));
#6554=CARTESIAN_POINT('',(-0.107047565480999,0.0203826418171653,0.02825));
#6555=CARTESIAN_POINT('',(-0.107047565480999,0.0236826418171653,0.02825));
#6556=CARTESIAN_POINT('',(-0.106647565480999,0.0236826418171654,0.02825));
#6557=CARTESIAN_POINT('',(-0.101124884480998,0.0226053228171663,0.02825));
#6558=CARTESIAN_POINT('',(-0.101524884480998,0.0226053228171663,0.02825));
#6559=CARTESIAN_POINT('',(-0.100724884480998,0.0226053228171663,0.02825));
#6560=CARTESIAN_POINT('',(-0.101524884480998,0.0259053228171662,0.02825));
#6561=CARTESIAN_POINT('',(-0.101524884480998,0.0292053228171662,0.02825));
#6562=CARTESIAN_POINT('',(-0.101124884480998,0.0292053228171663,0.02825));
#6563=CARTESIAN_POINT('',(-0.100724884480998,0.0292053228171663,0.02825));
#6564=CARTESIAN_POINT('',(-0.100724884480998,0.0259053228171662,0.02825));
#6565=CARTESIAN_POINT('',(-0.100724884480998,0.0148599608171643,0.02825));
#6566=CARTESIAN_POINT('',(-0.100724884480998,0.0115599608171644,0.02825));
#6567=CARTESIAN_POINT('',(-0.100724884480998,0.0181599608171643,0.02825));
#6568=CARTESIAN_POINT('',(-0.101124884480998,0.0115599608171644,0.02825));
#6569=CARTESIAN_POINT('',(-0.101524884480998,0.0115599608171644,0.02825));
#6570=CARTESIAN_POINT('',(-0.101524884480998,0.0148599608171644,0.02825));
#6571=CARTESIAN_POINT('',(-0.101524884480998,0.0181599608171643,0.02825));
#6572=CARTESIAN_POINT('',(-0.101124884480998,0.0181599608171644,0.02825));
#6573=CARTESIAN_POINT('',(-0.0940248844809973,0.00180764181716221,0.02825));
#6574=CARTESIAN_POINT('',(-0.0940248844809973,0.00490764181716221,0.02825));
#6575=CARTESIAN_POINT('',(-0.0940248844809973,-0.00129235818283779,0.02825));
#6576=CARTESIAN_POINT('',(-0.0936248844809973,0.00490764181716227,0.02825));
#6577=CARTESIAN_POINT('',(-0.0932248844809973,0.00490764181716227,0.02825));
#6578=CARTESIAN_POINT('',(-0.0932248844809973,0.00180764181716221,0.02825));
#6579=CARTESIAN_POINT('',(-0.0932248844809973,-0.00129235818283779,0.02825));
#6580=CARTESIAN_POINT('',(-0.0936248844809973,-0.00129235818283775,0.02825));
#6581=CARTESIAN_POINT('',(0.0933336155190048,0.0338071418171658,0.0282499999999991));
#6582=CARTESIAN_POINT('',(0.0949336155190048,0.0338071418171658,0.0282499999999991));
#6583=CARTESIAN_POINT('',(-0.0859563844809983,-0.0200328581828343,0.02825));
#6584=CARTESIAN_POINT('',(-0.0843563844809983,-0.0200328581828343,0.02825));
#6585=CARTESIAN_POINT('',(-0.0877063844809984,0.0389171418171662,0.02825));
#6586=CARTESIAN_POINT('',(-0.0861063844809984,0.0389171418171662,0.02825));
#6587=CARTESIAN_POINT('',(0.061795939253951,-0.0626504068775596,0.0282499999999993));
#6588=CARTESIAN_POINT('',(0.061795939253951,-0.0558028519523479,0.0282499999999992));
#6589=CARTESIAN_POINT('',(0.061795939253951,-0.0664979618027714,0.0282499999999994));
#6590=CARTESIAN_POINT('',(-0.106701981825162,-0.0664979618027714,0.02825));
#6591=CARTESIAN_POINT('',(-0.0612751181242124,-0.0664979618027714,0.02825));
#6592=CARTESIAN_POINT('',(-0.0612751181242124,-0.0608526695985404,0.02825));
#6593=CARTESIAN_POINT('',(-0.0612751181242124,-0.0549500180814286,0.02825));
#6594=CARTESIAN_POINT('',(-0.0612731181242124,-0.0549500180814286,0.02825));
#6595=CARTESIAN_POINT('',(-0.0662751181242124,-0.0549500180814286,0.02825));
#6596=CARTESIAN_POINT('',(-0.08530851435509,-0.0548437831554332,0.02825));
#6597=CARTESIAN_POINT('',(-0.0784076821489467,-0.0548823001594315,0.02825));
#6598=CARTESIAN_POINT('',(-0.0781553196068882,-0.00966820308329053,0.02825));
#6599=CARTESIAN_POINT('',(-0.0778213797302215,0.0501615556361903,0.0282499999999997));
#6600=CARTESIAN_POINT('',(-0.0589581321056082,0.0501380107167927,0.0282499999999996));
#6601=CARTESIAN_POINT('',(0.0850003898782856,0.0499583226246985,0.0282499999999991));
#6602=CARTESIAN_POINT('',(0.085,-0.00272226402138464,0.0282499999999992));
#6603=CARTESIAN_POINT('',(0.085,-0.0558028519523479,0.0282499999999992));
#6604=CARTESIAN_POINT('',(0.076795939253951,-0.0558028519523479,0.0282499999999992));
#6605=CARTESIAN_POINT('',(-0.0625474422404975,0.049956323597983,0.0225099999999994));
#6606=CARTESIAN_POINT('',(-0.0631915204428899,0.049956323597983,0.0225099999999994));
#6607=CARTESIAN_POINT('',(-0.063191520217097,0.0539918194625346,0.0225099999999994));
#6608=CARTESIAN_POINT('',(-0.0631915204428899,0.0515,0.0225099999999994));
#6609=CARTESIAN_POINT('',(0.00359999719564178,0.0539955065190528,0.0225099999999994));
#6610=CARTESIAN_POINT('',(-0.0398948841000965,0.0539931054943149,0.0225099999999994));
#6611=CARTESIAN_POINT('',(-0.0398946679803144,0.0500780670034962,0.0225099999999994));
#6612=CARTESIAN_POINT('',(-0.0398946699758222,0.050114215891627,0.0225099999999994));
#6613=CARTESIAN_POINT('',(-0.0589581321056082,0.0501380107167927,0.0225099999999994));
#6614=CARTESIAN_POINT('',(-0.0778213797302216,0.0501615556361903,0.0225099999999994));
#6615=CARTESIAN_POINT('',(-0.078410692669469,0.0501615556361903,0.0225099999999994));
#6616=CARTESIAN_POINT('',(-0.085,0.0501615556361903,0.0225099999999994));
#6617=CARTESIAN_POINT('',(-0.085,0.052076284337148,0.0225099999999994));
#6618=CARTESIAN_POINT('',(-0.085,0.0539910130381056,0.0225099999999994));
#6619=CARTESIAN_POINT('',(-0.0784000056087164,0.0539910130381056,0.0225099999999994));
#6620=CARTESIAN_POINT('',(-0.0778000056087164,0.0539910130381057,0.0225099999999994));
#6621=CARTESIAN_POINT('',(0.00359999719564178,0.0539955065190528,0.0225099999999994));
#6622=CARTESIAN_POINT('',(-0.0729999997592624,0.0539912780102689,0.0225099999999994));
#6623=CARTESIAN_POINT('',(-0.073,0.049956323597983,0.0225099999999994));
#6624=CARTESIAN_POINT('',(-0.073,0.0515,0.0225099999999994));
#6625=CARTESIAN_POINT('',(-0.0625474422404975,0.0515,0.0225099999999994));
#6626=CARTESIAN_POINT('',(0.0035999971956418,0.0539955065190528,0.0282499999999993));
#6627=CARTESIAN_POINT('',(0.00359999719564178,0.0539955065190528,0.0225099999999994));
#6628=CARTESIAN_POINT('',(0.0297535922653731,0.0539969502620147,0.0225099999999994));
#6629=CARTESIAN_POINT('',(0.0215536156156498,0.0539964976030765,0.0225099999999994));
#6630=CARTESIAN_POINT('',(0.0215536157123202,0.0539964976030818,0.0282499999999993));
#6631=CARTESIAN_POINT('',(0.085,0.054,0.0282499999999991));
#6632=CARTESIAN_POINT('',(0.085,0.054,0.0252499999999991));
#6633=CARTESIAN_POINT('',(0.085,0.054,0.0225079999999989));
#6634=CARTESIAN_POINT('',(0.085,0.054,0.0225099999999994));
#6635=CARTESIAN_POINT('',(0.00359999719564178,0.0539955065190528,0.0225099999999994));
#6636=CARTESIAN_POINT('',(0.0793536157618762,0.0539996883056619,0.0225099999999994));
#6637=CARTESIAN_POINT('',(0.0793536157618761,0.0539996883056619,0.0217099999999994));
#6638=CARTESIAN_POINT('',(0.0793536157618761,0.0539996883056619,0.0217099999999994));
#6639=CARTESIAN_POINT('',(0.00359999719564178,0.0539955065190528,0.0217099999999994));
#6640=CARTESIAN_POINT('',(0.0697536137480978,0.0539991583618701,0.0217099999999994));
#6641=CARTESIAN_POINT('',(0.0697536137480978,0.0539991583618701,0.0217099999999994));
#6642=CARTESIAN_POINT('',(0.0697536137480979,0.0539991583618701,0.0225099999999994));
#6643=CARTESIAN_POINT('',(0.00359999719564178,0.0539955065190528,0.0225099999999994));
#6644=CARTESIAN_POINT('',(0.0643536187664819,0.0539988602688267,0.0225099999999994));
#6645=CARTESIAN_POINT('',(0.0643536187664818,0.0539988602688267,0.0217099999999994));
#6646=CARTESIAN_POINT('',(0.0643536187664818,0.0539988602688267,0.0217099999999994));
#6647=CARTESIAN_POINT('',(0.00359999719564178,0.0539955065190528,0.0217099999999994));
#6648=CARTESIAN_POINT('',(0.0547536085493261,0.0539983303245821,0.0217099999999994));
#6649=CARTESIAN_POINT('',(0.0547536085493261,0.0539983303245821,0.0217099999999994));
#6650=CARTESIAN_POINT('',(0.0547536085493262,0.0539983303245821,0.0225099999999994));
#6651=CARTESIAN_POINT('',(0.00359999719564178,0.0539955065190528,0.0225099999999994));
#6652=CARTESIAN_POINT('',(0.0393536313929904,0.0539974802078553,0.0225099999999994));
#6653=CARTESIAN_POINT('',(0.0393536313929904,0.0539974802078553,0.0217099999999994));
#6654=CARTESIAN_POINT('',(0.0393536313929904,0.0539974802078553,0.0217099999999994));
#6655=CARTESIAN_POINT('',(0.00359999719564178,0.0539955065190528,0.0217099999999994));
#6656=CARTESIAN_POINT('',(0.0297535922653731,0.0539969502620147,0.0217099999999994));
#6657=CARTESIAN_POINT('',(0.0297535922653731,0.0539969502620147,0.0217099999999994));
#6658=CARTESIAN_POINT('',(0.0035999971956418,0.0539955065190528,0.0282499999999993));
#6659=CARTESIAN_POINT('',(0.0117451359618692,0.0539959561508047,0.0282499999999993));
#6660=CARTESIAN_POINT('',(0.0117451359618692,0.0539959561508046,0.0225099999999994));
#6661=CARTESIAN_POINT('',(0.00359999719564178,0.0539955065190528,0.0225099999999994));
#6662=CARTESIAN_POINT('',(-0.0136948841805455,0.0539945517989389,0.0225099999999994));
#6663=CARTESIAN_POINT('',(-0.0136948841805455,0.053994551798939,0.0209149999999993));
#6664=CARTESIAN_POINT('',(-0.0136948841805455,0.053994551798939,0.0193199999999993));
#6665=CARTESIAN_POINT('',(-0.0175949635865348,0.0539943365049353,0.0193199999999993));
#6666=CARTESIAN_POINT('',(-0.0214950429925241,0.0539941212109316,0.0193199999999993));
#6667=CARTESIAN_POINT('',(-0.0214950429925241,0.0539941212109316,0.0195199999999988));
#6668=CARTESIAN_POINT('',(-0.0214950429925241,0.0539941212109316,0.0197199999999983));
#6669=CARTESIAN_POINT('',(-0.0235950429873437,0.0539940052857517,0.0197199999999983));
#6670=CARTESIAN_POINT('',(-0.0235950429873437,0.0539940052857517,0.0218199999999984));
#6671=CARTESIAN_POINT('',(-0.0267950429775923,0.0539938286378587,0.0218199999999983));
#6672=CARTESIAN_POINT('',(-0.029995042967841,0.0539936519899657,0.0218199999999983));
#6673=CARTESIAN_POINT('',(-0.029995042967841,0.0539936519899657,0.0197199999999983));
#6674=CARTESIAN_POINT('',(-0.0320950429646413,0.0539935360647857,0.0197199999999983));
#6675=CARTESIAN_POINT('',(-0.0320950429626606,0.0539935360647858,0.0195199999999989));
#6676=CARTESIAN_POINT('',(-0.0320950429626606,0.0539935360647858,0.0193199999999994));
#6677=CARTESIAN_POINT('',(-0.0359949635313785,0.0539933207795504,0.0193199999999994));
#6678=CARTESIAN_POINT('',(-0.0398948841000965,0.0539931054943149,0.0193199999999994));
#6679=CARTESIAN_POINT('',(-0.0398948841000965,0.0539931054943149,0.0209149999999994));
#6680=CARTESIAN_POINT('',(-0.0631915199913041,0.053991819462547,0.0282499999999993));
#6681=CARTESIAN_POINT('',(0.0035999971956418,0.0539955065190528,0.0282499999999993));
#6682=CARTESIAN_POINT('',(-0.0729999995185247,0.0539912780102822,0.0282499999999993));
#6683=CARTESIAN_POINT('',(-0.0778000056087164,0.0539910130381057,0.0225079999999994));
#6684=CARTESIAN_POINT('',(-0.0778000056087164,0.0539910130381057,0.0252499999999997));
#6685=CARTESIAN_POINT('',(-0.0778000056087164,0.0539910130381057,0.0282499999999997));
#6686=CARTESIAN_POINT('',(1.81748375525777E-8,-0.0664979618027714,0.0278927669529663));
#6687=CARTESIAN_POINT('',(0.061795939253951,-0.0664979618027714,0.0282499999999993));
#6688=CARTESIAN_POINT('',(0.061795939253951,-0.0664979618027714,0.0252499999999994));
#6689=CARTESIAN_POINT('',(-0.106701981825162,-0.0664979618027714,0.02525));
#6690=CARTESIAN_POINT('',(-0.0612751181242124,-0.0664979618027714,0.02525));
#6691=CARTESIAN_POINT('',(-0.0612751181242124,-0.0664979618027714,0.02825));
#6692=CARTESIAN_POINT('',(0.0650000181748376,-0.0664959618027714,0.0282499999999993));
#6693=CARTESIAN_POINT('',(0.0650000181748376,-0.0664979618027714,0.0282499999999993));
#6694=CARTESIAN_POINT('',(0.0650000181748376,-0.0664979618027714,0.0252499999999994));
#6695=CARTESIAN_POINT('',(0.0650000181748375,-0.0694979618027714,0.0244999999999994));
#6696=CARTESIAN_POINT('',(0.0650000181748375,-0.0694979618027714,0.0252499999999996));
#6697=CARTESIAN_POINT('',(0.0650000181748376,-0.0664959618027714,0.0252499999999993));
#6698=CARTESIAN_POINT('',(-0.0649999818251625,-0.0664959618027714,0.02825));
#6699=CARTESIAN_POINT('',(-0.0649999818251625,-0.0664979618027714,0.02825));
#6700=CARTESIAN_POINT('',(-0.0649999818251625,-0.0664979618027714,0.02525));
#6701=CARTESIAN_POINT('',(-0.0649999818251625,-0.0664959618027714,0.0252499999999993));
#6702=CARTESIAN_POINT('',(-0.0649999818251625,-0.0694979618027714,0.0252499999999996));
#6703=CARTESIAN_POINT('',(-0.0649999818251625,-0.0694979618027714,0.0244999999999998));
#6704=CARTESIAN_POINT('',(-0.106701981825162,-0.0664959618027714,0.02525));
#6705=CARTESIAN_POINT('',(0.106700018174837,-0.0694979618027713,0.02525));
#6706=CARTESIAN_POINT('',(0.113173645293296,-0.060506813027135,0.02525));
#6707=CARTESIAN_POINT('',(0.117152298256971,-0.0444979618027721,0.02525));
#6708=CARTESIAN_POINT('',(0.10827552976005,-0.0671467859198882,0.02525));
#6709=CARTESIAN_POINT('',(0.117152298256971,-0.0444979618027721,0.02525));
#6710=CARTESIAN_POINT('',(0.104034806850382,-0.0644979618027712,0.0252499999999992));
#6711=CARTESIAN_POINT('',(0.104034806850382,-0.0694979618027713,0.0252499999999992));
#6712=CARTESIAN_POINT('',(-0.106701981825162,-0.0694979618027714,0.02525));
#6713=CARTESIAN_POINT('',(0.0842659538648146,-0.0694979618027714,0.0252499999999993));
#6714=CARTESIAN_POINT('',(0.0842659538648145,-0.00774899340138563,0.0252499999999992));
#6715=CARTESIAN_POINT('',(0.0842659538648145,-0.0672509187402698,0.0252499999999993));
#6716=CARTESIAN_POINT('',(0.084795939253951,-0.062279086534,0.0252499999999993));
#6717=CARTESIAN_POINT('',(0.0821124543058753,-0.0664979618027713,0.0252499999999993));
#6718=CARTESIAN_POINT('',(-0.000188593529616868,-0.0664979618027714,0.0252499999999996));
#6719=CARTESIAN_POINT('',(-0.106701981825162,-0.0694979618027714,0.02525));
#6720=CARTESIAN_POINT('',(-0.000188593529616868,-0.0664979618027714,0.0252499999999996));
#6721=CARTESIAN_POINT('',(-0.0715340230514682,-0.0664979618027714,0.02525));
#6722=CARTESIAN_POINT('',(-0.0732748844809948,-0.0618108089907557,0.02525));
#6723=CARTESIAN_POINT('',(-0.0750157459105214,-0.0664979618027714,0.02525));
#6724=CARTESIAN_POINT('',(-0.000188593529616868,-0.0664979618027714,0.0252499999999996));
#6725=CARTESIAN_POINT('',(-0.0842659175151395,-0.0664979618027714,0.0252499999999996));
#6726=CARTESIAN_POINT('',(-0.0842659175151396,-0.0077489934013857,0.02525));
#6727=CARTESIAN_POINT('',(-0.0842659175151395,-0.0694979618027714,0.02525));
#6728=CARTESIAN_POINT('',(-0.106701981825162,-0.0694979618027714,0.02525));
#6729=CARTESIAN_POINT('',(-0.104034770500707,-0.0694979618027714,0.02525));
#6730=CARTESIAN_POINT('',(-0.104034770500707,-0.0644979618027714,0.02525));
#6731=CARTESIAN_POINT('',(-0.108275493410375,-0.0671467859198884,0.02525));
#6732=CARTESIAN_POINT('',(-0.106699981825162,-0.0694979618027714,0.02525));
#6733=CARTESIAN_POINT('',(-0.124699981825162,-0.0444979618027715,0.02525));
#6734=CARTESIAN_POINT('',(-0.123410715890493,0.0347576418171662,0.02525));
#6735=CARTESIAN_POINT('',(-0.12343982849454,0.0327926045179307,0.02525));
#6736=CARTESIAN_POINT('',(-0.123448961819506,0.0333971148284674,0.02525));
#6737=CARTESIAN_POINT('',(-0.122634964115946,-0.0228568106249047,0.02525));
#6738=CARTESIAN_POINT('',(-0.108838680308246,-0.054409905347337,0.02525));
#6739=CARTESIAN_POINT('',(-0.123448961819506,0.0333971148284674,0.02525));
#6740=CARTESIAN_POINT('',(-0.107450636617708,0.0336286115617201,0.02525));
#6741=CARTESIAN_POINT('',(-0.115704327685804,0.0473354194961894,0.02525));
#6742=CARTESIAN_POINT('',(-0.115704327685804,0.0473354194961894,0.02525));
#6743=CARTESIAN_POINT('',(-0.107763171277361,0.0521172660086737,0.02525));
#6744=CARTESIAN_POINT('',(-0.0954107522352091,0.0534681304727179,0.02525));
#6745=CARTESIAN_POINT('',(-0.0954107522584566,0.0534681304701755,0.02525));
#6746=CARTESIAN_POINT('',(-0.0954107522584566,0.0534681304701755,0.02525));
#6747=CARTESIAN_POINT('',(-0.090547292255544,0.054,0.0252499999999997));
#6748=CARTESIAN_POINT('',(-0.085,0.054,0.0252499999999997));
#6749=CARTESIAN_POINT('',(-0.085,0.0539955065190528,0.0252499999999997));
#6750=CARTESIAN_POINT('',(-0.085,-0.00774899340138567,0.02525));
#6751=CARTESIAN_POINT('',(-0.0849999972596709,0.0501660614995894,0.0252499999999997));
#6752=CARTESIAN_POINT('',(-0.0589581321056082,0.0501380107167927,0.0252499999999996));
#6753=CARTESIAN_POINT('',(-0.102726384480998,0.0501926418171661,0.02525));
#6754=CARTESIAN_POINT('',(-0.108936384480999,0.0463098918171662,0.02525));
#6755=CARTESIAN_POINT('',(-0.115146384481,0.0424271418171667,0.02525));
#6756=CARTESIAN_POINT('',(-0.116031384480999,0.0405198918171665,0.02525));
#6757=CARTESIAN_POINT('',(-0.116916384480998,0.0386126418171671,0.02525));
#6758=CARTESIAN_POINT('',(-0.115858134480995,0.0294348918171667,0.02525));
#6759=CARTESIAN_POINT('',(-0.114799884481006,0.0202571418171639,0.02525));
#6760=CARTESIAN_POINT('',(-0.101928134481002,-0.0170828581828353,0.02525));
#6761=CARTESIAN_POINT('',(-0.0890563844809987,-0.054422858182834,0.02525));
#6762=CARTESIAN_POINT('',(-0.00202819224049938,-0.0549086061518268,0.0252499999999996));
#6763=CARTESIAN_POINT('',(-0.0784054495831982,-0.0544823063899182,0.02525));
#6764=CARTESIAN_POINT('',(-0.0781553196068882,-0.00966820308329053,0.02525));
#6765=CARTESIAN_POINT('',(-0.0784076821489467,-0.0548823001594316,0.02525));
#6766=CARTESIAN_POINT('',(-0.0853085143550901,-0.0548437831554332,0.02525));
#6767=CARTESIAN_POINT('',(-0.0662751181242124,-0.0549500180814286,0.02525));
#6768=CARTESIAN_POINT('',(-0.0612731181242124,-0.0549500180814286,0.02525));
#6769=CARTESIAN_POINT('',(-0.0612751181242124,-0.0549500180814286,0.02525));
#6770=CARTESIAN_POINT('',(-0.0612751181242124,-0.0608526695985404,0.02525));
#6771=CARTESIAN_POINT('',(0.061795939253951,-0.0626504068775596,0.0252499999999993));
#6772=CARTESIAN_POINT('',(0.061795939253951,-0.0558028519523479,0.0252499999999992));
#6773=CARTESIAN_POINT('',(0.076795939253951,-0.0558028519523479,0.0252499999999992));
#6774=CARTESIAN_POINT('',(0.085,-0.0558028519523479,0.0252499999999992));
#6775=CARTESIAN_POINT('',(0.085,-0.00272226402138464,0.0252499999999992));
#6776=CARTESIAN_POINT('',(0.085,-0.0553943541208197,0.0252499999999993));
#6777=CARTESIAN_POINT('',(0.0857618077595023,-0.0553986061518273,0.0252499999999993));
#6778=CARTESIAN_POINT('',(0.086523615519005,-0.0554028581828351,0.0252499999999993));
#6779=CARTESIAN_POINT('',(0.101163615519005,-0.0182478581828347,0.0252499999999992));
#6780=CARTESIAN_POINT('',(0.115803615519005,0.0189071418171656,0.0252499999999991));
#6781=CARTESIAN_POINT('',(0.116513615519005,0.0305571418171657,0.0252499999999991));
#6782=CARTESIAN_POINT('',(0.117223615519005,0.0422071418171658,0.025249999999999));
#6783=CARTESIAN_POINT('',(0.107393615519004,0.0460748918171632,0.0252499999999991));
#6784=CARTESIAN_POINT('',(0.0975636155190048,0.0499426418171659,0.0252499999999991));
#6785=CARTESIAN_POINT('',(0.0912818077595024,0.0499504827075743,0.0252499999999991));
#6786=CARTESIAN_POINT('',(0.0850003898782856,0.0499583231113406,0.0252499999999991));
#6787=CARTESIAN_POINT('',(0.0850007836553341,0.0499563226284986,0.0252499999999991));
#6788=CARTESIAN_POINT('',(0.085,0.0503583239092289,0.0252499999999991));
#6789=CARTESIAN_POINT('',(0.085,-0.00774899340138567,0.0252499999999992));
#6790=CARTESIAN_POINT('',(0.0954107522493039,0.0534681304711765,0.0252499999999991));
#6791=CARTESIAN_POINT('',(0.0905472922503243,0.054,0.0252499999999991));
#6792=CARTESIAN_POINT('',(0.085,0.054,0.0252499999999991));
#6793=CARTESIAN_POINT('',(0.0954107522493039,0.0534681304711765,0.0252499999999991));
#6794=CARTESIAN_POINT('',(0.115704327685804,0.0473354194961895,0.025249999999999));
#6795=CARTESIAN_POINT('',(0.107763171277361,0.0521172660086737,0.0252499999999991));
#6796=CARTESIAN_POINT('',(0.0954107522352092,0.0534681304727179,0.0252499999999991));
#6797=CARTESIAN_POINT('',(0.115704327685804,0.0473354194961895,0.025249999999999));
#6798=CARTESIAN_POINT('',(0.107450636617708,0.0336286115617198,0.0252499999999991));
#6799=CARTESIAN_POINT('',(0.123448961819506,0.0333971148284674,0.025249999999999));
#6800=CARTESIAN_POINT('',(0.123448961819506,0.0333971148284675,0.02525));
#6801=CARTESIAN_POINT('',(0.122634964115946,-0.0228568106249047,0.02525));
#6802=CARTESIAN_POINT('',(0.108838680308246,-0.054409905347337,0.02525));
#6803=CARTESIAN_POINT('',(0.12343984816561,0.0327938536815168,0.02525));
#6804=CARTESIAN_POINT('',(0.117152298256971,-0.0444979618027721,0.02525));
#6805=CARTESIAN_POINT('',(0.124236338901639,-0.0159940048647824,0.02525));
#6806=CARTESIAN_POINT('',(0.123410752240168,0.0347576418171663,0.02525));
#6807=CARTESIAN_POINT('',(-0.105399884481072,-0.00774899340138589,0.02525));
#6808=CARTESIAN_POINT('',(-0.105399884481072,0.0502557915668925,0.02525));
#6809=CARTESIAN_POINT('',(-0.105399884481072,0.0489928088155159,0.02525));
#6810=CARTESIAN_POINT('',(-0.0326445395884324,0.0778438781329441,0.0252499999999994));
#6811=CARTESIAN_POINT('',(-0.112999884481195,0.0473739488897012,0.02525));
#6812=CARTESIAN_POINT('',(-0.112999884481194,-0.00774899340138591,0.02525));
#6813=CARTESIAN_POINT('',(-0.112999884481195,0.0459739488897012,0.02525));
#6814=CARTESIAN_POINT('',(-0.000188593529617063,0.0459739488897016,0.0252499999999994));
#6815=CARTESIAN_POINT('',(-0.114999884481072,0.0459739488897012,0.02525));
#6816=CARTESIAN_POINT('',(-0.114999884481072,-0.00774899340138591,0.02525));
#6817=CARTESIAN_POINT('',(-0.114999884481072,0.0446626418171524,0.02525));
#6818=CARTESIAN_POINT('',(-0.000188593529616881,0.0446626418171524,0.0252499999999994));
#6819=CARTESIAN_POINT('',(-0.112999884481195,0.0446626418171525,0.02525));
#6820=CARTESIAN_POINT('',(-0.112999884481194,-0.00774899340138591,0.02525));
#6821=CARTESIAN_POINT('',(-0.112999884481195,0.0444739488897012,0.02525));
#6822=CARTESIAN_POINT('',(-0.000188593529616893,0.0444739488897012,0.0252499999999994));
#6823=CARTESIAN_POINT('',(-0.112627267170998,0.0444739488897012,0.02525));
#6824=CARTESIAN_POINT('',(-0.0552650037272714,0.080339219161218,0.0252499999999995));
#6825=CARTESIAN_POINT('',(-0.115192256911295,4.5102810375397E-17,0.02525));
#6826=CARTESIAN_POINT('',(-0.110092256911295,4.5102810375397E-17,0.02525));
#6827=CARTESIAN_POINT('',(-0.101342144229185,-0.0488212694450071,0.02525));
#6828=CARTESIAN_POINT('',(-0.096242144229185,-0.0488212694450071,0.02525));
#6829=CARTESIAN_POINT('',(0.0307071730420443,0.0777406601926112,0.0252499999999992));
#6830=CARTESIAN_POINT('',(0.106703615519005,0.0502757185495476,0.0252499999999991));
#6831=CARTESIAN_POINT('',(0.114303615519005,0.0475290958171669,0.025249999999999));
#6832=CARTESIAN_POINT('',(0.106725180660969,-0.00770923117464769,0.0252499999999992));
#6833=CARTESIAN_POINT('',(0.106704917201459,0.0467757187916015,0.0252499999999991));
#6834=CARTESIAN_POINT('',(0.032718960857258,0.0758865206889064,0.0252499999999992));
#6835=CARTESIAN_POINT('',(0.114702151727648,0.0436290958171668,0.025249999999999));
#6836=CARTESIAN_POINT('',(-0.000188593529616893,0.0436290958171668,0.0252499999999994));
#6837=CARTESIAN_POINT('',(0.116303615519005,0.0436290958171667,0.025249999999999));
#6838=CARTESIAN_POINT('',(0.116303615519005,-0.00774899340138567,0.0252499999999991));
#6839=CARTESIAN_POINT('',(0.116303615519005,0.0449290958171667,0.025249999999999));
#6840=CARTESIAN_POINT('',(-0.000188593529616893,0.0449290958171667,0.0252499999999994));
#6841=CARTESIAN_POINT('',(0.114303615519005,0.0449290958171667,0.025249999999999));
#6842=CARTESIAN_POINT('',(0.114303615519005,-0.00774899340138567,0.0252499999999991));
#6843=CARTESIAN_POINT('',(0.116199016896862,4.5102810375397E-17,0.0252499999999991));
#6844=CARTESIAN_POINT('',(0.121299016896862,4.5102810375397E-17,0.0252499999999991));
#6845=CARTESIAN_POINT('',(0.101795939253951,-0.0458028519523479,0.0252499999999992));
#6846=CARTESIAN_POINT('',(0.106895939253951,-0.0458028519523479,0.0252499999999992));
#6847=CARTESIAN_POINT('',(1.81748375525777E-8,-0.0664979618027714,0.0278927669529663));
#6848=CARTESIAN_POINT('',(-0.0715340230514682,-0.0664979618027714,0.02825));
#6849=CARTESIAN_POINT('',(-0.106701981825162,-0.0694979618027714,0.02825));
#6850=CARTESIAN_POINT('',(-0.104034770500707,-0.0694979618027714,0.0252499999999996));
#6851=CARTESIAN_POINT('',(-0.0842659175151395,-0.0694979618027714,0.0285));
#6852=CARTESIAN_POINT('',(-0.0732748844809948,-0.0618108089907557,0.02825));
#6853=CARTESIAN_POINT('',(-0.0750157459105214,-0.0664979618027714,0.02825));
#6854=CARTESIAN_POINT('',(0.0847959392539511,-0.062279086534,0.0282499999999993));
#6855=CARTESIAN_POINT('',(0.0842659538648146,-0.0672509187402698,0.0282499999999993));
#6856=CARTESIAN_POINT('',(0.0821124543058753,-0.0664979618027713,0.0282499999999993));
#6857=CARTESIAN_POINT('',(0.0745536155189925,0.0524263554324243,-0.369700904918661));
#6858=CARTESIAN_POINT('',(0.074553614754987,0.0524263554324243,0.0217099999999994));
#6859=CARTESIAN_POINT('',(0.0791536155189925,0.0524263554324243,0.0217099999999994));
#6860=CARTESIAN_POINT('',(0.0699536155189925,0.0524263554324243,0.0217099999999994));
#6861=CARTESIAN_POINT('',(0.0791536155189925,0.0524263554324243,-0.369700904918661));
#6862=CARTESIAN_POINT('',(0.0791536155189925,0.0524263554324243,0.020509999999998));
#6863=CARTESIAN_POINT('',(0.0745536155189936,0.0524263554324243,0.020509999999998));
#6864=CARTESIAN_POINT('',(0.0699536155189925,0.0524263554324243,0.020509999999998));
#6865=CARTESIAN_POINT('',(0.0699536155189925,0.0524263554324243,-0.369700904918661));
#6866=CARTESIAN_POINT('',(0.0595536155189876,0.0524450782842891,-0.369700904918661));
#6867=CARTESIAN_POINT('',(0.059553613657904,0.0524450782842891,0.0217099999999994));
#6868=CARTESIAN_POINT('',(0.0641536155189876,0.0524450782842891,0.0217099999999994));
#6869=CARTESIAN_POINT('',(0.0549536155189876,0.0524450782842891,0.0217099999999994));
#6870=CARTESIAN_POINT('',(0.0641536155189876,0.0524450782842891,-0.369700904918661));
#6871=CARTESIAN_POINT('',(0.0641536155189876,0.0524450782842891,0.020509999999998));
#6872=CARTESIAN_POINT('',(0.0595536155189887,0.0524450782842891,0.020509999999998));
#6873=CARTESIAN_POINT('',(0.0549536155189876,0.0524450782842891,0.020509999999998));
#6874=CARTESIAN_POINT('',(0.0549536155189876,0.0524450782842891,-0.369700904918661));
#6875=CARTESIAN_POINT('',(-0.0625474422404975,0.049956323597983,0.0225099999999994));
#6876=CARTESIAN_POINT('',(0.0793536157618761,0.0532130218690431,0.0225099999999994));
#6877=CARTESIAN_POINT('',(0.0793536157618761,0.0524263554324243,0.0225099999999994));
#6878=CARTESIAN_POINT('',(0.085,0.0521791619547893,0.0225099999999994));
#6879=CARTESIAN_POINT('',(0.085,0.0503583239095786,0.0225099999999994));
#6880=CARTESIAN_POINT('',(0.0850007836553341,0.0499563226284986,0.0225099999999994));
#6881=CARTESIAN_POINT('',(0.0850007797565712,0.0499583226246985,0.0225099999999994));
#6882=CARTESIAN_POINT('',(-0.0589581321056082,0.0501380107167927,0.0225099999999994));
#6883=CARTESIAN_POINT('',(0.0781536155189925,0.0499668691874795,0.0225099999999994));
#6884=CARTESIAN_POINT('',(0.0781536155189925,0.0506466123099519,0.0225099999999994));
#6885=CARTESIAN_POINT('',(0.0781536155189925,0.0513263554324243,0.0225099999999994));
#6886=CARTESIAN_POINT('',(0.0786536155189925,0.0513263554324243,0.0225099999999994));
#6887=CARTESIAN_POINT('',(0.0791536155189925,0.0513263554324243,0.0225099999999994));
#6888=CARTESIAN_POINT('',(0.0791536155189925,0.0518763554324243,0.0225099999999994));
#6889=CARTESIAN_POINT('',(0.0791536155189925,0.0524263554324243,0.0225099999999994));
#6890=CARTESIAN_POINT('',(0.074553614754987,0.0524263554324243,0.0225099999999994));
#6891=CARTESIAN_POINT('',(-0.0625474422404975,0.049956323597983,0.0225099999999994));
#6892=CARTESIAN_POINT('',(0.0697536137480978,0.0532127568971472,0.0225099999999994));
#6893=CARTESIAN_POINT('',(0.0697536137480978,0.0524263554324243,0.0225099999999994));
#6894=CARTESIAN_POINT('',(0.074553614754987,0.0524263554324243,0.0225099999999994));
#6895=CARTESIAN_POINT('',(0.0699536155189925,0.0524263554324243,0.0225099999999994));
#6896=CARTESIAN_POINT('',(0.0699536155189925,0.0518763554324243,0.0225099999999994));
#6897=CARTESIAN_POINT('',(0.0699536155189925,0.0513263554324243,0.0225099999999994));
#6898=CARTESIAN_POINT('',(0.0704536155189925,0.0513263554324243,0.0225099999999994));
#6899=CARTESIAN_POINT('',(0.0709536155189925,0.0513263554324243,0.0225099999999994));
#6900=CARTESIAN_POINT('',(0.0709536155189925,0.0506511057943995,0.0225099999999994));
#6901=CARTESIAN_POINT('',(0.0709536155189925,0.0499758561563746,0.0225099999999994));
#6902=CARTESIAN_POINT('',(-0.0589581321056082,0.0501380107167927,0.0225099999999994));
#6903=CARTESIAN_POINT('',(0.0631519186243262,0.0499855941573915,0.0225099999999994));
#6904=CARTESIAN_POINT('',(0.0631527667587393,0.0506650855237918,0.0225099999999994));
#6905=CARTESIAN_POINT('',(0.0631536155189876,0.0513450782842891,0.0225099999999994));
#6906=CARTESIAN_POINT('',(0.0636536155189876,0.0513450782842891,0.0225099999999994));
#6907=CARTESIAN_POINT('',(0.0641536155189876,0.0513450782842891,0.0225099999999994));
#6908=CARTESIAN_POINT('',(0.0641536155189876,0.0518950782842891,0.0225099999999994));
#6909=CARTESIAN_POINT('',(0.0641536155189876,0.0524450782842891,0.0225099999999994));
#6910=CARTESIAN_POINT('',(0.059553613657904,0.0524450782842891,0.0225099999999994));
#6911=CARTESIAN_POINT('',(0.0643536187664818,0.0524450782842891,0.0225099999999994));
#6912=CARTESIAN_POINT('',(0.0643536187664818,0.0532219692765579,0.0225099999999994));
#6913=CARTESIAN_POINT('',(-0.0625474422404975,0.049956323597983,0.0225099999999994));
#6914=CARTESIAN_POINT('',(0.0547536085493261,0.0532217043044356,0.0225099999999994));
#6915=CARTESIAN_POINT('',(0.0547536085493261,0.0524450782842891,0.0225099999999994));
#6916=CARTESIAN_POINT('',(0.059553613657904,0.0524450782842891,0.0225099999999994));
#6917=CARTESIAN_POINT('',(0.0549536155189876,0.0524450782842891,0.0225099999999994));
#6918=CARTESIAN_POINT('',(0.0549536155189876,0.0518950782842891,0.0225099999999994));
#6919=CARTESIAN_POINT('',(0.0549536155189876,0.0513450782842891,0.0225099999999994));
#6920=CARTESIAN_POINT('',(0.0554536155189876,0.0513450782842891,0.0225099999999994));
#6921=CARTESIAN_POINT('',(0.0559536155189876,0.0513450782842891,0.0225099999999994));
#6922=CARTESIAN_POINT('',(0.0559536155189876,0.0506698286462643,0.0225099999999994));
#6923=CARTESIAN_POINT('',(0.0559536155189876,0.0499945790082394,0.0225099999999994));
#6924=CARTESIAN_POINT('',(-0.0589581321056082,0.0501380107167927,0.0225099999999994));
#6925=CARTESIAN_POINT('',(0.0381519300411676,0.0500167988962491,0.0225099999999994));
#6926=CARTESIAN_POINT('',(0.0381527731290604,0.0506922471924469,0.0225099999999994));
#6927=CARTESIAN_POINT('',(0.0381536162169532,0.0513676954886448,0.0225099999999994));
#6928=CARTESIAN_POINT('',(0.0386536159676768,0.051367196212844,0.0225099999999994));
#6929=CARTESIAN_POINT('',(0.0391536157184004,0.0513666969370432,0.0225099999999994));
#6930=CARTESIAN_POINT('',(0.0391536157184004,0.0519166969370432,0.0225099999999994));
#6931=CARTESIAN_POINT('',(0.0391536157184004,0.0524666969370432,0.0225099999999993));
#6932=CARTESIAN_POINT('',(0.0345536155189793,0.0524712902768998,0.0225099999999994));
#6933=CARTESIAN_POINT('',(0.0393536313929904,0.0524664972109714,0.0225099999999994));
#6934=CARTESIAN_POINT('',(0.0393536313929904,0.0532319887094134,0.0225099999999994));
#6935=CARTESIAN_POINT('',(-0.101124884480998,0.0280053228171662,0.025248));
#6936=CARTESIAN_POINT('',(-0.101124884480998,0.0280053228171662,0.0279));
#6937=CARTESIAN_POINT('',(-0.101524884480998,0.0280053228171662,0.0279));
#6938=CARTESIAN_POINT('',(-0.100724884480998,0.0280053228171662,0.0279));
#6939=CARTESIAN_POINT('',(-0.101524884480998,0.0280053228171662,0.025248));
#6940=CARTESIAN_POINT('',(-0.101524884480998,0.0280053228171662,0.02605));
#6941=CARTESIAN_POINT('',(-0.101124884480998,0.0280053228171662,0.02605));
#6942=CARTESIAN_POINT('',(-0.100724884480998,0.0280053228171662,0.02605));
#6943=CARTESIAN_POINT('',(-0.100724884480998,0.0280053228171662,0.025248));
#6944=CARTESIAN_POINT('',(-0.100724884480998,0.0259053228171662,0.025248));
#6945=CARTESIAN_POINT('',(-0.100724884480998,0.0259053228171662,0.0279));
#6946=CARTESIAN_POINT('',(-0.100724884480998,0.0238053228171662,0.0279));
#6947=CARTESIAN_POINT('',(-0.100724884480998,0.0259053228171662,0.02605));
#6948=CARTESIAN_POINT('',(-0.100724884480998,0.0238053228171662,0.02605));
#6949=CARTESIAN_POINT('',(-0.100724884480998,0.0238053228171662,0.025248));
#6950=CARTESIAN_POINT('',(-0.101524884480998,0.0259053228171662,0.025248));
#6951=CARTESIAN_POINT('',(-0.101524884480998,0.0259053228171662,0.0279));
#6952=CARTESIAN_POINT('',(-0.101524884480998,0.0238053228171662,0.0279));
#6953=CARTESIAN_POINT('',(-0.101524884480998,0.0238053228171662,0.025248));
#6954=CARTESIAN_POINT('',(-0.101524884480998,0.0238053228171662,0.02605));
#6955=CARTESIAN_POINT('',(-0.101524884480998,0.0259053228171662,0.02605));
#6956=CARTESIAN_POINT('',(-0.101124884480998,0.0238053228171662,0.025248));
#6957=CARTESIAN_POINT('',(-0.101124884480998,0.0238053228171662,0.0279));
#6958=CARTESIAN_POINT('',(-0.101124884480998,0.0238053228171662,0.02605));
#6959=CARTESIAN_POINT('',(-0.0932248844809973,0.00180764181716221,0.025248));
#6960=CARTESIAN_POINT('',(-0.0932248844809973,0.00180764181716221,0.0279));
#6961=CARTESIAN_POINT('',(-0.0932248844809973,0.00390764181716222,0.0279));
#6962=CARTESIAN_POINT('',(-0.0932248844809973,-0.000292358182837798,0.0279));
#6963=CARTESIAN_POINT('',(-0.0932248844809973,0.00390764181716221,0.025248));
#6964=CARTESIAN_POINT('',(-0.0932248844809973,0.00390764181716222,0.02605));
#6965=CARTESIAN_POINT('',(-0.0932248844809973,0.00180764181716221,0.02605));
#6966=CARTESIAN_POINT('',(-0.0932248844809973,-0.000292358182837801,0.02605));
#6967=CARTESIAN_POINT('',(-0.0932248844809973,-0.000292358182837802,0.025248));
#6968=CARTESIAN_POINT('',(-0.0936248844809973,-0.000292358182837801,0.025248));
#6969=CARTESIAN_POINT('',(-0.0936248844809973,-0.000292358182837797,0.0279));
#6970=CARTESIAN_POINT('',(-0.0940248844809973,-0.000292358182837796,0.0279));
#6971=CARTESIAN_POINT('',(-0.0936248844809973,-0.0002923581828378,0.02605));
#6972=CARTESIAN_POINT('',(-0.0940248844809973,-0.000292358182837792,0.02605));
#6973=CARTESIAN_POINT('',(-0.0940248844809973,-0.000292358182837801,0.025248));
#6974=CARTESIAN_POINT('',(-0.0936248844809973,0.00390764181716222,0.025248));
#6975=CARTESIAN_POINT('',(-0.0936248844809973,0.00390764181716222,0.0279));
#6976=CARTESIAN_POINT('',(-0.0940248844809973,0.00390764181716221,0.0279));
#6977=CARTESIAN_POINT('',(-0.0940248844809973,0.0039076418171622,0.025248));
#6978=CARTESIAN_POINT('',(-0.0940248844809973,0.00390764181716221,0.02605));
#6979=CARTESIAN_POINT('',(-0.0936248844809973,0.00390764181716222,0.02605));
#6980=CARTESIAN_POINT('',(-0.0940248844809973,0.00180764181716221,0.025248));
#6981=CARTESIAN_POINT('',(-0.0940248844809973,0.00180764181716221,0.0279));
#6982=CARTESIAN_POINT('',(-0.0940248844809973,0.00180764181716221,0.02605));
#6983=CARTESIAN_POINT('',(-0.0960022034809976,0.0203826418171652,0.025248));
#6984=CARTESIAN_POINT('',(-0.0960022034809976,0.0203826418171652,0.0279));
#6985=CARTESIAN_POINT('',(-0.0960022034809976,0.0182826418171652,0.0279));
#6986=CARTESIAN_POINT('',(-0.0960022034809976,0.0224826418171652,0.0279));
#6987=CARTESIAN_POINT('',(-0.0960022034809976,0.0182826418171652,0.025248));
#6988=CARTESIAN_POINT('',(-0.0960022034809976,0.0182826418171652,0.02605));
#6989=CARTESIAN_POINT('',(-0.0960022034809976,0.0203826418171652,0.02605));
#6990=CARTESIAN_POINT('',(-0.0960022034809976,0.0224826418171652,0.02605));
#6991=CARTESIAN_POINT('',(-0.0960022034809976,0.0224826418171652,0.025248));
#6992=CARTESIAN_POINT('',(-0.0956022034809976,0.0224826418171652,0.025248));
#6993=CARTESIAN_POINT('',(-0.0956022034809976,0.0224826418171652,0.0279));
#6994=CARTESIAN_POINT('',(-0.0952022034809976,0.0224826418171652,0.0279));
#6995=CARTESIAN_POINT('',(-0.0956022034809976,0.0224826418171652,0.02605));
#6996=CARTESIAN_POINT('',(-0.0952022034809976,0.0224826418171652,0.02605));
#6997=CARTESIAN_POINT('',(-0.0952022034809976,0.0224826418171652,0.025248));
#6998=CARTESIAN_POINT('',(-0.0956022034809976,0.0182826418171652,0.025248));
#6999=CARTESIAN_POINT('',(-0.0956022034809976,0.0182826418171652,0.0279));
#7000=CARTESIAN_POINT('',(-0.0952022034809976,0.0182826418171652,0.0279));
#7001=CARTESIAN_POINT('',(-0.0952022034809976,0.0182826418171652,0.025248));
#7002=CARTESIAN_POINT('',(-0.0952022034809976,0.0182826418171652,0.02605));
#7003=CARTESIAN_POINT('',(-0.0956022034809976,0.0182826418171652,0.02605));
#7004=CARTESIAN_POINT('',(-0.0952022034809976,0.0203826418171652,0.025248));
#7005=CARTESIAN_POINT('',(-0.0952022034809976,0.0203826418171652,0.0279));
#7006=CARTESIAN_POINT('',(-0.0952022034809976,0.0203826418171652,0.02605));
#7007=CARTESIAN_POINT('',(-0.101124884480998,0.0169599608171643,0.025248));
#7008=CARTESIAN_POINT('',(-0.101124884480998,0.0169599608171643,0.0279));
#7009=CARTESIAN_POINT('',(-0.101524884480998,0.0169599608171643,0.0279));
#7010=CARTESIAN_POINT('',(-0.100724884480998,0.0169599608171643,0.0279));
#7011=CARTESIAN_POINT('',(-0.101524884480998,0.0169599608171643,0.025248));
#7012=CARTESIAN_POINT('',(-0.101524884480998,0.0169599608171643,0.02605));
#7013=CARTESIAN_POINT('',(-0.101124884480998,0.0169599608171643,0.02605));
#7014=CARTESIAN_POINT('',(-0.100724884480998,0.0169599608171643,0.02605));
#7015=CARTESIAN_POINT('',(-0.100724884480998,0.0169599608171643,0.025248));
#7016=CARTESIAN_POINT('',(-0.100724884480998,0.0148599608171643,0.025248));
#7017=CARTESIAN_POINT('',(-0.100724884480998,0.0148599608171643,0.0279));
#7018=CARTESIAN_POINT('',(-0.100724884480998,0.0127599608171644,0.0279));
#7019=CARTESIAN_POINT('',(-0.100724884480998,0.0148599608171643,0.02605));
#7020=CARTESIAN_POINT('',(-0.100724884480998,0.0127599608171643,0.02605));
#7021=CARTESIAN_POINT('',(-0.100724884480998,0.0127599608171643,0.025248));
#7022=CARTESIAN_POINT('',(-0.101524884480998,0.0148599608171643,0.025248));
#7023=CARTESIAN_POINT('',(-0.101524884480998,0.0148599608171644,0.0279));
#7024=CARTESIAN_POINT('',(-0.101524884480998,0.0127599608171643,0.0279));
#7025=CARTESIAN_POINT('',(-0.101524884480998,0.0127599608171643,0.025248));
#7026=CARTESIAN_POINT('',(-0.101524884480998,0.0127599608171643,0.02605));
#7027=CARTESIAN_POINT('',(-0.101524884480998,0.0148599608171643,0.02605));
#7028=CARTESIAN_POINT('',(-0.101124884480998,0.0127599608171643,0.025248));
#7029=CARTESIAN_POINT('',(-0.101124884480998,0.0127599608171643,0.0279));
#7030=CARTESIAN_POINT('',(-0.101124884480998,0.0127599608171643,0.02605));
#7031=CARTESIAN_POINT('',(-0.106647565480999,0.0224826418171653,0.025248));
#7032=CARTESIAN_POINT('',(-0.106647565480999,0.0224826418171653,0.0279));
#7033=CARTESIAN_POINT('',(-0.107047565480999,0.0224826418171653,0.0279));
#7034=CARTESIAN_POINT('',(-0.106247565480999,0.0224826418171653,0.0279));
#7035=CARTESIAN_POINT('',(-0.107047565480999,0.0224826418171653,0.025248));
#7036=CARTESIAN_POINT('',(-0.107047565480999,0.0224826418171653,0.02605));
#7037=CARTESIAN_POINT('',(-0.106647565480999,0.0224826418171653,0.02605));
#7038=CARTESIAN_POINT('',(-0.106247565480999,0.0224826418171653,0.02605));
#7039=CARTESIAN_POINT('',(-0.106247565480999,0.0224826418171653,0.025248));
#7040=CARTESIAN_POINT('',(-0.106247565480999,0.0203826418171653,0.025248));
#7041=CARTESIAN_POINT('',(-0.106247565480999,0.0203826418171653,0.0279));
#7042=CARTESIAN_POINT('',(-0.106247565480999,0.0182826418171653,0.0279));
#7043=CARTESIAN_POINT('',(-0.106247565480999,0.0203826418171653,0.02605));
#7044=CARTESIAN_POINT('',(-0.106247565480999,0.0182826418171653,0.02605));
#7045=CARTESIAN_POINT('',(-0.106247565480999,0.0182826418171653,0.025248));
#7046=CARTESIAN_POINT('',(-0.107047565480999,0.0203826418171653,0.025248));
#7047=CARTESIAN_POINT('',(-0.107047565480999,0.0203826418171653,0.0279));
#7048=CARTESIAN_POINT('',(-0.107047565480999,0.0182826418171653,0.0279));
#7049=CARTESIAN_POINT('',(-0.107047565480999,0.0182826418171653,0.025248));
#7050=CARTESIAN_POINT('',(-0.107047565480999,0.0182826418171653,0.02605));
#7051=CARTESIAN_POINT('',(-0.107047565480999,0.0203826418171653,0.02605));
#7052=CARTESIAN_POINT('',(-0.106647565480999,0.0182826418171653,0.025248));
#7053=CARTESIAN_POINT('',(-0.106647565480999,0.0182826418171653,0.0279));
#7054=CARTESIAN_POINT('',(-0.106647565480999,0.0182826418171653,0.02605));
#7055=CARTESIAN_POINT('',(0.0974786155190328,0.0198990958171648,0.025247999999999));
#7056=CARTESIAN_POINT('',(0.0974786155190328,0.0198990958171648,0.0278999999999991));
#7057=CARTESIAN_POINT('',(0.0974786155190328,0.0219990958171647,0.0278999999999991));
#7058=CARTESIAN_POINT('',(0.0974786155190328,0.0177990958171647,0.0278999999999991));
#7059=CARTESIAN_POINT('',(0.0974786155190328,0.0219990958171647,0.025247999999999));
#7060=CARTESIAN_POINT('',(0.0974786155190328,0.0219990958171647,0.0260499999999991));
#7061=CARTESIAN_POINT('',(0.0974786155190328,0.0198990958171648,0.0260499999999991));
#7062=CARTESIAN_POINT('',(0.0974786155190328,0.0177990958171647,0.0260499999999991));
#7063=CARTESIAN_POINT('',(0.0974786155190328,0.0177990958171647,0.025247999999999));
#7064=CARTESIAN_POINT('',(0.0970786155190328,0.0177990958171647,0.025247999999999));
#7065=CARTESIAN_POINT('',(0.0970786155190328,0.0177990958171647,0.0278999999999991));
#7066=CARTESIAN_POINT('',(0.0966786155190328,0.0177990958171647,0.0278999999999991));
#7067=CARTESIAN_POINT('',(0.0970786155190328,0.0177990958171647,0.0260499999999991));
#7068=CARTESIAN_POINT('',(0.0966786155190328,0.0177990958171647,0.0260499999999991));
#7069=CARTESIAN_POINT('',(0.0966786155190328,0.0177990958171647,0.025247999999999));
#7070=CARTESIAN_POINT('',(0.0970786155190328,0.0219990958171647,0.025247999999999));
#7071=CARTESIAN_POINT('',(0.0970786155190328,0.0219990958171647,0.0278999999999991));
#7072=CARTESIAN_POINT('',(0.0966786155190328,0.0219990958171647,0.0278999999999991));
#7073=CARTESIAN_POINT('',(0.0966786155190328,0.0219990958171647,0.025247999999999));
#7074=CARTESIAN_POINT('',(0.0966786155190328,0.0219990958171647,0.0260499999999991));
#7075=CARTESIAN_POINT('',(0.0970786155190328,0.0219990958171647,0.0260499999999991));
#7076=CARTESIAN_POINT('',(0.0966786155190328,0.0198990958171648,0.025247999999999));
#7077=CARTESIAN_POINT('',(0.0966786155190328,0.0198990958171648,0.0278999999999991));
#7078=CARTESIAN_POINT('',(0.0966786155190328,0.0198990958171648,0.0260499999999991));
#7079=CARTESIAN_POINT('',(0.102978615519034,0.0253990958171657,0.025247999999999));
#7080=CARTESIAN_POINT('',(0.102978615519034,0.0253990958171657,0.0278999999999991));
#7081=CARTESIAN_POINT('',(0.102978615519034,0.0274990958171657,0.0278999999999991));
#7082=CARTESIAN_POINT('',(0.102978615519034,0.0232990958171656,0.0278999999999991));
#7083=CARTESIAN_POINT('',(0.102978615519034,0.0274990958171657,0.025247999999999));
#7084=CARTESIAN_POINT('',(0.102978615519034,0.0274990958171657,0.0260499999999991));
#7085=CARTESIAN_POINT('',(0.102978615519034,0.0253990958171657,0.0260499999999991));
#7086=CARTESIAN_POINT('',(0.102978615519034,0.0232990958171656,0.0260499999999991));
#7087=CARTESIAN_POINT('',(0.102978615519034,0.0232990958171656,0.025247999999999));
#7088=CARTESIAN_POINT('',(0.102578615519034,0.0232990958171656,0.025247999999999));
#7089=CARTESIAN_POINT('',(0.102578615519034,0.0232990958171656,0.0278999999999991));
#7090=CARTESIAN_POINT('',(0.102178615519034,0.0232990958171656,0.0278999999999991));
#7091=CARTESIAN_POINT('',(0.102578615519034,0.0232990958171656,0.0260499999999991));
#7092=CARTESIAN_POINT('',(0.102178615519034,0.0232990958171656,0.0260499999999991));
#7093=CARTESIAN_POINT('',(0.102178615519034,0.0232990958171656,0.025247999999999));
#7094=CARTESIAN_POINT('',(0.102578615519034,0.0274990958171657,0.025247999999999));
#7095=CARTESIAN_POINT('',(0.102578615519034,0.0274990958171657,0.0278999999999991));
#7096=CARTESIAN_POINT('',(0.102178615519034,0.0274990958171657,0.0278999999999991));
#7097=CARTESIAN_POINT('',(0.102178615519034,0.0274990958171657,0.025247999999999));
#7098=CARTESIAN_POINT('',(0.102178615519034,0.0274990958171657,0.0260499999999991));
#7099=CARTESIAN_POINT('',(0.102578615519034,0.0274990958171657,0.0260499999999991));
#7100=CARTESIAN_POINT('',(0.102178615519034,0.0253990958171657,0.025247999999999));
#7101=CARTESIAN_POINT('',(0.102178615519034,0.0253990958171657,0.0278999999999991));
#7102=CARTESIAN_POINT('',(0.102178615519034,0.0253990958171657,0.0260499999999991));
#7103=CARTESIAN_POINT('',(0.108078615519034,0.0219990958171647,0.025247999999999));
#7104=CARTESIAN_POINT('',(0.108078615519034,0.0219990958171647,0.0278999999999991));
#7105=CARTESIAN_POINT('',(0.107678615519034,0.0219990958171647,0.0278999999999991));
#7106=CARTESIAN_POINT('',(0.108478615519034,0.0219990958171647,0.0278999999999991));
#7107=CARTESIAN_POINT('',(0.107678615519034,0.0219990958171647,0.025247999999999));
#7108=CARTESIAN_POINT('',(0.107678615519034,0.0219990958171647,0.0260499999999991));
#7109=CARTESIAN_POINT('',(0.108078615519034,0.0219990958171647,0.0260499999999991));
#7110=CARTESIAN_POINT('',(0.108478615519034,0.0219990958171647,0.0260499999999991));
#7111=CARTESIAN_POINT('',(0.108478615519034,0.0219990958171647,0.025247999999999));
#7112=CARTESIAN_POINT('',(0.108478615519034,0.0198990958171647,0.025247999999999));
#7113=CARTESIAN_POINT('',(0.108478615519034,0.0198990958171647,0.0278999999999991));
#7114=CARTESIAN_POINT('',(0.108478615519034,0.0177990958171647,0.0278999999999991));
#7115=CARTESIAN_POINT('',(0.108478615519034,0.0198990958171647,0.0260499999999991));
#7116=CARTESIAN_POINT('',(0.108478615519034,0.0177990958171647,0.0260499999999991));
#7117=CARTESIAN_POINT('',(0.108478615519034,0.0177990958171647,0.025247999999999));
#7118=CARTESIAN_POINT('',(0.107678615519034,0.0198990958171647,0.025247999999999));
#7119=CARTESIAN_POINT('',(0.107678615519034,0.0198990958171647,0.0278999999999991));
#7120=CARTESIAN_POINT('',(0.107678615519034,0.0177990958171647,0.0278999999999991));
#7121=CARTESIAN_POINT('',(0.107678615519034,0.0177990958171647,0.025247999999999));
#7122=CARTESIAN_POINT('',(0.107678615519034,0.0177990958171647,0.0260499999999991));
#7123=CARTESIAN_POINT('',(0.107678615519034,0.0198990958171647,0.0260499999999991));
#7124=CARTESIAN_POINT('',(0.108078615519034,0.0177990958171647,0.025247999999999));
#7125=CARTESIAN_POINT('',(0.108078615519034,0.0177990958171647,0.0278999999999991));
#7126=CARTESIAN_POINT('',(0.108078615519034,0.0177990958171647,0.0260499999999991));
#7127=CARTESIAN_POINT('',(0.102978615519034,0.0143990958171638,0.025247999999999));
#7128=CARTESIAN_POINT('',(0.102978615519034,0.0143990958171638,0.0278999999999991));
#7129=CARTESIAN_POINT('',(0.102978615519034,0.0164990958171638,0.0278999999999991));
#7130=CARTESIAN_POINT('',(0.102978615519034,0.0122990958171638,0.0278999999999991));
#7131=CARTESIAN_POINT('',(0.102978615519034,0.0164990958171638,0.025247999999999));
#7132=CARTESIAN_POINT('',(0.102978615519034,0.0164990958171638,0.0260499999999991));
#7133=CARTESIAN_POINT('',(0.102978615519034,0.0143990958171638,0.0260499999999991));
#7134=CARTESIAN_POINT('',(0.102978615519034,0.0122990958171638,0.0260499999999991));
#7135=CARTESIAN_POINT('',(0.102978615519034,0.0122990958171638,0.025247999999999));
#7136=CARTESIAN_POINT('',(0.102578615519034,0.0122990958171638,0.025247999999999));
#7137=CARTESIAN_POINT('',(0.102578615519034,0.0122990958171638,0.0278999999999991));
#7138=CARTESIAN_POINT('',(0.102178615519034,0.0122990958171638,0.0278999999999991));
#7139=CARTESIAN_POINT('',(0.102578615519034,0.0122990958171638,0.0260499999999991));
#7140=CARTESIAN_POINT('',(0.102178615519034,0.0122990958171638,0.0260499999999991));
#7141=CARTESIAN_POINT('',(0.102178615519034,0.0122990958171638,0.025247999999999));
#7142=CARTESIAN_POINT('',(0.102578615519034,0.0164990958171638,0.025247999999999));
#7143=CARTESIAN_POINT('',(0.102578615519034,0.0164990958171638,0.0278999999999991));
#7144=CARTESIAN_POINT('',(0.102178615519034,0.0164990958171638,0.0278999999999991));
#7145=CARTESIAN_POINT('',(0.102178615519034,0.0164990958171638,0.025247999999999));
#7146=CARTESIAN_POINT('',(0.102178615519034,0.0164990958171638,0.0260499999999991));
#7147=CARTESIAN_POINT('',(0.102578615519034,0.0164990958171638,0.0260499999999991));
#7148=CARTESIAN_POINT('',(0.102178615519034,0.0143990958171638,0.025247999999999));
#7149=CARTESIAN_POINT('',(0.102178615519034,0.0143990958171638,0.0278999999999991));
#7150=CARTESIAN_POINT('',(0.102178615519034,0.0143990958171638,0.0260499999999991));
#7151=CARTESIAN_POINT('',(0.0974786155190328,-0.00417590418283919,0.0252479999999991));
#7152=CARTESIAN_POINT('',(0.0974786155190328,-0.00417590418283918,0.0278999999999992));
#7153=CARTESIAN_POINT('',(0.0974786155190328,-0.00207590418283917,0.0278999999999992));
#7154=CARTESIAN_POINT('',(0.0974786155190328,-0.00627590418283919,0.0278999999999992));
#7155=CARTESIAN_POINT('',(0.0974786155190328,-0.00207590418283918,0.0252479999999991));
#7156=CARTESIAN_POINT('',(0.0974786155190328,-0.00207590418283918,0.0260499999999992));
#7157=CARTESIAN_POINT('',(0.0974786155190328,-0.00417590418283918,0.0260499999999992));
#7158=CARTESIAN_POINT('',(0.0974786155190328,-0.00627590418283919,0.0260499999999992));
#7159=CARTESIAN_POINT('',(0.0974786155190328,-0.00627590418283919,0.0252479999999991));
#7160=CARTESIAN_POINT('',(0.0970786155190328,-0.00627590418283919,0.0252479999999991));
#7161=CARTESIAN_POINT('',(0.0970786155190328,-0.00627590418283918,0.0278999999999992));
#7162=CARTESIAN_POINT('',(0.0966786155190328,-0.00627590418283918,0.0278999999999992));
#7163=CARTESIAN_POINT('',(0.0970786155190328,-0.00627590418283919,0.0260499999999992));
#7164=CARTESIAN_POINT('',(0.0966786155190328,-0.00627590418283918,0.0260499999999992));
#7165=CARTESIAN_POINT('',(0.0966786155190328,-0.00627590418283919,0.0252479999999991));
#7166=CARTESIAN_POINT('',(0.0970786155190328,-0.00207590418283918,0.0252479999999991));
#7167=CARTESIAN_POINT('',(0.0970786155190328,-0.00207590418283917,0.0278999999999992));
#7168=CARTESIAN_POINT('',(0.0966786155190328,-0.00207590418283918,0.0278999999999992));
#7169=CARTESIAN_POINT('',(0.0966786155190328,-0.00207590418283918,0.0252479999999991));
#7170=CARTESIAN_POINT('',(0.0966786155190328,-0.00207590418283918,0.0260499999999992));
#7171=CARTESIAN_POINT('',(0.0970786155190328,-0.00207590418283918,0.0260499999999992));
#7172=CARTESIAN_POINT('',(0.0966786155190328,-0.00417590418283918,0.0252479999999991));
#7173=CARTESIAN_POINT('',(0.0966786155190328,-0.00417590418283918,0.0278999999999992));
#7174=CARTESIAN_POINT('',(0.0966786155190328,-0.00417590418283918,0.0260499999999992));
#7175=CARTESIAN_POINT('',(0.0974436155190328,0.00227714181716186,0.0252479999999991));
#7176=CARTESIAN_POINT('',(0.0974436155190328,0.00227714181716187,0.0278999999999992));
#7177=CARTESIAN_POINT('',(0.0974436155190328,0.00437714181716188,0.0278999999999992));
#7178=CARTESIAN_POINT('',(0.0974436155190328,0.000177141817161862,0.0278999999999992));
#7179=CARTESIAN_POINT('',(0.0974436155190328,0.00437714181716187,0.0252479999999991));
#7180=CARTESIAN_POINT('',(0.0974436155190328,0.00437714181716188,0.0260499999999992));
#7181=CARTESIAN_POINT('',(0.0974436155190328,0.00227714181716186,0.0260499999999992));
#7182=CARTESIAN_POINT('',(0.0974436155190328,0.000177141817161859,0.0260499999999992));
#7183=CARTESIAN_POINT('',(0.0974436155190328,0.000177141817161858,0.0252479999999991));
#7184=CARTESIAN_POINT('',(0.0970436155190328,0.000177141817161859,0.0252479999999991));
#7185=CARTESIAN_POINT('',(0.0970436155190328,0.000177141817161864,0.0278999999999992));
#7186=CARTESIAN_POINT('',(0.0966436155190328,0.000177141817161864,0.0278999999999992));
#7187=CARTESIAN_POINT('',(0.0970436155190328,0.00017714181716186,0.0260499999999992));
#7188=CARTESIAN_POINT('',(0.0966436155190328,0.000177141817161868,0.0260499999999992));
#7189=CARTESIAN_POINT('',(0.0966436155190328,0.00017714181716186,0.0252479999999991));
#7190=CARTESIAN_POINT('',(0.0970436155190328,0.00437714181716188,0.0252479999999991));
#7191=CARTESIAN_POINT('',(0.0970436155190328,0.00437714181716188,0.0278999999999992));
#7192=CARTESIAN_POINT('',(0.0966436155190328,0.00437714181716187,0.0278999999999992));
#7193=CARTESIAN_POINT('',(0.0966436155190328,0.00437714181716187,0.0252479999999991));
#7194=CARTESIAN_POINT('',(0.0966436155190328,0.00437714181716187,0.0260499999999992));
#7195=CARTESIAN_POINT('',(0.0970436155190328,0.00437714181716188,0.0260499999999992));
#7196=CARTESIAN_POINT('',(0.0966436155190328,0.00227714181716186,0.0252479999999991));
#7197=CARTESIAN_POINT('',(0.0966436155190328,0.00227714181716187,0.0278999999999992));
#7198=CARTESIAN_POINT('',(0.0966436155190328,0.00227714181716187,0.0260499999999992));
#7199=CARTESIAN_POINT('',(-0.08530851435509,-0.0548437831554332,0.02825));
#7200=CARTESIAN_POINT('',(-0.0784076821489467,-0.0548823001594315,0.02825));
#7201=CARTESIAN_POINT('',(-0.0662751181242124,-0.0549500180814286,0.02825));
#7202=CARTESIAN_POINT('',(-0.0781553196068882,-0.00966820308329053,0.02825));
#7203=CARTESIAN_POINT('',(-0.0781553196068882,-0.00966820308329053,0.02605));
#7204=CARTESIAN_POINT('',(-0.0778213797302216,0.0501615556361903,0.0260499999999996));
#7205=CARTESIAN_POINT('',(-0.0784054495831982,-0.0544823063899182,0.02605));
#7206=CARTESIAN_POINT('',(-0.0778213797302215,0.0501615556361903,0.0282499999999997));
#7207=CARTESIAN_POINT('',(-0.0784054495831982,-0.0544823063899182,0.02605));
#7208=CARTESIAN_POINT('',(-0.0589581321056082,0.0501380107167927,0.0282499999999996));
#7209=CARTESIAN_POINT('',(-0.00886319224049932,0.0500754827075745,0.0260499999999994));
#7210=CARTESIAN_POINT('',(-0.102726384480998,0.0501926418171661,0.02605));
#7211=CARTESIAN_POINT('',(-0.102726384480998,0.0501926418171661,0.02605));
#7212=CARTESIAN_POINT('',(-0.0589581321056082,0.0501380107167927,0.0252499999999996));
#7213=CARTESIAN_POINT('',(-0.0790000056087164,0.0501622912107812,0.0252499999999997));
#7214=CARTESIAN_POINT('',(-0.0589581321056082,0.0501380107167927,0.0252499999999996));
#7215=CARTESIAN_POINT('',(-0.0778213797302216,0.0501615556361903,0.0252499999999997));
#7216=CARTESIAN_POINT('',(-0.0778213797302216,0.0501615556361903,0.0225079999999994));
#7217=CARTESIAN_POINT('',(-0.0398946699758222,0.050114215891627,0.0209149999999994));
#7218=CARTESIAN_POINT('',(-0.0398946699758222,0.050114215891627,0.0193199999999994));
#7219=CARTESIAN_POINT('',(-0.0359947086356844,0.050109347998397,0.0193199999999994));
#7220=CARTESIAN_POINT('',(-0.0320948282771839,0.0501044802062475,0.0193199999999994));
#7221=CARTESIAN_POINT('',(-0.0320948282771839,0.0501044802062475,0.0195199999999989));
#7222=CARTESIAN_POINT('',(-0.0320948282791646,0.0501044802062474,0.0197199999999983));
#7223=CARTESIAN_POINT('',(-0.0299948281312682,0.0501018590068043,0.0197199999999983));
#7224=CARTESIAN_POINT('',(-0.0299948281312682,0.0501018590068043,0.0218199999999983));
#7225=CARTESIAN_POINT('',(-0.0267948030490579,0.0500978647670991,0.0218199999999983));
#7226=CARTESIAN_POINT('',(-0.0235948276902878,0.0500938705894582,0.0218199999999984));
#7227=CARTESIAN_POINT('',(-0.0235948276902878,0.0500938705894582,0.0197199999999983));
#7228=CARTESIAN_POINT('',(-0.0214948275443721,0.050091249390015,0.0197199999999983));
#7229=CARTESIAN_POINT('',(-0.0214948275443721,0.050091249390015,0.0195199999999988));
#7230=CARTESIAN_POINT('',(-0.0214948275443721,0.050091249390015,0.0193199999999994));
#7231=CARTESIAN_POINT('',(-0.0175947386254184,0.0500863813375424,0.0193199999999994));
#7232=CARTESIAN_POINT('',(-0.0136946681711684,0.0500815133081172,0.0193199999999994));
#7233=CARTESIAN_POINT('',(-0.0136946681711684,0.0500815133081172,0.0209149999999994));
#7234=CARTESIAN_POINT('',(-0.0136946681711684,0.0500815133081172,0.0225099999999994));
#7235=CARTESIAN_POINT('',(-0.0589581321056082,0.0501380107167927,0.0225099999999994));
#7236=CARTESIAN_POINT('',(0.0309511692688057,0.0500257868147327,0.0225099999999994));
#7237=CARTESIAN_POINT('',(0.0309511692688057,0.0500257868147327,-0.369700904918661));
#7238=CARTESIAN_POINT('',(0.0309511692688057,0.0500257868147327,0.0205099999999981));
#7239=CARTESIAN_POINT('',(-0.0589581321056071,0.0501380107167927,0.0205099999999983));
#7240=CARTESIAN_POINT('',(0.0381519300411676,0.0500167988962491,0.0205099999999981));
#7241=CARTESIAN_POINT('',(0.0381519300411676,0.0500167988962491,-0.369700904918661));
#7242=CARTESIAN_POINT('',(0.0559536155189876,0.0499945790082394,-0.369700904918661));
#7243=CARTESIAN_POINT('',(0.0559536155189876,0.0499945790082394,0.020509999999998));
#7244=CARTESIAN_POINT('',(-0.0589581321056071,0.0501380107167927,0.0205099999999983));
#7245=CARTESIAN_POINT('',(0.0631519186243262,0.0499855941573915,0.020509999999998));
#7246=CARTESIAN_POINT('',(0.0631519186243262,0.0499855941573915,-0.369700904918661));
#7247=CARTESIAN_POINT('',(0.0709536155189925,0.0499758561563746,-0.369700904918661));
#7248=CARTESIAN_POINT('',(0.0709536155189925,0.0499758561563746,0.020509999999998));
#7249=CARTESIAN_POINT('',(-0.0589581321056071,0.0501380107167927,0.0205099999999983));
#7250=CARTESIAN_POINT('',(0.0781536155189925,0.0499668691874795,0.020509999999998));
#7251=CARTESIAN_POINT('',(0.0781536155189925,0.0499668691874795,-0.369700904918661));
#7252=CARTESIAN_POINT('',(0.0850007797565712,0.0499583226246985,0.0225079999999989));
#7253=CARTESIAN_POINT('',(0.0975636155190048,0.0499426418171659,0.026049999999999));
#7254=CARTESIAN_POINT('',(0.0975636155190048,0.0499426418171659,0.026049999999999));
#7255=CARTESIAN_POINT('',(0.0912818077595024,0.0499504827075743,0.0260499999999991));
#7256=CARTESIAN_POINT('',(0.0850003898782856,0.0499583231113406,0.0260499999999991));
#7257=CARTESIAN_POINT('',(0.085,0.0499583226246985,0.0282499999999992));
#7258=CARTESIAN_POINT('',(0.085,-0.00272226402138464,0.0282499999999992));
#7259=CARTESIAN_POINT('',(0.085,-0.00272226402138464,0.0260499999999992));
#7260=CARTESIAN_POINT('',(0.085,-0.0553943541208197,0.0260499999999993));
#7261=CARTESIAN_POINT('',(0.085,-0.0553943541208197,0.0260499999999993));
#7262=CARTESIAN_POINT('',(0.085,-0.0558028519523479,0.0282499999999992));
#7263=CARTESIAN_POINT('',(0.076795939253951,-0.0558028519523479,0.0282499999999992));
#7264=CARTESIAN_POINT('',(0.061795939253951,-0.0558028519523479,0.0282499999999992));
#7265=CARTESIAN_POINT('',(-0.107450636617708,0.0336286115617201,0.02825));
#7266=CARTESIAN_POINT('',(-0.123448961819506,0.0333971148284674,0.02825));
#7267=CARTESIAN_POINT('',(-0.115704327685804,0.0473354194961895,0.02825));
#7268=CARTESIAN_POINT('',(0.349987945139113,0.0402475770201258,0.0276499999999984));
#7269=CARTESIAN_POINT('',(-0.12343982849454,0.0327926045179307,0.02825));
#7270=CARTESIAN_POINT('',(-0.108275493410365,-0.0671467859199037,0.02825));
#7271=CARTESIAN_POINT('',(-0.108275493410365,-0.0671467859199037,0.02525));
#7272=CARTESIAN_POINT('',(-0.119044390968163,-0.049905961853834,0.02825));
#7273=CARTESIAN_POINT('',(-0.119044390968163,-0.049905961853834,0.02525));
#7274=CARTESIAN_POINT('',(-0.124099169329539,-0.0165928317078892,0.02825));
#7275=CARTESIAN_POINT('',(-0.124099169329539,-0.0165928317078892,0.02525));
#7276=CARTESIAN_POINT('',(-0.123439828494493,0.032792604517931,0.02825));
#7277=CARTESIAN_POINT('',(-0.123439828494493,0.032792604517931,0.02525));
#7278=CARTESIAN_POINT('',(-0.108275493410375,-0.0671467859198884,0.02525));
#7279=CARTESIAN_POINT('',(-0.106701981825162,-0.0694979618027714,0.02825));
#7280=CARTESIAN_POINT('',(0.104034806850382,-0.0694979618027713,0.0282499999999992));
#7281=CARTESIAN_POINT('',(0.0842659538648146,-0.0694979618027714,0.0284999999999992));
#7282=CARTESIAN_POINT('',(0.108275529760002,-0.0671467859199656,0.02825));
#7283=CARTESIAN_POINT('',(0.108275529760002,-0.0671467859199656,0.02525));
#7284=CARTESIAN_POINT('',(0.111871652756037,-0.0613894534203652,0.02825));
#7285=CARTESIAN_POINT('',(0.111871652756037,-0.0613894534203652,0.02525));
#7286=CARTESIAN_POINT('',(0.11483057558836,-0.0538398453813007,0.02825));
#7287=CARTESIAN_POINT('',(0.11483057558836,-0.0538398453813007,0.02525));
#7288=CARTESIAN_POINT('',(0.117152298256971,-0.0444979618027721,0.02825));
#7289=CARTESIAN_POINT('',(0.117152298256971,-0.0444979618027721,0.02525));
#7290=CARTESIAN_POINT('',(0.10827552976005,-0.0671467859198882,0.02825));
#7291=CARTESIAN_POINT('',(0.117152298256971,-0.0444979618027721,0.02825));
#7292=CARTESIAN_POINT('',(0.117152298256971,-0.0444979618027721,0.02825));
#7293=CARTESIAN_POINT('',(0.117152298256971,-0.0444979618027721,0.02525));
#7294=CARTESIAN_POINT('',(0.121783231106564,-0.0258645409701473,0.02825));
#7295=CARTESIAN_POINT('',(0.121783231106564,-0.0258645409701473,0.02525));
#7296=CARTESIAN_POINT('',(0.123879081075757,-0.00010060245123571,0.02825));
#7297=CARTESIAN_POINT('',(0.123879081075756,-0.000100602451235716,0.02525));
#7298=CARTESIAN_POINT('',(0.12343984816455,0.0327938537539628,0.02825));
#7299=CARTESIAN_POINT('',(0.12343984816455,0.0327938537539627,0.02525));
#7300=CARTESIAN_POINT('',(0.12343984816561,0.0327938536815168,0.02825));
#7301=CARTESIAN_POINT('',(-0.349990242053726,0.0402476110767641,0.0276500000000013));
#7302=CARTESIAN_POINT('',(0.123448961819506,0.0333971148284674,0.028249999999999));
#7303=CARTESIAN_POINT('',(0.107450636617708,0.0336286115617198,0.0282499999999991));
#7304=CARTESIAN_POINT('',(0.115704327685804,0.0473354194961895,0.028249999999999));
#7305=CARTESIAN_POINT('',(0.115704327685804,0.0473354194961895,0.028249999999999));
#7306=CARTESIAN_POINT('',(0.115704327685804,0.0473354194961895,0.025249999999999));
#7307=CARTESIAN_POINT('',(0.110410223413509,0.050523317171179,0.028249999999999));
#7308=CARTESIAN_POINT('',(0.110410223413509,0.050523317171179,0.025249999999999));
#7309=CARTESIAN_POINT('',(0.10364569826331,0.0525675541633551,0.028249999999999));
#7310=CARTESIAN_POINT('',(0.10364569826331,0.0525675541633551,0.025249999999999));
#7311=CARTESIAN_POINT('',(0.0954107522352092,0.0534681304727179,0.0282499999999991));
#7312=CARTESIAN_POINT('',(0.0954107522352092,0.0534681304727179,0.0252499999999991));
#7313=CARTESIAN_POINT('',(0.095410752249304,0.0534681304711765,0.0282499999999991));
#7314=CARTESIAN_POINT('',(0.095410752249304,0.0534681304711765,0.0282499999999991));
#7315=CARTESIAN_POINT('',(0.095410752249304,0.0534681304711765,0.0252499999999991));
#7316=CARTESIAN_POINT('',(0.0921684455833175,0.0538227101570588,0.0282499999999991));
#7317=CARTESIAN_POINT('',(0.0921684455833175,0.0538227101570588,0.0252499999999991));
#7318=CARTESIAN_POINT('',(0.0886981948335495,0.054,0.0282499999999991));
#7319=CARTESIAN_POINT('',(0.0886981948335495,0.054,0.0252499999999991));
#7320=CARTESIAN_POINT('',(0.085,0.054,0.0282499999999991));
#7321=CARTESIAN_POINT('',(0.085,0.054,0.0252499999999991));
#7322=CARTESIAN_POINT('',(-0.0814000028043582,0.0539955065190528,0.0282499999999997));
#7323=CARTESIAN_POINT('',(-0.0814000028043582,0.0539955065190528,0.0252499999999997));
#7324=CARTESIAN_POINT('',(-0.0790000046739307,0.0539917619510135,0.0252499999999997));
#7325=CARTESIAN_POINT('',(-0.0814000028043582,0.0539955065190528,0.0252499999999997));
#7326=CARTESIAN_POINT('',(-0.085,0.054,0.0282499999999997));
#7327=CARTESIAN_POINT('',(-0.0954107522584566,0.0534681304701755,0.02825));
#7328=CARTESIAN_POINT('',(-0.0954107522584566,0.0534681304701755,0.02525));
#7329=CARTESIAN_POINT('',(-0.0921684455898482,0.0538227101567252,0.0282499999999998));
#7330=CARTESIAN_POINT('',(-0.0921684455898482,0.0538227101567252,0.0252499999999998));
#7331=CARTESIAN_POINT('',(-0.0886981948370294,0.054,0.0282499999999997));
#7332=CARTESIAN_POINT('',(-0.0886981948370294,0.054,0.0252499999999997));
#7333=CARTESIAN_POINT('',(-0.085,0.054,0.0282499999999997));
#7334=CARTESIAN_POINT('',(-0.085,0.054,0.0252499999999997));
#7335=CARTESIAN_POINT('',(-0.0954107522584566,0.0534681304701755,0.02825));
#7336=CARTESIAN_POINT('',(0.101795939253951,-0.0458028519523479,0.0282499999999992));
#7337=CARTESIAN_POINT('',(0.116199016896862,5.04318808935978E-17,0.0282499999999991));
#7338=CARTESIAN_POINT('',(-0.101342144229185,-0.0488212694450071,0.02825));
#7339=CARTESIAN_POINT('',(-0.115192256911295,5.04318808935978E-17,0.02825));
#7340=CARTESIAN_POINT('',(-0.115704327685804,0.0473354194961895,0.02825));
#7341=CARTESIAN_POINT('',(-0.115704327685804,0.0473354194961895,0.02525));
#7342=CARTESIAN_POINT('',(-0.110410223413508,0.050523317171179,0.02825));
#7343=CARTESIAN_POINT('',(-0.110410223413508,0.050523317171179,0.02525));
#7344=CARTESIAN_POINT('',(-0.10364569826331,0.0525675541633551,0.02825));
#7345=CARTESIAN_POINT('',(-0.10364569826331,0.0525675541633551,0.02525));
#7346=CARTESIAN_POINT('',(-0.0954107522352091,0.0534681304727179,0.02825));
#7347=CARTESIAN_POINT('',(-0.0954107522352091,0.0534681304727179,0.02525));
#7348=CARTESIAN_POINT('',(0.107393615519004,0.0460748918171632,0.026049999999999));
#7349=CARTESIAN_POINT('',(0.117223615519005,0.0422071418171658,0.026049999999999));
#7350=CARTESIAN_POINT('',(0.117223615519005,0.0422071418171658,0.026049999999999));
#7351=CARTESIAN_POINT('',(0.107393615519004,0.0460748918171632,0.026049999999999));
#7352=CARTESIAN_POINT('',(0.116513615519005,0.0305571418171657,0.026049999999999));
#7353=CARTESIAN_POINT('',(0.115803615519005,0.0189071418171656,0.026049999999999));
#7354=CARTESIAN_POINT('',(0.115803615519005,0.0189071418171656,0.026049999999999));
#7355=CARTESIAN_POINT('',(0.116513615519005,0.0305571418171657,0.026049999999999));
#7356=CARTESIAN_POINT('',(0.101163615519005,-0.0182478581828347,0.0260499999999992));
#7357=CARTESIAN_POINT('',(0.086523615519005,-0.0554028581828351,0.0260499999999993));
#7358=CARTESIAN_POINT('',(0.086523615519005,-0.0554028581828351,0.0260499999999993));
#7359=CARTESIAN_POINT('',(0.101163615519005,-0.0182478581828347,0.0260499999999992));
#7360=CARTESIAN_POINT('',(0.0857618077595023,-0.0553986061518273,0.0260499999999993));
#7361=CARTESIAN_POINT('',(0.0857618077595023,-0.0553986061518273,0.0260499999999993));
#7362=CARTESIAN_POINT('',(-0.000188593150278608,-0.00774899340138567,0.0260499999999995));
#7363=CARTESIAN_POINT('',(0.0933336155190048,0.0338071418171658,0.0260499999999991));
#7364=CARTESIAN_POINT('',(0.0893336155190048,0.0338071418171658,0.0260499999999991));
#7365=CARTESIAN_POINT('',(-0.108936384480999,0.0463098918171662,0.02605));
#7366=CARTESIAN_POINT('',(-0.108936384480999,0.0463098918171662,0.02605));
#7367=CARTESIAN_POINT('',(-0.115146384481,0.0424271418171667,0.02605));
#7368=CARTESIAN_POINT('',(-0.115146384481,0.0424271418171667,0.02605));
#7369=CARTESIAN_POINT('',(-0.00202819224049938,-0.0549086061518268,0.0260499999999996));
#7370=CARTESIAN_POINT('',(-0.0890563844809987,-0.054422858182834,0.02605));
#7371=CARTESIAN_POINT('',(-0.0890563844809987,-0.054422858182834,0.02605));
#7372=CARTESIAN_POINT('',(-0.00202819224049938,-0.0549086061518268,0.0260499999999996));
#7373=CARTESIAN_POINT('',(-0.101928134481002,-0.0170828581828353,0.02605));
#7374=CARTESIAN_POINT('',(-0.114799884481006,0.0202571418171639,0.02605));
#7375=CARTESIAN_POINT('',(-0.114799884481006,0.0202571418171639,0.02605));
#7376=CARTESIAN_POINT('',(-0.101928134481002,-0.0170828581828353,0.02605));
#7377=CARTESIAN_POINT('',(-0.115858134480995,0.0294348918171667,0.02605));
#7378=CARTESIAN_POINT('',(-0.116916384480991,0.0386126418171671,0.02605));
#7379=CARTESIAN_POINT('',(-0.116916384480991,0.0386126418171671,0.02605));
#7380=CARTESIAN_POINT('',(-0.115858134480995,0.0294348918171667,0.02605));
#7381=CARTESIAN_POINT('',(-0.116031384480999,0.0405198918171665,0.02605));
#7382=CARTESIAN_POINT('',(-0.116031384480999,0.0405198918171665,0.02605));
#7383=CARTESIAN_POINT('',(-0.000188593150278608,-0.00774899340138567,0.0260499999999995));
#7384=CARTESIAN_POINT('',(-0.0859563844809983,-0.0200328581828343,0.02605));
#7385=CARTESIAN_POINT('',(-0.0899563844809983,-0.0200328581828343,0.02605));
#7386=CARTESIAN_POINT('',(-0.0877063844809984,0.0389171418171662,0.02605));
#7387=CARTESIAN_POINT('',(-0.0917063844809984,0.0389171418171662,0.02605));
#7388=CARTESIAN_POINT('',(-0.000188593150278602,-0.00774899340138566,0.0278999999999995));
#7389=CARTESIAN_POINT('',(0.0970436155190328,0.00537714181716193,0.0278999999999992));
#7390=CARTESIAN_POINT('',(0.0966436155190328,0.00537714181716187,0.0278999999999992));
#7391=CARTESIAN_POINT('',(0.0974436155190328,0.00537714181716187,0.0278999999999992));
#7392=CARTESIAN_POINT('',(0.0966436155190328,0.00227714181716187,0.0278999999999992));
#7393=CARTESIAN_POINT('',(0.0966436155190328,-0.000822858182838087,0.0278999999999992));
#7394=CARTESIAN_POINT('',(0.0970436155190328,-0.000822858182838087,0.0278999999999992));
#7395=CARTESIAN_POINT('',(0.0974436155190328,-0.00082285818283813,0.0278999999999992));
#7396=CARTESIAN_POINT('',(0.0974436155190328,0.00227714181716187,0.0278999999999992));
#7397=CARTESIAN_POINT('',(0.0970436155190328,0.00537714181716193,0.0278999999999992));
#7398=CARTESIAN_POINT('',(0.0966436155190328,0.00537714181716187,0.0278999999999992));
#7399=CARTESIAN_POINT('',(0.0974436155190328,0.00537714181716187,0.0278999999999992));
#7400=CARTESIAN_POINT('',(0.0966436155190328,0.00227714181716187,0.0278999999999992));
#7401=CARTESIAN_POINT('',(0.0966436155190328,-0.000822858182838087,0.0278999999999992));
#7402=CARTESIAN_POINT('',(0.0970436155190328,-0.000822858182838087,0.0278999999999992));
#7403=CARTESIAN_POINT('',(0.0974436155190328,-0.00082285818283813,0.0278999999999992));
#7404=CARTESIAN_POINT('',(0.0974436155190328,0.00227714181716187,0.0278999999999992));
#7405=CARTESIAN_POINT('',(-0.000188593150278602,-0.00774899340138566,0.0278999999999995));
#7406=CARTESIAN_POINT('',(0.0970786155190328,-0.00107590418283912,0.0278999999999992));
#7407=CARTESIAN_POINT('',(0.0966786155190328,-0.00107590418283918,0.0278999999999992));
#7408=CARTESIAN_POINT('',(0.0974786155190328,-0.00107590418283918,0.0278999999999992));
#7409=CARTESIAN_POINT('',(0.0966786155190328,-0.00417590418283918,0.0278999999999992));
#7410=CARTESIAN_POINT('',(0.0966786155190328,-0.00727590418283913,0.0278999999999992));
#7411=CARTESIAN_POINT('',(0.0970786155190328,-0.00727590418283914,0.0278999999999992));
#7412=CARTESIAN_POINT('',(0.0974786155190328,-0.00727590418283918,0.0278999999999992));
#7413=CARTESIAN_POINT('',(0.0974786155190328,-0.00417590418283918,0.0278999999999992));
#7414=CARTESIAN_POINT('',(0.0970786155190328,-0.00107590418283912,0.0278999999999992));
#7415=CARTESIAN_POINT('',(0.0966786155190328,-0.00107590418283918,0.0278999999999992));
#7416=CARTESIAN_POINT('',(0.0974786155190328,-0.00107590418283918,0.0278999999999992));
#7417=CARTESIAN_POINT('',(0.0966786155190328,-0.00417590418283918,0.0278999999999992));
#7418=CARTESIAN_POINT('',(0.0966786155190328,-0.00727590418283913,0.0278999999999992));
#7419=CARTESIAN_POINT('',(0.0970786155190328,-0.00727590418283914,0.0278999999999992));
#7420=CARTESIAN_POINT('',(0.0974786155190328,-0.00727590418283918,0.0278999999999992));
#7421=CARTESIAN_POINT('',(0.0974786155190328,-0.00417590418283918,0.0278999999999992));
#7422=CARTESIAN_POINT('',(-0.000188593150278602,-0.00774899340138566,0.0278999999999995));
#7423=CARTESIAN_POINT('',(0.102578615519034,0.0110990958171639,0.0278999999999991));
#7424=CARTESIAN_POINT('',(0.102178615519034,0.0110990958171639,0.0278999999999991));
#7425=CARTESIAN_POINT('',(0.102978615519034,0.0110990958171639,0.0278999999999991));
#7426=CARTESIAN_POINT('',(0.102978615519034,0.0143990958171638,0.0278999999999991));
#7427=CARTESIAN_POINT('',(0.102978615519034,0.0176990958171639,0.0278999999999991));
#7428=CARTESIAN_POINT('',(0.102578615519034,0.0176990958171639,0.0278999999999991));
#7429=CARTESIAN_POINT('',(0.102178615519034,0.0176990958171638,0.0278999999999991));
#7430=CARTESIAN_POINT('',(0.102178615519034,0.0143990958171638,0.0278999999999991));
#7431=CARTESIAN_POINT('',(0.102578615519034,0.0110990958171639,0.0278999999999991));
#7432=CARTESIAN_POINT('',(0.102978615519034,0.0110990958171639,0.0278999999999991));
#7433=CARTESIAN_POINT('',(0.102178615519034,0.0110990958171639,0.0278999999999991));
#7434=CARTESIAN_POINT('',(0.102978615519034,0.0143990958171638,0.0278999999999991));
#7435=CARTESIAN_POINT('',(0.102978615519034,0.0176990958171639,0.0278999999999991));
#7436=CARTESIAN_POINT('',(0.102578615519034,0.0176990958171639,0.0278999999999991));
#7437=CARTESIAN_POINT('',(0.102178615519034,0.0176990958171638,0.0278999999999991));
#7438=CARTESIAN_POINT('',(0.102178615519034,0.0143990958171638,0.0278999999999991));
#7439=CARTESIAN_POINT('',(-0.000188593150278602,-0.00774899340138566,0.0278999999999995));
#7440=CARTESIAN_POINT('',(0.107678615519034,0.0198990958171647,0.0278999999999991));
#7441=CARTESIAN_POINT('',(0.107678615519034,0.0231990958171647,0.0278999999999991));
#7442=CARTESIAN_POINT('',(0.107678615519034,0.0165990958171647,0.0278999999999991));
#7443=CARTESIAN_POINT('',(0.108078615519034,0.0165990958171648,0.0278999999999991));
#7444=CARTESIAN_POINT('',(0.108478615519034,0.0165990958171647,0.0278999999999991));
#7445=CARTESIAN_POINT('',(0.108478615519034,0.0198990958171647,0.0278999999999991));
#7446=CARTESIAN_POINT('',(0.108478615519034,0.0231990958171648,0.0278999999999991));
#7447=CARTESIAN_POINT('',(0.108078615519034,0.0231990958171648,0.0278999999999991));
#7448=CARTESIAN_POINT('',(0.107678615519034,0.0198990958171647,0.0278999999999991));
#7449=CARTESIAN_POINT('',(0.107678615519034,0.0165990958171647,0.0278999999999991));
#7450=CARTESIAN_POINT('',(0.107678615519034,0.0231990958171647,0.0278999999999991));
#7451=CARTESIAN_POINT('',(0.108078615519034,0.0165990958171648,0.0278999999999991));
#7452=CARTESIAN_POINT('',(0.108478615519034,0.0165990958171647,0.0278999999999991));
#7453=CARTESIAN_POINT('',(0.108478615519034,0.0198990958171647,0.0278999999999991));
#7454=CARTESIAN_POINT('',(0.108478615519034,0.0231990958171648,0.0278999999999991));
#7455=CARTESIAN_POINT('',(0.108078615519034,0.0231990958171648,0.0278999999999991));
#7456=CARTESIAN_POINT('',(-0.000188593150278602,-0.00774899340138566,0.0278999999999995));
#7457=CARTESIAN_POINT('',(0.102978615519034,0.0253990958171657,0.0278999999999991));
#7458=CARTESIAN_POINT('',(0.102978615519034,0.0220990958171657,0.0278999999999991));
#7459=CARTESIAN_POINT('',(0.102978615519034,0.0286990958171657,0.0278999999999991));
#7460=CARTESIAN_POINT('',(0.102578615519034,0.0286990958171657,0.0278999999999991));
#7461=CARTESIAN_POINT('',(0.102178615519034,0.0286990958171657,0.0278999999999991));
#7462=CARTESIAN_POINT('',(0.102178615519034,0.0253990958171657,0.0278999999999991));
#7463=CARTESIAN_POINT('',(0.102178615519034,0.0220990958171657,0.0278999999999991));
#7464=CARTESIAN_POINT('',(0.102578615519034,0.0220990958171657,0.0278999999999991));
#7465=CARTESIAN_POINT('',(0.102978615519034,0.0253990958171657,0.0278999999999991));
#7466=CARTESIAN_POINT('',(0.102978615519034,0.0286990958171657,0.0278999999999991));
#7467=CARTESIAN_POINT('',(0.102978615519034,0.0220990958171657,0.0278999999999991));
#7468=CARTESIAN_POINT('',(0.102578615519034,0.0286990958171657,0.0278999999999991));
#7469=CARTESIAN_POINT('',(0.102178615519034,0.0286990958171657,0.0278999999999991));
#7470=CARTESIAN_POINT('',(0.102178615519034,0.0253990958171657,0.0278999999999991));
#7471=CARTESIAN_POINT('',(0.102178615519034,0.0220990958171657,0.0278999999999991));
#7472=CARTESIAN_POINT('',(0.102578615519034,0.0220990958171657,0.0278999999999991));
#7473=CARTESIAN_POINT('',(-0.000188593150278602,-0.00774899340138566,0.0278999999999995));
#7474=CARTESIAN_POINT('',(0.0970786155190328,0.0165990958171648,0.0278999999999992));
#7475=CARTESIAN_POINT('',(0.0966786155190328,0.0165990958171648,0.0278999999999992));
#7476=CARTESIAN_POINT('',(0.0974786155190328,0.0165990958171648,0.0278999999999991));
#7477=CARTESIAN_POINT('',(0.0974786155190328,0.0198990958171648,0.0278999999999991));
#7478=CARTESIAN_POINT('',(0.0974786155190328,0.0231990958171648,0.0278999999999991));
#7479=CARTESIAN_POINT('',(0.0970786155190328,0.0231990958171648,0.0278999999999991));
#7480=CARTESIAN_POINT('',(0.0966786155190328,0.0231990958171647,0.0278999999999991));
#7481=CARTESIAN_POINT('',(0.0966786155190328,0.0198990958171648,0.0278999999999991));
#7482=CARTESIAN_POINT('',(0.0970786155190328,0.0165990958171648,0.0278999999999992));
#7483=CARTESIAN_POINT('',(0.0974786155190328,0.0165990958171648,0.0278999999999991));
#7484=CARTESIAN_POINT('',(0.0966786155190328,0.0165990958171648,0.0278999999999992));
#7485=CARTESIAN_POINT('',(0.0974786155190328,0.0198990958171648,0.0278999999999991));
#7486=CARTESIAN_POINT('',(0.0974786155190328,0.0231990958171648,0.0278999999999991));
#7487=CARTESIAN_POINT('',(0.0970786155190328,0.0231990958171648,0.0278999999999991));
#7488=CARTESIAN_POINT('',(0.0966786155190328,0.0231990958171647,0.0278999999999991));
#7489=CARTESIAN_POINT('',(0.0966786155190328,0.0198990958171648,0.0278999999999991));
#7490=CARTESIAN_POINT('',(-0.000188593150278602,-0.00774899340138566,0.0278999999999995));
#7491=CARTESIAN_POINT('',(-0.106247565480999,0.0203826418171653,0.0279));
#7492=CARTESIAN_POINT('',(-0.106247565480999,0.0170826418171653,0.0279));
#7493=CARTESIAN_POINT('',(-0.106247565480999,0.0236826418171653,0.0279));
#7494=CARTESIAN_POINT('',(-0.106647565480999,0.0236826418171654,0.0279));
#7495=CARTESIAN_POINT('',(-0.107047565480999,0.0236826418171653,0.0279));
#7496=CARTESIAN_POINT('',(-0.107047565480999,0.0203826418171653,0.0279));
#7497=CARTESIAN_POINT('',(-0.107047565480999,0.0170826418171654,0.0279));
#7498=CARTESIAN_POINT('',(-0.106647565480999,0.0170826418171654,0.0279));
#7499=CARTESIAN_POINT('',(-0.106247565480999,0.0203826418171653,0.0279));
#7500=CARTESIAN_POINT('',(-0.106247565480999,0.0236826418171653,0.0279));
#7501=CARTESIAN_POINT('',(-0.106247565480999,0.0170826418171653,0.0279));
#7502=CARTESIAN_POINT('',(-0.106647565480999,0.0236826418171654,0.0279));
#7503=CARTESIAN_POINT('',(-0.107047565480999,0.0236826418171653,0.0279));
#7504=CARTESIAN_POINT('',(-0.107047565480999,0.0203826418171653,0.0279));
#7505=CARTESIAN_POINT('',(-0.107047565480999,0.0170826418171654,0.0279));
#7506=CARTESIAN_POINT('',(-0.106647565480999,0.0170826418171654,0.0279));
#7507=CARTESIAN_POINT('',(-0.000188593150278602,-0.00774899340138566,0.0278999999999995));
#7508=CARTESIAN_POINT('',(-0.100724884480998,0.0148599608171643,0.0279));
#7509=CARTESIAN_POINT('',(-0.100724884480998,0.0115599608171644,0.0279));
#7510=CARTESIAN_POINT('',(-0.100724884480998,0.0181599608171643,0.0279));
#7511=CARTESIAN_POINT('',(-0.101124884480998,0.0181599608171644,0.0279));
#7512=CARTESIAN_POINT('',(-0.101524884480998,0.0181599608171643,0.0279));
#7513=CARTESIAN_POINT('',(-0.101524884480998,0.0148599608171644,0.0279));
#7514=CARTESIAN_POINT('',(-0.101524884480998,0.0115599608171644,0.0279));
#7515=CARTESIAN_POINT('',(-0.101124884480998,0.0115599608171644,0.0279));
#7516=CARTESIAN_POINT('',(-0.100724884480998,0.0148599608171643,0.0279));
#7517=CARTESIAN_POINT('',(-0.100724884480998,0.0181599608171643,0.0279));
#7518=CARTESIAN_POINT('',(-0.100724884480998,0.0115599608171644,0.0279));
#7519=CARTESIAN_POINT('',(-0.101124884480998,0.0181599608171644,0.0279));
#7520=CARTESIAN_POINT('',(-0.101524884480998,0.0181599608171643,0.0279));
#7521=CARTESIAN_POINT('',(-0.101524884480998,0.0148599608171644,0.0279));
#7522=CARTESIAN_POINT('',(-0.101524884480998,0.0115599608171644,0.0279));
#7523=CARTESIAN_POINT('',(-0.101124884480998,0.0115599608171644,0.0279));
#7524=CARTESIAN_POINT('',(-0.000188593150278602,-0.00774899340138566,0.0278999999999995));
#7525=CARTESIAN_POINT('',(-0.0960022034809976,0.0203826418171652,0.0279));
#7526=CARTESIAN_POINT('',(-0.0960022034809976,0.0236826418171652,0.0279));
#7527=CARTESIAN_POINT('',(-0.0960022034809976,0.0170826418171652,0.0279));
#7528=CARTESIAN_POINT('',(-0.0956022034809976,0.0170826418171652,0.0279));
#7529=CARTESIAN_POINT('',(-0.0952022034809976,0.0170826418171652,0.0279));
#7530=CARTESIAN_POINT('',(-0.0952022034809976,0.0203826418171652,0.0279));
#7531=CARTESIAN_POINT('',(-0.0952022034809976,0.0236826418171652,0.0279));
#7532=CARTESIAN_POINT('',(-0.0956022034809976,0.0236826418171652,0.0279));
#7533=CARTESIAN_POINT('',(-0.0960022034809976,0.0203826418171652,0.0279));
#7534=CARTESIAN_POINT('',(-0.0960022034809976,0.0170826418171652,0.0279));
#7535=CARTESIAN_POINT('',(-0.0960022034809976,0.0236826418171652,0.0279));
#7536=CARTESIAN_POINT('',(-0.0956022034809976,0.0170826418171652,0.0279));
#7537=CARTESIAN_POINT('',(-0.0952022034809976,0.0170826418171652,0.0279));
#7538=CARTESIAN_POINT('',(-0.0952022034809976,0.0203826418171652,0.0279));
#7539=CARTESIAN_POINT('',(-0.0952022034809976,0.0236826418171652,0.0279));
#7540=CARTESIAN_POINT('',(-0.0956022034809976,0.0236826418171652,0.0279));
#7541=CARTESIAN_POINT('',(-0.000188593150278602,-0.00774899340138566,0.0278999999999995));
#7542=CARTESIAN_POINT('',(-0.0940248844809973,0.00180764181716221,0.0279));
#7543=CARTESIAN_POINT('',(-0.0940248844809973,0.00490764181716221,0.0279));
#7544=CARTESIAN_POINT('',(-0.0940248844809973,-0.00129235818283779,0.0279));
#7545=CARTESIAN_POINT('',(-0.0936248844809973,-0.00129235818283775,0.0279));
#7546=CARTESIAN_POINT('',(-0.0932248844809973,-0.00129235818283779,0.0279));
#7547=CARTESIAN_POINT('',(-0.0932248844809973,0.00180764181716221,0.0279));
#7548=CARTESIAN_POINT('',(-0.0932248844809973,0.00490764181716227,0.0279));
#7549=CARTESIAN_POINT('',(-0.0936248844809973,0.00490764181716227,0.0279));
#7550=CARTESIAN_POINT('',(-0.0940248844809973,0.00180764181716221,0.0279));
#7551=CARTESIAN_POINT('',(-0.0940248844809973,-0.00129235818283779,0.0279));
#7552=CARTESIAN_POINT('',(-0.0940248844809973,0.00490764181716221,0.0279));
#7553=CARTESIAN_POINT('',(-0.0936248844809973,-0.00129235818283775,0.0279));
#7554=CARTESIAN_POINT('',(-0.0932248844809973,-0.00129235818283779,0.0279));
#7555=CARTESIAN_POINT('',(-0.0932248844809973,0.00180764181716221,0.0279));
#7556=CARTESIAN_POINT('',(-0.0932248844809973,0.00490764181716227,0.0279));
#7557=CARTESIAN_POINT('',(-0.0936248844809973,0.00490764181716227,0.0279));
#7558=CARTESIAN_POINT('',(-0.000188593150278602,-0.00774899340138566,0.0278999999999995));
#7559=CARTESIAN_POINT('',(-0.101124884480998,0.0226053228171663,0.0279));
#7560=CARTESIAN_POINT('',(-0.101524884480998,0.0226053228171663,0.0279));
#7561=CARTESIAN_POINT('',(-0.100724884480998,0.0226053228171663,0.0279));
#7562=CARTESIAN_POINT('',(-0.100724884480998,0.0259053228171662,0.0279));
#7563=CARTESIAN_POINT('',(-0.100724884480998,0.0292053228171663,0.0279));
#7564=CARTESIAN_POINT('',(-0.101124884480998,0.0292053228171663,0.0279));
#7565=CARTESIAN_POINT('',(-0.101524884480998,0.0292053228171662,0.0279));
#7566=CARTESIAN_POINT('',(-0.101524884480998,0.0259053228171662,0.0279));
#7567=CARTESIAN_POINT('',(-0.101124884480998,0.0226053228171663,0.0279));
#7568=CARTESIAN_POINT('',(-0.100724884480998,0.0226053228171663,0.0279));
#7569=CARTESIAN_POINT('',(-0.101524884480998,0.0226053228171663,0.0279));
#7570=CARTESIAN_POINT('',(-0.100724884480998,0.0259053228171662,0.0279));
#7571=CARTESIAN_POINT('',(-0.100724884480998,0.0292053228171663,0.0279));
#7572=CARTESIAN_POINT('',(-0.101124884480998,0.0292053228171663,0.0279));
#7573=CARTESIAN_POINT('',(-0.101524884480998,0.0292053228171662,0.0279));
#7574=CARTESIAN_POINT('',(-0.101524884480998,0.0259053228171662,0.0279));
#7575=CARTESIAN_POINT('',(-0.155496384481,0.0955271418171668,0.0225099999999983));
#7576=CARTESIAN_POINT('',(-0.0877063844809984,0.0389171418171662,0.0225099999999984));
#7577=CARTESIAN_POINT('',(-0.0877063844809984,0.0373171418171662,0.0225099999999984));
#7578=CARTESIAN_POINT('',(-0.0877063844809984,0.0389171418171662,0.0225099999999984));
#7579=CARTESIAN_POINT('',(-0.0877063844809984,0.0349171418171662,0.0225099999999984));
#7580=CARTESIAN_POINT('',(-0.0877063844809984,0.0389171418171662,0.0225079999999981));
#7581=CARTESIAN_POINT('',(-0.0877063844809984,0.0389171418171662,0.0225079999999981));
#7582=CARTESIAN_POINT('',(-0.155496384481,0.0955271418171668,0.0225099999999983));
#7583=CARTESIAN_POINT('',(-0.0859563844809984,-0.0200328581828343,0.0225099999999987));
#7584=CARTESIAN_POINT('',(-0.0859563844809984,-0.0216328581828343,0.0225099999999988));
#7585=CARTESIAN_POINT('',(-0.0859563844809984,-0.0200328581828343,0.0225099999999987));
#7586=CARTESIAN_POINT('',(-0.0859563844809984,-0.0240328581828343,0.0225099999999988));
#7587=CARTESIAN_POINT('',(-0.0859563844809984,-0.0200328581828343,0.0225079999999982));
#7588=CARTESIAN_POINT('',(-0.0859563844809984,-0.0200328581828343,0.0225079999999982));
#7589=CARTESIAN_POINT('',(-0.155496384481,0.0955271418171668,0.0225099999999983));
#7590=CARTESIAN_POINT('',(0.0933336155190047,0.0338071418171658,0.0225099999999978));
#7591=CARTESIAN_POINT('',(0.0933336155190047,0.0322071418171658,0.0225099999999978));
#7592=CARTESIAN_POINT('',(0.0933336155190047,0.0338071418171658,0.0225099999999978));
#7593=CARTESIAN_POINT('',(0.0933336155190047,0.0298071418171658,0.0225099999999978));
#7594=CARTESIAN_POINT('',(0.0933336155190047,0.0338071418171658,0.0225079999999975));
#7595=CARTESIAN_POINT('',(0.0933336155190047,0.0338071418171658,0.0225079999999975));
#7596=CARTESIAN_POINT('',(0.106704266360232,0.0485257186705745,0.0282519999999992));
#7597=CARTESIAN_POINT('',(0.106703615519005,0.0502757185495476,0.0282519999999992));
#7598=CARTESIAN_POINT('',(0.106703615519005,0.0502757185495476,0.0206999999999982));
#7599=CARTESIAN_POINT('',(0.106704266360232,0.0485257186705745,0.0206999999999983));
#7600=CARTESIAN_POINT('',(0.106704917201459,0.0467757187916015,0.0206999999999983));
#7601=CARTESIAN_POINT('',(0.106704917201459,0.0467757187916015,0.0282519999999992));
#7602=CARTESIAN_POINT('',(0.110703534464554,0.0452024073043841,0.0282519999999992));
#7603=CARTESIAN_POINT('',(0.114702151727648,0.0436290958171668,0.0282519999999992));
#7604=CARTESIAN_POINT('',(0.114702151727648,0.0436290958171668,0.0206999999999983));
#7605=CARTESIAN_POINT('',(0.110703534464554,0.0452024073043841,0.0206999999999983));
#7606=CARTESIAN_POINT('',(0.115502883623327,0.0436290958171668,0.0282519999999992));
#7607=CARTESIAN_POINT('',(0.115502883623327,0.0436290958171668,0.0206999999999983));
#7608=CARTESIAN_POINT('',(0.116303615519005,0.0436290958171667,0.0206999999999983));
#7609=CARTESIAN_POINT('',(0.116303615519005,0.0436290958171667,0.0282519999999992));
#7610=CARTESIAN_POINT('',(0.116303615519005,0.0442790958171667,0.0282519999999992));
#7611=CARTESIAN_POINT('',(0.116303615519005,0.0442790958171667,0.0206999999999983));
#7612=CARTESIAN_POINT('',(0.116303615519005,0.0449290958171667,0.0206999999999983));
#7613=CARTESIAN_POINT('',(0.116303615519005,0.0449290958171667,0.0282519999999992));
#7614=CARTESIAN_POINT('',(0.115303615519005,0.0449290958171667,0.0282519999999992));
#7615=CARTESIAN_POINT('',(0.115303615519005,0.0449290958171667,0.0206999999999983));
#7616=CARTESIAN_POINT('',(0.114303615519005,0.0449290958171667,0.0206999999999983));
#7617=CARTESIAN_POINT('',(0.114303615519005,0.0449290958171667,0.0282519999999992));
#7618=CARTESIAN_POINT('',(0.114303615519005,0.0450290958171667,0.0282519999999992));
#7619=CARTESIAN_POINT('',(0.114303615519005,0.0450290958171667,0.0206999999999983));
#7620=CARTESIAN_POINT('',(0.114303615519005,0.0475290958171668,0.0206999999999983));
#7621=CARTESIAN_POINT('',(0.114303615519005,0.0475290958171669,0.0282519999999992));
#7622=CARTESIAN_POINT('',(0.110503615519005,0.0489024071833572,0.0282519999999992));
#7623=CARTESIAN_POINT('',(0.110503615519005,0.0489024071833572,0.0206999999999983));
#7624=CARTESIAN_POINT('',(-0.000887331912182885,0.0473891596409925,0.0206999999999983));
#7625=CARTESIAN_POINT('',(-0.109199884481133,0.0488148702282969,0.0282519999999992));
#7626=CARTESIAN_POINT('',(-0.105399884481072,0.0502557915668925,0.0282519999999992));
#7627=CARTESIAN_POINT('',(-0.105399884481072,0.0502557915668925,0.0206999999999983));
#7628=CARTESIAN_POINT('',(-0.109199884481133,0.0488148702282968,0.0206999999999983));
#7629=CARTESIAN_POINT('',(-0.112999884481195,0.0473739488897012,0.0206999999999983));
#7630=CARTESIAN_POINT('',(-0.112999884481195,0.0473739488897012,0.0282519999999992));
#7631=CARTESIAN_POINT('',(-0.112999884481195,0.0472682953534268,0.0282519999999992));
#7632=CARTESIAN_POINT('',(-0.112999884481195,0.0472682953534268,0.0206999999999983));
#7633=CARTESIAN_POINT('',(-0.112999884481195,0.0459739488897012,0.0206999999999983));
#7634=CARTESIAN_POINT('',(-0.112999884481195,0.0459739488897012,0.0282519999999992));
#7635=CARTESIAN_POINT('',(-0.114099884481195,0.0459739488897012,0.0282519999999992));
#7636=CARTESIAN_POINT('',(-0.114999884481072,0.0459739488897012,0.0282519999999992));
#7637=CARTESIAN_POINT('',(-0.114999884481072,0.0459739488897012,0.0206999999999983));
#7638=CARTESIAN_POINT('',(-0.114099884481195,0.0459739488897012,0.0206999999999983));
#7639=CARTESIAN_POINT('',(-0.114999884481072,0.0454126418171524,0.0282519999999992));
#7640=CARTESIAN_POINT('',(-0.114999884481072,0.0446626418171525,0.0282519999999992));
#7641=CARTESIAN_POINT('',(-0.114999884481072,0.0446626418171524,0.0206999999999983));
#7642=CARTESIAN_POINT('',(-0.114999884481072,0.0454126418171524,0.0206999999999983));
#7643=CARTESIAN_POINT('',(-0.114099884481133,0.0446626418171525,0.0282519999999992));
#7644=CARTESIAN_POINT('',(-0.112999884481195,0.0446626418171525,0.0282519999999992));
#7645=CARTESIAN_POINT('',(-0.112999884481195,0.0446626418171524,0.0206999999999983));
#7646=CARTESIAN_POINT('',(-0.114099884481133,0.0446626418171524,0.0206999999999983));
#7647=CARTESIAN_POINT('',(-0.112999884481195,0.043836985848904,0.0282519999999992));
#7648=CARTESIAN_POINT('',(-0.112999884481195,0.0444739488897012,0.0282519999999992));
#7649=CARTESIAN_POINT('',(-0.112999884481195,0.0444739488897012,0.0206999999999983));
#7650=CARTESIAN_POINT('',(-0.112999884481195,0.043836985848904,0.0206999999999983));
#7651=CARTESIAN_POINT('',(-0.113913575826096,0.0444739488897012,0.0282519999999992));
#7652=CARTESIAN_POINT('',(-0.112627267170998,0.0444739488897012,0.0282519999999992));
#7653=CARTESIAN_POINT('',(-0.112627267170998,0.0444739488897012,0.0206999999999983));
#7654=CARTESIAN_POINT('',(-0.113913575826096,0.0444739488897012,0.0206999999999983));
#7655=CARTESIAN_POINT('',(-0.109013575826033,0.0467333788526097,0.0282519999999992));
#7656=CARTESIAN_POINT('',(-0.105399884481072,0.048992808815516,0.0282519999999992));
#7657=CARTESIAN_POINT('',(-0.105399884481072,0.0489928088155159,0.0206999999999983));
#7658=CARTESIAN_POINT('',(-0.109013575826033,0.0467333788526097,0.0206999999999983));
#7659=CARTESIAN_POINT('',(-0.105399884481072,0.0487092166920225,0.0282519999999992));
#7660=CARTESIAN_POINT('',(-0.105399884481072,0.0487092166920224,0.0206999999999983));
#7661=CARTESIAN_POINT('',(-0.000887331912182885,0.0473891596409925,0.0206999999999983));
#7662=CARTESIAN_POINT('',(0.085,0.0521791619547893,0.0225079999999989));
#7663=CARTESIAN_POINT('',(0.085,0.0503583239095786,0.0225079999999989));
#7664=CARTESIAN_POINT('',(-0.078410692669469,0.0501615556361903,0.0225079999999994));
#7665=CARTESIAN_POINT('',(-0.085,0.0501615556361903,0.0225079999999994));
#7666=CARTESIAN_POINT('',(-0.0625474422404975,0.049956323597983,0.0225099999999994));
#7667=CARTESIAN_POINT('',(0.0117451359618692,0.049956323597983,0.0225099999999994));
#7668=CARTESIAN_POINT('',(0.0117451359618692,0.0515,0.0225099999999994));
#7669=CARTESIAN_POINT('',(-0.0625474422404975,0.0515,0.0225099999999994));
#7670=CARTESIAN_POINT('',(0.0215536155189793,0.0515,0.0225099999999994));
#7671=CARTESIAN_POINT('',(0.0215536155189793,0.049956323597983,0.0225099999999994));
#7672=CARTESIAN_POINT('',(0.0297528329337063,0.0532365175643382,0.0225099999999994));
#7673=CARTESIAN_POINT('',(0.0297520736020396,0.0524760848666616,0.0225099999999994));
#7674=CARTESIAN_POINT('',(0.0345536155189793,0.0524712902768998,0.0225099999999994));
#7675=CARTESIAN_POINT('',(0.0299536153195582,0.0524758836167564,0.0225099999999993));
#7676=CARTESIAN_POINT('',(0.0299530661161773,0.0519258838909605,0.0225099999999994));
#7677=CARTESIAN_POINT('',(0.0299525169127964,0.0513758841651645,0.0225099999999994));
#7678=CARTESIAN_POINT('',(0.0304525166635201,0.0513753848893637,0.0225099999999994));
#7679=CARTESIAN_POINT('',(0.0309525164142437,0.0513748856135629,0.0225099999999994));
#7680=CARTESIAN_POINT('',(0.0309518428415247,0.0507003362141478,0.0225099999999994));
#7681=CARTESIAN_POINT('',(-0.0136946680607635,0.0500795133081203,0.0225099999999994));
#7682=CARTESIAN_POINT('',(-0.0784000056087164,0.0539910130381056,0.0225079999999994));
#7683=CARTESIAN_POINT('',(-0.085,0.0539910130381056,0.0225079999999994));
#7684=CARTESIAN_POINT('',(0.0850007836553341,0.0499563226284986,0.0225079999999989));
#7685=CARTESIAN_POINT('',(-0.085,0.049956323597983,0.025252));
#7686=CARTESIAN_POINT('',(0.0595536155189868,0.0515800882842903,0.020509999999998));
#7687=CARTESIAN_POINT('',(0.0709536155189925,0.0506511057944013,0.020509999999998));
#7688=CARTESIAN_POINT('',(0.0709536155189925,0.0513263554324243,0.020509999999998));
#7689=CARTESIAN_POINT('',(0.0704536155189936,0.0513263554324243,0.020509999999998));
#7690=CARTESIAN_POINT('',(0.0699536155189925,0.0513263554324243,0.020509999999998));
#7691=CARTESIAN_POINT('',(0.0699536155189925,0.0518763554324261,0.020509999999998));
#7692=CARTESIAN_POINT('',(0.0791536155189925,0.0518763554324261,0.020509999999998));
#7693=CARTESIAN_POINT('',(0.0791536155189925,0.0513263554324243,0.020509999999998));
#7694=CARTESIAN_POINT('',(0.0786536155189936,0.0513263554324243,0.020509999999998));
#7695=CARTESIAN_POINT('',(0.0781536155189925,0.0513263554324243,0.020509999999998));
#7696=CARTESIAN_POINT('',(0.0781536155189925,0.0506466123099537,0.020509999999998));
#7697=CARTESIAN_POINT('',(0.0781536155189925,0.0506466123099519,-0.369700904918661));
#7698=CARTESIAN_POINT('',(0.0781536155189925,0.0513263554324243,-0.369700904918661));
#7699=CARTESIAN_POINT('',(0.0786536155189925,0.0513263554324243,-0.369700904918661));
#7700=CARTESIAN_POINT('',(0.0791536155189925,0.0513263554324243,-0.369700904918661));
#7701=CARTESIAN_POINT('',(0.0791536155189925,0.0518763554324243,-0.369700904918661));
#7702=CARTESIAN_POINT('',(0.0791536155189925,0.0524263554324243,-0.369700904918661));
#7703=CARTESIAN_POINT('',(0.0699536155189925,0.0518763554324243,-0.369700904918661));
#7704=CARTESIAN_POINT('',(0.0699536155189925,0.0513263554324243,-0.369700904918661));
#7705=CARTESIAN_POINT('',(0.0699536155189925,0.0524263554324243,-0.369700904918661));
#7706=CARTESIAN_POINT('',(0.0704536155189925,0.0513263554324243,-0.369700904918661));
#7707=CARTESIAN_POINT('',(0.0709536155189925,0.0513263554324243,-0.369700904918661));
#7708=CARTESIAN_POINT('',(0.0709536155189925,0.0506511057943995,-0.369700904918661));
#7709=CARTESIAN_POINT('',(0.0595536155189868,0.0515800882842903,0.020509999999998));
#7710=CARTESIAN_POINT('',(0.0559536155189876,0.0506698286462661,0.020509999999998));
#7711=CARTESIAN_POINT('',(0.0559536155189876,0.0513450782842891,0.020509999999998));
#7712=CARTESIAN_POINT('',(0.0554536155189887,0.0513450782842891,0.020509999999998));
#7713=CARTESIAN_POINT('',(0.0549536155189876,0.0513450782842891,0.020509999999998));
#7714=CARTESIAN_POINT('',(0.0549536155189876,0.0518950782842909,0.020509999999998));
#7715=CARTESIAN_POINT('',(0.0641536155189876,0.0518950782842909,0.020509999999998));
#7716=CARTESIAN_POINT('',(0.0641536155189876,0.0513450782842891,0.020509999999998));
#7717=CARTESIAN_POINT('',(0.0636536155189887,0.0513450782842891,0.020509999999998));
#7718=CARTESIAN_POINT('',(0.0631536155189876,0.0513450782842891,0.020509999999998));
#7719=CARTESIAN_POINT('',(0.0631527667587393,0.0506650855237936,0.020509999999998));
#7720=CARTESIAN_POINT('',(0.0631527667587393,0.0506650855237918,-0.369700904918661));
#7721=CARTESIAN_POINT('',(0.0631536155189876,0.0513450782842891,-0.369700904918661));
#7722=CARTESIAN_POINT('',(0.0636536155189876,0.0513450782842891,-0.369700904918661));
#7723=CARTESIAN_POINT('',(0.0641536155189876,0.0513450782842891,-0.369700904918661));
#7724=CARTESIAN_POINT('',(0.0641536155189876,0.0518950782842891,-0.369700904918661));
#7725=CARTESIAN_POINT('',(0.0641536155189876,0.0524450782842891,-0.369700904918661));
#7726=CARTESIAN_POINT('',(0.0549536155189876,0.0518950782842891,-0.369700904918661));
#7727=CARTESIAN_POINT('',(0.0549536155189876,0.0513450782842891,-0.369700904918661));
#7728=CARTESIAN_POINT('',(0.0549536155189876,0.0524450782842891,-0.369700904918661));
#7729=CARTESIAN_POINT('',(0.0554536155189876,0.0513450782842891,-0.369700904918661));
#7730=CARTESIAN_POINT('',(0.0559536155189876,0.0513450782842891,-0.369700904918661));
#7731=CARTESIAN_POINT('',(0.0559536155189876,0.0506698286462643,-0.369700904918661));
#7732=CARTESIAN_POINT('',(0.0595536155189868,0.0515800882842903,0.020509999999998));
#7733=CARTESIAN_POINT('',(0.0299530661161773,0.0519258838909623,0.0205099999999981));
#7734=CARTESIAN_POINT('',(0.0299525169127964,0.0513758841651645,0.0205099999999981));
#7735=CARTESIAN_POINT('',(0.0299536153195582,0.0524758836167564,0.0205099999999981));
#7736=CARTESIAN_POINT('',(0.0345536155189804,0.0524712902768998,0.0205099999999981));
#7737=CARTESIAN_POINT('',(0.0391536157184004,0.0524666969370432,0.0205099999999981));
#7738=CARTESIAN_POINT('',(0.0391536157184004,0.051916696937045,0.0205099999999981));
#7739=CARTESIAN_POINT('',(0.0391536157184004,0.0513666969370432,0.0205099999999981));
#7740=CARTESIAN_POINT('',(0.0386536159676779,0.051367196212844,0.0205099999999981));
#7741=CARTESIAN_POINT('',(0.0381536162169532,0.0513676954886448,0.0205099999999981));
#7742=CARTESIAN_POINT('',(0.0381527731290604,0.0506922471924488,0.0205099999999981));
#7743=CARTESIAN_POINT('',(0.0309518428415247,0.0507003362141496,0.0205099999999981));
#7744=CARTESIAN_POINT('',(0.0309525164142437,0.0513748856135629,0.0205099999999981));
#7745=CARTESIAN_POINT('',(0.0304525166635212,0.0513753848893637,0.0205099999999981));
#7746=CARTESIAN_POINT('',(0.0304525166635201,0.0513753848893637,-0.369700904918661));
#7747=CARTESIAN_POINT('',(0.0309525164142437,0.0513748856135629,-0.369700904918661));
#7748=CARTESIAN_POINT('',(0.0299525169127964,0.0513758841651645,-0.369700904918661));
#7749=CARTESIAN_POINT('',(0.0309518428415247,0.0507003362141478,-0.369700904918661));
#7750=CARTESIAN_POINT('',(0.0381527731290604,0.0506922471924469,-0.369700904918661));
#7751=CARTESIAN_POINT('',(0.0381536162169532,0.0513676954886448,-0.369700904918661));
#7752=CARTESIAN_POINT('',(0.0386536159676768,0.051367196212844,-0.369700904918661));
#7753=CARTESIAN_POINT('',(0.0391536157184004,0.0513666969370432,-0.369700904918661));
#7754=CARTESIAN_POINT('',(0.0391536157184004,0.0519166969370432,-0.369700904918661));
#7755=CARTESIAN_POINT('',(0.0391536157184004,0.0524666969370432,-0.369700904918661));
#7756=CARTESIAN_POINT('',(0.0391536157184004,0.0524666969370432,0.0217099999999994));
#7757=CARTESIAN_POINT('',(0.0391536157184004,0.0524666969370432,-0.369700904918661));
#7758=CARTESIAN_POINT('',(0.0345536155189793,0.0524712902768998,-0.369700904918661));
#7759=CARTESIAN_POINT('',(0.0299536153195582,0.0524758836167564,-0.369700904918661));
#7760=CARTESIAN_POINT('',(0.0299536153195582,0.0524758836167564,0.0217099999999994));
#7761=CARTESIAN_POINT('',(0.0345536155189793,0.0524712902768998,0.0217099999999994));
#7762=CARTESIAN_POINT('',(0.0299530661161773,0.0519258838909605,-0.369700904918661));
#7763=CARTESIAN_POINT('',(0.0299536153195582,0.0524758836167564,-0.369700904918661));
#7764=CARTESIAN_POINT('',(0.0345536155189793,0.0524712902768998,0.0217099999999994));
#7765=CARTESIAN_POINT('',(0.0345536155189793,0.0524712902768998,0.0217099999999994));
#7766=CARTESIAN_POINT('',(0.0393536313929904,0.0524664972109714,0.0217099999999994));
#7767=CARTESIAN_POINT('',(0.0393536313929904,0.0524664972109714,0.0217099999999994));
#7768=CARTESIAN_POINT('',(0.0345536155189793,0.0524712902768998,0.0217099999999994));
#7769=CARTESIAN_POINT('',(0.0345536155189793,0.0524712902768998,0.0217099999999994));
#7770=CARTESIAN_POINT('',(0.0297520736020396,0.0524760848666616,0.0217099999999994));
#7771=CARTESIAN_POINT('',(0.0297520736020396,0.0524760848666616,0.0217099999999994));
#7772=CARTESIAN_POINT('',(0.0297528329337063,0.0532365175643382,0.0217099999999994));
#7773=CARTESIAN_POINT('',(0.0297528329337063,0.0532365175643382,0.0217099999999994));
#7774=CARTESIAN_POINT('',(0.0393536313929904,0.0532319887094134,0.0217099999999994));
#7775=CARTESIAN_POINT('',(0.0393536313929904,0.0532319887094134,0.0217099999999994));
#7776=CARTESIAN_POINT('',(2.53898782855838E-5,0.0519541613123493,0.0217099999999994));
#7777=CARTESIAN_POINT('',(0.059553613657904,0.0524450782842891,0.0217099999999994));
#7778=CARTESIAN_POINT('',(0.059553613657904,0.0524450782842891,0.0217099999999994));
#7779=CARTESIAN_POINT('',(0.0547536085493261,0.0524450782842891,0.0217099999999994));
#7780=CARTESIAN_POINT('',(0.0547536085493261,0.0524450782842891,0.0217099999999994));
#7781=CARTESIAN_POINT('',(0.0643536187664818,0.0532219692765579,0.0217099999999994));
#7782=CARTESIAN_POINT('',(0.0643536187664818,0.0524450782842891,0.0217099999999994));
#7783=CARTESIAN_POINT('',(0.0643536187664818,0.0524450782842891,0.0217099999999994));
#7784=CARTESIAN_POINT('',(0.0643536187664818,0.0532219692765579,0.0217099999999994));
#7785=CARTESIAN_POINT('',(0.059553613657904,0.0524450782842891,0.0217099999999994));
#7786=CARTESIAN_POINT('',(0.059553613657904,0.0524450782842891,0.0217099999999994));
#7787=CARTESIAN_POINT('',(0.0547536085493261,0.0532217043044356,0.0217099999999994));
#7788=CARTESIAN_POINT('',(0.0547536085493261,0.0532217043044356,0.0217099999999994));
#7789=CARTESIAN_POINT('',(2.53898782855838E-5,0.0519541613123493,0.0217099999999994));
#7790=CARTESIAN_POINT('',(0.074553614754987,0.0524263554324243,0.0217099999999994));
#7791=CARTESIAN_POINT('',(0.074553614754987,0.0524263554324243,0.0217099999999994));
#7792=CARTESIAN_POINT('',(0.0697536137480978,0.0524263554324243,0.0217099999999994));
#7793=CARTESIAN_POINT('',(0.0697536137480978,0.0524263554324243,0.0217099999999994));
#7794=CARTESIAN_POINT('',(0.0793536157618761,0.0532130218690431,0.0217099999999994));
#7795=CARTESIAN_POINT('',(0.0793536157618761,0.0524263554324243,0.0217099999999994));
#7796=CARTESIAN_POINT('',(0.0793536157618761,0.0524263554324243,0.0217099999999994));
#7797=CARTESIAN_POINT('',(0.0793536157618761,0.0532130218690431,0.0217099999999994));
#7798=CARTESIAN_POINT('',(0.074553614754987,0.0524263554324243,0.0217099999999994));
#7799=CARTESIAN_POINT('',(0.074553614754987,0.0524263554324243,0.0217099999999994));
#7800=CARTESIAN_POINT('',(0.0697536137480978,0.0532127568971472,0.0217099999999994));
#7801=CARTESIAN_POINT('',(0.0697536137480978,0.0532127568971472,0.0217099999999994));
#7802=CARTESIAN_POINT('',(2.53898782855838E-5,0.0519541613123493,0.0217099999999994));
#7803=CARTESIAN_POINT('',(-0.0136946680607635,0.0500795133081203,0.0209149999999994));
#7804=CARTESIAN_POINT('',(-0.0136946680607635,0.0500795133081203,0.0193199999999994));
#7805=CARTESIAN_POINT('',(-0.0175947474667527,0.0500792980141166,0.0193199999999994));
#7806=CARTESIAN_POINT('',(-0.021494826872742,0.0500790827201129,0.0193199999999994));
#7807=CARTESIAN_POINT('',(-0.021494826872742,0.0500790827201129,0.0195199999999988));
#7808=CARTESIAN_POINT('',(-0.021494826872742,0.0500790827201129,0.0197199999999983));
#7809=CARTESIAN_POINT('',(-0.0235948268675615,0.0500789667949331,0.0197199999999983));
#7810=CARTESIAN_POINT('',(-0.0235948268675615,0.0500789667949331,0.0218199999999984));
#7811=CARTESIAN_POINT('',(-0.0267948268578103,0.05007879014704,0.0218199999999983));
#7812=CARTESIAN_POINT('',(-0.0299948268480589,0.050078613499147,0.0218199999999983));
#7813=CARTESIAN_POINT('',(-0.0299948268480589,0.050078613499147,0.0197199999999983));
#7814=CARTESIAN_POINT('',(-0.0320948268448592,0.0500784975739671,0.0197199999999983));
#7815=CARTESIAN_POINT('',(-0.0320948268428785,0.0500784975739672,0.0195199999999989));
#7816=CARTESIAN_POINT('',(-0.0320948268428785,0.0500784975739672,0.0193199999999994));
#7817=CARTESIAN_POINT('',(-0.0359947474115965,0.0500782822887317,0.0193199999999994));
#7818=CARTESIAN_POINT('',(-0.0398946679803144,0.0500780670034962,0.0193199999999994));
#7819=CARTESIAN_POINT('',(-0.0398946679803144,0.0500780670034962,0.0209149999999994));
#7820=CARTESIAN_POINT('',(1.81748375525777E-8,-0.0664979618027714,0.0278927669529663));
#7821=CARTESIAN_POINT('',(0.0842659538648146,-0.0664979618027713,0.0284999999999992));
#7822=CARTESIAN_POINT('',(1.81748375525777E-8,-0.0664979618027714,0.0278927669529663));
#7823=CARTESIAN_POINT('',(-0.0842659175151395,-0.0664979618027714,0.0285));
#7824=CARTESIAN_POINT('',(-0.0842659175151395,-0.0664979618027714,0.0285));
#7825=CARTESIAN_POINT('',(0.061795939253951,-0.0626504068775596,0.0282499999999993));
#7826=CARTESIAN_POINT('',(-0.0612751181242125,-0.0608526695985404,-2.00000000024739E-6));
#7827=CARTESIAN_POINT('',(-0.0612751181242124,-0.0549500180814286,0.02825));
#7828=CARTESIAN_POINT('',(-0.0612731181242124,-0.0549500180814286,0.02825));
#7829=CARTESIAN_POINT('',(-0.106701981825162,-0.0694979618027714,0.02825));
#7830=CARTESIAN_POINT('',(0.0117451359618692,0.0515,0.0212457643635098));
#7831=CARTESIAN_POINT('',(0.0117451359618692,0.0515,0.0212457643635098));
#7832=CARTESIAN_POINT('',(0.0215536155189793,0.0515,0.0287457643635099));
#7833=CARTESIAN_POINT('',(0.0215536155189793,0.0515,0.0287457643635099));
#7834=CARTESIAN_POINT('',(-6.87217377021581E-18,0.0515,0.0174907643635102));
#7835=CARTESIAN_POINT('',(-6.87217377021581E-18,0.0515,0.0174907643635102));
#7836=CARTESIAN_POINT('',(-0.0631915204428899,0.0515,0.0212457643635098));
#7837=CARTESIAN_POINT('',(-0.073,0.0515,0.0287457643635099));
#7838=CARTESIAN_POINT('',(-0.0631915204428899,0.0515,0.0212457643635098));
#7839=CARTESIAN_POINT('',(-0.073,0.0515,0.0287457643635099));
#7840=CARTESIAN_POINT('',(0.104034806850382,-0.0644979618027712,0.02675));
#7841=CARTESIAN_POINT('',(-0.104034770500707,-0.0644979618027714,0.0267499999999996));
#7842=MECHANICAL_DESIGN_GEOMETRIC_PRESENTATION_REPRESENTATION('',(#4767),
#7843);
#7843=(
GEOMETRIC_REPRESENTATION_CONTEXT(3)
GLOBAL_UNCERTAINTY_ASSIGNED_CONTEXT((#7844))
GLOBAL_UNIT_ASSIGNED_CONTEXT((#7847,#7846,#7845))
REPRESENTATION_CONTEXT('Part 3','TOP_LEVEL_ASSEMBLY_PART')
);
#7844=UNCERTAINTY_MEASURE_WITH_UNIT(LENGTH_MEASURE(2.89869618943991E-5),
#7847,'DISTANCE_ACCURACY_VALUE','Maximum Tolerance applied to model');
#7845=(
NAMED_UNIT(*)
SI_UNIT($,.STERADIAN.)
SOLID_ANGLE_UNIT()
);
#7846=(
NAMED_UNIT(*)
PLANE_ANGLE_UNIT()
SI_UNIT($,.RADIAN.)
);
#7847=(
LENGTH_UNIT()
NAMED_UNIT(*)
SI_UNIT($,.METRE.)
);
#7848=PRODUCT_DEFINITION_SHAPE('','',#7849);
#7849=PRODUCT_DEFINITION('','',#7851,#7850);
#7850=PRODUCT_DEFINITION_CONTEXT('',#7857,'design');
#7851=PRODUCT_DEFINITION_FORMATION_WITH_SPECIFIED_SOURCE('','',#7853,
 .NOT_KNOWN.);
#7852=PRODUCT_RELATED_PRODUCT_CATEGORY('','',(#7853));
#7853=PRODUCT('Part 3','Part 3','Part 3',(#7855));
#7854=PRODUCT_CATEGORY('','');
#7855=PRODUCT_CONTEXT('',#7857,'mechanical');
#7856=APPLICATION_PROTOCOL_DEFINITION('international standard',
'ap242_managed_model_based_3d_engineering',2020,#7857);
#7857=APPLICATION_CONTEXT('managed model based 3d engineering');
ENDSEC;
END-ISO-10303-21;
