ISO-10303-21;
HEADER;
/* Generated by software containing ST-Developer
 * from STEP Tools, Inc. (www.steptools.com) 
 */
/* OPTION: using custom renumber hook */

FILE_DESCRIPTION(
/* description */ ('STEP AP242 Edition 2',
'CAx-IF Rec.Pracs.---Representation and Presentation of Product Manufa
cturing Information (PMI)---4.0---2014-10-13',
'CAx-IF Rec.Pracs.---3D Tessellated Geometry---0.4---2014-09-14','2;1',
'CAx-IF Rec.Pracs.---User Defined Attributes---1.5---2016-08-15'),
/* implementation_level */ '2;1');

FILE_NAME(
/* name */ 'BackCase - Part 1',
/* time_stamp */ '2026-05-25T15:53:58Z',
/* author */ (''),
/* organization */ (''),
/* preprocessor_version */ 'ST-DEVELOPER v20',
/* originating_system */ 'ONSHAPE BY PTC INC, 1.215',
/* authorisation */ '  ');

FILE_SCHEMA (('AP242_MANAGED_MODEL_BASED_3D_ENGINEERING_MIM_LF { 1 0 10303 442 3 1 4 }'));
ENDSEC;

DATA;
#10=SHAPE_REPRESENTATION_RELATIONSHIP('','',#9519,#11);
#11=ADVANCED_BREP_SHAPE_REPRESENTATION('',(#9517),#16701);
#12=TOROIDAL_SURFACE('',#10266,0.011,0.005);
#13=TOROIDAL_SURFACE('',#10269,0.011,0.005);
#14=DEGENERATE_TOROIDAL_SURFACE('',#10260,0.00772048223140783,0.018,.T.);
#15=DEGENERATE_TOROIDAL_SURFACE('',#10264,0.00772048223140802,0.018,.T.);
#16=(
BOUNDED_SURFACE()
B_SPLINE_SURFACE(3,2,((#15934,#15935,#15936),(#15937,#15938,#15939),(#15940,
#15941,#15942),(#15943,#15944,#15945),(#15946,#15947,#15948),(#15949,#15950,
#15951),(#15952,#15953,#15954),(#15955,#15956,#15957),(#15958,#15959,#15960)),
 .UNSPECIFIED.,.F.,.F.,.F.)
B_SPLINE_SURFACE_WITH_KNOTS((4,1,1,1,1,1,4),(3,3),(-5.42407179947804E-5,
0.00054474107562307,0.00114372286924092,0.00234168645647662,0.00473761363094802,
0.00713354080541942,0.00952946797989082),(0.412283894111037,1.),
 .UNSPECIFIED.)
GEOMETRIC_REPRESENTATION_ITEM()
RATIONAL_B_SPLINE_SURFACE(((0.988512777403168,0.986068795360536,1.),(0.988512731382449,
0.986068739548606,1.),(0.988512631985422,0.98606861900421,1.),(0.98851259281179,
0.986068571496131,1.),(0.988512714397673,0.986068718950208,1.),(0.988512989726497,
0.986069052857047,1.),(0.988512704280648,0.986068706680719,1.),(0.988512517436036,
0.98606848008369,1.),(0.988512765334279,0.986068780723911,1.)))
REPRESENTATION_ITEM('')
SURFACE()
);
#17=(
BOUNDED_SURFACE()
B_SPLINE_SURFACE(3,2,((#15975,#15976,#15977),(#15978,#15979,#15980),(#15981,
#15982,#15983),(#15984,#15985,#15986),(#15987,#15988,#15989),(#15990,#15991,
#15992),(#15993,#15994,#15995),(#15996,#15997,#15998),(#15999,#16000,#16001)),
 .UNSPECIFIED.,.F.,.F.,.F.)
B_SPLINE_SURFACE_WITH_KNOTS((4,1,1,1,1,1,4),(3,3),(2.67909879976862E-6,
0.00444982857443623,0.00889697805007269,0.0133441275257091,0.0155677022635274,
0.0166794896324365,0.0177912770013456),(0.41220969348774,1.),
 .UNSPECIFIED.)
GEOMETRIC_REPRESENTATION_ITEM()
RATIONAL_B_SPLINE_SURFACE(((0.988513379301304,0.986067017733733,1.),(0.988512125364585,
0.986065496740002,1.),(0.988518071861541,0.986072709691383,1.),(0.988510926582454,
0.986064042647401,1.),(0.988517870051709,0.986072464901129,1.),(0.988514299110962,
0.986068133439735,1.),(0.988512070005707,0.986065429591075,1.),(0.988512454085021,
0.986065895469631,1.),(0.98851337754913,0.98606701560839,1.)))
REPRESENTATION_ITEM('')
SURFACE()
);
#18=(
BOUNDED_SURFACE()
B_SPLINE_SURFACE(3,2,((#16033,#16034,#16035),(#16036,#16037,#16038),(#16039,
#16040,#16041),(#16042,#16043,#16044)),.UNSPECIFIED.,.F.,.F.,.F.)
B_SPLINE_SURFACE_WITH_KNOTS((4,4),(3,3),(-9.7155356676426E-16,0.000640927162081983),
(0.412347281963885,1.),.PIECEWISE_BEZIER_KNOTS.)
GEOMETRIC_REPRESENTATION_ITEM()
RATIONAL_B_SPLINE_SURFACE(((0.988512239066164,0.986070284155721,1.),(0.988512239066164,
0.986070284155721,1.),(0.988512239066152,0.986070284155706,1.),(0.988512239066152,
0.986070284155706,1.)))
REPRESENTATION_ITEM('')
SURFACE()
);
#19=(
BOUNDED_SURFACE()
B_SPLINE_SURFACE(3,2,((#16054,#16055,#16056),(#16057,#16058,#16059),(#16060,
#16061,#16062),(#16063,#16064,#16065)),.UNSPECIFIED.,.F.,.F.,.F.)
B_SPLINE_SURFACE_WITH_KNOTS((4,4),(3,3),(2.71792014890124E-6,0.00953138864798144),
(0.412305306088258,1.),.PIECEWISE_BEZIER_KNOTS.)
GEOMETRIC_REPRESENTATION_ITEM()
RATIONAL_B_SPLINE_SURFACE(((0.988512586394344,0.986069287205345,1.),(0.988511566142771,
0.986068049952806,1.),(0.988511668085766,0.986068173578422,1.),(0.988512587432125,
0.986069288463855,1.)))
REPRESENTATION_ITEM('')
SURFACE()
);
#20=(
BOUNDED_SURFACE()
B_SPLINE_SURFACE(3,2,((#16075,#16076,#16077),(#16078,#16079,#16080),(#16081,
#16082,#16083),(#16084,#16085,#16086),(#16087,#16088,#16089),(#16090,#16091,
#16092),(#16093,#16094,#16095),(#16096,#16097,#16098),(#16099,#16100,#16101),
(#16102,#16103,#16104),(#16105,#16106,#16107),(#16108,#16109,#16110)),
 .UNSPECIFIED.,.F.,.F.,.F.)
B_SPLINE_SURFACE_WITH_KNOTS((4,1,1,1,1,1,1,1,1,4),(3,3),(-0.000808850195753489,
0.0116349855341532,0.0240788212640599,0.0365226569939667,0.0489664927238734,
0.0614103284537801,0.0738541641836868,0.0862979999135935,0.0925199177785468,
0.0987418356435002),(0.411960054102522,1.),.UNSPECIFIED.)
GEOMETRIC_REPRESENTATION_ITEM()
RATIONAL_B_SPLINE_SURFACE(((0.988515438515716,0.986061073919772,1.),(0.988515287183213,
0.986060890246012,1.),(0.988515561954429,0.986061223738561,1.),(0.9885147257753,
0.986060208859666,1.),(0.988517732552523,0.986063858214977,1.),(0.988515781768452,
0.986061490529018,1.),(0.988514990688295,0.986060530387193,1.),(0.988517929537807,
0.986064097297968,1.),(0.988515433635133,0.98606106799616,1.),(0.988515400793871,
0.986061028136395,1.),(0.988515468787123,0.986061110660478,1.),(0.988515464625826,
0.986061105609871,1.)))
REPRESENTATION_ITEM('')
SURFACE()
);
#21=(
BOUNDED_SURFACE()
B_SPLINE_SURFACE(3,2,((#16127,#16128,#16129),(#16130,#16131,#16132),(#16133,
#16134,#16135),(#16136,#16137,#16138),(#16139,#16140,#16141),(#16142,#16143,
#16144)),.UNSPECIFIED.,.F.,.F.,.F.)
B_SPLINE_SURFACE_WITH_KNOTS((4,1,1,4),(3,3),(2.68375321269098E-6,0.00444324938778929,
0.0088838150223659,0.0177649462915191),(0.412142638158678,1.),
 .UNSPECIFIED.)
GEOMETRIC_REPRESENTATION_ITEM()
RATIONAL_B_SPLINE_SURFACE(((0.988513929786573,0.986065418680359,1.),(0.988510080181006,
0.986060748445821,1.),(0.988520380891122,0.986073244981197,1.),(0.988510806473029,
0.986061629563128,1.),(0.988511408887566,0.98606236039571,1.),(0.988513939843568,
0.986065430881226,1.)))
REPRESENTATION_ITEM('')
SURFACE()
);
#22=(
BOUNDED_SURFACE()
B_SPLINE_SURFACE(3,2,((#16189,#16190,#16191),(#16192,#16193,#16194),(#16195,
#16196,#16197),(#16198,#16199,#16200),(#16201,#16202,#16203),(#16204,#16205,
#16206),(#16207,#16208,#16209),(#16210,#16211,#16212)),.UNSPECIFIED.,.F.,
 .F.,.F.)
B_SPLINE_SURFACE_WITH_KNOTS((4,1,1,1,1,4),(3,3),(3.28739766574555E-6,0.00564320045672533,
0.0112831135157849,0.0169230265748445,0.0197429831043743,0.0225629396339041),
(0.,0.587751177253187),.UNSPECIFIED.)
GEOMETRIC_REPRESENTATION_ITEM()
RATIONAL_B_SPLINE_SURFACE(((1.,0.98606794997211,0.988513057555105),(1.,
0.986067808213551,0.988512940675507),(1.,0.986068006928234,0.988513104515296),
(1.,0.986068296036987,0.988513342884782),(1.,0.986068176338194,0.988513244193409),
(1.,0.986067604220273,0.98851277248353),(1.,0.986068345238812,0.98851338345157),
(1.,0.98606808109627,0.988513165666667)))
REPRESENTATION_ITEM('')
SURFACE()
);
#23=(
BOUNDED_SURFACE()
B_SPLINE_SURFACE(3,2,((#16223,#16224,#16225),(#16226,#16227,#16228),(#16229,
#16230,#16231),(#16232,#16233,#16234)),.UNSPECIFIED.,.F.,.F.,.F.)
B_SPLINE_SURFACE_WITH_KNOTS((4,4),(3,3),(-0.00022336762359618,0.00059415654560966),
(0.412312062689633,1.),.PIECEWISE_BEZIER_KNOTS.)
GEOMETRIC_REPRESENTATION_ITEM()
RATIONAL_B_SPLINE_SURFACE(((0.988512531828084,0.986069449318339,1.),(0.988512531828084,
0.986069449318339,1.),(0.988512531828047,0.986069449318294,1.),(0.988512531828047,
0.986069449318294,1.)))
REPRESENTATION_ITEM('')
SURFACE()
);
#24=(
BOUNDED_SURFACE()
B_SPLINE_SURFACE(3,2,((#16244,#16245,#16246),(#16247,#16248,#16249),(#16250,
#16251,#16252),(#16253,#16254,#16255),(#16256,#16257,#16258),(#16259,#16260,
#16261),(#16262,#16263,#16264)),.UNSPECIFIED.,.F.,.F.,.F.)
B_SPLINE_SURFACE_WITH_KNOTS((4,1,1,1,4),(3,3),(0.,0.0189129380673779,0.0378258761347559,
0.0567388142021338,0.0756517522695117),(0.412021541853753,1.),
 .UNSPECIFIED.)
GEOMETRIC_REPRESENTATION_ITEM()
RATIONAL_B_SPLINE_SURFACE(((0.988514944912303,0.986062555083863,1.),(0.988512100794292,
0.986059103664796,1.),(0.988516097179916,0.986063953393776,1.),(0.988514753007785,
0.986062322202207,1.),(0.988514772888372,0.986062346327871,1.),(0.988514814558507,
0.98606239689578,1.),(0.988514975614868,0.986062592342309,1.)))
REPRESENTATION_ITEM('')
SURFACE()
);
#25=(
BOUNDED_SURFACE()
B_SPLINE_SURFACE(3,2,((#16271,#16272,#16273),(#16274,#16275,#16276),(#16277,
#16278,#16279),(#16280,#16281,#16282),(#16283,#16284,#16285),(#16286,#16287,
#16288),(#16289,#16290,#16291),(#16292,#16293,#16294),(#16295,#16296,#16297),
(#16298,#16299,#16300),(#16301,#16302,#16303),(#16304,#16305,#16306),(#16307,
#16308,#16309),(#16310,#16311,#16312)),.UNSPECIFIED.,.F.,.F.,.F.)
B_SPLINE_SURFACE_WITH_KNOTS((4,1,1,1,1,1,1,1,1,1,1,4),(3,3),(0.0113258783205398,
0.0129656111980547,0.0146053440755696,0.0178848098305993,0.0211642755856291,
0.0244437413406589,0.0277232070956887,0.0310026728507185,0.0342821386057482,
0.0359218714832631,0.0367417379220206,0.037561604360778),(0.,1.),
 .UNSPECIFIED.)
GEOMETRIC_REPRESENTATION_ITEM()
RATIONAL_B_SPLINE_SURFACE(((1.,0.791286853974938,1.),(1.,0.791287772353462,
1.),(1.,0.791287391327683,1.),(1.,0.791282635819905,1.),(1.,0.791290493029925,
1.),(1.,0.791278538509915,1.),(1.,0.791287954244297,1.),(1.,0.791289415592565,
1.),(1.,0.791276318643301,1.),(1.,0.791317668399081,1.),(1.,0.79128385971075,
1.),(1.,0.791289184468687,1.),(1.,0.791286015473452,1.),(1.,0.791285951708485,
1.)))
REPRESENTATION_ITEM('')
SURFACE()
);
#26=(
BOUNDED_SURFACE()
B_SPLINE_SURFACE(3,2,((#16328,#16329,#16330),(#16331,#16332,#16333),(#16334,
#16335,#16336),(#16337,#16338,#16339),(#16340,#16341,#16342),(#16343,#16344,
#16345),(#16346,#16347,#16348),(#16349,#16350,#16351),(#16352,#16353,#16354),
(#16355,#16356,#16357),(#16358,#16359,#16360),(#16361,#16362,#16363)),
 .UNSPECIFIED.,.F.,.F.,.F.)
B_SPLINE_SURFACE_WITH_KNOTS((4,1,1,1,1,1,1,1,1,4),(3,3),(0.00942305282244549,
0.0287774785800931,0.0481319043377407,0.0578091172165645,0.0674863300953883,
0.0723249365348002,0.0771635429742121,0.082002149413624,0.0844214526333299,
0.0868407558530359),(0.,1.),.UNSPECIFIED.)
GEOMETRIC_REPRESENTATION_ITEM()
RATIONAL_B_SPLINE_SURFACE(((1.,0.79127633936062,1.),(1.,0.791346174640242,
1.),(1.,0.791253862086398,1.),(1.,0.791329712181862,1.),(1.,0.791210840676234,
1.),(1.,0.791318597078229,1.),(1.,0.791252797501251,1.),(1.,0.791234839664422,
1.),(1.,0.791284906401558,1.),(1.,0.791313744795742,1.),(1.,0.79129378620241,
1.),(1.,0.791278166288103,1.)))
REPRESENTATION_ITEM('')
SURFACE()
);
#27=(
BOUNDED_SURFACE()
B_SPLINE_SURFACE(3,2,((#16369,#16370,#16371),(#16372,#16373,#16374),(#16375,
#16376,#16377),(#16378,#16379,#16380)),.UNSPECIFIED.,.F.,.F.,.F.)
B_SPLINE_SURFACE_WITH_KNOTS((4,4),(3,3),(0.00280980446041577,0.00348652785976204),
(0.,1.),.PIECEWISE_BEZIER_KNOTS.)
GEOMETRIC_REPRESENTATION_ITEM()
RATIONAL_B_SPLINE_SURFACE(((1.,0.791287115270299,1.),(1.,0.791287115270299,
1.),(1.,0.791287115269801,1.),(1.,0.791287115269801,1.)))
REPRESENTATION_ITEM('')
SURFACE()
);
#28=(
BOUNDED_SURFACE()
B_SPLINE_SURFACE(3,2,((#16392,#16393,#16394),(#16395,#16396,#16397),(#16398,
#16399,#16400),(#16401,#16402,#16403),(#16404,#16405,#16406),(#16407,#16408,
#16409),(#16410,#16411,#16412),(#16413,#16414,#16415),(#16416,#16417,#16418),
(#16419,#16420,#16421),(#16422,#16423,#16424),(#16425,#16426,#16427),(#16428,
#16429,#16430),(#16431,#16432,#16433),(#16434,#16435,#16436)),
 .UNSPECIFIED.,.F.,.F.,.F.)
B_SPLINE_SURFACE_WITH_KNOTS((4,1,1,1,1,1,1,1,1,1,1,1,4),(3,3),(0.00587411609997889,
0.00708999868457457,0.00830588126917025,0.0107376464383616,0.013169411607553,
0.0156011767767443,0.0180329419459357,0.0204647071151271,0.0216805896997228,
0.0228964722843184,0.0241123548689141,0.024720296161212,0.0253282374535098),
(0.,1.),.UNSPECIFIED.)
GEOMETRIC_REPRESENTATION_ITEM()
RATIONAL_B_SPLINE_SURFACE(((1.,0.791285853150231,1.),(1.,0.791290224133407,
1.),(1.,0.791293881933316,1.),(1.,0.791280050789173,1.),(1.,0.791256391936761,
1.),(1.,0.791261502719801,1.),(1.,0.791298294298206,1.),(1.,0.791267196594602,
1.),(1.,0.791251789183803,1.),(1.,0.791265114499556,1.),(1.,0.791282740227662,
1.),(1.,0.791295042432127,1.),(1.,0.791295311109122,1.),(1.,0.791288624369467,
1.),(1.,0.791285135350308,1.)))
REPRESENTATION_ITEM('')
SURFACE()
);
#29=(
BOUNDED_SURFACE()
B_SPLINE_SURFACE(3,2,((#16442,#16443,#16444),(#16445,#16446,#16447),(#16448,
#16449,#16450),(#16451,#16452,#16453),(#16454,#16455,#16456),(#16457,#16458,
#16459),(#16460,#16461,#16462),(#16463,#16464,#16465),(#16466,#16467,#16468),
(#16469,#16470,#16471)),.UNSPECIFIED.,.F.,.F.,.F.)
B_SPLINE_SURFACE_WITH_KNOTS((4,1,1,1,1,1,1,4),(3,3),(0.00514780609996379,
0.00577318429914422,0.00639856249832465,0.0076493188966855,0.0101508316934072,
0.0126523444901289,0.0139031008884898,0.0151538572868507),(0.,1.),
 .UNSPECIFIED.)
GEOMETRIC_REPRESENTATION_ITEM()
RATIONAL_B_SPLINE_SURFACE(((1.,0.791286725599704,1.),(1.,0.791288098142114,
1.),(1.,0.791290305457724,1.),(1.,0.79129110625875,1.),(1.,0.791287692608682,
1.),(1.,0.791282211907604,1.),(1.,0.79128801101157,1.),(1.,0.791291392328064,
1.),(1.,0.791289187287279,1.),(1.,0.791286765366604,1.)))
REPRESENTATION_ITEM('')
SURFACE()
);
#30=(
BOUNDED_SURFACE()
B_SPLINE_SURFACE(3,2,((#16491,#16492,#16493),(#16494,#16495,#16496),(#16497,
#16498,#16499),(#16500,#16501,#16502),(#16503,#16504,#16505),(#16506,#16507,
#16508),(#16509,#16510,#16511),(#16512,#16513,#16514),(#16515,#16516,#16517),
(#16518,#16519,#16520)),.UNSPECIFIED.,.F.,.F.,.F.)
B_SPLINE_SURFACE_WITH_KNOTS((4,1,1,1,1,1,1,4),(3,3),(0.00513698379790505,
0.00576237587107564,0.00638776794424624,0.00763855209058743,0.0101401203832698,
0.0126416886759522,0.0138924728222934,0.0151432569686346),(0.,1.),
 .UNSPECIFIED.)
GEOMETRIC_REPRESENTATION_ITEM()
RATIONAL_B_SPLINE_SURFACE(((1.,0.79128671372968,1.),(1.,0.791288098434545,
1.),(1.,0.791290333508382,1.),(1.,0.791291159864099,1.),(1.,0.791287748454292,
1.),(1.,0.791282201039301,1.),(1.,0.791287963347342,1.),(1.,0.791291359631444,
1.),(1.,0.791289183103092,1.),(1.,0.791286773059357,1.)))
REPRESENTATION_ITEM('')
SURFACE()
);
#31=(
BOUNDED_SURFACE()
B_SPLINE_SURFACE(3,2,((#16526,#16527,#16528),(#16529,#16530,#16531),(#16532,
#16533,#16534),(#16535,#16536,#16537),(#16538,#16539,#16540),(#16541,#16542,
#16543),(#16544,#16545,#16546),(#16547,#16548,#16549),(#16550,#16551,#16552),
(#16553,#16554,#16555),(#16556,#16557,#16558),(#16559,#16560,#16561),(#16562,
#16563,#16564),(#16565,#16566,#16567),(#16568,#16569,#16570)),
 .UNSPECIFIED.,.F.,.F.,.F.)
B_SPLINE_SURFACE_WITH_KNOTS((4,1,1,1,1,1,1,1,1,1,1,1,4),(3,3),(0.00579878850674912,
0.00640673730874886,0.00701468611074859,0.00823058371474806,0.00944648131874753,
0.010662378922747,0.0130941741307459,0.0155259693387449,0.0179577645467438,
0.0203895597547428,0.0228213549627417,0.0240372525667412,0.0252531501707406),
(0.,1.),.UNSPECIFIED.)
GEOMETRIC_REPRESENTATION_ITEM()
RATIONAL_B_SPLINE_SURFACE(((1.,0.791284883472146,1.),(1.,0.791288703769449,
1.),(1.,0.791296119717562,1.),(1.,0.791296413263569,1.),(1.,0.791284048698421,
1.),(1.,0.791265911367805,1.),(1.,0.791251963642939,1.),(1.,0.791268022655927,
1.),(1.,0.791298632506082,1.),(1.,0.791259227795719,1.),(1.,0.791254145584102,
1.),(1.,0.79127879098325,1.),(1.,0.791293461436592,1.),(1.,0.79129015817286,
1.),(1.,0.791285908151884,1.)))
REPRESENTATION_ITEM('')
SURFACE()
);
#32=(
BOUNDED_SURFACE()
B_SPLINE_SURFACE(3,2,((#16582,#16583,#16584),(#16585,#16586,#16587),(#16588,
#16589,#16590),(#16591,#16592,#16593)),.UNSPECIFIED.,.F.,.F.,.F.)
B_SPLINE_SURFACE_WITH_KNOTS((4,4),(3,3),(0.000178786186317649,0.00081992702614853),
(0.,1.),.PIECEWISE_BEZIER_KNOTS.)
GEOMETRIC_REPRESENTATION_ITEM()
RATIONAL_B_SPLINE_SURFACE(((1.,0.791287115271002,1.),(1.,0.791287115271002,
1.),(1.,0.791287115269797,1.),(1.,0.791287115269797,1.)))
REPRESENTATION_ITEM('')
SURFACE()
);
#33=(
BOUNDED_SURFACE()
B_SPLINE_SURFACE(3,2,((#16599,#16600,#16601),(#16602,#16603,#16604),(#16605,
#16606,#16607),(#16608,#16609,#16610),(#16611,#16612,#16613),(#16614,#16615,
#16616),(#16617,#16618,#16619),(#16620,#16621,#16622),(#16623,#16624,#16625),
(#16626,#16627,#16628),(#16629,#16630,#16631),(#16632,#16633,#16634),(#16635,
#16636,#16637),(#16638,#16639,#16640),(#16641,#16642,#16643),(#16644,#16645,
#16646),(#16647,#16648,#16649),(#16650,#16651,#16652),(#16653,#16654,#16655),
(#16656,#16657,#16658)),.UNSPECIFIED.,.F.,.F.,.F.)
B_SPLINE_SURFACE_WITH_KNOTS((4,1,1,1,1,1,1,1,1,1,1,1,1,1,1,1,1,4),(3,3),
(0.0233679047498644,0.0241810175418845,0.0245875739378945,0.0249941303339046,
0.0258072431259247,0.0266203559179448,0.0298728070860253,0.0331252582541058,
0.0363777094221862,0.0428826117583472,0.0493875140945081,0.055892416430669,
0.06239731876683,0.0754071234391518,0.0884169281114737,0.101426732783796,
0.114436537456117,0.127446342128439),(0.,1.),.UNSPECIFIED.)
GEOMETRIC_REPRESENTATION_ITEM()
RATIONAL_B_SPLINE_SURFACE(((1.,0.791286587645809,1.),(1.,0.791285749201997,
1.),(1.,0.79127932932151,1.),(1.,0.791289904239783,1.),(1.,0.791279803226998,
1.),(1.,0.791289487586576,1.),(1.,0.791284190357164,1.),(1.,0.791287091179469,
1.),(1.,0.791290953563153,1.),(1.,0.791266995971661,1.),(1.,0.79129580101333,
1.),(1.,0.791270172039304,1.),(1.,0.791234964072284,1.),(1.,0.791307831411718,
1.),(1.,0.791322694566122,1.),(1.,0.791127929523405,1.),(1.,0.791339548616295,
1.),(1.,0.791258777991703,1.),(1.,0.791376614781053,1.),(1.,0.791306212033865,
1.)))
REPRESENTATION_ITEM('')
SURFACE()
);
#34=(
BOUNDED_SURFACE()
B_SPLINE_SURFACE(3,2,((#16673,#16674,#16675),(#16676,#16677,#16678),(#16679,
#16680,#16681),(#16682,#16683,#16684)),.UNSPECIFIED.,.F.,.F.,.F.)
B_SPLINE_SURFACE_WITH_KNOTS((4,4),(3,3),(5.92357569610431,6.28318530717959),
(0.,1.),.PIECEWISE_BEZIER_KNOTS.)
GEOMETRIC_REPRESENTATION_ITEM()
RATIONAL_B_SPLINE_SURFACE(((1.,0.835339804746138,1.),(1.,0.840675184199923,
1.),(1.,0.843391445812912,1.),(1.,0.843391445812885,1.)))
REPRESENTATION_ITEM('')
SURFACE()
);
#35=(
BOUNDED_SURFACE()
B_SPLINE_SURFACE(3,2,((#16688,#16689,#16690),(#16691,#16692,#16693),(#16694,
#16695,#16696),(#16697,#16698,#16699)),.UNSPECIFIED.,.F.,.F.,.F.)
B_SPLINE_SURFACE_WITH_KNOTS((4,4),(3,3),(1.09809291925397E-15,0.359596810031904),
(0.,1.),.PIECEWISE_BEZIER_KNOTS.)
GEOMETRIC_REPRESENTATION_ITEM()
RATIONAL_B_SPLINE_SURFACE(((1.,0.843391445812885,1.),(1.,0.843391445812912,
1.),(1.,0.840675378738541,1.),(1.,0.835340374507638,1.)))
REPRESENTATION_ITEM('')
SURFACE()
);
#36=ELLIPSE('',#9765,0.00592075675549308,0.00485);
#37=ELLIPSE('',#9808,0.00500000000761828,0.005);
#38=ELLIPSE('',#9810,0.0087172339913876,0.005);
#39=ELLIPSE('',#9815,0.00500000000761828,0.005);
#40=ELLIPSE('',#9818,0.00871723399138752,0.005);
#41=ELLIPSE('',#10253,0.00441351167584997,0.004);
#42=ELLIPSE('',#10254,0.00441351167584997,0.004);
#43=ELLIPSE('',#10271,0.00533657992658819,0.005);
#44=ELLIPSE('',#10273,0.00533657992658819,0.005);
#45=B_SPLINE_SURFACE_WITH_KNOTS('',3,1,((#13946,#13947),(#13948,#13949),
(#13950,#13951),(#13952,#13953)),.SURF_OF_LINEAR_EXTRUSION.,.F.,.F.,.F.,
(4,4),(2,2),(0.876726838765687,1.),(0.,1.),.PIECEWISE_BEZIER_KNOTS.);
#46=B_SPLINE_SURFACE_WITH_KNOTS('',3,1,((#13960,#13961),(#13962,#13963),
(#13964,#13965),(#13966,#13967)),.SURF_OF_LINEAR_EXTRUSION.,.F.,.F.,.F.,
(4,4),(2,2),(0.563632510579489,0.876726839060312),(0.,1.),
 .PIECEWISE_BEZIER_KNOTS.);
#47=B_SPLINE_SURFACE_WITH_KNOTS('',3,1,((#13986,#13987),(#13988,#13989),
(#13990,#13991),(#13992,#13993)),.SURF_OF_LINEAR_EXTRUSION.,.F.,.F.,.F.,
(4,4),(2,2),(0.0448416071468744,0.987550111203039),(0.,1.),
 .PIECEWISE_BEZIER_KNOTS.);
#48=B_SPLINE_SURFACE_WITH_KNOTS('',3,1,((#14021,#14022),(#14023,#14024),
(#14025,#14026),(#14027,#14028)),.SURF_OF_LINEAR_EXTRUSION.,.F.,.F.,.F.,
(4,4),(2,2),(0.0448416071457385,0.359645951025455),(0.,1.),
 .PIECEWISE_BEZIER_KNOTS.);
#49=B_SPLINE_SURFACE_WITH_KNOTS('',3,1,((#14038,#14039),(#14040,#14041),
(#14042,#14043),(#14044,#14045)),.SURF_OF_LINEAR_EXTRUSION.,.F.,.F.,.F.,
(4,4),(2,2),(0.359645951025455,0.987558060195652),(0.,1.),
 .PIECEWISE_BEZIER_KNOTS.);
#50=B_SPLINE_SURFACE_WITH_KNOTS('',3,1,((#14065,#14066),(#14067,#14068),
(#14069,#14070),(#14071,#14072)),.SURF_OF_LINEAR_EXTRUSION.,.F.,.F.,.F.,
(4,4),(2,2),(0.563632510579489,0.876726839060312),(0.,1.),
 .PIECEWISE_BEZIER_KNOTS.);
#51=B_SPLINE_SURFACE_WITH_KNOTS('',3,1,((#14080,#14081),(#14082,#14083),
(#14084,#14085),(#14086,#14087)),.SURF_OF_LINEAR_EXTRUSION.,.F.,.F.,.F.,
(4,4),(2,2),(0.876726838881683,1.),(0.,1.),.PIECEWISE_BEZIER_KNOTS.);
#52=B_SPLINE_SURFACE_WITH_KNOTS('',3,1,((#14183,#14184),(#14185,#14186),
(#14187,#14188),(#14189,#14190)),.SURF_OF_LINEAR_EXTRUSION.,.F.,.F.,.F.,
(4,4),(2,2),(0.,0.244071053981931),(0.,1.),.PIECEWISE_BEZIER_KNOTS.);
#53=B_SPLINE_SURFACE_WITH_KNOTS('',3,1,((#14653,#14654),(#14655,#14656),
(#14657,#14658),(#14659,#14660)),.SURF_OF_LINEAR_EXTRUSION.,.F.,.F.,.F.,
(4,4),(2,2),(0.,1.),(0.,1.),.PIECEWISE_BEZIER_KNOTS.);
#54=B_SPLINE_SURFACE_WITH_KNOTS('',3,1,((#14666,#14667),(#14668,#14669),
(#14670,#14671),(#14672,#14673)),.SURF_OF_LINEAR_EXTRUSION.,.F.,.F.,.F.,
(4,4),(2,2),(0.,1.),(0.,1.),.PIECEWISE_BEZIER_KNOTS.);
#55=B_SPLINE_SURFACE_WITH_KNOTS('',3,1,((#14687,#14688),(#14689,#14690),
(#14691,#14692),(#14693,#14694)),.SURF_OF_LINEAR_EXTRUSION.,.F.,.F.,.F.,
(4,4),(2,2),(0.,1.),(0.,1.),.PIECEWISE_BEZIER_KNOTS.);
#56=B_SPLINE_SURFACE_WITH_KNOTS('',3,1,((#14700,#14701),(#14702,#14703),
(#14704,#14705),(#14706,#14707)),.SURF_OF_LINEAR_EXTRUSION.,.F.,.F.,.F.,
(4,4),(2,2),(0.,1.),(0.,1.),.PIECEWISE_BEZIER_KNOTS.);
#57=B_SPLINE_SURFACE_WITH_KNOTS('',3,1,((#14717,#14718),(#14719,#14720),
(#14721,#14722),(#14723,#14724)),.SURF_OF_LINEAR_EXTRUSION.,.F.,.F.,.F.,
(4,4),(2,2),(0.,0.978096069728833),(0.,1.),.PIECEWISE_BEZIER_KNOTS.);
#58=B_SPLINE_SURFACE_WITH_KNOTS('',3,1,((#14730,#14731),(#14732,#14733),
(#14734,#14735),(#14736,#14737)),.SURF_OF_LINEAR_EXTRUSION.,.F.,.F.,.F.,
(4,4),(2,2),(0.,1.),(0.,1.),.PIECEWISE_BEZIER_KNOTS.);
#59=B_SPLINE_SURFACE_WITH_KNOTS('',3,1,((#14759,#14760),(#14761,#14762),
(#14763,#14764),(#14765,#14766)),.SURF_OF_LINEAR_EXTRUSION.,.F.,.F.,.F.,
(4,4),(2,2),(0.,1.),(0.,1.),.PIECEWISE_BEZIER_KNOTS.);
#60=B_SPLINE_SURFACE_WITH_KNOTS('',3,1,((#14776,#14777),(#14778,#14779),
(#14780,#14781),(#14782,#14783)),.SURF_OF_LINEAR_EXTRUSION.,.F.,.F.,.F.,
(4,4),(2,2),(0.0182742814542077,1.),(0.,1.),.PIECEWISE_BEZIER_KNOTS.);
#61=B_SPLINE_SURFACE_WITH_KNOTS('',3,1,((#14937,#14938),(#14939,#14940),
(#14941,#14942),(#14943,#14944)),.SURF_OF_LINEAR_EXTRUSION.,.F.,.F.,.F.,
(4,4),(2,2),(0.,1.),(0.,1.),.PIECEWISE_BEZIER_KNOTS.);
#62=B_SPLINE_SURFACE_WITH_KNOTS('',3,1,((#14966,#14967),(#14968,#14969),
(#14970,#14971),(#14972,#14973)),.SURF_OF_LINEAR_EXTRUSION.,.F.,.F.,.F.,
(4,4),(2,2),(0.,1.),(0.,1.),.PIECEWISE_BEZIER_KNOTS.);
#63=B_SPLINE_SURFACE_WITH_KNOTS('',3,1,((#14979,#14980),(#14981,#14982),
(#14983,#14984),(#14985,#14986)),.SURF_OF_LINEAR_EXTRUSION.,.F.,.F.,.F.,
(4,4),(2,2),(0.,1.),(0.,1.),.PIECEWISE_BEZIER_KNOTS.);
#64=B_SPLINE_SURFACE_WITH_KNOTS('',3,1,((#15020,#15021),(#15022,#15023),
(#15024,#15025),(#15026,#15027)),.SURF_OF_LINEAR_EXTRUSION.,.F.,.F.,.F.,
(4,4),(2,2),(0.,1.),(0.,1.),.PIECEWISE_BEZIER_KNOTS.);
#65=B_SPLINE_SURFACE_WITH_KNOTS('',3,1,((#15053,#15054),(#15055,#15056),
(#15057,#15058),(#15059,#15060)),.SURF_OF_LINEAR_EXTRUSION.,.F.,.F.,.F.,
(4,4),(2,2),(0.,1.),(0.,1.),.PIECEWISE_BEZIER_KNOTS.);
#66=B_SPLINE_SURFACE_WITH_KNOTS('',3,1,((#15066,#15067),(#15068,#15069),
(#15070,#15071),(#15072,#15073)),.SURF_OF_LINEAR_EXTRUSION.,.F.,.F.,.F.,
(4,4),(2,2),(0.,1.),(0.,1.),.PIECEWISE_BEZIER_KNOTS.);
#67=B_SPLINE_SURFACE_WITH_KNOTS('',3,1,((#15140,#15141),(#15142,#15143),
(#15144,#15145),(#15146,#15147)),.SURF_OF_LINEAR_EXTRUSION.,.F.,.F.,.F.,
(4,4),(2,2),(0.,1.),(0.,1.),.PIECEWISE_BEZIER_KNOTS.);
#68=B_SPLINE_SURFACE_WITH_KNOTS('',3,1,((#15157,#15158),(#15159,#15160),
(#15161,#15162),(#15163,#15164)),.SURF_OF_LINEAR_EXTRUSION.,.F.,.F.,.F.,
(4,4),(2,2),(0.,1.),(0.,1.),.PIECEWISE_BEZIER_KNOTS.);
#69=B_SPLINE_SURFACE_WITH_KNOTS('',3,1,((#15174,#15175),(#15176,#15177),
(#15178,#15179),(#15180,#15181)),.SURF_OF_LINEAR_EXTRUSION.,.F.,.F.,.F.,
(4,4),(2,2),(0.,1.),(0.,1.),.PIECEWISE_BEZIER_KNOTS.);
#70=B_SPLINE_SURFACE_WITH_KNOTS('',3,1,((#15205,#15206),(#15207,#15208),
(#15209,#15210),(#15211,#15212)),.SURF_OF_LINEAR_EXTRUSION.,.F.,.F.,.F.,
(4,4),(2,2),(0.,1.),(0.,1.),.PIECEWISE_BEZIER_KNOTS.);
#71=B_SPLINE_SURFACE_WITH_KNOTS('',3,1,((#15218,#15219),(#15220,#15221),
(#15222,#15223),(#15224,#15225)),.SURF_OF_LINEAR_EXTRUSION.,.F.,.F.,.F.,
(4,4),(2,2),(0.,1.),(0.,1.),.PIECEWISE_BEZIER_KNOTS.);
#72=B_SPLINE_SURFACE_WITH_KNOTS('',3,1,((#15261,#15262),(#15263,#15264),
(#15265,#15266),(#15267,#15268)),.SURF_OF_LINEAR_EXTRUSION.,.F.,.F.,.F.,
(4,4),(2,2),(0.,1.),(0.,1.),.PIECEWISE_BEZIER_KNOTS.);
#73=B_SPLINE_SURFACE_WITH_KNOTS('',3,1,((#15389,#15390),(#15391,#15392),
(#15393,#15394),(#15395,#15396)),.SURF_OF_LINEAR_EXTRUSION.,.F.,.F.,.F.,
(4,4),(2,2),(0.,1.),(0.,1.),.PIECEWISE_BEZIER_KNOTS.);
#74=B_SPLINE_SURFACE_WITH_KNOTS('',3,1,((#15414,#15415),(#15416,#15417),
(#15418,#15419),(#15420,#15421)),.SURF_OF_LINEAR_EXTRUSION.,.F.,.F.,.F.,
(4,4),(2,2),(0.,1.),(0.,1.),.PIECEWISE_BEZIER_KNOTS.);
#75=B_SPLINE_SURFACE_WITH_KNOTS('',3,1,((#15447,#15448),(#15449,#15450),
(#15451,#15452),(#15453,#15454)),.SURF_OF_LINEAR_EXTRUSION.,.F.,.F.,.F.,
(4,4),(2,2),(0.,1.),(0.,1.),.PIECEWISE_BEZIER_KNOTS.);
#76=B_SPLINE_SURFACE_WITH_KNOTS('',3,1,((#15460,#15461),(#15462,#15463),
(#15464,#15465),(#15466,#15467)),.SURF_OF_LINEAR_EXTRUSION.,.F.,.F.,.F.,
(4,4),(2,2),(0.,1.),(0.,1.),.PIECEWISE_BEZIER_KNOTS.);
#77=B_SPLINE_SURFACE_WITH_KNOTS('',3,1,((#15501,#15502),(#15503,#15504),
(#15505,#15506),(#15507,#15508)),.SURF_OF_LINEAR_EXTRUSION.,.F.,.F.,.F.,
(4,4),(2,2),(0.,1.),(0.,1.),.PIECEWISE_BEZIER_KNOTS.);
#78=B_SPLINE_SURFACE_WITH_KNOTS('',3,1,((#15514,#15515),(#15516,#15517),
(#15518,#15519),(#15520,#15521)),.SURF_OF_LINEAR_EXTRUSION.,.F.,.F.,.F.,
(4,4),(2,2),(0.,1.),(0.,1.),.PIECEWISE_BEZIER_KNOTS.);
#79=B_SPLINE_SURFACE_WITH_KNOTS('',3,1,((#15539,#15540),(#15541,#15542),
(#15543,#15544),(#15545,#15546)),.SURF_OF_LINEAR_EXTRUSION.,.F.,.F.,.F.,
(4,4),(2,2),(0.,1.),(0.,1.),.PIECEWISE_BEZIER_KNOTS.);
#80=B_SPLINE_SURFACE_WITH_KNOTS('',3,1,((#15552,#15553),(#15554,#15555),
(#15556,#15557),(#15558,#15559)),.SURF_OF_LINEAR_EXTRUSION.,.F.,.F.,.F.,
(4,4),(2,2),(0.,1.),(0.,1.),.PIECEWISE_BEZIER_KNOTS.);
#81=B_SPLINE_SURFACE_WITH_KNOTS('',3,1,((#15565,#15566),(#15567,#15568),
(#15569,#15570),(#15571,#15572)),.SURF_OF_LINEAR_EXTRUSION.,.F.,.F.,.F.,
(4,4),(2,2),(0.,1.),(0.,1.),.PIECEWISE_BEZIER_KNOTS.);
#82=B_SPLINE_SURFACE_WITH_KNOTS('',3,1,((#15578,#15579),(#15580,#15581),
(#15582,#15583),(#15584,#15585)),.SURF_OF_LINEAR_EXTRUSION.,.F.,.F.,.F.,
(4,4),(2,2),(0.,1.),(0.,1.),.PIECEWISE_BEZIER_KNOTS.);
#83=B_SPLINE_SURFACE_WITH_KNOTS('',3,1,((#15590,#15591),(#15592,#15593),
(#15594,#15595),(#15596,#15597)),.SURF_OF_LINEAR_EXTRUSION.,.F.,.F.,.F.,
(4,4),(2,2),(0.,1.),(0.,1.),.PIECEWISE_BEZIER_KNOTS.);
#84=B_SPLINE_SURFACE_WITH_KNOTS('',3,1,((#15625,#15626),(#15627,#15628),
(#15629,#15630),(#15631,#15632)),.SURF_OF_LINEAR_EXTRUSION.,.F.,.F.,.F.,
(4,4),(2,2),(0.,1.),(0.,1.),.PIECEWISE_BEZIER_KNOTS.);
#85=B_SPLINE_SURFACE_WITH_KNOTS('',3,1,((#15638,#15639),(#15640,#15641),
(#15642,#15643),(#15644,#15645)),.SURF_OF_LINEAR_EXTRUSION.,.F.,.F.,.F.,
(4,4),(2,2),(0.,1.),(0.,1.),.PIECEWISE_BEZIER_KNOTS.);
#86=B_SPLINE_SURFACE_WITH_KNOTS('',3,1,((#15651,#15652),(#15653,#15654),
(#15655,#15656),(#15657,#15658)),.SURF_OF_LINEAR_EXTRUSION.,.F.,.F.,.F.,
(4,4),(2,2),(0.,1.),(0.,1.),.PIECEWISE_BEZIER_KNOTS.);
#87=B_SPLINE_SURFACE_WITH_KNOTS('',3,1,((#15664,#15665),(#15666,#15667),
(#15668,#15669),(#15670,#15671)),.SURF_OF_LINEAR_EXTRUSION.,.F.,.F.,.F.,
(4,4),(2,2),(0.,1.),(0.,1.),.PIECEWISE_BEZIER_KNOTS.);
#88=B_SPLINE_SURFACE_WITH_KNOTS('',3,1,((#15689,#15690),(#15691,#15692),
(#15693,#15694),(#15695,#15696)),.SURF_OF_LINEAR_EXTRUSION.,.F.,.F.,.F.,
(4,4),(2,2),(0.,1.),(0.,1.),.PIECEWISE_BEZIER_KNOTS.);
#89=B_SPLINE_SURFACE_WITH_KNOTS('',3,1,((#15702,#15703),(#15704,#15705),
(#15706,#15707),(#15708,#15709)),.SURF_OF_LINEAR_EXTRUSION.,.F.,.F.,.F.,
(4,4),(2,2),(0.,1.),(0.,1.),.PIECEWISE_BEZIER_KNOTS.);
#90=CYLINDRICAL_SURFACE('',#9607,0.0021);
#91=CYLINDRICAL_SURFACE('',#9611,0.0021);
#92=CYLINDRICAL_SURFACE('',#9615,0.0021);
#93=CYLINDRICAL_SURFACE('',#9619,0.0021);
#94=CYLINDRICAL_SURFACE('',#9623,0.0021);
#95=CYLINDRICAL_SURFACE('',#9627,0.0021);
#96=CYLINDRICAL_SURFACE('',#9631,0.0021);
#97=CYLINDRICAL_SURFACE('',#9635,0.0021);
#98=CYLINDRICAL_SURFACE('',#9639,0.0021);
#99=CYLINDRICAL_SURFACE('',#9643,0.0021);
#100=CYLINDRICAL_SURFACE('',#9647,0.0021);
#101=CYLINDRICAL_SURFACE('',#9651,0.0021);
#102=CYLINDRICAL_SURFACE('',#9655,0.0021);
#103=CYLINDRICAL_SURFACE('',#9659,0.0021);
#104=CYLINDRICAL_SURFACE('',#9663,0.0021);
#105=CYLINDRICAL_SURFACE('',#9667,0.0021);
#106=CYLINDRICAL_SURFACE('',#9671,0.0021);
#107=CYLINDRICAL_SURFACE('',#9675,0.0021);
#108=CYLINDRICAL_SURFACE('',#9679,0.0021);
#109=CYLINDRICAL_SURFACE('',#9683,0.0021);
#110=CYLINDRICAL_SURFACE('',#9687,0.0021);
#111=CYLINDRICAL_SURFACE('',#9691,0.0021);
#112=CYLINDRICAL_SURFACE('',#9742,0.00485);
#113=CYLINDRICAL_SURFACE('',#9746,0.016);
#114=CYLINDRICAL_SURFACE('',#9748,0.473486466207002);
#115=CYLINDRICAL_SURFACE('',#9750,0.473488763375473);
#116=CYLINDRICAL_SURFACE('',#9751,0.016);
#117=CYLINDRICAL_SURFACE('',#9756,0.00485);
#118=CYLINDRICAL_SURFACE('',#9760,0.00485);
#119=CYLINDRICAL_SURFACE('',#9764,0.00485);
#120=CYLINDRICAL_SURFACE('',#9769,0.00485);
#121=CYLINDRICAL_SURFACE('',#9773,0.00485);
#122=CYLINDRICAL_SURFACE('',#9774,0.00225);
#123=CYLINDRICAL_SURFACE('',#9777,0.00225);
#124=CYLINDRICAL_SURFACE('',#9780,0.00225);
#125=CYLINDRICAL_SURFACE('',#9782,0.00225);
#126=CYLINDRICAL_SURFACE('',#9784,0.00225);
#127=CYLINDRICAL_SURFACE('',#9787,0.00225);
#128=CYLINDRICAL_SURFACE('',#9820,0.0033);
#129=CYLINDRICAL_SURFACE('',#9823,0.0033);
#130=CYLINDRICAL_SURFACE('',#9827,0.0033);
#131=CYLINDRICAL_SURFACE('',#9830,0.0033);
#132=CYLINDRICAL_SURFACE('',#9834,0.0031);
#133=CYLINDRICAL_SURFACE('',#9837,0.0031);
#134=CYLINDRICAL_SURFACE('',#9844,0.0031);
#135=CYLINDRICAL_SURFACE('',#9846,0.0031);
#136=CYLINDRICAL_SURFACE('',#9851,0.0031);
#137=CYLINDRICAL_SURFACE('',#9853,0.0031);
#138=CYLINDRICAL_SURFACE('',#9855,0.0033);
#139=CYLINDRICAL_SURFACE('',#9858,0.0033);
#140=CYLINDRICAL_SURFACE('',#9862,0.0033);
#141=CYLINDRICAL_SURFACE('',#9865,0.0033);
#142=CYLINDRICAL_SURFACE('',#9872,0.0033);
#143=CYLINDRICAL_SURFACE('',#9874,0.0033);
#144=CYLINDRICAL_SURFACE('',#9876,0.0033);
#145=CYLINDRICAL_SURFACE('',#9879,0.0033);
#146=CYLINDRICAL_SURFACE('',#9883,0.0033);
#147=CYLINDRICAL_SURFACE('',#9886,0.0033);
#148=CYLINDRICAL_SURFACE('',#9890,0.0033);
#149=CYLINDRICAL_SURFACE('',#9893,0.0033);
#150=CYLINDRICAL_SURFACE('',#9896,0.0035);
#151=CYLINDRICAL_SURFACE('',#9900,0.001);
#152=CYLINDRICAL_SURFACE('',#9903,0.001);
#153=CYLINDRICAL_SURFACE('',#9906,0.000999999999999947);
#154=CYLINDRICAL_SURFACE('',#9909,0.000999999999999945);
#155=CYLINDRICAL_SURFACE('',#9912,0.00100000000000003);
#156=CYLINDRICAL_SURFACE('',#9915,0.000999999999999917);
#157=CYLINDRICAL_SURFACE('',#9918,0.001);
#158=CYLINDRICAL_SURFACE('',#9921,0.00100000000000002);
#159=CYLINDRICAL_SURFACE('',#9924,0.000999999999999954);
#160=CYLINDRICAL_SURFACE('',#9927,0.001);
#161=CYLINDRICAL_SURFACE('',#9933,0.0035);
#162=CYLINDRICAL_SURFACE('',#9934,0.0035);
#163=CYLINDRICAL_SURFACE('',#9937,0.0035);
#164=CYLINDRICAL_SURFACE('',#9940,0.00100000000000002);
#165=CYLINDRICAL_SURFACE('',#9943,0.00100000000000004);
#166=CYLINDRICAL_SURFACE('',#9946,0.00099999999999995);
#167=CYLINDRICAL_SURFACE('',#9949,0.00100000000000001);
#168=CYLINDRICAL_SURFACE('',#9952,0.001);
#169=CYLINDRICAL_SURFACE('',#9958,0.003);
#170=CYLINDRICAL_SURFACE('',#9961,0.003);
#171=CYLINDRICAL_SURFACE('',#9962,0.003);
#172=CYLINDRICAL_SURFACE('',#9965,0.001);
#173=CYLINDRICAL_SURFACE('',#9968,0.000999999999999889);
#174=CYLINDRICAL_SURFACE('',#9971,0.001);
#175=CYLINDRICAL_SURFACE('',#9974,0.001);
#176=CYLINDRICAL_SURFACE('',#9977,0.000999999999999947);
#177=CYLINDRICAL_SURFACE('',#9991,0.00144355056376455);
#178=CYLINDRICAL_SURFACE('',#9995,0.000687078997112235);
#179=CYLINDRICAL_SURFACE('',#9997,0.00232949668985602);
#180=CYLINDRICAL_SURFACE('',#10000,0.00137747424908861);
#181=CYLINDRICAL_SURFACE('',#10002,0.000835802613589354);
#182=CYLINDRICAL_SURFACE('',#10039,0.00142095870463015);
#183=CYLINDRICAL_SURFACE('',#10041,0.00287298258031749);
#184=CYLINDRICAL_SURFACE('',#10043,0.000374700824584878);
#185=CYLINDRICAL_SURFACE('',#10045,0.000178908172321081);
#186=CYLINDRICAL_SURFACE('',#10047,0.000185636021775672);
#187=CYLINDRICAL_SURFACE('',#10049,0.00104608363047861);
#188=CYLINDRICAL_SURFACE('',#10051,0.00238328823931015);
#189=CYLINDRICAL_SURFACE('',#10054,0.00129820110683386);
#190=CYLINDRICAL_SURFACE('',#10056,0.000535312232949194);
#191=CYLINDRICAL_SURFACE('',#10058,0.000664230280891493);
#192=CYLINDRICAL_SURFACE('',#10060,0.00167348351617995);
#193=CYLINDRICAL_SURFACE('',#10062,0.00298209060522539);
#194=CYLINDRICAL_SURFACE('',#10064,0.000295402920942983);
#195=CYLINDRICAL_SURFACE('',#10066,0.000185061268618212);
#196=CYLINDRICAL_SURFACE('',#10068,0.000187935535113569);
#197=CYLINDRICAL_SURFACE('',#10070,0.000867384011790355);
#198=CYLINDRICAL_SURFACE('',#10072,0.00210657104013932);
#199=CYLINDRICAL_SURFACE('',#10075,0.00207817546682904);
#200=CYLINDRICAL_SURFACE('',#10077,0.00120374772332755);
#201=CYLINDRICAL_SURFACE('',#10079,0.000539312415875973);
#202=CYLINDRICAL_SURFACE('',#10081,0.000631425457112489);
#203=CYLINDRICAL_SURFACE('',#10096,0.000791867313657156);
#204=CYLINDRICAL_SURFACE('',#10098,0.00065255155814212);
#205=CYLINDRICAL_SURFACE('',#10100,0.000609896577894863);
#206=CYLINDRICAL_SURFACE('',#10109,0.112682861059555);
#207=CYLINDRICAL_SURFACE('',#10123,0.0283334263259703);
#208=CYLINDRICAL_SURFACE('',#10126,0.0024723642143326);
#209=CYLINDRICAL_SURFACE('',#10141,0.000748324877250708);
#210=CYLINDRICAL_SURFACE('',#10143,0.0018853541954247);
#211=CYLINDRICAL_SURFACE('',#10145,0.000332802283950959);
#212=CYLINDRICAL_SURFACE('',#10147,0.00020849087297803);
#213=CYLINDRICAL_SURFACE('',#10149,0.000211729034805879);
#214=CYLINDRICAL_SURFACE('',#10151,0.000977198801101279);
#215=CYLINDRICAL_SURFACE('',#10153,0.00237327258384712);
#216=CYLINDRICAL_SURFACE('',#10156,0.0023412820008918);
#217=CYLINDRICAL_SURFACE('',#10158,0.00135614769937733);
#218=CYLINDRICAL_SURFACE('',#10160,0.000607591838296386);
#219=CYLINDRICAL_SURFACE('',#10162,0.0007113668124969);
#220=CYLINDRICAL_SURFACE('',#10165,0.00160085857989765);
#221=CYLINDRICAL_SURFACE('',#10167,0.00323671533588766);
#222=CYLINDRICAL_SURFACE('',#10169,0.000422139665452477);
#223=CYLINDRICAL_SURFACE('',#10171,0.000201558766499556);
#224=CYLINDRICAL_SURFACE('',#10173,0.00117852261012297);
#225=CYLINDRICAL_SURFACE('',#10175,0.00268502344806351);
#226=CYLINDRICAL_SURFACE('',#10179,0.000755326121677624);
#227=CYLINDRICAL_SURFACE('',#10181,0.000873747081141033);
#228=CYLINDRICAL_SURFACE('',#10190,0.0152462066859535);
#229=CYLINDRICAL_SURFACE('',#10199,0.017666459444675);
#230=CYLINDRICAL_SURFACE('',#10232,0.0190381117975799);
#231=CYLINDRICAL_SURFACE('',#10239,0.0536783110006036);
#232=CYLINDRICAL_SURFACE('',#10246,0.005);
#233=CYLINDRICAL_SURFACE('',#10249,0.005);
#234=CYLINDRICAL_SURFACE('',#10259,0.018);
#235=CYLINDRICAL_SURFACE('',#10262,0.018);
#236=CYLINDRICAL_SURFACE('',#10263,0.018);
#237=CYLINDRICAL_SURFACE('',#10267,0.005);
#238=CYLINDRICAL_SURFACE('',#10268,0.005);
#239=CYLINDRICAL_SURFACE('',#10270,0.005);
#240=CYLINDRICAL_SURFACE('',#10272,0.005);
#241=CYLINDRICAL_SURFACE('',#10275,0.001);
#242=CIRCLE('',#9524,0.00772048223140802);
#243=CIRCLE('',#9525,0.00772048223140783);
#244=CIRCLE('',#9526,0.00142095870463015);
#245=CIRCLE('',#9527,0.000631425457112489);
#246=CIRCLE('',#9528,0.000539312415875973);
#247=CIRCLE('',#9529,0.00120374772332755);
#248=CIRCLE('',#9530,0.00207817546682904);
#249=CIRCLE('',#9531,0.00210657104013932);
#250=CIRCLE('',#9532,0.000867384011790355);
#251=CIRCLE('',#9533,0.000187935535113569);
#252=CIRCLE('',#9534,0.000185061268618212);
#253=CIRCLE('',#9535,0.000295402920942983);
#254=CIRCLE('',#9536,0.00298209060522539);
#255=CIRCLE('',#9537,0.00167348351617995);
#256=CIRCLE('',#9538,0.000664230280891493);
#257=CIRCLE('',#9539,0.000535312232949194);
#258=CIRCLE('',#9540,0.00129820110683386);
#259=CIRCLE('',#9541,0.00238328823931015);
#260=CIRCLE('',#9542,0.00104608363047861);
#261=CIRCLE('',#9543,0.000185636021775672);
#262=CIRCLE('',#9544,0.000178908172321081);
#263=CIRCLE('',#9545,0.000374700824584878);
#264=CIRCLE('',#9546,0.00287298258031749);
#265=CIRCLE('',#9547,0.000835802613589354);
#266=CIRCLE('',#9548,0.00137747424908861);
#267=CIRCLE('',#9549,0.00232949668985602);
#268=CIRCLE('',#9550,0.000687078997112235);
#269=CIRCLE('',#9551,0.00144355056376455);
#270=CIRCLE('',#9552,0.001);
#271=CIRCLE('',#9553,0.000999999999999947);
#272=CIRCLE('',#9554,0.001);
#273=CIRCLE('',#9555,0.001);
#274=CIRCLE('',#9556,0.000999999999999889);
#275=CIRCLE('',#9557,0.003);
#276=CIRCLE('',#9558,0.003);
#277=CIRCLE('',#9559,0.003);
#278=CIRCLE('',#9560,0.001);
#279=CIRCLE('',#9561,0.00100000000000003);
#280=CIRCLE('',#9562,0.000999999999999945);
#281=CIRCLE('',#9563,0.000999999999999947);
#282=CIRCLE('',#9564,0.001);
#283=CIRCLE('',#9565,0.0035);
#284=CIRCLE('',#9566,0.000999999999999917);
#285=CIRCLE('',#9567,0.001);
#286=CIRCLE('',#9568,0.000999999999999954);
#287=CIRCLE('',#9569,0.00100000000000002);
#288=CIRCLE('',#9570,0.001);
#289=CIRCLE('',#9571,0.0035);
#290=CIRCLE('',#9572,0.0035);
#291=CIRCLE('',#9573,0.0035);
#292=CIRCLE('',#9574,0.00100000000000002);
#293=CIRCLE('',#9575,0.001);
#294=CIRCLE('',#9576,0.00100000000000001);
#295=CIRCLE('',#9577,0.00099999999999995);
#296=CIRCLE('',#9578,0.00100000000000004);
#297=CIRCLE('',#9579,0.000652879485525509);
#298=CIRCLE('',#9580,0.000791867313657156);
#299=CIRCLE('',#9581,0.112682861059555);
#300=CIRCLE('',#9582,0.000609896577894863);
#301=CIRCLE('',#9583,0.0018853541954247);
#302=CIRCLE('',#9584,0.000748324877250708);
#303=CIRCLE('',#9585,0.00268502344806351);
#304=CIRCLE('',#9586,0.00117852261012297);
#305=CIRCLE('',#9587,0.000201558766499556);
#306=CIRCLE('',#9588,0.000422139665452477);
#307=CIRCLE('',#9589,0.00323671533588766);
#308=CIRCLE('',#9590,0.00160085857989765);
#309=CIRCLE('',#9591,0.0007113668124969);
#310=CIRCLE('',#9592,0.000607591838296386);
#311=CIRCLE('',#9593,0.00135614769937733);
#312=CIRCLE('',#9594,0.0023412820008918);
#313=CIRCLE('',#9595,0.00237327258384712);
#314=CIRCLE('',#9596,0.000977198801101279);
#315=CIRCLE('',#9597,0.000211729034805879);
#316=CIRCLE('',#9598,0.00020849087297803);
#317=CIRCLE('',#9599,0.000332802283950959);
#318=CIRCLE('',#9600,0.000755326121677624);
#319=CIRCLE('',#9601,0.000873747081141033);
#320=CIRCLE('',#9602,0.0152462066859535);
#321=CIRCLE('',#9603,0.017666459444675);
#322=CIRCLE('',#9604,0.0536783110006036);
#323=CIRCLE('',#9605,0.0190381117975799);
#324=CIRCLE('',#9608,0.0021);
#325=CIRCLE('',#9609,0.0021);
#326=CIRCLE('',#9612,0.0021);
#327=CIRCLE('',#9613,0.0021);
#328=CIRCLE('',#9616,0.0021);
#329=CIRCLE('',#9617,0.0021);
#330=CIRCLE('',#9620,0.0021);
#331=CIRCLE('',#9621,0.0021);
#332=CIRCLE('',#9624,0.0021);
#333=CIRCLE('',#9625,0.0021);
#334=CIRCLE('',#9628,0.0021);
#335=CIRCLE('',#9629,0.0021);
#336=CIRCLE('',#9632,0.0021);
#337=CIRCLE('',#9633,0.0021);
#338=CIRCLE('',#9636,0.0021);
#339=CIRCLE('',#9637,0.0021);
#340=CIRCLE('',#9640,0.0021);
#341=CIRCLE('',#9641,0.0021);
#342=CIRCLE('',#9644,0.0021);
#343=CIRCLE('',#9645,0.0021);
#344=CIRCLE('',#9648,0.0021);
#345=CIRCLE('',#9649,0.0021);
#346=CIRCLE('',#9652,0.0021);
#347=CIRCLE('',#9653,0.0021);
#348=CIRCLE('',#9656,0.0021);
#349=CIRCLE('',#9657,0.0021);
#350=CIRCLE('',#9660,0.0021);
#351=CIRCLE('',#9661,0.0021);
#352=CIRCLE('',#9664,0.0021);
#353=CIRCLE('',#9665,0.0021);
#354=CIRCLE('',#9668,0.0021);
#355=CIRCLE('',#9669,0.0021);
#356=CIRCLE('',#9672,0.0021);
#357=CIRCLE('',#9673,0.0021);
#358=CIRCLE('',#9676,0.0021);
#359=CIRCLE('',#9677,0.0021);
#360=CIRCLE('',#9680,0.0021);
#361=CIRCLE('',#9681,0.0021);
#362=CIRCLE('',#9684,0.0021);
#363=CIRCLE('',#9685,0.0021);
#364=CIRCLE('',#9688,0.0021);
#365=CIRCLE('',#9689,0.0021);
#366=CIRCLE('',#9692,0.0021);
#367=CIRCLE('',#9693,0.0021);
#368=CIRCLE('',#9695,0.005);
#369=CIRCLE('',#9696,0.005);
#370=CIRCLE('',#9697,0.0033);
#371=CIRCLE('',#9698,0.0033);
#372=CIRCLE('',#9699,0.0031);
#373=CIRCLE('',#9700,0.0031);
#374=CIRCLE('',#9701,0.0033);
#375=CIRCLE('',#9702,0.0033);
#376=CIRCLE('',#9703,0.0033);
#377=CIRCLE('',#9704,0.0033);
#378=CIRCLE('',#9705,0.0033);
#379=CIRCLE('',#9706,0.0033);
#380=CIRCLE('',#9707,0.0033);
#381=CIRCLE('',#9708,0.0033);
#382=CIRCLE('',#9709,0.00485);
#383=CIRCLE('',#9710,0.00485);
#384=CIRCLE('',#9711,0.00485);
#385=CIRCLE('',#9712,0.00485);
#386=CIRCLE('',#9713,0.005);
#387=CIRCLE('',#9714,0.00485);
#388=CIRCLE('',#9715,0.00485);
#389=CIRCLE('',#9716,0.005);
#390=CIRCLE('',#9717,0.016);
#391=CIRCLE('',#9718,0.016);
#392=CIRCLE('',#9719,0.0033);
#393=CIRCLE('',#9720,0.0033);
#394=CIRCLE('',#9721,0.0031);
#395=CIRCLE('',#9722,0.0031);
#396=CIRCLE('',#9723,0.0033);
#397=CIRCLE('',#9724,0.0033);
#398=CIRCLE('',#9725,0.0031);
#399=CIRCLE('',#9726,0.0031);
#400=CIRCLE('',#9727,0.0033);
#401=CIRCLE('',#9728,0.0033);
#402=CIRCLE('',#9735,0.00225);
#403=CIRCLE('',#9740,0.00225);
#404=CIRCLE('',#9741,0.00485);
#405=CIRCLE('',#9747,0.016);
#406=CIRCLE('',#9752,0.016);
#407=CIRCLE('',#9754,0.00225);
#408=CIRCLE('',#9755,0.00485);
#409=CIRCLE('',#9758,0.00225);
#410=CIRCLE('',#9759,0.00485);
#411=CIRCLE('',#9762,0.00225);
#412=CIRCLE('',#9763,0.00485);
#413=CIRCLE('',#9767,0.00225);
#414=CIRCLE('',#9768,0.00485);
#415=CIRCLE('',#9771,0.00225);
#416=CIRCLE('',#9772,0.00485);
#417=CIRCLE('',#9775,0.00225);
#418=CIRCLE('',#9778,0.00225);
#419=CIRCLE('',#9781,0.00225);
#420=CIRCLE('',#9783,0.00225);
#421=CIRCLE('',#9785,0.00225);
#422=CIRCLE('',#9788,0.00225);
#423=CIRCLE('',#9791,0.005);
#424=CIRCLE('',#9821,0.0033);
#425=CIRCLE('',#9824,0.0033);
#426=CIRCLE('',#9828,0.0033);
#427=CIRCLE('',#9831,0.0033);
#428=CIRCLE('',#9835,0.0031);
#429=CIRCLE('',#9838,0.0031);
#430=CIRCLE('',#9841,0.0031);
#431=CIRCLE('',#9842,0.0031);
#432=CIRCLE('',#9848,0.0031);
#433=CIRCLE('',#9849,0.0031);
#434=CIRCLE('',#9856,0.0033);
#435=CIRCLE('',#9859,0.0033);
#436=CIRCLE('',#9863,0.0033);
#437=CIRCLE('',#9866,0.0033);
#438=CIRCLE('',#9869,0.0033);
#439=CIRCLE('',#9870,0.0033);
#440=CIRCLE('',#9877,0.0033);
#441=CIRCLE('',#9880,0.0033);
#442=CIRCLE('',#9884,0.0033);
#443=CIRCLE('',#9887,0.0033);
#444=CIRCLE('',#9891,0.0033);
#445=CIRCLE('',#9894,0.0033);
#446=CIRCLE('',#9897,0.0035);
#447=CIRCLE('',#9901,0.001);
#448=CIRCLE('',#9904,0.001);
#449=CIRCLE('',#9907,0.000999999999999947);
#450=CIRCLE('',#9910,0.000999999999999945);
#451=CIRCLE('',#9913,0.00100000000000003);
#452=CIRCLE('',#9916,0.000999999999999917);
#453=CIRCLE('',#9919,0.001);
#454=CIRCLE('',#9922,0.00100000000000002);
#455=CIRCLE('',#9925,0.000999999999999954);
#456=CIRCLE('',#9928,0.001);
#457=CIRCLE('',#9932,0.0035);
#458=CIRCLE('',#9935,0.0035);
#459=CIRCLE('',#9938,0.0035);
#460=CIRCLE('',#9941,0.00100000000000002);
#461=CIRCLE('',#9944,0.00100000000000004);
#462=CIRCLE('',#9947,0.00099999999999995);
#463=CIRCLE('',#9950,0.00100000000000001);
#464=CIRCLE('',#9953,0.001);
#465=CIRCLE('',#9957,0.003);
#466=CIRCLE('',#9960,0.003);
#467=CIRCLE('',#9963,0.003);
#468=CIRCLE('',#9966,0.001);
#469=CIRCLE('',#9969,0.000999999999999889);
#470=CIRCLE('',#9972,0.001);
#471=CIRCLE('',#9975,0.001);
#472=CIRCLE('',#9978,0.000999999999999947);
#473=CIRCLE('',#9992,0.00144355056376455);
#474=CIRCLE('',#9996,0.000687078997112235);
#475=CIRCLE('',#9998,0.00232949668985602);
#476=CIRCLE('',#10001,0.00137747424908861);
#477=CIRCLE('',#10003,0.000835802613589354);
#478=CIRCLE('',#10040,0.00142095870463015);
#479=CIRCLE('',#10042,0.00287298258031749);
#480=CIRCLE('',#10044,0.000374700824584878);
#481=CIRCLE('',#10046,0.000178908172321081);
#482=CIRCLE('',#10048,0.000185636021775672);
#483=CIRCLE('',#10050,0.00104608363047861);
#484=CIRCLE('',#10052,0.00238328823931015);
#485=CIRCLE('',#10055,0.00129820110683386);
#486=CIRCLE('',#10057,0.000535312232949194);
#487=CIRCLE('',#10059,0.000664230280891493);
#488=CIRCLE('',#10061,0.00167348351617995);
#489=CIRCLE('',#10063,0.00298209060522539);
#490=CIRCLE('',#10065,0.000295402920942983);
#491=CIRCLE('',#10067,0.000185061268618212);
#492=CIRCLE('',#10069,0.000187935535113569);
#493=CIRCLE('',#10071,0.000867384011790355);
#494=CIRCLE('',#10073,0.00210657104013932);
#495=CIRCLE('',#10076,0.00207817546682904);
#496=CIRCLE('',#10078,0.00120374772332755);
#497=CIRCLE('',#10080,0.000539312415875973);
#498=CIRCLE('',#10082,0.000631425457112489);
#499=CIRCLE('',#10097,0.000791867313657156);
#500=CIRCLE('',#10099,0.000652879485525509);
#501=CIRCLE('',#10101,0.000609896577894863);
#502=CIRCLE('',#10110,0.112682861059555);
#503=CIRCLE('',#10124,0.0283334263259703);
#504=CIRCLE('',#10125,0.0283334263259703);
#505=CIRCLE('',#10127,0.0024723642143326);
#506=CIRCLE('',#10128,0.0024723642143326);
#507=CIRCLE('',#10142,0.000748324877250708);
#508=CIRCLE('',#10144,0.0018853541954247);
#509=CIRCLE('',#10146,0.000332802283950959);
#510=CIRCLE('',#10148,0.00020849087297803);
#511=CIRCLE('',#10150,0.000211729034805879);
#512=CIRCLE('',#10152,0.000977198801101279);
#513=CIRCLE('',#10154,0.00237327258384712);
#514=CIRCLE('',#10157,0.0023412820008918);
#515=CIRCLE('',#10159,0.00135614769937733);
#516=CIRCLE('',#10161,0.000607591838296386);
#517=CIRCLE('',#10163,0.0007113668124969);
#518=CIRCLE('',#10166,0.00160085857989765);
#519=CIRCLE('',#10168,0.00323671533588766);
#520=CIRCLE('',#10170,0.000422139665452477);
#521=CIRCLE('',#10172,0.000201558766499556);
#522=CIRCLE('',#10174,0.00117852261012297);
#523=CIRCLE('',#10176,0.00268502344806351);
#524=CIRCLE('',#10180,0.000755326121677624);
#525=CIRCLE('',#10182,0.000873747081141033);
#526=CIRCLE('',#10191,0.0152462066859535);
#527=CIRCLE('',#10200,0.017666459444675);
#528=CIRCLE('',#10233,0.0190381117975799);
#529=CIRCLE('',#10240,0.0536783110006036);
#530=CIRCLE('',#10247,0.005);
#531=CIRCLE('',#10250,0.005);
#532=CIRCLE('',#10261,0.01226135298792);
#533=CIRCLE('',#10265,0.01226135298792);
#534=CIRCLE('',#10274,0.001);
#535=CIRCLE('',#10276,0.001);
#536=B_SPLINE_CURVE_WITH_KNOTS('',3,(#12721,#12722,#12723,#12724,#12725,
#12726),.UNSPECIFIED.,.F.,.F.,(4,1,1,4),(0.,0.0189129380673779,0.0378258761347558,
0.0756517522695116),.UNSPECIFIED.);
#537=B_SPLINE_CURVE_WITH_KNOTS('',3,(#12729,#12730,#12731,#12732),
 .UNSPECIFIED.,.F.,.F.,(4,4),(0.,0.000812648191063189),.UNSPECIFIED.);
#538=B_SPLINE_CURVE_WITH_KNOTS('',3,(#12736,#12737,#12738,#12739,#12740),
 .UNSPECIFIED.,.F.,.F.,(4,1,4),(0.,0.0088798403497803,0.0177596806995606),
 .UNSPECIFIED.);
#539=B_SPLINE_CURVE_WITH_KNOTS('',3,(#12742,#12743,#12744,#12745),
 .UNSPECIFIED.,.F.,.F.,(4,4),(0.,0.00952595699300463),.UNSPECIFIED.);
#540=B_SPLINE_CURVE_WITH_KNOTS('',3,(#12751,#12752,#12753,#12754),
 .UNSPECIFIED.,.F.,.F.,(4,4),(0.,0.00951982951932308),.UNSPECIFIED.);
#541=B_SPLINE_CURVE_WITH_KNOTS('',3,(#12756,#12757,#12758,#12759,#12760),
 .UNSPECIFIED.,.F.,.F.,(4,1,4),(0.,0.00889292507606773,0.0177858501521355),
 .UNSPECIFIED.);
#542=B_SPLINE_CURVE_WITH_KNOTS('',3,(#12764,#12765,#12766,#12767),
 .UNSPECIFIED.,.F.,.F.,(4,4),(0.,0.000636991336136523),.UNSPECIFIED.);
#543=B_SPLINE_CURVE_WITH_KNOTS('',3,(#12769,#12770,#12771,#12772,#12773,
#12774,#12775,#12776,#12777),.UNSPECIFIED.,.F.,.F.,(4,1,1,1,1,1,4),(0.,
0.0239711851686035,0.047942370337207,0.0599279629215087,0.0719135555058104,
0.0838991480901122,0.0958847406744139),.UNSPECIFIED.);
#544=B_SPLINE_CURVE_WITH_KNOTS('',3,(#12781,#12782,#12783,#12784,#12785),
 .UNSPECIFIED.,.F.,.F.,(4,1,4),(0.,0.0100335493751081,0.0200670987502161),
 .UNSPECIFIED.);
#545=B_SPLINE_CURVE_WITH_KNOTS('',2,(#12819,#12820,#12821),
 .UNSPECIFIED.,.F.,.F.,(3,3),(0.,1.),.PIECEWISE_BEZIER_KNOTS.);
#546=B_SPLINE_CURVE_WITH_KNOTS('',2,(#12823,#12824,#12825),
 .UNSPECIFIED.,.F.,.F.,(3,3),(0.,1.),.PIECEWISE_BEZIER_KNOTS.);
#547=B_SPLINE_CURVE_WITH_KNOTS('',2,(#12837,#12838,#12839),
 .UNSPECIFIED.,.F.,.F.,(3,3),(0.,1.),.PIECEWISE_BEZIER_KNOTS.);
#548=B_SPLINE_CURVE_WITH_KNOTS('',2,(#12855,#12856,#12857),
 .UNSPECIFIED.,.F.,.F.,(3,3),(0.,1.),.PIECEWISE_BEZIER_KNOTS.);
#549=B_SPLINE_CURVE_WITH_KNOTS('',2,(#12859,#12860,#12861),
 .UNSPECIFIED.,.F.,.F.,(3,3),(0.,1.),.PIECEWISE_BEZIER_KNOTS.);
#550=B_SPLINE_CURVE_WITH_KNOTS('',2,(#12871,#12872,#12873),
 .UNSPECIFIED.,.F.,.F.,(3,3),(0.,1.),.PIECEWISE_BEZIER_KNOTS.);
#551=B_SPLINE_CURVE_WITH_KNOTS('',2,(#12942,#12943,#12944),
 .UNSPECIFIED.,.F.,.F.,(3,3),(0.,1.),.PIECEWISE_BEZIER_KNOTS.);
#552=B_SPLINE_CURVE_WITH_KNOTS('',2,(#12949,#12950,#12951),
 .UNSPECIFIED.,.F.,.F.,(3,3),(0.0182742814542077,1.),
 .PIECEWISE_BEZIER_KNOTS.);
#553=B_SPLINE_CURVE_WITH_KNOTS('',2,(#12955,#12956,#12957),
 .UNSPECIFIED.,.F.,.F.,(3,3),(0.,1.),.PIECEWISE_BEZIER_KNOTS.);
#554=B_SPLINE_CURVE_WITH_KNOTS('',2,(#12967,#12968,#12969),
 .UNSPECIFIED.,.F.,.F.,(3,3),(0.,1.),.PIECEWISE_BEZIER_KNOTS.);
#555=B_SPLINE_CURVE_WITH_KNOTS('',2,(#12971,#12972,#12973),
 .UNSPECIFIED.,.F.,.F.,(3,3),(0.,0.978096070026251),
 .PIECEWISE_BEZIER_KNOTS.);
#556=B_SPLINE_CURVE_WITH_KNOTS('',2,(#12977,#12978,#12979),
 .UNSPECIFIED.,.F.,.F.,(3,3),(0.,1.),.PIECEWISE_BEZIER_KNOTS.);
#557=B_SPLINE_CURVE_WITH_KNOTS('',2,(#12981,#12982,#12983),
 .UNSPECIFIED.,.F.,.F.,(3,3),(0.,1.),.PIECEWISE_BEZIER_KNOTS.);
#558=B_SPLINE_CURVE_WITH_KNOTS('',2,(#12989,#12990,#12991),
 .UNSPECIFIED.,.F.,.F.,(3,3),(0.,1.),.PIECEWISE_BEZIER_KNOTS.);
#559=B_SPLINE_CURVE_WITH_KNOTS('',2,(#13123,#13124,#13125),
 .UNSPECIFIED.,.F.,.F.,(3,3),(0.,1.),.PIECEWISE_BEZIER_KNOTS.);
#560=B_SPLINE_CURVE_WITH_KNOTS('',2,(#13127,#13128,#13129),
 .UNSPECIFIED.,.F.,.F.,(3,3),(0.,1.),.PIECEWISE_BEZIER_KNOTS.);
#561=B_SPLINE_CURVE_WITH_KNOTS('',2,(#13169,#13170,#13171),
 .UNSPECIFIED.,.F.,.F.,(3,3),(0.,1.),.PIECEWISE_BEZIER_KNOTS.);
#562=B_SPLINE_CURVE_WITH_KNOTS('',2,(#13173,#13174,#13175),
 .UNSPECIFIED.,.F.,.F.,(3,3),(0.,1.),.PIECEWISE_BEZIER_KNOTS.);
#563=B_SPLINE_CURVE_WITH_KNOTS('',2,(#13177,#13178,#13179),
 .UNSPECIFIED.,.F.,.F.,(3,3),(0.,1.),.PIECEWISE_BEZIER_KNOTS.);
#564=B_SPLINE_CURVE_WITH_KNOTS('',2,(#13181,#13182,#13183),
 .UNSPECIFIED.,.F.,.F.,(3,3),(0.,1.),.PIECEWISE_BEZIER_KNOTS.);
#565=B_SPLINE_CURVE_WITH_KNOTS('',2,(#13191,#13192,#13193),
 .UNSPECIFIED.,.F.,.F.,(3,3),(0.,1.),.PIECEWISE_BEZIER_KNOTS.);
#566=B_SPLINE_CURVE_WITH_KNOTS('',2,(#13195,#13196,#13197),
 .UNSPECIFIED.,.F.,.F.,(3,3),(0.,1.),.PIECEWISE_BEZIER_KNOTS.);
#567=B_SPLINE_CURVE_WITH_KNOTS('',2,(#13213,#13214,#13215),
 .UNSPECIFIED.,.F.,.F.,(3,3),(0.,1.),.PIECEWISE_BEZIER_KNOTS.);
#568=B_SPLINE_CURVE_WITH_KNOTS('',2,(#13217,#13218,#13219),
 .UNSPECIFIED.,.F.,.F.,(3,3),(0.,1.),.PIECEWISE_BEZIER_KNOTS.);
#569=B_SPLINE_CURVE_WITH_KNOTS('',2,(#13231,#13232,#13233),
 .UNSPECIFIED.,.F.,.F.,(3,3),(0.,1.),.PIECEWISE_BEZIER_KNOTS.);
#570=B_SPLINE_CURVE_WITH_KNOTS('',2,(#13241,#13242,#13243),
 .UNSPECIFIED.,.F.,.F.,(3,3),(0.,1.),.PIECEWISE_BEZIER_KNOTS.);
#571=B_SPLINE_CURVE_WITH_KNOTS('',2,(#13247,#13248,#13249),
 .UNSPECIFIED.,.F.,.F.,(3,3),(0.,1.),.PIECEWISE_BEZIER_KNOTS.);
#572=B_SPLINE_CURVE_WITH_KNOTS('',2,(#13251,#13252,#13253),
 .UNSPECIFIED.,.F.,.F.,(3,3),(0.,1.),.PIECEWISE_BEZIER_KNOTS.);
#573=B_SPLINE_CURVE_WITH_KNOTS('',2,(#13255,#13256,#13257),
 .UNSPECIFIED.,.F.,.F.,(3,3),(0.,1.),.PIECEWISE_BEZIER_KNOTS.);
#574=B_SPLINE_CURVE_WITH_KNOTS('',2,(#13265,#13266,#13267),
 .UNSPECIFIED.,.F.,.F.,(3,3),(0.,1.),.PIECEWISE_BEZIER_KNOTS.);
#575=B_SPLINE_CURVE_WITH_KNOTS('',2,(#13269,#13270,#13271),
 .UNSPECIFIED.,.F.,.F.,(3,3),(0.,1.),.PIECEWISE_BEZIER_KNOTS.);
#576=B_SPLINE_CURVE_WITH_KNOTS('',2,(#13273,#13274,#13275),
 .UNSPECIFIED.,.F.,.F.,(3,3),(0.,1.),.PIECEWISE_BEZIER_KNOTS.);
#577=B_SPLINE_CURVE_WITH_KNOTS('',2,(#13277,#13278,#13279),
 .UNSPECIFIED.,.F.,.F.,(3,3),(0.,1.),.PIECEWISE_BEZIER_KNOTS.);
#578=B_SPLINE_CURVE_WITH_KNOTS('',2,(#13709,#13710,#13711),
 .UNSPECIFIED.,.F.,.F.,(3,3),(0.,0.359645951025455),
 .PIECEWISE_BEZIER_KNOTS.);
#579=B_SPLINE_CURVE_WITH_KNOTS('',2,(#13750,#13751,#13752),
 .UNSPECIFIED.,.F.,.F.,(3,3),(0.,1.),.PIECEWISE_BEZIER_KNOTS.);
#580=B_SPLINE_CURVE_WITH_KNOTS('',2,(#13754,#13755,#13756),
 .UNSPECIFIED.,.F.,.F.,(3,3),(0.0511852254111035,0.867528118867727),
 .PIECEWISE_BEZIER_KNOTS.);
#581=B_SPLINE_CURVE_WITH_KNOTS('',2,(#13760,#13761,#13762),
 .UNSPECIFIED.,.F.,.F.,(3,3),(0.563632510579489,0.876726839060312),
 .PIECEWISE_BEZIER_KNOTS.);
#582=B_SPLINE_CURVE_WITH_KNOTS('',2,(#13764,#13765,#13766),
 .UNSPECIFIED.,.F.,.F.,(3,3),(0.876726838765687,1.),
 .PIECEWISE_BEZIER_KNOTS.);
#583=B_SPLINE_CURVE_WITH_KNOTS('',2,(#13782,#13783,#13784),
 .UNSPECIFIED.,.F.,.F.,(3,3),(0.876726838881683,1.),
 .PIECEWISE_BEZIER_KNOTS.);
#584=B_SPLINE_CURVE_WITH_KNOTS('',2,(#13786,#13787,#13788),
 .UNSPECIFIED.,.F.,.F.,(3,3),(0.563632510579489,0.876726839060312),
 .PIECEWISE_BEZIER_KNOTS.);
#585=B_SPLINE_CURVE_WITH_KNOTS('',2,(#13792,#13793,#13794),
 .UNSPECIFIED.,.F.,.F.,(3,3),(0.0511852254111035,0.867528118867727),
 .PIECEWISE_BEZIER_KNOTS.);
#586=B_SPLINE_CURVE_WITH_KNOTS('',2,(#13796,#13797,#13798),
 .UNSPECIFIED.,.F.,.F.,(3,3),(0.359645951025455,1.),
 .PIECEWISE_BEZIER_KNOTS.);
#587=B_SPLINE_CURVE_WITH_KNOTS('',3,(#13956,#13957,#13958,#13959),
 .UNSPECIFIED.,.F.,.F.,(4,4),(-6.00000000092545E-8,0.0104310446885714),
 .UNSPECIFIED.);
#588=B_SPLINE_CURVE_WITH_KNOTS('',3,(#13970,#13971,#13972,#13973,#13974),
 .UNSPECIFIED.,.F.,.F.,(4,1,4),(-5.99999999995506E-8,0.0106732690660801,
0.0213465981321602),.UNSPECIFIED.);
#589=B_SPLINE_CURVE_WITH_KNOTS('',3,(#13982,#13983,#13984,#13985),
 .UNSPECIFIED.,.F.,.F.,(4,4),(0.,1.),.UNSPECIFIED.);
#590=B_SPLINE_CURVE_WITH_KNOTS('',3,(#13996,#13997,#13998,#13999,#14000,
#14001,#14002,#14003,#14004,#14005),.UNSPECIFIED.,.F.,.F.,(4,1,1,1,1,1,
1,4),(0.00282839635502429,0.00926307959905534,0.0156977628430864,0.0285671293311485,
0.0414364958192106,0.0543058623072727,0.0800445952833969,0.105783328259521),
 .UNSPECIFIED.);
#591=B_SPLINE_CURVE_WITH_KNOTS('',3,(#14029,#14030,#14031,#14032,#14033),
 .UNSPECIFIED.,.F.,.F.,(4,1,4),(0.,0.0122197215195597,0.0244394430391194),
 .UNSPECIFIED.);
#592=B_SPLINE_CURVE_WITH_KNOTS('',3,(#14048,#14049,#14050,#14051,#14052,
#14053),.UNSPECIFIED.,.F.,.F.,(4,1,1,4),(3.93362919869053E-11,0.0388764501824446,
0.0583146752539987,0.0777529003255528),.UNSPECIFIED.);
#593=B_SPLINE_CURVE_WITH_KNOTS('',3,(#14057,#14058,#14059,#14060),
 .UNSPECIFIED.,.F.,.F.,(4,4),(0.,0.99999993997536),.UNSPECIFIED.);
#594=B_SPLINE_CURVE_WITH_KNOTS('',3,(#14075,#14076,#14077,#14078,#14079),
 .UNSPECIFIED.,.F.,.F.,(4,1,4),(-5.99999999748255E-8,0.0106940961072445,
0.021388252214489),.UNSPECIFIED.);
#595=B_SPLINE_CURVE_WITH_KNOTS('',3,(#14088,#14089,#14090,#14091),
 .UNSPECIFIED.,.F.,.F.,(4,4),(-6.00000000000478E-8,0.0104303091955457),
 .UNSPECIFIED.);
#596=B_SPLINE_CURVE_WITH_KNOTS('',2,(#14180,#14181,#14182),
 .UNSPECIFIED.,.F.,.F.,(3,3),(0.,1.),.PIECEWISE_BEZIER_KNOTS.);
#597=B_SPLINE_CURVE_WITH_KNOTS('',2,(#14191,#14192,#14193),
 .UNSPECIFIED.,.F.,.F.,(3,3),(0.,1.),.PIECEWISE_BEZIER_KNOTS.);
#598=B_SPLINE_CURVE_WITH_KNOTS('',2,(#14663,#14664,#14665),
 .UNSPECIFIED.,.F.,.F.,(3,3),(0.,1.),.PIECEWISE_BEZIER_KNOTS.);
#599=B_SPLINE_CURVE_WITH_KNOTS('',2,(#14676,#14677,#14678),
 .UNSPECIFIED.,.F.,.F.,(3,3),(0.,1.),.PIECEWISE_BEZIER_KNOTS.);
#600=B_SPLINE_CURVE_WITH_KNOTS('',2,(#14697,#14698,#14699),
 .UNSPECIFIED.,.F.,.F.,(3,3),(0.,1.),.PIECEWISE_BEZIER_KNOTS.);
#601=B_SPLINE_CURVE_WITH_KNOTS('',2,(#14710,#14711,#14712),
 .UNSPECIFIED.,.F.,.F.,(3,3),(0.,1.),.PIECEWISE_BEZIER_KNOTS.);
#602=B_SPLINE_CURVE_WITH_KNOTS('',2,(#14727,#14728,#14729),
 .UNSPECIFIED.,.F.,.F.,(3,3),(0.,0.978096070026251),
 .PIECEWISE_BEZIER_KNOTS.);
#603=B_SPLINE_CURVE_WITH_KNOTS('',2,(#14740,#14741,#14742),
 .UNSPECIFIED.,.F.,.F.,(3,3),(0.,1.),.PIECEWISE_BEZIER_KNOTS.);
#604=B_SPLINE_CURVE_WITH_KNOTS('',2,(#14769,#14770,#14771),
 .UNSPECIFIED.,.F.,.F.,(3,3),(0.,1.),.PIECEWISE_BEZIER_KNOTS.);
#605=B_SPLINE_CURVE_WITH_KNOTS('',2,(#14784,#14785,#14786),
 .UNSPECIFIED.,.F.,.F.,(3,3),(0.0182742814542077,1.),
 .PIECEWISE_BEZIER_KNOTS.);
#606=B_SPLINE_CURVE_WITH_KNOTS('',2,(#14947,#14948,#14949),
 .UNSPECIFIED.,.F.,.F.,(3,3),(0.,1.),.PIECEWISE_BEZIER_KNOTS.);
#607=B_SPLINE_CURVE_WITH_KNOTS('',2,(#14976,#14977,#14978),
 .UNSPECIFIED.,.F.,.F.,(3,3),(0.,1.),.PIECEWISE_BEZIER_KNOTS.);
#608=B_SPLINE_CURVE_WITH_KNOTS('',2,(#14989,#14990,#14991),
 .UNSPECIFIED.,.F.,.F.,(3,3),(0.,1.),.PIECEWISE_BEZIER_KNOTS.);
#609=B_SPLINE_CURVE_WITH_KNOTS('',2,(#15030,#15031,#15032),
 .UNSPECIFIED.,.F.,.F.,(3,3),(0.,1.),.PIECEWISE_BEZIER_KNOTS.);
#610=B_SPLINE_CURVE_WITH_KNOTS('',2,(#15063,#15064,#15065),
 .UNSPECIFIED.,.F.,.F.,(3,3),(0.,1.),.PIECEWISE_BEZIER_KNOTS.);
#611=B_SPLINE_CURVE_WITH_KNOTS('',2,(#15076,#15077,#15078),
 .UNSPECIFIED.,.F.,.F.,(3,3),(0.,1.),.PIECEWISE_BEZIER_KNOTS.);
#612=B_SPLINE_CURVE_WITH_KNOTS('',2,(#15148,#15149,#15150),
 .UNSPECIFIED.,.F.,.F.,(3,3),(0.,1.),.PIECEWISE_BEZIER_KNOTS.);
#613=B_SPLINE_CURVE_WITH_KNOTS('',2,(#15154,#15155,#15156),
 .UNSPECIFIED.,.F.,.F.,(3,3),(0.,1.),.PIECEWISE_BEZIER_KNOTS.);
#614=B_SPLINE_CURVE_WITH_KNOTS('',2,(#15165,#15166,#15167),
 .UNSPECIFIED.,.F.,.F.,(3,3),(0.,1.),.PIECEWISE_BEZIER_KNOTS.);
#615=B_SPLINE_CURVE_WITH_KNOTS('',2,(#15171,#15172,#15173),
 .UNSPECIFIED.,.F.,.F.,(3,3),(0.,1.),.PIECEWISE_BEZIER_KNOTS.);
#616=B_SPLINE_CURVE_WITH_KNOTS('',2,(#15182,#15183,#15184),
 .UNSPECIFIED.,.F.,.F.,(3,3),(0.,1.),.PIECEWISE_BEZIER_KNOTS.);
#617=B_SPLINE_CURVE_WITH_KNOTS('',2,(#15188,#15189,#15190),
 .UNSPECIFIED.,.F.,.F.,(3,3),(0.,1.),.PIECEWISE_BEZIER_KNOTS.);
#618=B_SPLINE_CURVE_WITH_KNOTS('',2,(#15215,#15216,#15217),
 .UNSPECIFIED.,.F.,.F.,(3,3),(0.,1.),.PIECEWISE_BEZIER_KNOTS.);
#619=B_SPLINE_CURVE_WITH_KNOTS('',2,(#15228,#15229,#15230),
 .UNSPECIFIED.,.F.,.F.,(3,3),(0.,1.),.PIECEWISE_BEZIER_KNOTS.);
#620=B_SPLINE_CURVE_WITH_KNOTS('',2,(#15269,#15270,#15271),
 .UNSPECIFIED.,.F.,.F.,(3,3),(0.,1.),.PIECEWISE_BEZIER_KNOTS.);
#621=B_SPLINE_CURVE_WITH_KNOTS('',2,(#15272,#15273,#15274),
 .UNSPECIFIED.,.F.,.F.,(3,3),(0.,1.),.PIECEWISE_BEZIER_KNOTS.);
#622=B_SPLINE_CURVE_WITH_KNOTS('',2,(#15399,#15400,#15401),
 .UNSPECIFIED.,.F.,.F.,(3,3),(0.,1.),.PIECEWISE_BEZIER_KNOTS.);
#623=B_SPLINE_CURVE_WITH_KNOTS('',2,(#15424,#15425,#15426),
 .UNSPECIFIED.,.F.,.F.,(3,3),(0.,1.),.PIECEWISE_BEZIER_KNOTS.);
#624=B_SPLINE_CURVE_WITH_KNOTS('',2,(#15457,#15458,#15459),
 .UNSPECIFIED.,.F.,.F.,(3,3),(0.,1.),.PIECEWISE_BEZIER_KNOTS.);
#625=B_SPLINE_CURVE_WITH_KNOTS('',2,(#15470,#15471,#15472),
 .UNSPECIFIED.,.F.,.F.,(3,3),(0.,1.),.PIECEWISE_BEZIER_KNOTS.);
#626=B_SPLINE_CURVE_WITH_KNOTS('',2,(#15511,#15512,#15513),
 .UNSPECIFIED.,.F.,.F.,(3,3),(0.,1.),.PIECEWISE_BEZIER_KNOTS.);
#627=B_SPLINE_CURVE_WITH_KNOTS('',2,(#15524,#15525,#15526),
 .UNSPECIFIED.,.F.,.F.,(3,3),(0.,1.),.PIECEWISE_BEZIER_KNOTS.);
#628=B_SPLINE_CURVE_WITH_KNOTS('',2,(#15549,#15550,#15551),
 .UNSPECIFIED.,.F.,.F.,(3,3),(0.,1.),.PIECEWISE_BEZIER_KNOTS.);
#629=B_SPLINE_CURVE_WITH_KNOTS('',2,(#15562,#15563,#15564),
 .UNSPECIFIED.,.F.,.F.,(3,3),(0.,1.),.PIECEWISE_BEZIER_KNOTS.);
#630=B_SPLINE_CURVE_WITH_KNOTS('',2,(#15575,#15576,#15577),
 .UNSPECIFIED.,.F.,.F.,(3,3),(0.,1.),.PIECEWISE_BEZIER_KNOTS.);
#631=B_SPLINE_CURVE_WITH_KNOTS('',2,(#15586,#15587,#15588),
 .UNSPECIFIED.,.F.,.F.,(3,3),(0.,1.),.PIECEWISE_BEZIER_KNOTS.);
#632=B_SPLINE_CURVE_WITH_KNOTS('',2,(#15600,#15601,#15602),
 .UNSPECIFIED.,.F.,.F.,(3,3),(0.,1.),.PIECEWISE_BEZIER_KNOTS.);
#633=B_SPLINE_CURVE_WITH_KNOTS('',2,(#15635,#15636,#15637),
 .UNSPECIFIED.,.F.,.F.,(3,3),(0.,1.),.PIECEWISE_BEZIER_KNOTS.);
#634=B_SPLINE_CURVE_WITH_KNOTS('',2,(#15648,#15649,#15650),
 .UNSPECIFIED.,.F.,.F.,(3,3),(0.,1.),.PIECEWISE_BEZIER_KNOTS.);
#635=B_SPLINE_CURVE_WITH_KNOTS('',2,(#15661,#15662,#15663),
 .UNSPECIFIED.,.F.,.F.,(3,3),(0.,1.),.PIECEWISE_BEZIER_KNOTS.);
#636=B_SPLINE_CURVE_WITH_KNOTS('',2,(#15674,#15675,#15676),
 .UNSPECIFIED.,.F.,.F.,(3,3),(0.,1.),.PIECEWISE_BEZIER_KNOTS.);
#637=B_SPLINE_CURVE_WITH_KNOTS('',2,(#15699,#15700,#15701),
 .UNSPECIFIED.,.F.,.F.,(3,3),(0.,1.),.PIECEWISE_BEZIER_KNOTS.);
#638=B_SPLINE_CURVE_WITH_KNOTS('',2,(#15710,#15711,#15712),
 .UNSPECIFIED.,.F.,.F.,(3,3),(0.,1.),.PIECEWISE_BEZIER_KNOTS.);
#639=B_SPLINE_CURVE_WITH_KNOTS('',3,(#15961,#15962,#15963,#15964),
 .UNSPECIFIED.,.F.,.F.,(4,4),(0.415523744640261,1.),.UNSPECIFIED.);
#640=B_SPLINE_CURVE_WITH_KNOTS('',3,(#15966,#15967,#15968,#15969),
 .UNSPECIFIED.,.F.,.F.,(4,4),(0.,0.0100190019061272),.UNSPECIFIED.);
#641=B_SPLINE_CURVE_WITH_KNOTS('',3,(#15971,#15972,#15973,#15974),
 .UNSPECIFIED.,.F.,.F.,(4,4),(0.415523441395873,1.),.UNSPECIFIED.);
#642=B_SPLINE_CURVE_WITH_KNOTS('',3,(#16002,#16003,#16004,#16005,#16006),
 .UNSPECIFIED.,.F.,.F.,(4,1,4),(0.,0.00987288571995332,0.0197457714399066),
 .UNSPECIFIED.);
#643=B_SPLINE_CURVE_WITH_KNOTS('',3,(#16008,#16009,#16010,#16011),
 .UNSPECIFIED.,.F.,.F.,(4,4),(0.,0.584476621898914),.UNSPECIFIED.);
#644=B_SPLINE_CURVE_WITH_KNOTS('',3,(#16013,#16014,#16015,#16016),
 .UNSPECIFIED.,.F.,.F.,(4,4),(0.,0.502209265169067),.UNSPECIFIED.);
#645=B_SPLINE_CURVE_WITH_KNOTS('',3,(#16022,#16023,#16024,#16025),
 .UNSPECIFIED.,.F.,.F.,(4,4),(0.415523390801741,1.),.UNSPECIFIED.);
#646=B_SPLINE_CURVE_WITH_KNOTS('',3,(#16027,#16028,#16029,#16030),
 .UNSPECIFIED.,.F.,.F.,(4,4),(0.,0.584476576993426),.UNSPECIFIED.);
#647=B_SPLINE_CURVE_WITH_KNOTS('',3,(#16045,#16046,#16047,#16048),
 .UNSPECIFIED.,.F.,.F.,(4,4),(0.,0.000638068234231736),.UNSPECIFIED.);
#648=B_SPLINE_CURVE_WITH_KNOTS('',3,(#16050,#16051,#16052,#16053),
 .UNSPECIFIED.,.F.,.F.,(4,4),(0.413565715505355,1.),.UNSPECIFIED.);
#649=B_SPLINE_CURVE_WITH_KNOTS('',3,(#16066,#16067,#16068,#16069),
 .UNSPECIFIED.,.F.,.F.,(4,4),(0.,0.584476621028808),.UNSPECIFIED.);
#650=B_SPLINE_CURVE_WITH_KNOTS('',3,(#16071,#16072,#16073,#16074),
 .UNSPECIFIED.,.F.,.F.,(4,4),(0.,0.0100225200499572),.UNSPECIFIED.);
#651=B_SPLINE_CURVE_WITH_KNOTS('',3,(#16111,#16112,#16113,#16114,#16115,
#16116,#16117,#16118,#16119,#16120),.UNSPECIFIED.,.F.,.F.,(4,1,1,1,1,1,
1,4),(0.,0.0252132775006731,0.0504265550013462,0.0630331937516828,0.0756398325020193,
0.0882464712523559,0.0945497906275241,0.100853110002692),.UNSPECIFIED.);
#652=B_SPLINE_CURVE_WITH_KNOTS('',3,(#16122,#16123,#16124,#16125,#16126),
 .UNSPECIFIED.,.F.,.F.,(4,1,4),(0.00361764937363962,0.00623130941497734,
0.00884496945631506),.UNSPECIFIED.);
#653=B_SPLINE_CURVE_WITH_KNOTS('',3,(#16145,#16146,#16147,#16148),
 .UNSPECIFIED.,.F.,.F.,(4,4),(0.415523369898172,1.),.UNSPECIFIED.);
#654=B_SPLINE_CURVE_WITH_KNOTS('',3,(#16150,#16151,#16152,#16153,#16154),
 .UNSPECIFIED.,.F.,.F.,(4,1,4),(0.,0.00989689797242363,0.0197937959448473),
 .UNSPECIFIED.);
#655=B_SPLINE_CURVE_WITH_KNOTS('',3,(#16156,#16157,#16158,#16159),
 .UNSPECIFIED.,.F.,.F.,(4,4),(2.77555756156289E-17,0.000227774911682603),
 .UNSPECIFIED.);
#656=B_SPLINE_CURVE_WITH_KNOTS('',3,(#16161,#16162,#16163,#16164,#16165),
 .UNSPECIFIED.,.F.,.F.,(4,1,4),(4.925352528543E-5,0.00167498217582538,0.00330071082636533),
 .UNSPECIFIED.);
#657=B_SPLINE_CURVE_WITH_KNOTS('',3,(#16167,#16168,#16169,#16170,#16171),
 .UNSPECIFIED.,.F.,.F.,(4,1,4),(0.00363032748896357,0.00624018611708619,
0.0088500447452088),.UNSPECIFIED.);
#658=B_SPLINE_CURVE_WITH_KNOTS('',3,(#16172,#16173,#16174,#16175,#16176),
 .UNSPECIFIED.,.F.,.F.,(4,1,4),(9.00774270042358E-16,0.00162733580494068,
0.00325467160988046),.UNSPECIFIED.);
#659=B_SPLINE_CURVE_WITH_KNOTS('',3,(#16178,#16179,#16180,#16181),
 .UNSPECIFIED.,.F.,.F.,(4,4),(4.44305997370834E-17,0.000227846205519233),
 .UNSPECIFIED.);
#660=B_SPLINE_CURVE_WITH_KNOTS('',3,(#16183,#16184,#16185,#16186),
 .UNSPECIFIED.,.F.,.F.,(4,4),(0.,0.584476609657451),.UNSPECIFIED.);
#661=B_SPLINE_CURVE_WITH_KNOTS('',3,(#16213,#16214,#16215,#16216,#16217),
 .UNSPECIFIED.,.F.,.F.,(4,1,4),(0.,0.0119934654467493,0.0239869308934985),
 .UNSPECIFIED.);
#662=B_SPLINE_CURVE_WITH_KNOTS('',3,(#16219,#16220,#16221,#16222),
 .UNSPECIFIED.,.F.,.F.,(4,4),(0.41552354434495,1.),.UNSPECIFIED.);
#663=B_SPLINE_CURVE_WITH_KNOTS('',3,(#16235,#16236,#16237,#16238),
 .UNSPECIFIED.,.F.,.F.,(4,4),(0.,0.584351433882353),.UNSPECIFIED.);
#664=B_SPLINE_CURVE_WITH_KNOTS('',3,(#16240,#16241,#16242,#16243),
 .UNSPECIFIED.,.F.,.F.,(4,4),(0.,0.000674505009687099),.UNSPECIFIED.);
#665=B_SPLINE_CURVE_WITH_KNOTS('',3,(#16265,#16266,#16267,#16268,#16269,
#16270),.UNSPECIFIED.,.F.,.F.,(4,1,1,4),(0.,0.0192178590614307,0.0384357181228614,
0.0768714362457228),.UNSPECIFIED.);
#666=B_SPLINE_CURVE_WITH_KNOTS('',3,(#16313,#16314,#16315,#16316,#16317),
 .UNSPECIFIED.,.F.,.F.,(4,1,4),(1.12743681122073E-16,0.000639110224477684,
0.00127822044895526),.UNSPECIFIED.);
#667=B_SPLINE_CURVE_WITH_KNOTS('',3,(#16319,#16320,#16321,#16322),
 .UNSPECIFIED.,.F.,.F.,(4,4),(0.000946218575101048,0.00530519922412355),
 .UNSPECIFIED.);
#668=B_SPLINE_CURVE_WITH_KNOTS('',3,(#16323,#16324,#16325,#16326,#16327),
 .UNSPECIFIED.,.F.,.F.,(4,1,4),(0.,0.5,1.),.UNSPECIFIED.);
#669=B_SPLINE_CURVE_WITH_KNOTS('',3,(#16364,#16365,#16366,#16367,#16368),
 .UNSPECIFIED.,.F.,.F.,(4,1,4),(0.,0.5,1.),.UNSPECIFIED.);
#670=B_SPLINE_CURVE_WITH_KNOTS('',3,(#16381,#16382,#16383,#16384,#16385),
 .UNSPECIFIED.,.F.,.F.,(4,1,4),(0.,0.5,1.),.UNSPECIFIED.);
#671=B_SPLINE_CURVE_WITH_KNOTS('',3,(#16387,#16388,#16389,#16390,#16391),
 .UNSPECIFIED.,.F.,.F.,(4,1,4),(0.,0.5,1.),.UNSPECIFIED.);
#672=B_SPLINE_CURVE_WITH_KNOTS('',3,(#16437,#16438,#16439,#16440,#16441),
 .UNSPECIFIED.,.F.,.F.,(4,1,4),(0.,0.5,1.),.UNSPECIFIED.);
#673=B_SPLINE_CURVE_WITH_KNOTS('',3,(#16472,#16473,#16474,#16475,#16476),
 .UNSPECIFIED.,.F.,.F.,(4,1,4),(0.,0.5,1.),.UNSPECIFIED.);
#674=B_SPLINE_CURVE_WITH_KNOTS('',3,(#16478,#16479,#16480,#16481,#16482,
#16483,#16484),.UNSPECIFIED.,.F.,.F.,(4,1,1,1,4),(0.,0.25,0.5,0.75,1.),
 .UNSPECIFIED.);
#675=B_SPLINE_CURVE_WITH_KNOTS('',3,(#16486,#16487,#16488,#16489,#16490),
 .UNSPECIFIED.,.F.,.F.,(4,1,4),(0.,0.5,1.),.UNSPECIFIED.);
#676=B_SPLINE_CURVE_WITH_KNOTS('',3,(#16521,#16522,#16523,#16524,#16525),
 .UNSPECIFIED.,.F.,.F.,(4,1,4),(0.,0.5,1.),.UNSPECIFIED.);
#677=B_SPLINE_CURVE_WITH_KNOTS('',3,(#16571,#16572,#16573,#16574,#16575),
 .UNSPECIFIED.,.F.,.F.,(4,1,4),(0.,0.5,1.),.UNSPECIFIED.);
#678=B_SPLINE_CURVE_WITH_KNOTS('',3,(#16577,#16578,#16579,#16580,#16581),
 .UNSPECIFIED.,.F.,.F.,(4,1,4),(0.,0.5,1.),.UNSPECIFIED.);
#679=B_SPLINE_CURVE_WITH_KNOTS('',3,(#16594,#16595,#16596,#16597,#16598),
 .UNSPECIFIED.,.F.,.F.,(4,1,4),(0.,0.5,1.),.UNSPECIFIED.);
#680=B_SPLINE_CURVE_WITH_KNOTS('',3,(#16659,#16660,#16661,#16662),
 .UNSPECIFIED.,.F.,.F.,(4,4),(0.000946263980215627,0.00530508782073881),
 .UNSPECIFIED.);
#681=B_SPLINE_CURVE_WITH_KNOTS('',3,(#16664,#16665,#16666,#16667,#16668),
 .UNSPECIFIED.,.F.,.F.,(4,1,4),(2.27612643550433E-16,0.00063783000997478,
0.00127566001994933),.UNSPECIFIED.);
#682=ORIENTED_EDGE('',*,*,#3392,.F.);
#683=ORIENTED_EDGE('',*,*,#3393,.T.);
#684=ORIENTED_EDGE('',*,*,#3394,.T.);
#685=ORIENTED_EDGE('',*,*,#3395,.F.);
#686=ORIENTED_EDGE('',*,*,#3396,.T.);
#687=ORIENTED_EDGE('',*,*,#3397,.T.);
#688=ORIENTED_EDGE('',*,*,#3398,.F.);
#689=ORIENTED_EDGE('',*,*,#3399,.F.);
#690=ORIENTED_EDGE('',*,*,#3400,.F.);
#691=ORIENTED_EDGE('',*,*,#3401,.T.);
#692=ORIENTED_EDGE('',*,*,#3402,.T.);
#693=ORIENTED_EDGE('',*,*,#3403,.T.);
#694=ORIENTED_EDGE('',*,*,#3404,.T.);
#695=ORIENTED_EDGE('',*,*,#3405,.T.);
#696=ORIENTED_EDGE('',*,*,#3406,.T.);
#697=ORIENTED_EDGE('',*,*,#3407,.T.);
#698=ORIENTED_EDGE('',*,*,#3408,.T.);
#699=ORIENTED_EDGE('',*,*,#3409,.T.);
#700=ORIENTED_EDGE('',*,*,#3410,.T.);
#701=ORIENTED_EDGE('',*,*,#3411,.T.);
#702=ORIENTED_EDGE('',*,*,#3412,.T.);
#703=ORIENTED_EDGE('',*,*,#3413,.T.);
#704=ORIENTED_EDGE('',*,*,#3414,.T.);
#705=ORIENTED_EDGE('',*,*,#3415,.T.);
#706=ORIENTED_EDGE('',*,*,#3416,.T.);
#707=ORIENTED_EDGE('',*,*,#3417,.T.);
#708=ORIENTED_EDGE('',*,*,#3418,.T.);
#709=ORIENTED_EDGE('',*,*,#3419,.T.);
#710=ORIENTED_EDGE('',*,*,#3420,.T.);
#711=ORIENTED_EDGE('',*,*,#3421,.T.);
#712=ORIENTED_EDGE('',*,*,#3422,.T.);
#713=ORIENTED_EDGE('',*,*,#3423,.T.);
#714=ORIENTED_EDGE('',*,*,#3424,.T.);
#715=ORIENTED_EDGE('',*,*,#3425,.T.);
#716=ORIENTED_EDGE('',*,*,#3426,.T.);
#717=ORIENTED_EDGE('',*,*,#3427,.T.);
#718=ORIENTED_EDGE('',*,*,#3428,.T.);
#719=ORIENTED_EDGE('',*,*,#3429,.T.);
#720=ORIENTED_EDGE('',*,*,#3430,.T.);
#721=ORIENTED_EDGE('',*,*,#3431,.T.);
#722=ORIENTED_EDGE('',*,*,#3432,.T.);
#723=ORIENTED_EDGE('',*,*,#3433,.T.);
#724=ORIENTED_EDGE('',*,*,#3434,.T.);
#725=ORIENTED_EDGE('',*,*,#3435,.T.);
#726=ORIENTED_EDGE('',*,*,#3436,.T.);
#727=ORIENTED_EDGE('',*,*,#3437,.T.);
#728=ORIENTED_EDGE('',*,*,#3438,.T.);
#729=ORIENTED_EDGE('',*,*,#3439,.T.);
#730=ORIENTED_EDGE('',*,*,#3440,.T.);
#731=ORIENTED_EDGE('',*,*,#3441,.T.);
#732=ORIENTED_EDGE('',*,*,#3442,.T.);
#733=ORIENTED_EDGE('',*,*,#3443,.T.);
#734=ORIENTED_EDGE('',*,*,#3444,.T.);
#735=ORIENTED_EDGE('',*,*,#3445,.T.);
#736=ORIENTED_EDGE('',*,*,#3446,.T.);
#737=ORIENTED_EDGE('',*,*,#3447,.T.);
#738=ORIENTED_EDGE('',*,*,#3448,.T.);
#739=ORIENTED_EDGE('',*,*,#3449,.T.);
#740=ORIENTED_EDGE('',*,*,#3450,.T.);
#741=ORIENTED_EDGE('',*,*,#3451,.T.);
#742=ORIENTED_EDGE('',*,*,#3452,.T.);
#743=ORIENTED_EDGE('',*,*,#3453,.T.);
#744=ORIENTED_EDGE('',*,*,#3454,.T.);
#745=ORIENTED_EDGE('',*,*,#3455,.T.);
#746=ORIENTED_EDGE('',*,*,#3456,.T.);
#747=ORIENTED_EDGE('',*,*,#3457,.T.);
#748=ORIENTED_EDGE('',*,*,#3458,.T.);
#749=ORIENTED_EDGE('',*,*,#3459,.T.);
#750=ORIENTED_EDGE('',*,*,#3460,.T.);
#751=ORIENTED_EDGE('',*,*,#3461,.T.);
#752=ORIENTED_EDGE('',*,*,#3462,.T.);
#753=ORIENTED_EDGE('',*,*,#3463,.T.);
#754=ORIENTED_EDGE('',*,*,#3464,.T.);
#755=ORIENTED_EDGE('',*,*,#3465,.T.);
#756=ORIENTED_EDGE('',*,*,#3466,.T.);
#757=ORIENTED_EDGE('',*,*,#3467,.T.);
#758=ORIENTED_EDGE('',*,*,#3468,.T.);
#759=ORIENTED_EDGE('',*,*,#3469,.T.);
#760=ORIENTED_EDGE('',*,*,#3470,.T.);
#761=ORIENTED_EDGE('',*,*,#3471,.T.);
#762=ORIENTED_EDGE('',*,*,#3472,.T.);
#763=ORIENTED_EDGE('',*,*,#3473,.T.);
#764=ORIENTED_EDGE('',*,*,#3474,.T.);
#765=ORIENTED_EDGE('',*,*,#3475,.T.);
#766=ORIENTED_EDGE('',*,*,#3476,.T.);
#767=ORIENTED_EDGE('',*,*,#3477,.T.);
#768=ORIENTED_EDGE('',*,*,#3478,.T.);
#769=ORIENTED_EDGE('',*,*,#3479,.T.);
#770=ORIENTED_EDGE('',*,*,#3480,.T.);
#771=ORIENTED_EDGE('',*,*,#3481,.T.);
#772=ORIENTED_EDGE('',*,*,#3482,.T.);
#773=ORIENTED_EDGE('',*,*,#3483,.T.);
#774=ORIENTED_EDGE('',*,*,#3484,.T.);
#775=ORIENTED_EDGE('',*,*,#3485,.T.);
#776=ORIENTED_EDGE('',*,*,#3486,.T.);
#777=ORIENTED_EDGE('',*,*,#3487,.T.);
#778=ORIENTED_EDGE('',*,*,#3488,.T.);
#779=ORIENTED_EDGE('',*,*,#3489,.T.);
#780=ORIENTED_EDGE('',*,*,#3490,.T.);
#781=ORIENTED_EDGE('',*,*,#3491,.T.);
#782=ORIENTED_EDGE('',*,*,#3492,.T.);
#783=ORIENTED_EDGE('',*,*,#3493,.T.);
#784=ORIENTED_EDGE('',*,*,#3494,.T.);
#785=ORIENTED_EDGE('',*,*,#3495,.T.);
#786=ORIENTED_EDGE('',*,*,#3496,.T.);
#787=ORIENTED_EDGE('',*,*,#3497,.T.);
#788=ORIENTED_EDGE('',*,*,#3498,.T.);
#789=ORIENTED_EDGE('',*,*,#3499,.T.);
#790=ORIENTED_EDGE('',*,*,#3500,.T.);
#791=ORIENTED_EDGE('',*,*,#3501,.T.);
#792=ORIENTED_EDGE('',*,*,#3502,.T.);
#793=ORIENTED_EDGE('',*,*,#3503,.T.);
#794=ORIENTED_EDGE('',*,*,#3504,.T.);
#795=ORIENTED_EDGE('',*,*,#3505,.T.);
#796=ORIENTED_EDGE('',*,*,#3506,.T.);
#797=ORIENTED_EDGE('',*,*,#3507,.T.);
#798=ORIENTED_EDGE('',*,*,#3508,.T.);
#799=ORIENTED_EDGE('',*,*,#3509,.T.);
#800=ORIENTED_EDGE('',*,*,#3510,.T.);
#801=ORIENTED_EDGE('',*,*,#3511,.T.);
#802=ORIENTED_EDGE('',*,*,#3512,.T.);
#803=ORIENTED_EDGE('',*,*,#3513,.F.);
#804=ORIENTED_EDGE('',*,*,#3514,.T.);
#805=ORIENTED_EDGE('',*,*,#3515,.F.);
#806=ORIENTED_EDGE('',*,*,#3516,.T.);
#807=ORIENTED_EDGE('',*,*,#3517,.T.);
#808=ORIENTED_EDGE('',*,*,#3518,.T.);
#809=ORIENTED_EDGE('',*,*,#3519,.T.);
#810=ORIENTED_EDGE('',*,*,#3520,.T.);
#811=ORIENTED_EDGE('',*,*,#3521,.T.);
#812=ORIENTED_EDGE('',*,*,#3522,.T.);
#813=ORIENTED_EDGE('',*,*,#3523,.F.);
#814=ORIENTED_EDGE('',*,*,#3524,.F.);
#815=ORIENTED_EDGE('',*,*,#3525,.F.);
#816=ORIENTED_EDGE('',*,*,#3526,.F.);
#817=ORIENTED_EDGE('',*,*,#3527,.T.);
#818=ORIENTED_EDGE('',*,*,#3528,.F.);
#819=ORIENTED_EDGE('',*,*,#3529,.T.);
#820=ORIENTED_EDGE('',*,*,#3530,.F.);
#821=ORIENTED_EDGE('',*,*,#3531,.F.);
#822=ORIENTED_EDGE('',*,*,#3532,.F.);
#823=ORIENTED_EDGE('',*,*,#3533,.F.);
#824=ORIENTED_EDGE('',*,*,#3534,.F.);
#825=ORIENTED_EDGE('',*,*,#3535,.T.);
#826=ORIENTED_EDGE('',*,*,#3536,.F.);
#827=ORIENTED_EDGE('',*,*,#3537,.F.);
#828=ORIENTED_EDGE('',*,*,#3538,.T.);
#829=ORIENTED_EDGE('',*,*,#3539,.F.);
#830=ORIENTED_EDGE('',*,*,#3540,.T.);
#831=ORIENTED_EDGE('',*,*,#3541,.F.);
#832=ORIENTED_EDGE('',*,*,#3542,.T.);
#833=ORIENTED_EDGE('',*,*,#3543,.F.);
#834=ORIENTED_EDGE('',*,*,#3544,.F.);
#835=ORIENTED_EDGE('',*,*,#3545,.F.);
#836=ORIENTED_EDGE('',*,*,#3546,.F.);
#837=ORIENTED_EDGE('',*,*,#3547,.F.);
#838=ORIENTED_EDGE('',*,*,#3548,.F.);
#839=ORIENTED_EDGE('',*,*,#3549,.F.);
#840=ORIENTED_EDGE('',*,*,#3550,.F.);
#841=ORIENTED_EDGE('',*,*,#3551,.T.);
#842=ORIENTED_EDGE('',*,*,#3552,.F.);
#843=ORIENTED_EDGE('',*,*,#3553,.T.);
#844=ORIENTED_EDGE('',*,*,#3554,.F.);
#845=ORIENTED_EDGE('',*,*,#3555,.T.);
#846=ORIENTED_EDGE('',*,*,#3556,.T.);
#847=ORIENTED_EDGE('',*,*,#3557,.T.);
#848=ORIENTED_EDGE('',*,*,#3558,.T.);
#849=ORIENTED_EDGE('',*,*,#3559,.T.);
#850=ORIENTED_EDGE('',*,*,#3560,.T.);
#851=ORIENTED_EDGE('',*,*,#3561,.T.);
#852=ORIENTED_EDGE('',*,*,#3562,.T.);
#853=ORIENTED_EDGE('',*,*,#3563,.T.);
#854=ORIENTED_EDGE('',*,*,#3564,.T.);
#855=ORIENTED_EDGE('',*,*,#3565,.T.);
#856=ORIENTED_EDGE('',*,*,#3566,.T.);
#857=ORIENTED_EDGE('',*,*,#3567,.T.);
#858=ORIENTED_EDGE('',*,*,#3568,.T.);
#859=ORIENTED_EDGE('',*,*,#3569,.T.);
#860=ORIENTED_EDGE('',*,*,#3570,.T.);
#861=ORIENTED_EDGE('',*,*,#3571,.T.);
#862=ORIENTED_EDGE('',*,*,#3572,.T.);
#863=ORIENTED_EDGE('',*,*,#3573,.T.);
#864=ORIENTED_EDGE('',*,*,#3574,.T.);
#865=ORIENTED_EDGE('',*,*,#3575,.T.);
#866=ORIENTED_EDGE('',*,*,#3576,.T.);
#867=ORIENTED_EDGE('',*,*,#3577,.T.);
#868=ORIENTED_EDGE('',*,*,#3578,.T.);
#869=ORIENTED_EDGE('',*,*,#3579,.T.);
#870=ORIENTED_EDGE('',*,*,#3580,.T.);
#871=ORIENTED_EDGE('',*,*,#3581,.T.);
#872=ORIENTED_EDGE('',*,*,#3582,.T.);
#873=ORIENTED_EDGE('',*,*,#3583,.T.);
#874=ORIENTED_EDGE('',*,*,#3584,.T.);
#875=ORIENTED_EDGE('',*,*,#3585,.T.);
#876=ORIENTED_EDGE('',*,*,#3586,.T.);
#877=ORIENTED_EDGE('',*,*,#3587,.T.);
#878=ORIENTED_EDGE('',*,*,#3588,.T.);
#879=ORIENTED_EDGE('',*,*,#3589,.T.);
#880=ORIENTED_EDGE('',*,*,#3590,.T.);
#881=ORIENTED_EDGE('',*,*,#3591,.T.);
#882=ORIENTED_EDGE('',*,*,#3592,.T.);
#883=ORIENTED_EDGE('',*,*,#3593,.T.);
#884=ORIENTED_EDGE('',*,*,#3594,.T.);
#885=ORIENTED_EDGE('',*,*,#3595,.T.);
#886=ORIENTED_EDGE('',*,*,#3596,.T.);
#887=ORIENTED_EDGE('',*,*,#3597,.T.);
#888=ORIENTED_EDGE('',*,*,#3598,.T.);
#889=ORIENTED_EDGE('',*,*,#3599,.T.);
#890=ORIENTED_EDGE('',*,*,#3600,.T.);
#891=ORIENTED_EDGE('',*,*,#3601,.T.);
#892=ORIENTED_EDGE('',*,*,#3602,.T.);
#893=ORIENTED_EDGE('',*,*,#3603,.T.);
#894=ORIENTED_EDGE('',*,*,#3604,.T.);
#895=ORIENTED_EDGE('',*,*,#3605,.T.);
#896=ORIENTED_EDGE('',*,*,#3606,.T.);
#897=ORIENTED_EDGE('',*,*,#3607,.T.);
#898=ORIENTED_EDGE('',*,*,#3608,.T.);
#899=ORIENTED_EDGE('',*,*,#3609,.T.);
#900=ORIENTED_EDGE('',*,*,#3610,.T.);
#901=ORIENTED_EDGE('',*,*,#3611,.T.);
#902=ORIENTED_EDGE('',*,*,#3612,.T.);
#903=ORIENTED_EDGE('',*,*,#3613,.T.);
#904=ORIENTED_EDGE('',*,*,#3614,.T.);
#905=ORIENTED_EDGE('',*,*,#3615,.T.);
#906=ORIENTED_EDGE('',*,*,#3616,.T.);
#907=ORIENTED_EDGE('',*,*,#3617,.T.);
#908=ORIENTED_EDGE('',*,*,#3618,.T.);
#909=ORIENTED_EDGE('',*,*,#3619,.T.);
#910=ORIENTED_EDGE('',*,*,#3620,.T.);
#911=ORIENTED_EDGE('',*,*,#3621,.T.);
#912=ORIENTED_EDGE('',*,*,#3622,.T.);
#913=ORIENTED_EDGE('',*,*,#3623,.T.);
#914=ORIENTED_EDGE('',*,*,#3624,.T.);
#915=ORIENTED_EDGE('',*,*,#3625,.T.);
#916=ORIENTED_EDGE('',*,*,#3626,.T.);
#917=ORIENTED_EDGE('',*,*,#3627,.T.);
#918=ORIENTED_EDGE('',*,*,#3628,.T.);
#919=ORIENTED_EDGE('',*,*,#3629,.T.);
#920=ORIENTED_EDGE('',*,*,#3630,.T.);
#921=ORIENTED_EDGE('',*,*,#3631,.T.);
#922=ORIENTED_EDGE('',*,*,#3632,.T.);
#923=ORIENTED_EDGE('',*,*,#3633,.T.);
#924=ORIENTED_EDGE('',*,*,#3634,.T.);
#925=ORIENTED_EDGE('',*,*,#3635,.T.);
#926=ORIENTED_EDGE('',*,*,#3636,.T.);
#927=ORIENTED_EDGE('',*,*,#3637,.T.);
#928=ORIENTED_EDGE('',*,*,#3638,.T.);
#929=ORIENTED_EDGE('',*,*,#3639,.T.);
#930=ORIENTED_EDGE('',*,*,#3640,.T.);
#931=ORIENTED_EDGE('',*,*,#3641,.T.);
#932=ORIENTED_EDGE('',*,*,#3642,.T.);
#933=ORIENTED_EDGE('',*,*,#3643,.T.);
#934=ORIENTED_EDGE('',*,*,#3644,.T.);
#935=ORIENTED_EDGE('',*,*,#3645,.T.);
#936=ORIENTED_EDGE('',*,*,#3646,.T.);
#937=ORIENTED_EDGE('',*,*,#3647,.T.);
#938=ORIENTED_EDGE('',*,*,#3648,.T.);
#939=ORIENTED_EDGE('',*,*,#3649,.T.);
#940=ORIENTED_EDGE('',*,*,#3650,.T.);
#941=ORIENTED_EDGE('',*,*,#3651,.T.);
#942=ORIENTED_EDGE('',*,*,#3652,.T.);
#943=ORIENTED_EDGE('',*,*,#3653,.T.);
#944=ORIENTED_EDGE('',*,*,#3654,.T.);
#945=ORIENTED_EDGE('',*,*,#3655,.T.);
#946=ORIENTED_EDGE('',*,*,#3656,.T.);
#947=ORIENTED_EDGE('',*,*,#3657,.T.);
#948=ORIENTED_EDGE('',*,*,#3658,.T.);
#949=ORIENTED_EDGE('',*,*,#3659,.T.);
#950=ORIENTED_EDGE('',*,*,#3660,.T.);
#951=ORIENTED_EDGE('',*,*,#3661,.T.);
#952=ORIENTED_EDGE('',*,*,#3662,.T.);
#953=ORIENTED_EDGE('',*,*,#3663,.T.);
#954=ORIENTED_EDGE('',*,*,#3664,.T.);
#955=ORIENTED_EDGE('',*,*,#3665,.T.);
#956=ORIENTED_EDGE('',*,*,#3666,.T.);
#957=ORIENTED_EDGE('',*,*,#3667,.T.);
#958=ORIENTED_EDGE('',*,*,#3668,.T.);
#959=ORIENTED_EDGE('',*,*,#3669,.T.);
#960=ORIENTED_EDGE('',*,*,#3670,.T.);
#961=ORIENTED_EDGE('',*,*,#3671,.T.);
#962=ORIENTED_EDGE('',*,*,#3672,.T.);
#963=ORIENTED_EDGE('',*,*,#3673,.T.);
#964=ORIENTED_EDGE('',*,*,#3674,.T.);
#965=ORIENTED_EDGE('',*,*,#3675,.T.);
#966=ORIENTED_EDGE('',*,*,#3676,.T.);
#967=ORIENTED_EDGE('',*,*,#3677,.T.);
#968=ORIENTED_EDGE('',*,*,#3678,.T.);
#969=ORIENTED_EDGE('',*,*,#3679,.T.);
#970=ORIENTED_EDGE('',*,*,#3680,.T.);
#971=ORIENTED_EDGE('',*,*,#3681,.T.);
#972=ORIENTED_EDGE('',*,*,#3682,.F.);
#973=ORIENTED_EDGE('',*,*,#3683,.T.);
#974=ORIENTED_EDGE('',*,*,#3684,.T.);
#975=ORIENTED_EDGE('',*,*,#3685,.T.);
#976=ORIENTED_EDGE('',*,*,#3686,.F.);
#977=ORIENTED_EDGE('',*,*,#3682,.T.);
#978=ORIENTED_EDGE('',*,*,#3687,.F.);
#979=ORIENTED_EDGE('',*,*,#3688,.F.);
#980=ORIENTED_EDGE('',*,*,#3689,.F.);
#981=ORIENTED_EDGE('',*,*,#3690,.T.);
#982=ORIENTED_EDGE('',*,*,#3688,.T.);
#983=ORIENTED_EDGE('',*,*,#3691,.T.);
#984=ORIENTED_EDGE('',*,*,#3692,.F.);
#985=ORIENTED_EDGE('',*,*,#3689,.T.);
#986=ORIENTED_EDGE('',*,*,#3693,.F.);
#987=ORIENTED_EDGE('',*,*,#3684,.F.);
#988=ORIENTED_EDGE('',*,*,#3694,.F.);
#989=ORIENTED_EDGE('',*,*,#3695,.T.);
#990=ORIENTED_EDGE('',*,*,#3696,.T.);
#991=ORIENTED_EDGE('',*,*,#3697,.T.);
#992=ORIENTED_EDGE('',*,*,#3698,.F.);
#993=ORIENTED_EDGE('',*,*,#3694,.T.);
#994=ORIENTED_EDGE('',*,*,#3699,.F.);
#995=ORIENTED_EDGE('',*,*,#3700,.F.);
#996=ORIENTED_EDGE('',*,*,#3701,.F.);
#997=ORIENTED_EDGE('',*,*,#3702,.T.);
#998=ORIENTED_EDGE('',*,*,#3700,.T.);
#999=ORIENTED_EDGE('',*,*,#3703,.T.);
#1000=ORIENTED_EDGE('',*,*,#3704,.F.);
#1001=ORIENTED_EDGE('',*,*,#3701,.T.);
#1002=ORIENTED_EDGE('',*,*,#3705,.F.);
#1003=ORIENTED_EDGE('',*,*,#3696,.F.);
#1004=ORIENTED_EDGE('',*,*,#3706,.F.);
#1005=ORIENTED_EDGE('',*,*,#3707,.T.);
#1006=ORIENTED_EDGE('',*,*,#3708,.T.);
#1007=ORIENTED_EDGE('',*,*,#3709,.T.);
#1008=ORIENTED_EDGE('',*,*,#3710,.F.);
#1009=ORIENTED_EDGE('',*,*,#3706,.T.);
#1010=ORIENTED_EDGE('',*,*,#3711,.F.);
#1011=ORIENTED_EDGE('',*,*,#3712,.F.);
#1012=ORIENTED_EDGE('',*,*,#3713,.F.);
#1013=ORIENTED_EDGE('',*,*,#3714,.T.);
#1014=ORIENTED_EDGE('',*,*,#3712,.T.);
#1015=ORIENTED_EDGE('',*,*,#3715,.T.);
#1016=ORIENTED_EDGE('',*,*,#3716,.F.);
#1017=ORIENTED_EDGE('',*,*,#3713,.T.);
#1018=ORIENTED_EDGE('',*,*,#3717,.F.);
#1019=ORIENTED_EDGE('',*,*,#3708,.F.);
#1020=ORIENTED_EDGE('',*,*,#3718,.F.);
#1021=ORIENTED_EDGE('',*,*,#3719,.T.);
#1022=ORIENTED_EDGE('',*,*,#3720,.F.);
#1023=ORIENTED_EDGE('',*,*,#3721,.F.);
#1024=ORIENTED_EDGE('',*,*,#3722,.F.);
#1025=ORIENTED_EDGE('',*,*,#3721,.T.);
#1026=ORIENTED_EDGE('',*,*,#3723,.F.);
#1027=ORIENTED_EDGE('',*,*,#3724,.F.);
#1028=ORIENTED_EDGE('',*,*,#3725,.F.);
#1029=ORIENTED_EDGE('',*,*,#3726,.T.);
#1030=ORIENTED_EDGE('',*,*,#3724,.T.);
#1031=ORIENTED_EDGE('',*,*,#3727,.T.);
#1032=ORIENTED_EDGE('',*,*,#3728,.F.);
#1033=ORIENTED_EDGE('',*,*,#3725,.T.);
#1034=ORIENTED_EDGE('',*,*,#3729,.F.);
#1035=ORIENTED_EDGE('',*,*,#3719,.F.);
#1036=ORIENTED_EDGE('',*,*,#3730,.F.);
#1037=ORIENTED_EDGE('',*,*,#3731,.T.);
#1038=ORIENTED_EDGE('',*,*,#3732,.T.);
#1039=ORIENTED_EDGE('',*,*,#3733,.T.);
#1040=ORIENTED_EDGE('',*,*,#3734,.F.);
#1041=ORIENTED_EDGE('',*,*,#3730,.T.);
#1042=ORIENTED_EDGE('',*,*,#3735,.F.);
#1043=ORIENTED_EDGE('',*,*,#3736,.F.);
#1044=ORIENTED_EDGE('',*,*,#3737,.F.);
#1045=ORIENTED_EDGE('',*,*,#3738,.T.);
#1046=ORIENTED_EDGE('',*,*,#3736,.T.);
#1047=ORIENTED_EDGE('',*,*,#3739,.T.);
#1048=ORIENTED_EDGE('',*,*,#3740,.F.);
#1049=ORIENTED_EDGE('',*,*,#3737,.T.);
#1050=ORIENTED_EDGE('',*,*,#3741,.F.);
#1051=ORIENTED_EDGE('',*,*,#3732,.F.);
#1052=ORIENTED_EDGE('',*,*,#3742,.F.);
#1053=ORIENTED_EDGE('',*,*,#3743,.T.);
#1054=ORIENTED_EDGE('',*,*,#3744,.T.);
#1055=ORIENTED_EDGE('',*,*,#3745,.T.);
#1056=ORIENTED_EDGE('',*,*,#3746,.F.);
#1057=ORIENTED_EDGE('',*,*,#3742,.T.);
#1058=ORIENTED_EDGE('',*,*,#3747,.F.);
#1059=ORIENTED_EDGE('',*,*,#3748,.F.);
#1060=ORIENTED_EDGE('',*,*,#3749,.F.);
#1061=ORIENTED_EDGE('',*,*,#3750,.T.);
#1062=ORIENTED_EDGE('',*,*,#3748,.T.);
#1063=ORIENTED_EDGE('',*,*,#3751,.T.);
#1064=ORIENTED_EDGE('',*,*,#3752,.F.);
#1065=ORIENTED_EDGE('',*,*,#3749,.T.);
#1066=ORIENTED_EDGE('',*,*,#3753,.F.);
#1067=ORIENTED_EDGE('',*,*,#3744,.F.);
#1068=ORIENTED_EDGE('',*,*,#3754,.F.);
#1069=ORIENTED_EDGE('',*,*,#3755,.T.);
#1070=ORIENTED_EDGE('',*,*,#3756,.F.);
#1071=ORIENTED_EDGE('',*,*,#3757,.F.);
#1072=ORIENTED_EDGE('',*,*,#3758,.F.);
#1073=ORIENTED_EDGE('',*,*,#3757,.T.);
#1074=ORIENTED_EDGE('',*,*,#3759,.F.);
#1075=ORIENTED_EDGE('',*,*,#3760,.F.);
#1076=ORIENTED_EDGE('',*,*,#3761,.F.);
#1077=ORIENTED_EDGE('',*,*,#3762,.T.);
#1078=ORIENTED_EDGE('',*,*,#3760,.T.);
#1079=ORIENTED_EDGE('',*,*,#3763,.T.);
#1080=ORIENTED_EDGE('',*,*,#3764,.F.);
#1081=ORIENTED_EDGE('',*,*,#3761,.T.);
#1082=ORIENTED_EDGE('',*,*,#3765,.F.);
#1083=ORIENTED_EDGE('',*,*,#3755,.F.);
#1084=ORIENTED_EDGE('',*,*,#3766,.F.);
#1085=ORIENTED_EDGE('',*,*,#3767,.T.);
#1086=ORIENTED_EDGE('',*,*,#3768,.F.);
#1087=ORIENTED_EDGE('',*,*,#3769,.F.);
#1088=ORIENTED_EDGE('',*,*,#3770,.F.);
#1089=ORIENTED_EDGE('',*,*,#3769,.T.);
#1090=ORIENTED_EDGE('',*,*,#3771,.F.);
#1091=ORIENTED_EDGE('',*,*,#3772,.F.);
#1092=ORIENTED_EDGE('',*,*,#3773,.F.);
#1093=ORIENTED_EDGE('',*,*,#3774,.T.);
#1094=ORIENTED_EDGE('',*,*,#3772,.T.);
#1095=ORIENTED_EDGE('',*,*,#3775,.T.);
#1096=ORIENTED_EDGE('',*,*,#3776,.F.);
#1097=ORIENTED_EDGE('',*,*,#3773,.T.);
#1098=ORIENTED_EDGE('',*,*,#3777,.F.);
#1099=ORIENTED_EDGE('',*,*,#3767,.F.);
#1100=ORIENTED_EDGE('',*,*,#3778,.F.);
#1101=ORIENTED_EDGE('',*,*,#3779,.T.);
#1102=ORIENTED_EDGE('',*,*,#3780,.T.);
#1103=ORIENTED_EDGE('',*,*,#3781,.T.);
#1104=ORIENTED_EDGE('',*,*,#3782,.F.);
#1105=ORIENTED_EDGE('',*,*,#3778,.T.);
#1106=ORIENTED_EDGE('',*,*,#3783,.F.);
#1107=ORIENTED_EDGE('',*,*,#3784,.F.);
#1108=ORIENTED_EDGE('',*,*,#3785,.F.);
#1109=ORIENTED_EDGE('',*,*,#3786,.T.);
#1110=ORIENTED_EDGE('',*,*,#3784,.T.);
#1111=ORIENTED_EDGE('',*,*,#3787,.T.);
#1112=ORIENTED_EDGE('',*,*,#3788,.F.);
#1113=ORIENTED_EDGE('',*,*,#3785,.T.);
#1114=ORIENTED_EDGE('',*,*,#3789,.F.);
#1115=ORIENTED_EDGE('',*,*,#3780,.F.);
#1116=ORIENTED_EDGE('',*,*,#3790,.F.);
#1117=ORIENTED_EDGE('',*,*,#3791,.T.);
#1118=ORIENTED_EDGE('',*,*,#3792,.T.);
#1119=ORIENTED_EDGE('',*,*,#3793,.T.);
#1120=ORIENTED_EDGE('',*,*,#3794,.F.);
#1121=ORIENTED_EDGE('',*,*,#3790,.T.);
#1122=ORIENTED_EDGE('',*,*,#3795,.F.);
#1123=ORIENTED_EDGE('',*,*,#3796,.F.);
#1124=ORIENTED_EDGE('',*,*,#3797,.F.);
#1125=ORIENTED_EDGE('',*,*,#3798,.T.);
#1126=ORIENTED_EDGE('',*,*,#3796,.T.);
#1127=ORIENTED_EDGE('',*,*,#3799,.T.);
#1128=ORIENTED_EDGE('',*,*,#3800,.F.);
#1129=ORIENTED_EDGE('',*,*,#3797,.T.);
#1130=ORIENTED_EDGE('',*,*,#3801,.F.);
#1131=ORIENTED_EDGE('',*,*,#3792,.F.);
#1132=ORIENTED_EDGE('',*,*,#3802,.F.);
#1133=ORIENTED_EDGE('',*,*,#3803,.T.);
#1134=ORIENTED_EDGE('',*,*,#3804,.T.);
#1135=ORIENTED_EDGE('',*,*,#3805,.T.);
#1136=ORIENTED_EDGE('',*,*,#3806,.F.);
#1137=ORIENTED_EDGE('',*,*,#3802,.T.);
#1138=ORIENTED_EDGE('',*,*,#3807,.F.);
#1139=ORIENTED_EDGE('',*,*,#3808,.F.);
#1140=ORIENTED_EDGE('',*,*,#3809,.F.);
#1141=ORIENTED_EDGE('',*,*,#3810,.T.);
#1142=ORIENTED_EDGE('',*,*,#3808,.T.);
#1143=ORIENTED_EDGE('',*,*,#3811,.T.);
#1144=ORIENTED_EDGE('',*,*,#3812,.F.);
#1145=ORIENTED_EDGE('',*,*,#3809,.T.);
#1146=ORIENTED_EDGE('',*,*,#3813,.F.);
#1147=ORIENTED_EDGE('',*,*,#3804,.F.);
#1148=ORIENTED_EDGE('',*,*,#3814,.F.);
#1149=ORIENTED_EDGE('',*,*,#3815,.F.);
#1150=ORIENTED_EDGE('',*,*,#3816,.T.);
#1151=ORIENTED_EDGE('',*,*,#3817,.F.);
#1152=ORIENTED_EDGE('',*,*,#3818,.T.);
#1153=ORIENTED_EDGE('',*,*,#3819,.F.);
#1154=ORIENTED_EDGE('',*,*,#3820,.T.);
#1155=ORIENTED_EDGE('',*,*,#3821,.F.);
#1156=ORIENTED_EDGE('',*,*,#3822,.F.);
#1157=ORIENTED_EDGE('',*,*,#3823,.F.);
#1158=ORIENTED_EDGE('',*,*,#3824,.F.);
#1159=ORIENTED_EDGE('',*,*,#3825,.F.);
#1160=ORIENTED_EDGE('',*,*,#3826,.F.);
#1161=ORIENTED_EDGE('',*,*,#3827,.T.);
#1162=ORIENTED_EDGE('',*,*,#3828,.T.);
#1163=ORIENTED_EDGE('',*,*,#3829,.F.);
#1164=ORIENTED_EDGE('',*,*,#3830,.T.);
#1165=ORIENTED_EDGE('',*,*,#3831,.F.);
#1166=ORIENTED_EDGE('',*,*,#3832,.T.);
#1167=ORIENTED_EDGE('',*,*,#3833,.F.);
#1168=ORIENTED_EDGE('',*,*,#3834,.T.);
#1169=ORIENTED_EDGE('',*,*,#3835,.F.);
#1170=ORIENTED_EDGE('',*,*,#3836,.T.);
#1171=ORIENTED_EDGE('',*,*,#3837,.F.);
#1172=ORIENTED_EDGE('',*,*,#3838,.T.);
#1173=ORIENTED_EDGE('',*,*,#3839,.F.);
#1174=ORIENTED_EDGE('',*,*,#3840,.F.);
#1175=ORIENTED_EDGE('',*,*,#3841,.F.);
#1176=ORIENTED_EDGE('',*,*,#3842,.F.);
#1177=ORIENTED_EDGE('',*,*,#3843,.F.);
#1178=ORIENTED_EDGE('',*,*,#3844,.F.);
#1179=ORIENTED_EDGE('',*,*,#3845,.T.);
#1180=ORIENTED_EDGE('',*,*,#3846,.F.);
#1181=ORIENTED_EDGE('',*,*,#3847,.F.);
#1182=ORIENTED_EDGE('',*,*,#3848,.F.);
#1183=ORIENTED_EDGE('',*,*,#3849,.F.);
#1184=ORIENTED_EDGE('',*,*,#3850,.T.);
#1185=ORIENTED_EDGE('',*,*,#3851,.T.);
#1186=ORIENTED_EDGE('',*,*,#3852,.T.);
#1187=ORIENTED_EDGE('',*,*,#3853,.T.);
#1188=ORIENTED_EDGE('',*,*,#3854,.T.);
#1189=ORIENTED_EDGE('',*,*,#3855,.T.);
#1190=ORIENTED_EDGE('',*,*,#3856,.F.);
#1191=ORIENTED_EDGE('',*,*,#3857,.F.);
#1192=ORIENTED_EDGE('',*,*,#3858,.F.);
#1193=ORIENTED_EDGE('',*,*,#3859,.F.);
#1194=ORIENTED_EDGE('',*,*,#3860,.T.);
#1195=ORIENTED_EDGE('',*,*,#3861,.F.);
#1196=ORIENTED_EDGE('',*,*,#3862,.T.);
#1197=ORIENTED_EDGE('',*,*,#3863,.T.);
#1198=ORIENTED_EDGE('',*,*,#3864,.F.);
#1199=ORIENTED_EDGE('',*,*,#3865,.F.);
#1200=ORIENTED_EDGE('',*,*,#3866,.T.);
#1201=ORIENTED_EDGE('',*,*,#3867,.T.);
#1202=ORIENTED_EDGE('',*,*,#3868,.T.);
#1203=ORIENTED_EDGE('',*,*,#3395,.T.);
#1204=ORIENTED_EDGE('',*,*,#3869,.F.);
#1205=ORIENTED_EDGE('',*,*,#3870,.F.);
#1206=ORIENTED_EDGE('',*,*,#3871,.F.);
#1207=ORIENTED_EDGE('',*,*,#3400,.T.);
#1208=ORIENTED_EDGE('',*,*,#3872,.T.);
#1209=ORIENTED_EDGE('',*,*,#3873,.F.);
#1210=ORIENTED_EDGE('',*,*,#3874,.F.);
#1211=ORIENTED_EDGE('',*,*,#3875,.T.);
#1212=ORIENTED_EDGE('',*,*,#3876,.F.);
#1213=ORIENTED_EDGE('',*,*,#3877,.F.);
#1214=ORIENTED_EDGE('',*,*,#3878,.T.);
#1215=ORIENTED_EDGE('',*,*,#3879,.T.);
#1216=ORIENTED_EDGE('',*,*,#3880,.F.);
#1217=ORIENTED_EDGE('',*,*,#3881,.T.);
#1218=ORIENTED_EDGE('',*,*,#3882,.F.);
#1219=ORIENTED_EDGE('',*,*,#3883,.T.);
#1220=ORIENTED_EDGE('',*,*,#3884,.F.);
#1221=ORIENTED_EDGE('',*,*,#3885,.T.);
#1222=ORIENTED_EDGE('',*,*,#3886,.F.);
#1223=ORIENTED_EDGE('',*,*,#3887,.F.);
#1224=ORIENTED_EDGE('',*,*,#3888,.F.);
#1225=ORIENTED_EDGE('',*,*,#3889,.T.);
#1226=ORIENTED_EDGE('',*,*,#3890,.F.);
#1227=ORIENTED_EDGE('',*,*,#3891,.T.);
#1228=ORIENTED_EDGE('',*,*,#3892,.F.);
#1229=ORIENTED_EDGE('',*,*,#3893,.T.);
#1230=ORIENTED_EDGE('',*,*,#3894,.F.);
#1231=ORIENTED_EDGE('',*,*,#3895,.T.);
#1232=ORIENTED_EDGE('',*,*,#3896,.F.);
#1233=ORIENTED_EDGE('',*,*,#3897,.T.);
#1234=ORIENTED_EDGE('',*,*,#3898,.F.);
#1235=ORIENTED_EDGE('',*,*,#3899,.T.);
#1236=ORIENTED_EDGE('',*,*,#3900,.F.);
#1237=ORIENTED_EDGE('',*,*,#3901,.T.);
#1238=ORIENTED_EDGE('',*,*,#3902,.T.);
#1239=ORIENTED_EDGE('',*,*,#3903,.T.);
#1240=ORIENTED_EDGE('',*,*,#3875,.F.);
#1241=ORIENTED_EDGE('',*,*,#3851,.F.);
#1242=ORIENTED_EDGE('',*,*,#3904,.T.);
#1243=ORIENTED_EDGE('',*,*,#3905,.T.);
#1244=ORIENTED_EDGE('',*,*,#3906,.F.);
#1245=ORIENTED_EDGE('',*,*,#3907,.F.);
#1246=ORIENTED_EDGE('',*,*,#3908,.T.);
#1247=ORIENTED_EDGE('',*,*,#3909,.T.);
#1248=ORIENTED_EDGE('',*,*,#3910,.F.);
#1249=ORIENTED_EDGE('',*,*,#3911,.T.);
#1250=ORIENTED_EDGE('',*,*,#3912,.T.);
#1251=ORIENTED_EDGE('',*,*,#3913,.T.);
#1252=ORIENTED_EDGE('',*,*,#3914,.T.);
#1253=ORIENTED_EDGE('',*,*,#3915,.T.);
#1254=ORIENTED_EDGE('',*,*,#3916,.T.);
#1255=ORIENTED_EDGE('',*,*,#3917,.F.);
#1256=ORIENTED_EDGE('',*,*,#3918,.T.);
#1257=ORIENTED_EDGE('',*,*,#3919,.T.);
#1258=ORIENTED_EDGE('',*,*,#3920,.T.);
#1259=ORIENTED_EDGE('',*,*,#3917,.T.);
#1260=ORIENTED_EDGE('',*,*,#3921,.T.);
#1261=ORIENTED_EDGE('',*,*,#3911,.F.);
#1262=ORIENTED_EDGE('',*,*,#3922,.T.);
#1263=ORIENTED_EDGE('',*,*,#3923,.F.);
#1264=ORIENTED_EDGE('',*,*,#3855,.F.);
#1265=ORIENTED_EDGE('',*,*,#3924,.T.);
#1266=ORIENTED_EDGE('',*,*,#3925,.T.);
#1267=ORIENTED_EDGE('',*,*,#3857,.T.);
#1268=ORIENTED_EDGE('',*,*,#3926,.F.);
#1269=ORIENTED_EDGE('',*,*,#3849,.T.);
#1270=ORIENTED_EDGE('',*,*,#3927,.T.);
#1271=ORIENTED_EDGE('',*,*,#3928,.T.);
#1272=ORIENTED_EDGE('',*,*,#3929,.T.);
#1273=ORIENTED_EDGE('',*,*,#3930,.F.);
#1274=ORIENTED_EDGE('',*,*,#3931,.F.);
#1275=ORIENTED_EDGE('',*,*,#3932,.T.);
#1276=ORIENTED_EDGE('',*,*,#3933,.T.);
#1277=ORIENTED_EDGE('',*,*,#3934,.T.);
#1278=ORIENTED_EDGE('',*,*,#3859,.T.);
#1279=ORIENTED_EDGE('',*,*,#3935,.T.);
#1280=ORIENTED_EDGE('',*,*,#3936,.T.);
#1281=ORIENTED_EDGE('',*,*,#3937,.T.);
#1282=ORIENTED_EDGE('',*,*,#3938,.F.);
#1283=ORIENTED_EDGE('',*,*,#3939,.F.);
#1284=ORIENTED_EDGE('',*,*,#3940,.F.);
#1285=ORIENTED_EDGE('',*,*,#3941,.T.);
#1286=ORIENTED_EDGE('',*,*,#3942,.F.);
#1287=ORIENTED_EDGE('',*,*,#3936,.F.);
#1288=ORIENTED_EDGE('',*,*,#3943,.F.);
#1289=ORIENTED_EDGE('',*,*,#3937,.F.);
#1290=ORIENTED_EDGE('',*,*,#3943,.T.);
#1291=ORIENTED_EDGE('',*,*,#3935,.F.);
#1292=ORIENTED_EDGE('',*,*,#3858,.T.);
#1293=ORIENTED_EDGE('',*,*,#3944,.F.);
#1294=ORIENTED_EDGE('',*,*,#3945,.T.);
#1295=ORIENTED_EDGE('',*,*,#3946,.F.);
#1296=ORIENTED_EDGE('',*,*,#3947,.T.);
#1297=ORIENTED_EDGE('',*,*,#3907,.T.);
#1298=ORIENTED_EDGE('',*,*,#3948,.F.);
#1299=ORIENTED_EDGE('',*,*,#3941,.F.);
#1300=ORIENTED_EDGE('',*,*,#3949,.T.);
#1301=ORIENTED_EDGE('',*,*,#3950,.F.);
#1302=ORIENTED_EDGE('',*,*,#3909,.F.);
#1303=ORIENTED_EDGE('',*,*,#3951,.T.);
#1304=ORIENTED_EDGE('',*,*,#3920,.F.);
#1305=ORIENTED_EDGE('',*,*,#3952,.F.);
#1306=ORIENTED_EDGE('',*,*,#3939,.T.);
#1307=ORIENTED_EDGE('',*,*,#3953,.F.);
#1308=ORIENTED_EDGE('',*,*,#3954,.T.);
#1309=ORIENTED_EDGE('',*,*,#3392,.T.);
#1310=ORIENTED_EDGE('',*,*,#3868,.F.);
#1311=ORIENTED_EDGE('',*,*,#3955,.F.);
#1312=ORIENTED_EDGE('',*,*,#3956,.T.);
#1313=ORIENTED_EDGE('',*,*,#3953,.T.);
#1314=ORIENTED_EDGE('',*,*,#3867,.F.);
#1315=ORIENTED_EDGE('',*,*,#3957,.F.);
#1316=ORIENTED_EDGE('',*,*,#3958,.T.);
#1317=ORIENTED_EDGE('',*,*,#3955,.T.);
#1318=ORIENTED_EDGE('',*,*,#3866,.F.);
#1319=ORIENTED_EDGE('',*,*,#3959,.F.);
#1320=ORIENTED_EDGE('',*,*,#3960,.T.);
#1321=ORIENTED_EDGE('',*,*,#3957,.T.);
#1322=ORIENTED_EDGE('',*,*,#3865,.T.);
#1323=ORIENTED_EDGE('',*,*,#3961,.F.);
#1324=ORIENTED_EDGE('',*,*,#3962,.T.);
#1325=ORIENTED_EDGE('',*,*,#3959,.T.);
#1326=ORIENTED_EDGE('',*,*,#3864,.T.);
#1327=ORIENTED_EDGE('',*,*,#3863,.F.);
#1328=ORIENTED_EDGE('',*,*,#3963,.T.);
#1329=ORIENTED_EDGE('',*,*,#3964,.T.);
#1330=ORIENTED_EDGE('',*,*,#3961,.T.);
#1331=ORIENTED_EDGE('',*,*,#3965,.T.);
#1332=ORIENTED_EDGE('',*,*,#3966,.T.);
#1333=ORIENTED_EDGE('',*,*,#3967,.T.);
#1334=ORIENTED_EDGE('',*,*,#3861,.T.);
#1335=ORIENTED_EDGE('',*,*,#3968,.F.);
#1336=ORIENTED_EDGE('',*,*,#3969,.F.);
#1337=ORIENTED_EDGE('',*,*,#3970,.F.);
#1338=ORIENTED_EDGE('',*,*,#3971,.T.);
#1339=ORIENTED_EDGE('',*,*,#3972,.T.);
#1340=ORIENTED_EDGE('',*,*,#3846,.T.);
#1341=ORIENTED_EDGE('',*,*,#3973,.T.);
#1342=ORIENTED_EDGE('',*,*,#3974,.T.);
#1343=ORIENTED_EDGE('',*,*,#3844,.T.);
#1344=ORIENTED_EDGE('',*,*,#3975,.F.);
#1345=ORIENTED_EDGE('',*,*,#3976,.F.);
#1346=ORIENTED_EDGE('',*,*,#3977,.T.);
#1347=ORIENTED_EDGE('',*,*,#3975,.T.);
#1348=ORIENTED_EDGE('',*,*,#3880,.T.);
#1349=ORIENTED_EDGE('',*,*,#3978,.F.);
#1350=ORIENTED_EDGE('',*,*,#3979,.T.);
#1351=ORIENTED_EDGE('',*,*,#3976,.T.);
#1352=ORIENTED_EDGE('',*,*,#3879,.F.);
#1353=ORIENTED_EDGE('',*,*,#3980,.F.);
#1354=ORIENTED_EDGE('',*,*,#3981,.T.);
#1355=ORIENTED_EDGE('',*,*,#3978,.T.);
#1356=ORIENTED_EDGE('',*,*,#3878,.F.);
#1357=ORIENTED_EDGE('',*,*,#3982,.F.);
#1358=ORIENTED_EDGE('',*,*,#3983,.T.);
#1359=ORIENTED_EDGE('',*,*,#3980,.T.);
#1360=ORIENTED_EDGE('',*,*,#3877,.T.);
#1361=ORIENTED_EDGE('',*,*,#3903,.F.);
#1362=ORIENTED_EDGE('',*,*,#3984,.T.);
#1363=ORIENTED_EDGE('',*,*,#3982,.T.);
#1364=ORIENTED_EDGE('',*,*,#3876,.T.);
#1365=ORIENTED_EDGE('',*,*,#3985,.F.);
#1366=ORIENTED_EDGE('',*,*,#3986,.F.);
#1367=ORIENTED_EDGE('',*,*,#3986,.T.);
#1368=ORIENTED_EDGE('',*,*,#3843,.T.);
#1369=ORIENTED_EDGE('',*,*,#3987,.F.);
#1370=ORIENTED_EDGE('',*,*,#3988,.F.);
#1371=ORIENTED_EDGE('',*,*,#3988,.T.);
#1372=ORIENTED_EDGE('',*,*,#3842,.T.);
#1373=ORIENTED_EDGE('',*,*,#3989,.F.);
#1374=ORIENTED_EDGE('',*,*,#3990,.F.);
#1375=ORIENTED_EDGE('',*,*,#3991,.T.);
#1376=ORIENTED_EDGE('',*,*,#3928,.F.);
#1377=ORIENTED_EDGE('',*,*,#3992,.F.);
#1378=ORIENTED_EDGE('',*,*,#3993,.T.);
#1379=ORIENTED_EDGE('',*,*,#3990,.T.);
#1380=ORIENTED_EDGE('',*,*,#3927,.F.);
#1381=ORIENTED_EDGE('',*,*,#3848,.T.);
#1382=ORIENTED_EDGE('',*,*,#3994,.F.);
#1383=ORIENTED_EDGE('',*,*,#3995,.F.);
#1384=ORIENTED_EDGE('',*,*,#3995,.T.);
#1385=ORIENTED_EDGE('',*,*,#3841,.T.);
#1386=ORIENTED_EDGE('',*,*,#3996,.F.);
#1387=ORIENTED_EDGE('',*,*,#3997,.F.);
#1388=ORIENTED_EDGE('',*,*,#3997,.T.);
#1389=ORIENTED_EDGE('',*,*,#3840,.T.);
#1390=ORIENTED_EDGE('',*,*,#3998,.F.);
#1391=ORIENTED_EDGE('',*,*,#3996,.T.);
#1392=ORIENTED_EDGE('',*,*,#3998,.T.);
#1393=ORIENTED_EDGE('',*,*,#3999,.F.);
#1394=ORIENTED_EDGE('',*,*,#3994,.T.);
#1395=ORIENTED_EDGE('',*,*,#3999,.T.);
#1396=ORIENTED_EDGE('',*,*,#3919,.F.);
#1397=ORIENTED_EDGE('',*,*,#4000,.F.);
#1398=ORIENTED_EDGE('',*,*,#3989,.T.);
#1399=ORIENTED_EDGE('',*,*,#4001,.F.);
#1400=ORIENTED_EDGE('',*,*,#3942,.T.);
#1401=ORIENTED_EDGE('',*,*,#4002,.F.);
#1402=ORIENTED_EDGE('',*,*,#3987,.T.);
#1403=ORIENTED_EDGE('',*,*,#4002,.T.);
#1404=ORIENTED_EDGE('',*,*,#4003,.F.);
#1405=ORIENTED_EDGE('',*,*,#3985,.T.);
#1406=ORIENTED_EDGE('',*,*,#4003,.T.);
#1407=ORIENTED_EDGE('',*,*,#4004,.F.);
#1408=ORIENTED_EDGE('',*,*,#3949,.F.);
#1409=ORIENTED_EDGE('',*,*,#3940,.T.);
#1410=ORIENTED_EDGE('',*,*,#3952,.T.);
#1411=ORIENTED_EDGE('',*,*,#4000,.T.);
#1412=ORIENTED_EDGE('',*,*,#3951,.F.);
#1413=ORIENTED_EDGE('',*,*,#3908,.F.);
#1414=ORIENTED_EDGE('',*,*,#3947,.F.);
#1415=ORIENTED_EDGE('',*,*,#4005,.F.);
#1416=ORIENTED_EDGE('',*,*,#4006,.F.);
#1417=ORIENTED_EDGE('',*,*,#4007,.T.);
#1418=ORIENTED_EDGE('',*,*,#3925,.F.);
#1419=ORIENTED_EDGE('',*,*,#4008,.T.);
#1420=ORIENTED_EDGE('',*,*,#4009,.F.);
#1421=ORIENTED_EDGE('',*,*,#4010,.T.);
#1422=ORIENTED_EDGE('',*,*,#3905,.F.);
#1423=ORIENTED_EDGE('',*,*,#4001,.T.);
#1424=ORIENTED_EDGE('',*,*,#4011,.F.);
#1425=ORIENTED_EDGE('',*,*,#3852,.F.);
#1426=ORIENTED_EDGE('',*,*,#3906,.T.);
#1427=ORIENTED_EDGE('',*,*,#4010,.F.);
#1428=ORIENTED_EDGE('',*,*,#3918,.F.);
#1429=ORIENTED_EDGE('',*,*,#3922,.F.);
#1430=ORIENTED_EDGE('',*,*,#3914,.F.);
#1431=ORIENTED_EDGE('',*,*,#4012,.T.);
#1432=ORIENTED_EDGE('',*,*,#3950,.T.);
#1433=ORIENTED_EDGE('',*,*,#3938,.T.);
#1434=ORIENTED_EDGE('',*,*,#3948,.T.);
#1435=ORIENTED_EDGE('',*,*,#3910,.T.);
#1436=ORIENTED_EDGE('',*,*,#4013,.F.);
#1437=ORIENTED_EDGE('',*,*,#4008,.F.);
#1438=ORIENTED_EDGE('',*,*,#3924,.F.);
#1439=ORIENTED_EDGE('',*,*,#3854,.F.);
#1440=ORIENTED_EDGE('',*,*,#3934,.F.);
#1441=ORIENTED_EDGE('',*,*,#4014,.T.);
#1442=ORIENTED_EDGE('',*,*,#3968,.T.);
#1443=ORIENTED_EDGE('',*,*,#3860,.F.);
#1444=ORIENTED_EDGE('',*,*,#3993,.F.);
#1445=ORIENTED_EDGE('',*,*,#4015,.F.);
#1446=ORIENTED_EDGE('',*,*,#3929,.F.);
#1447=ORIENTED_EDGE('',*,*,#3991,.F.);
#1448=ORIENTED_EDGE('',*,*,#3847,.T.);
#1449=ORIENTED_EDGE('',*,*,#3972,.F.);
#1450=ORIENTED_EDGE('',*,*,#4016,.F.);
#1451=ORIENTED_EDGE('',*,*,#3930,.T.);
#1452=ORIENTED_EDGE('',*,*,#4015,.T.);
#1453=ORIENTED_EDGE('',*,*,#3992,.T.);
#1454=ORIENTED_EDGE('',*,*,#3971,.F.);
#1455=ORIENTED_EDGE('',*,*,#4017,.F.);
#1456=ORIENTED_EDGE('',*,*,#3931,.T.);
#1457=ORIENTED_EDGE('',*,*,#4016,.T.);
#1458=ORIENTED_EDGE('',*,*,#3970,.T.);
#1459=ORIENTED_EDGE('',*,*,#4018,.F.);
#1460=ORIENTED_EDGE('',*,*,#3932,.F.);
#1461=ORIENTED_EDGE('',*,*,#4017,.T.);
#1462=ORIENTED_EDGE('',*,*,#3969,.T.);
#1463=ORIENTED_EDGE('',*,*,#4014,.F.);
#1464=ORIENTED_EDGE('',*,*,#3933,.F.);
#1465=ORIENTED_EDGE('',*,*,#4018,.T.);
#1466=ORIENTED_EDGE('',*,*,#3913,.F.);
#1467=ORIENTED_EDGE('',*,*,#4019,.T.);
#1468=ORIENTED_EDGE('',*,*,#3915,.F.);
#1469=ORIENTED_EDGE('',*,*,#4012,.F.);
#1470=ORIENTED_EDGE('',*,*,#3853,.F.);
#1471=ORIENTED_EDGE('',*,*,#4011,.T.);
#1472=ORIENTED_EDGE('',*,*,#4009,.T.);
#1473=ORIENTED_EDGE('',*,*,#4013,.T.);
#1474=ORIENTED_EDGE('',*,*,#4020,.F.);
#1475=ORIENTED_EDGE('',*,*,#3856,.T.);
#1476=ORIENTED_EDGE('',*,*,#3923,.T.);
#1477=ORIENTED_EDGE('',*,*,#4007,.F.);
#1478=ORIENTED_EDGE('',*,*,#4006,.T.);
#1479=ORIENTED_EDGE('',*,*,#4021,.F.);
#1480=ORIENTED_EDGE('',*,*,#3926,.T.);
#1481=ORIENTED_EDGE('',*,*,#4020,.T.);
#1482=ORIENTED_EDGE('',*,*,#4005,.T.);
#1483=ORIENTED_EDGE('',*,*,#3904,.F.);
#1484=ORIENTED_EDGE('',*,*,#3850,.F.);
#1485=ORIENTED_EDGE('',*,*,#4021,.T.);
#1486=ORIENTED_EDGE('',*,*,#3873,.T.);
#1487=ORIENTED_EDGE('',*,*,#4022,.T.);
#1488=ORIENTED_EDGE('',*,*,#4023,.T.);
#1489=ORIENTED_EDGE('',*,*,#4024,.F.);
#1490=ORIENTED_EDGE('',*,*,#4025,.F.);
#1491=ORIENTED_EDGE('',*,*,#3399,.T.);
#1492=ORIENTED_EDGE('',*,*,#4026,.F.);
#1493=ORIENTED_EDGE('',*,*,#4022,.F.);
#1494=ORIENTED_EDGE('',*,*,#3872,.F.);
#1495=ORIENTED_EDGE('',*,*,#4027,.T.);
#1496=ORIENTED_EDGE('',*,*,#4028,.T.);
#1497=ORIENTED_EDGE('',*,*,#3901,.F.);
#1498=ORIENTED_EDGE('',*,*,#3874,.T.);
#1499=ORIENTED_EDGE('',*,*,#4025,.T.);
#1500=ORIENTED_EDGE('',*,*,#3398,.T.);
#1501=ORIENTED_EDGE('',*,*,#4029,.T.);
#1502=ORIENTED_EDGE('',*,*,#4030,.F.);
#1503=ORIENTED_EDGE('',*,*,#4023,.F.);
#1504=ORIENTED_EDGE('',*,*,#4026,.T.);
#1505=ORIENTED_EDGE('',*,*,#4030,.T.);
#1506=ORIENTED_EDGE('',*,*,#4031,.T.);
#1507=ORIENTED_EDGE('',*,*,#4027,.F.);
#1508=ORIENTED_EDGE('',*,*,#4024,.T.);
#1509=ORIENTED_EDGE('',*,*,#3870,.T.);
#1510=ORIENTED_EDGE('',*,*,#4032,.F.);
#1511=ORIENTED_EDGE('',*,*,#4033,.F.);
#1512=ORIENTED_EDGE('',*,*,#4034,.F.);
#1513=ORIENTED_EDGE('',*,*,#4035,.F.);
#1514=ORIENTED_EDGE('',*,*,#3871,.T.);
#1515=ORIENTED_EDGE('',*,*,#4035,.T.);
#1516=ORIENTED_EDGE('',*,*,#4036,.T.);
#1517=ORIENTED_EDGE('',*,*,#3401,.F.);
#1518=ORIENTED_EDGE('',*,*,#3394,.F.);
#1519=ORIENTED_EDGE('',*,*,#4037,.T.);
#1520=ORIENTED_EDGE('',*,*,#4038,.F.);
#1521=ORIENTED_EDGE('',*,*,#4032,.T.);
#1522=ORIENTED_EDGE('',*,*,#3869,.T.);
#1523=ORIENTED_EDGE('',*,*,#4038,.T.);
#1524=ORIENTED_EDGE('',*,*,#4039,.T.);
#1525=ORIENTED_EDGE('',*,*,#4040,.F.);
#1526=ORIENTED_EDGE('',*,*,#4033,.T.);
#1527=ORIENTED_EDGE('',*,*,#4040,.T.);
#1528=ORIENTED_EDGE('',*,*,#4041,.T.);
#1529=ORIENTED_EDGE('',*,*,#3396,.F.);
#1530=ORIENTED_EDGE('',*,*,#4036,.F.);
#1531=ORIENTED_EDGE('',*,*,#4034,.T.);
#1532=ORIENTED_EDGE('',*,*,#3816,.F.);
#1533=ORIENTED_EDGE('',*,*,#4042,.F.);
#1534=ORIENTED_EDGE('',*,*,#4043,.T.);
#1535=ORIENTED_EDGE('',*,*,#4044,.T.);
#1536=ORIENTED_EDGE('',*,*,#3819,.T.);
#1537=ORIENTED_EDGE('',*,*,#4045,.F.);
#1538=ORIENTED_EDGE('',*,*,#4046,.F.);
#1539=ORIENTED_EDGE('',*,*,#4042,.T.);
#1540=ORIENTED_EDGE('',*,*,#3818,.F.);
#1541=ORIENTED_EDGE('',*,*,#4047,.F.);
#1542=ORIENTED_EDGE('',*,*,#4048,.T.);
#1543=ORIENTED_EDGE('',*,*,#4045,.T.);
#1544=ORIENTED_EDGE('',*,*,#3817,.T.);
#1545=ORIENTED_EDGE('',*,*,#4044,.F.);
#1546=ORIENTED_EDGE('',*,*,#4049,.F.);
#1547=ORIENTED_EDGE('',*,*,#4047,.T.);
#1548=ORIENTED_EDGE('',*,*,#3813,.T.);
#1549=ORIENTED_EDGE('',*,*,#3811,.F.);
#1550=ORIENTED_EDGE('',*,*,#3807,.T.);
#1551=ORIENTED_EDGE('',*,*,#3805,.F.);
#1552=ORIENTED_EDGE('',*,*,#4043,.F.);
#1553=ORIENTED_EDGE('',*,*,#4046,.T.);
#1554=ORIENTED_EDGE('',*,*,#4048,.F.);
#1555=ORIENTED_EDGE('',*,*,#4049,.T.);
#1556=ORIENTED_EDGE('',*,*,#3897,.F.);
#1557=ORIENTED_EDGE('',*,*,#4050,.F.);
#1558=ORIENTED_EDGE('',*,*,#4051,.T.);
#1559=ORIENTED_EDGE('',*,*,#4052,.T.);
#1560=ORIENTED_EDGE('',*,*,#3900,.T.);
#1561=ORIENTED_EDGE('',*,*,#4053,.F.);
#1562=ORIENTED_EDGE('',*,*,#4054,.F.);
#1563=ORIENTED_EDGE('',*,*,#4050,.T.);
#1564=ORIENTED_EDGE('',*,*,#3899,.F.);
#1565=ORIENTED_EDGE('',*,*,#4055,.F.);
#1566=ORIENTED_EDGE('',*,*,#4056,.T.);
#1567=ORIENTED_EDGE('',*,*,#4053,.T.);
#1568=ORIENTED_EDGE('',*,*,#3898,.T.);
#1569=ORIENTED_EDGE('',*,*,#4052,.F.);
#1570=ORIENTED_EDGE('',*,*,#4057,.F.);
#1571=ORIENTED_EDGE('',*,*,#4055,.T.);
#1572=ORIENTED_EDGE('',*,*,#3801,.T.);
#1573=ORIENTED_EDGE('',*,*,#3799,.F.);
#1574=ORIENTED_EDGE('',*,*,#3795,.T.);
#1575=ORIENTED_EDGE('',*,*,#3793,.F.);
#1576=ORIENTED_EDGE('',*,*,#4051,.F.);
#1577=ORIENTED_EDGE('',*,*,#4054,.T.);
#1578=ORIENTED_EDGE('',*,*,#4056,.F.);
#1579=ORIENTED_EDGE('',*,*,#4057,.T.);
#1580=ORIENTED_EDGE('',*,*,#3893,.F.);
#1581=ORIENTED_EDGE('',*,*,#4058,.F.);
#1582=ORIENTED_EDGE('',*,*,#4059,.T.);
#1583=ORIENTED_EDGE('',*,*,#4060,.T.);
#1584=ORIENTED_EDGE('',*,*,#3896,.T.);
#1585=ORIENTED_EDGE('',*,*,#4061,.F.);
#1586=ORIENTED_EDGE('',*,*,#4062,.F.);
#1587=ORIENTED_EDGE('',*,*,#4058,.T.);
#1588=ORIENTED_EDGE('',*,*,#3895,.F.);
#1589=ORIENTED_EDGE('',*,*,#4063,.F.);
#1590=ORIENTED_EDGE('',*,*,#4064,.T.);
#1591=ORIENTED_EDGE('',*,*,#4061,.T.);
#1592=ORIENTED_EDGE('',*,*,#3894,.T.);
#1593=ORIENTED_EDGE('',*,*,#4060,.F.);
#1594=ORIENTED_EDGE('',*,*,#4065,.F.);
#1595=ORIENTED_EDGE('',*,*,#4063,.T.);
#1596=ORIENTED_EDGE('',*,*,#3789,.T.);
#1597=ORIENTED_EDGE('',*,*,#3787,.F.);
#1598=ORIENTED_EDGE('',*,*,#3783,.T.);
#1599=ORIENTED_EDGE('',*,*,#3781,.F.);
#1600=ORIENTED_EDGE('',*,*,#4059,.F.);
#1601=ORIENTED_EDGE('',*,*,#4062,.T.);
#1602=ORIENTED_EDGE('',*,*,#4064,.F.);
#1603=ORIENTED_EDGE('',*,*,#4065,.T.);
#1604=ORIENTED_EDGE('',*,*,#4066,.F.);
#1605=ORIENTED_EDGE('',*,*,#4067,.T.);
#1606=ORIENTED_EDGE('',*,*,#4068,.T.);
#1607=ORIENTED_EDGE('',*,*,#4069,.T.);
#1608=ORIENTED_EDGE('',*,*,#3768,.T.);
#1609=ORIENTED_EDGE('',*,*,#3777,.T.);
#1610=ORIENTED_EDGE('',*,*,#3775,.F.);
#1611=ORIENTED_EDGE('',*,*,#3771,.T.);
#1612=ORIENTED_EDGE('',*,*,#3820,.F.);
#1613=ORIENTED_EDGE('',*,*,#4070,.F.);
#1614=ORIENTED_EDGE('',*,*,#4066,.T.);
#1615=ORIENTED_EDGE('',*,*,#4071,.T.);
#1616=ORIENTED_EDGE('',*,*,#3823,.T.);
#1617=ORIENTED_EDGE('',*,*,#4072,.F.);
#1618=ORIENTED_EDGE('',*,*,#4067,.F.);
#1619=ORIENTED_EDGE('',*,*,#4070,.T.);
#1620=ORIENTED_EDGE('',*,*,#3822,.T.);
#1621=ORIENTED_EDGE('',*,*,#4073,.F.);
#1622=ORIENTED_EDGE('',*,*,#4068,.F.);
#1623=ORIENTED_EDGE('',*,*,#4072,.T.);
#1624=ORIENTED_EDGE('',*,*,#3821,.T.);
#1625=ORIENTED_EDGE('',*,*,#4071,.F.);
#1626=ORIENTED_EDGE('',*,*,#4069,.F.);
#1627=ORIENTED_EDGE('',*,*,#4073,.T.);
#1628=ORIENTED_EDGE('',*,*,#4074,.F.);
#1629=ORIENTED_EDGE('',*,*,#4075,.T.);
#1630=ORIENTED_EDGE('',*,*,#4076,.T.);
#1631=ORIENTED_EDGE('',*,*,#4077,.T.);
#1632=ORIENTED_EDGE('',*,*,#3756,.T.);
#1633=ORIENTED_EDGE('',*,*,#3765,.T.);
#1634=ORIENTED_EDGE('',*,*,#3763,.F.);
#1635=ORIENTED_EDGE('',*,*,#3759,.T.);
#1636=ORIENTED_EDGE('',*,*,#3885,.F.);
#1637=ORIENTED_EDGE('',*,*,#4078,.F.);
#1638=ORIENTED_EDGE('',*,*,#4074,.T.);
#1639=ORIENTED_EDGE('',*,*,#4079,.T.);
#1640=ORIENTED_EDGE('',*,*,#3888,.T.);
#1641=ORIENTED_EDGE('',*,*,#4080,.F.);
#1642=ORIENTED_EDGE('',*,*,#4075,.F.);
#1643=ORIENTED_EDGE('',*,*,#4078,.T.);
#1644=ORIENTED_EDGE('',*,*,#3887,.T.);
#1645=ORIENTED_EDGE('',*,*,#4081,.F.);
#1646=ORIENTED_EDGE('',*,*,#4076,.F.);
#1647=ORIENTED_EDGE('',*,*,#4080,.T.);
#1648=ORIENTED_EDGE('',*,*,#3886,.T.);
#1649=ORIENTED_EDGE('',*,*,#4079,.F.);
#1650=ORIENTED_EDGE('',*,*,#4077,.F.);
#1651=ORIENTED_EDGE('',*,*,#4081,.T.);
#1652=ORIENTED_EDGE('',*,*,#3828,.F.);
#1653=ORIENTED_EDGE('',*,*,#4082,.F.);
#1654=ORIENTED_EDGE('',*,*,#4083,.T.);
#1655=ORIENTED_EDGE('',*,*,#4084,.T.);
#1656=ORIENTED_EDGE('',*,*,#3831,.T.);
#1657=ORIENTED_EDGE('',*,*,#4085,.F.);
#1658=ORIENTED_EDGE('',*,*,#4086,.F.);
#1659=ORIENTED_EDGE('',*,*,#4082,.T.);
#1660=ORIENTED_EDGE('',*,*,#3830,.F.);
#1661=ORIENTED_EDGE('',*,*,#4087,.F.);
#1662=ORIENTED_EDGE('',*,*,#4088,.T.);
#1663=ORIENTED_EDGE('',*,*,#4085,.T.);
#1664=ORIENTED_EDGE('',*,*,#3829,.T.);
#1665=ORIENTED_EDGE('',*,*,#4084,.F.);
#1666=ORIENTED_EDGE('',*,*,#4089,.F.);
#1667=ORIENTED_EDGE('',*,*,#4087,.T.);
#1668=ORIENTED_EDGE('',*,*,#3753,.T.);
#1669=ORIENTED_EDGE('',*,*,#3751,.F.);
#1670=ORIENTED_EDGE('',*,*,#3747,.T.);
#1671=ORIENTED_EDGE('',*,*,#3745,.F.);
#1672=ORIENTED_EDGE('',*,*,#4083,.F.);
#1673=ORIENTED_EDGE('',*,*,#4086,.T.);
#1674=ORIENTED_EDGE('',*,*,#4088,.F.);
#1675=ORIENTED_EDGE('',*,*,#4089,.T.);
#1676=ORIENTED_EDGE('',*,*,#3889,.F.);
#1677=ORIENTED_EDGE('',*,*,#4090,.F.);
#1678=ORIENTED_EDGE('',*,*,#4091,.T.);
#1679=ORIENTED_EDGE('',*,*,#4092,.T.);
#1680=ORIENTED_EDGE('',*,*,#3892,.T.);
#1681=ORIENTED_EDGE('',*,*,#4093,.F.);
#1682=ORIENTED_EDGE('',*,*,#4094,.F.);
#1683=ORIENTED_EDGE('',*,*,#4090,.T.);
#1684=ORIENTED_EDGE('',*,*,#3891,.F.);
#1685=ORIENTED_EDGE('',*,*,#4095,.F.);
#1686=ORIENTED_EDGE('',*,*,#4096,.T.);
#1687=ORIENTED_EDGE('',*,*,#4093,.T.);
#1688=ORIENTED_EDGE('',*,*,#3890,.T.);
#1689=ORIENTED_EDGE('',*,*,#4092,.F.);
#1690=ORIENTED_EDGE('',*,*,#4097,.F.);
#1691=ORIENTED_EDGE('',*,*,#4095,.T.);
#1692=ORIENTED_EDGE('',*,*,#3741,.T.);
#1693=ORIENTED_EDGE('',*,*,#3739,.F.);
#1694=ORIENTED_EDGE('',*,*,#3735,.T.);
#1695=ORIENTED_EDGE('',*,*,#3733,.F.);
#1696=ORIENTED_EDGE('',*,*,#4091,.F.);
#1697=ORIENTED_EDGE('',*,*,#4094,.T.);
#1698=ORIENTED_EDGE('',*,*,#4096,.F.);
#1699=ORIENTED_EDGE('',*,*,#4097,.T.);
#1700=ORIENTED_EDGE('',*,*,#4098,.T.);
#1701=ORIENTED_EDGE('',*,*,#4099,.T.);
#1702=ORIENTED_EDGE('',*,*,#4100,.F.);
#1703=ORIENTED_EDGE('',*,*,#4101,.T.);
#1704=ORIENTED_EDGE('',*,*,#3720,.T.);
#1705=ORIENTED_EDGE('',*,*,#3729,.T.);
#1706=ORIENTED_EDGE('',*,*,#3727,.F.);
#1707=ORIENTED_EDGE('',*,*,#3723,.T.);
#1708=ORIENTED_EDGE('',*,*,#3825,.T.);
#1709=ORIENTED_EDGE('',*,*,#4102,.F.);
#1710=ORIENTED_EDGE('',*,*,#4098,.F.);
#1711=ORIENTED_EDGE('',*,*,#4103,.T.);
#1712=ORIENTED_EDGE('',*,*,#3824,.T.);
#1713=ORIENTED_EDGE('',*,*,#4104,.F.);
#1714=ORIENTED_EDGE('',*,*,#4099,.F.);
#1715=ORIENTED_EDGE('',*,*,#4102,.T.);
#1716=ORIENTED_EDGE('',*,*,#3827,.F.);
#1717=ORIENTED_EDGE('',*,*,#4105,.F.);
#1718=ORIENTED_EDGE('',*,*,#4100,.T.);
#1719=ORIENTED_EDGE('',*,*,#4104,.T.);
#1720=ORIENTED_EDGE('',*,*,#3826,.T.);
#1721=ORIENTED_EDGE('',*,*,#4103,.F.);
#1722=ORIENTED_EDGE('',*,*,#4101,.F.);
#1723=ORIENTED_EDGE('',*,*,#4105,.T.);
#1724=ORIENTED_EDGE('',*,*,#3881,.F.);
#1725=ORIENTED_EDGE('',*,*,#4106,.F.);
#1726=ORIENTED_EDGE('',*,*,#4107,.T.);
#1727=ORIENTED_EDGE('',*,*,#4108,.T.);
#1728=ORIENTED_EDGE('',*,*,#3884,.T.);
#1729=ORIENTED_EDGE('',*,*,#4109,.F.);
#1730=ORIENTED_EDGE('',*,*,#4110,.F.);
#1731=ORIENTED_EDGE('',*,*,#4106,.T.);
#1732=ORIENTED_EDGE('',*,*,#3883,.F.);
#1733=ORIENTED_EDGE('',*,*,#4111,.F.);
#1734=ORIENTED_EDGE('',*,*,#4112,.T.);
#1735=ORIENTED_EDGE('',*,*,#4109,.T.);
#1736=ORIENTED_EDGE('',*,*,#3882,.T.);
#1737=ORIENTED_EDGE('',*,*,#4108,.F.);
#1738=ORIENTED_EDGE('',*,*,#4113,.F.);
#1739=ORIENTED_EDGE('',*,*,#4111,.T.);
#1740=ORIENTED_EDGE('',*,*,#3717,.T.);
#1741=ORIENTED_EDGE('',*,*,#3715,.F.);
#1742=ORIENTED_EDGE('',*,*,#3711,.T.);
#1743=ORIENTED_EDGE('',*,*,#3709,.F.);
#1744=ORIENTED_EDGE('',*,*,#4107,.F.);
#1745=ORIENTED_EDGE('',*,*,#4110,.T.);
#1746=ORIENTED_EDGE('',*,*,#4112,.F.);
#1747=ORIENTED_EDGE('',*,*,#4113,.T.);
#1748=ORIENTED_EDGE('',*,*,#3832,.F.);
#1749=ORIENTED_EDGE('',*,*,#4114,.F.);
#1750=ORIENTED_EDGE('',*,*,#4115,.T.);
#1751=ORIENTED_EDGE('',*,*,#4116,.T.);
#1752=ORIENTED_EDGE('',*,*,#3835,.T.);
#1753=ORIENTED_EDGE('',*,*,#4117,.F.);
#1754=ORIENTED_EDGE('',*,*,#4118,.F.);
#1755=ORIENTED_EDGE('',*,*,#4114,.T.);
#1756=ORIENTED_EDGE('',*,*,#3834,.F.);
#1757=ORIENTED_EDGE('',*,*,#4119,.F.);
#1758=ORIENTED_EDGE('',*,*,#4120,.T.);
#1759=ORIENTED_EDGE('',*,*,#4117,.T.);
#1760=ORIENTED_EDGE('',*,*,#3833,.T.);
#1761=ORIENTED_EDGE('',*,*,#4116,.F.);
#1762=ORIENTED_EDGE('',*,*,#4121,.F.);
#1763=ORIENTED_EDGE('',*,*,#4119,.T.);
#1764=ORIENTED_EDGE('',*,*,#3705,.T.);
#1765=ORIENTED_EDGE('',*,*,#3703,.F.);
#1766=ORIENTED_EDGE('',*,*,#3699,.T.);
#1767=ORIENTED_EDGE('',*,*,#3697,.F.);
#1768=ORIENTED_EDGE('',*,*,#4115,.F.);
#1769=ORIENTED_EDGE('',*,*,#4118,.T.);
#1770=ORIENTED_EDGE('',*,*,#4120,.F.);
#1771=ORIENTED_EDGE('',*,*,#4121,.T.);
#1772=ORIENTED_EDGE('',*,*,#3836,.F.);
#1773=ORIENTED_EDGE('',*,*,#4122,.F.);
#1774=ORIENTED_EDGE('',*,*,#4123,.T.);
#1775=ORIENTED_EDGE('',*,*,#4124,.T.);
#1776=ORIENTED_EDGE('',*,*,#3839,.T.);
#1777=ORIENTED_EDGE('',*,*,#4125,.F.);
#1778=ORIENTED_EDGE('',*,*,#4126,.F.);
#1779=ORIENTED_EDGE('',*,*,#4122,.T.);
#1780=ORIENTED_EDGE('',*,*,#3838,.F.);
#1781=ORIENTED_EDGE('',*,*,#4127,.F.);
#1782=ORIENTED_EDGE('',*,*,#4128,.T.);
#1783=ORIENTED_EDGE('',*,*,#4125,.T.);
#1784=ORIENTED_EDGE('',*,*,#3837,.T.);
#1785=ORIENTED_EDGE('',*,*,#4124,.F.);
#1786=ORIENTED_EDGE('',*,*,#4129,.F.);
#1787=ORIENTED_EDGE('',*,*,#4127,.T.);
#1788=ORIENTED_EDGE('',*,*,#3693,.T.);
#1789=ORIENTED_EDGE('',*,*,#3691,.F.);
#1790=ORIENTED_EDGE('',*,*,#3687,.T.);
#1791=ORIENTED_EDGE('',*,*,#3685,.F.);
#1792=ORIENTED_EDGE('',*,*,#4123,.F.);
#1793=ORIENTED_EDGE('',*,*,#4126,.T.);
#1794=ORIENTED_EDGE('',*,*,#4128,.F.);
#1795=ORIENTED_EDGE('',*,*,#4129,.T.);
#1796=ORIENTED_EDGE('',*,*,#4130,.F.);
#1797=ORIENTED_EDGE('',*,*,#3536,.T.);
#1798=ORIENTED_EDGE('',*,*,#3734,.T.);
#1799=ORIENTED_EDGE('',*,*,#3738,.F.);
#1800=ORIENTED_EDGE('',*,*,#3740,.T.);
#1801=ORIENTED_EDGE('',*,*,#3731,.F.);
#1802=ORIENTED_EDGE('',*,*,#4130,.T.);
#1803=ORIENTED_EDGE('',*,*,#3527,.F.);
#1804=ORIENTED_EDGE('',*,*,#4131,.F.);
#1805=ORIENTED_EDGE('',*,*,#4132,.T.);
#1806=ORIENTED_EDGE('',*,*,#4133,.T.);
#1807=ORIENTED_EDGE('',*,*,#3526,.T.);
#1808=ORIENTED_EDGE('',*,*,#4134,.F.);
#1809=ORIENTED_EDGE('',*,*,#4135,.F.);
#1810=ORIENTED_EDGE('',*,*,#4131,.T.);
#1811=ORIENTED_EDGE('',*,*,#3535,.F.);
#1812=ORIENTED_EDGE('',*,*,#4136,.F.);
#1813=ORIENTED_EDGE('',*,*,#4137,.T.);
#1814=ORIENTED_EDGE('',*,*,#4134,.T.);
#1815=ORIENTED_EDGE('',*,*,#3534,.T.);
#1816=ORIENTED_EDGE('',*,*,#4138,.F.);
#1817=ORIENTED_EDGE('',*,*,#4139,.F.);
#1818=ORIENTED_EDGE('',*,*,#4136,.T.);
#1819=ORIENTED_EDGE('',*,*,#3533,.T.);
#1820=ORIENTED_EDGE('',*,*,#4140,.F.);
#1821=ORIENTED_EDGE('',*,*,#4141,.F.);
#1822=ORIENTED_EDGE('',*,*,#4138,.T.);
#1823=ORIENTED_EDGE('',*,*,#3532,.T.);
#1824=ORIENTED_EDGE('',*,*,#4142,.F.);
#1825=ORIENTED_EDGE('',*,*,#4143,.F.);
#1826=ORIENTED_EDGE('',*,*,#4140,.T.);
#1827=ORIENTED_EDGE('',*,*,#3531,.T.);
#1828=ORIENTED_EDGE('',*,*,#4144,.F.);
#1829=ORIENTED_EDGE('',*,*,#4145,.F.);
#1830=ORIENTED_EDGE('',*,*,#4142,.T.);
#1831=ORIENTED_EDGE('',*,*,#3530,.T.);
#1832=ORIENTED_EDGE('',*,*,#4146,.F.);
#1833=ORIENTED_EDGE('',*,*,#4147,.F.);
#1834=ORIENTED_EDGE('',*,*,#4144,.T.);
#1835=ORIENTED_EDGE('',*,*,#3529,.F.);
#1836=ORIENTED_EDGE('',*,*,#4148,.F.);
#1837=ORIENTED_EDGE('',*,*,#4149,.T.);
#1838=ORIENTED_EDGE('',*,*,#4146,.T.);
#1839=ORIENTED_EDGE('',*,*,#3528,.T.);
#1840=ORIENTED_EDGE('',*,*,#4133,.F.);
#1841=ORIENTED_EDGE('',*,*,#4150,.F.);
#1842=ORIENTED_EDGE('',*,*,#4148,.T.);
#1843=ORIENTED_EDGE('',*,*,#3698,.T.);
#1844=ORIENTED_EDGE('',*,*,#3702,.F.);
#1845=ORIENTED_EDGE('',*,*,#3704,.T.);
#1846=ORIENTED_EDGE('',*,*,#3695,.F.);
#1847=ORIENTED_EDGE('',*,*,#4132,.F.);
#1848=ORIENTED_EDGE('',*,*,#4135,.T.);
#1849=ORIENTED_EDGE('',*,*,#4137,.F.);
#1850=ORIENTED_EDGE('',*,*,#4139,.T.);
#1851=ORIENTED_EDGE('',*,*,#4141,.T.);
#1852=ORIENTED_EDGE('',*,*,#4143,.T.);
#1853=ORIENTED_EDGE('',*,*,#4145,.T.);
#1854=ORIENTED_EDGE('',*,*,#4147,.T.);
#1855=ORIENTED_EDGE('',*,*,#4149,.F.);
#1856=ORIENTED_EDGE('',*,*,#4150,.T.);
#1857=ORIENTED_EDGE('',*,*,#3537,.T.);
#1858=ORIENTED_EDGE('',*,*,#4151,.F.);
#1859=ORIENTED_EDGE('',*,*,#4152,.F.);
#1860=ORIENTED_EDGE('',*,*,#4153,.T.);
#1861=ORIENTED_EDGE('',*,*,#3546,.T.);
#1862=ORIENTED_EDGE('',*,*,#4154,.F.);
#1863=ORIENTED_EDGE('',*,*,#4155,.F.);
#1864=ORIENTED_EDGE('',*,*,#4151,.T.);
#1865=ORIENTED_EDGE('',*,*,#3545,.T.);
#1866=ORIENTED_EDGE('',*,*,#4156,.F.);
#1867=ORIENTED_EDGE('',*,*,#4157,.F.);
#1868=ORIENTED_EDGE('',*,*,#4154,.T.);
#1869=ORIENTED_EDGE('',*,*,#3544,.T.);
#1870=ORIENTED_EDGE('',*,*,#4158,.F.);
#1871=ORIENTED_EDGE('',*,*,#4159,.F.);
#1872=ORIENTED_EDGE('',*,*,#4156,.T.);
#1873=ORIENTED_EDGE('',*,*,#3543,.T.);
#1874=ORIENTED_EDGE('',*,*,#4160,.F.);
#1875=ORIENTED_EDGE('',*,*,#4161,.F.);
#1876=ORIENTED_EDGE('',*,*,#4158,.T.);
#1877=ORIENTED_EDGE('',*,*,#3542,.F.);
#1878=ORIENTED_EDGE('',*,*,#4162,.F.);
#1879=ORIENTED_EDGE('',*,*,#4163,.T.);
#1880=ORIENTED_EDGE('',*,*,#4160,.T.);
#1881=ORIENTED_EDGE('',*,*,#3541,.T.);
#1882=ORIENTED_EDGE('',*,*,#4164,.F.);
#1883=ORIENTED_EDGE('',*,*,#4165,.F.);
#1884=ORIENTED_EDGE('',*,*,#4162,.T.);
#1885=ORIENTED_EDGE('',*,*,#3540,.F.);
#1886=ORIENTED_EDGE('',*,*,#4166,.F.);
#1887=ORIENTED_EDGE('',*,*,#4167,.T.);
#1888=ORIENTED_EDGE('',*,*,#4164,.T.);
#1889=ORIENTED_EDGE('',*,*,#3539,.T.);
#1890=ORIENTED_EDGE('',*,*,#4168,.F.);
#1891=ORIENTED_EDGE('',*,*,#4169,.F.);
#1892=ORIENTED_EDGE('',*,*,#4166,.T.);
#1893=ORIENTED_EDGE('',*,*,#3538,.F.);
#1894=ORIENTED_EDGE('',*,*,#4153,.F.);
#1895=ORIENTED_EDGE('',*,*,#4170,.T.);
#1896=ORIENTED_EDGE('',*,*,#4168,.T.);
#1897=ORIENTED_EDGE('',*,*,#3710,.T.);
#1898=ORIENTED_EDGE('',*,*,#3714,.F.);
#1899=ORIENTED_EDGE('',*,*,#3716,.T.);
#1900=ORIENTED_EDGE('',*,*,#3707,.F.);
#1901=ORIENTED_EDGE('',*,*,#4152,.T.);
#1902=ORIENTED_EDGE('',*,*,#4155,.T.);
#1903=ORIENTED_EDGE('',*,*,#4157,.T.);
#1904=ORIENTED_EDGE('',*,*,#4159,.T.);
#1905=ORIENTED_EDGE('',*,*,#4161,.T.);
#1906=ORIENTED_EDGE('',*,*,#4163,.F.);
#1907=ORIENTED_EDGE('',*,*,#4165,.T.);
#1908=ORIENTED_EDGE('',*,*,#4167,.F.);
#1909=ORIENTED_EDGE('',*,*,#4169,.T.);
#1910=ORIENTED_EDGE('',*,*,#4170,.F.);
#1911=ORIENTED_EDGE('',*,*,#4171,.T.);
#1912=ORIENTED_EDGE('',*,*,#3718,.T.);
#1913=ORIENTED_EDGE('',*,*,#3722,.T.);
#1914=ORIENTED_EDGE('',*,*,#3726,.F.);
#1915=ORIENTED_EDGE('',*,*,#3728,.T.);
#1916=ORIENTED_EDGE('',*,*,#4171,.F.);
#1917=ORIENTED_EDGE('',*,*,#3547,.T.);
#1918=ORIENTED_EDGE('',*,*,#4172,.F.);
#1919=ORIENTED_EDGE('',*,*,#3548,.T.);
#1920=ORIENTED_EDGE('',*,*,#3686,.T.);
#1921=ORIENTED_EDGE('',*,*,#3690,.F.);
#1922=ORIENTED_EDGE('',*,*,#3692,.T.);
#1923=ORIENTED_EDGE('',*,*,#3683,.F.);
#1924=ORIENTED_EDGE('',*,*,#4172,.T.);
#1925=ORIENTED_EDGE('',*,*,#4173,.F.);
#1926=ORIENTED_EDGE('',*,*,#3549,.T.);
#1927=ORIENTED_EDGE('',*,*,#3746,.T.);
#1928=ORIENTED_EDGE('',*,*,#3750,.F.);
#1929=ORIENTED_EDGE('',*,*,#3752,.T.);
#1930=ORIENTED_EDGE('',*,*,#3743,.F.);
#1931=ORIENTED_EDGE('',*,*,#4173,.T.);
#1932=ORIENTED_EDGE('',*,*,#3551,.F.);
#1933=ORIENTED_EDGE('',*,*,#4174,.F.);
#1934=ORIENTED_EDGE('',*,*,#4175,.T.);
#1935=ORIENTED_EDGE('',*,*,#4176,.T.);
#1936=ORIENTED_EDGE('',*,*,#3550,.T.);
#1937=ORIENTED_EDGE('',*,*,#4177,.F.);
#1938=ORIENTED_EDGE('',*,*,#4178,.F.);
#1939=ORIENTED_EDGE('',*,*,#4174,.T.);
#1940=ORIENTED_EDGE('',*,*,#3559,.F.);
#1941=ORIENTED_EDGE('',*,*,#4179,.F.);
#1942=ORIENTED_EDGE('',*,*,#4180,.T.);
#1943=ORIENTED_EDGE('',*,*,#4177,.T.);
#1944=ORIENTED_EDGE('',*,*,#3558,.F.);
#1945=ORIENTED_EDGE('',*,*,#4181,.F.);
#1946=ORIENTED_EDGE('',*,*,#4182,.T.);
#1947=ORIENTED_EDGE('',*,*,#4179,.T.);
#1948=ORIENTED_EDGE('',*,*,#3557,.F.);
#1949=ORIENTED_EDGE('',*,*,#4183,.F.);
#1950=ORIENTED_EDGE('',*,*,#4184,.T.);
#1951=ORIENTED_EDGE('',*,*,#4181,.T.);
#1952=ORIENTED_EDGE('',*,*,#3556,.F.);
#1953=ORIENTED_EDGE('',*,*,#4185,.F.);
#1954=ORIENTED_EDGE('',*,*,#4186,.T.);
#1955=ORIENTED_EDGE('',*,*,#4183,.T.);
#1956=ORIENTED_EDGE('',*,*,#3555,.F.);
#1957=ORIENTED_EDGE('',*,*,#4187,.F.);
#1958=ORIENTED_EDGE('',*,*,#4188,.T.);
#1959=ORIENTED_EDGE('',*,*,#4185,.T.);
#1960=ORIENTED_EDGE('',*,*,#3554,.T.);
#1961=ORIENTED_EDGE('',*,*,#4189,.F.);
#1962=ORIENTED_EDGE('',*,*,#4190,.F.);
#1963=ORIENTED_EDGE('',*,*,#4187,.T.);
#1964=ORIENTED_EDGE('',*,*,#3553,.F.);
#1965=ORIENTED_EDGE('',*,*,#4191,.F.);
#1966=ORIENTED_EDGE('',*,*,#4192,.T.);
#1967=ORIENTED_EDGE('',*,*,#4189,.T.);
#1968=ORIENTED_EDGE('',*,*,#3552,.T.);
#1969=ORIENTED_EDGE('',*,*,#4176,.F.);
#1970=ORIENTED_EDGE('',*,*,#4193,.F.);
#1971=ORIENTED_EDGE('',*,*,#4191,.T.);
#1972=ORIENTED_EDGE('',*,*,#3806,.T.);
#1973=ORIENTED_EDGE('',*,*,#3810,.F.);
#1974=ORIENTED_EDGE('',*,*,#3812,.T.);
#1975=ORIENTED_EDGE('',*,*,#3803,.F.);
#1976=ORIENTED_EDGE('',*,*,#4175,.F.);
#1977=ORIENTED_EDGE('',*,*,#4178,.T.);
#1978=ORIENTED_EDGE('',*,*,#4180,.F.);
#1979=ORIENTED_EDGE('',*,*,#4182,.F.);
#1980=ORIENTED_EDGE('',*,*,#4184,.F.);
#1981=ORIENTED_EDGE('',*,*,#4186,.F.);
#1982=ORIENTED_EDGE('',*,*,#4188,.F.);
#1983=ORIENTED_EDGE('',*,*,#4190,.T.);
#1984=ORIENTED_EDGE('',*,*,#4192,.F.);
#1985=ORIENTED_EDGE('',*,*,#4193,.T.);
#1986=ORIENTED_EDGE('',*,*,#4194,.T.);
#1987=ORIENTED_EDGE('',*,*,#3754,.T.);
#1988=ORIENTED_EDGE('',*,*,#3758,.T.);
#1989=ORIENTED_EDGE('',*,*,#3762,.F.);
#1990=ORIENTED_EDGE('',*,*,#3764,.T.);
#1991=ORIENTED_EDGE('',*,*,#4194,.F.);
#1992=ORIENTED_EDGE('',*,*,#3525,.T.);
#1993=ORIENTED_EDGE('',*,*,#4195,.T.);
#1994=ORIENTED_EDGE('',*,*,#3766,.T.);
#1995=ORIENTED_EDGE('',*,*,#3770,.T.);
#1996=ORIENTED_EDGE('',*,*,#3774,.F.);
#1997=ORIENTED_EDGE('',*,*,#3776,.T.);
#1998=ORIENTED_EDGE('',*,*,#4195,.F.);
#1999=ORIENTED_EDGE('',*,*,#3524,.T.);
#2000=ORIENTED_EDGE('',*,*,#4196,.F.);
#2001=ORIENTED_EDGE('',*,*,#3523,.T.);
#2002=ORIENTED_EDGE('',*,*,#3782,.T.);
#2003=ORIENTED_EDGE('',*,*,#3786,.F.);
#2004=ORIENTED_EDGE('',*,*,#3788,.T.);
#2005=ORIENTED_EDGE('',*,*,#3779,.F.);
#2006=ORIENTED_EDGE('',*,*,#4196,.T.);
#2007=ORIENTED_EDGE('',*,*,#3514,.F.);
#2008=ORIENTED_EDGE('',*,*,#4197,.F.);
#2009=ORIENTED_EDGE('',*,*,#4198,.T.);
#2010=ORIENTED_EDGE('',*,*,#4199,.T.);
#2011=ORIENTED_EDGE('',*,*,#3513,.T.);
#2012=ORIENTED_EDGE('',*,*,#4200,.F.);
#2013=ORIENTED_EDGE('',*,*,#4201,.F.);
#2014=ORIENTED_EDGE('',*,*,#4197,.T.);
#2015=ORIENTED_EDGE('',*,*,#3522,.F.);
#2016=ORIENTED_EDGE('',*,*,#4202,.F.);
#2017=ORIENTED_EDGE('',*,*,#4203,.T.);
#2018=ORIENTED_EDGE('',*,*,#4200,.T.);
#2019=ORIENTED_EDGE('',*,*,#3521,.F.);
#2020=ORIENTED_EDGE('',*,*,#4204,.F.);
#2021=ORIENTED_EDGE('',*,*,#4205,.T.);
#2022=ORIENTED_EDGE('',*,*,#4202,.T.);
#2023=ORIENTED_EDGE('',*,*,#3520,.F.);
#2024=ORIENTED_EDGE('',*,*,#4206,.F.);
#2025=ORIENTED_EDGE('',*,*,#4207,.T.);
#2026=ORIENTED_EDGE('',*,*,#4204,.T.);
#2027=ORIENTED_EDGE('',*,*,#3519,.F.);
#2028=ORIENTED_EDGE('',*,*,#4208,.F.);
#2029=ORIENTED_EDGE('',*,*,#4209,.T.);
#2030=ORIENTED_EDGE('',*,*,#4206,.T.);
#2031=ORIENTED_EDGE('',*,*,#3518,.F.);
#2032=ORIENTED_EDGE('',*,*,#4210,.F.);
#2033=ORIENTED_EDGE('',*,*,#4211,.T.);
#2034=ORIENTED_EDGE('',*,*,#4208,.T.);
#2035=ORIENTED_EDGE('',*,*,#3517,.F.);
#2036=ORIENTED_EDGE('',*,*,#4212,.F.);
#2037=ORIENTED_EDGE('',*,*,#4213,.T.);
#2038=ORIENTED_EDGE('',*,*,#4210,.T.);
#2039=ORIENTED_EDGE('',*,*,#3516,.F.);
#2040=ORIENTED_EDGE('',*,*,#4214,.F.);
#2041=ORIENTED_EDGE('',*,*,#4215,.T.);
#2042=ORIENTED_EDGE('',*,*,#4212,.T.);
#2043=ORIENTED_EDGE('',*,*,#3515,.T.);
#2044=ORIENTED_EDGE('',*,*,#4199,.F.);
#2045=ORIENTED_EDGE('',*,*,#4216,.F.);
#2046=ORIENTED_EDGE('',*,*,#4214,.T.);
#2047=ORIENTED_EDGE('',*,*,#3794,.T.);
#2048=ORIENTED_EDGE('',*,*,#3798,.F.);
#2049=ORIENTED_EDGE('',*,*,#3800,.T.);
#2050=ORIENTED_EDGE('',*,*,#3791,.F.);
#2051=ORIENTED_EDGE('',*,*,#4198,.F.);
#2052=ORIENTED_EDGE('',*,*,#4201,.T.);
#2053=ORIENTED_EDGE('',*,*,#4203,.F.);
#2054=ORIENTED_EDGE('',*,*,#4205,.F.);
#2055=ORIENTED_EDGE('',*,*,#4207,.F.);
#2056=ORIENTED_EDGE('',*,*,#4209,.F.);
#2057=ORIENTED_EDGE('',*,*,#4211,.F.);
#2058=ORIENTED_EDGE('',*,*,#4213,.F.);
#2059=ORIENTED_EDGE('',*,*,#4215,.F.);
#2060=ORIENTED_EDGE('',*,*,#4216,.T.);
#2061=ORIENTED_EDGE('',*,*,#3506,.F.);
#2062=ORIENTED_EDGE('',*,*,#4217,.F.);
#2063=ORIENTED_EDGE('',*,*,#4218,.T.);
#2064=ORIENTED_EDGE('',*,*,#4219,.T.);
#2065=ORIENTED_EDGE('',*,*,#3505,.F.);
#2066=ORIENTED_EDGE('',*,*,#4220,.F.);
#2067=ORIENTED_EDGE('',*,*,#4221,.T.);
#2068=ORIENTED_EDGE('',*,*,#4217,.T.);
#2069=ORIENTED_EDGE('',*,*,#3512,.F.);
#2070=ORIENTED_EDGE('',*,*,#4222,.F.);
#2071=ORIENTED_EDGE('',*,*,#4223,.T.);
#2072=ORIENTED_EDGE('',*,*,#4220,.T.);
#2073=ORIENTED_EDGE('',*,*,#3511,.F.);
#2074=ORIENTED_EDGE('',*,*,#4224,.F.);
#2075=ORIENTED_EDGE('',*,*,#4225,.T.);
#2076=ORIENTED_EDGE('',*,*,#4222,.T.);
#2077=ORIENTED_EDGE('',*,*,#3510,.F.);
#2078=ORIENTED_EDGE('',*,*,#4226,.F.);
#2079=ORIENTED_EDGE('',*,*,#4227,.T.);
#2080=ORIENTED_EDGE('',*,*,#4224,.T.);
#2081=ORIENTED_EDGE('',*,*,#3509,.F.);
#2082=ORIENTED_EDGE('',*,*,#4228,.F.);
#2083=ORIENTED_EDGE('',*,*,#4229,.T.);
#2084=ORIENTED_EDGE('',*,*,#4226,.T.);
#2085=ORIENTED_EDGE('',*,*,#3508,.F.);
#2086=ORIENTED_EDGE('',*,*,#4230,.F.);
#2087=ORIENTED_EDGE('',*,*,#4231,.T.);
#2088=ORIENTED_EDGE('',*,*,#4228,.T.);
#2089=ORIENTED_EDGE('',*,*,#3507,.F.);
#2090=ORIENTED_EDGE('',*,*,#4219,.F.);
#2091=ORIENTED_EDGE('',*,*,#4232,.T.);
#2092=ORIENTED_EDGE('',*,*,#4230,.T.);
#2093=ORIENTED_EDGE('',*,*,#4218,.F.);
#2094=ORIENTED_EDGE('',*,*,#4221,.F.);
#2095=ORIENTED_EDGE('',*,*,#4223,.F.);
#2096=ORIENTED_EDGE('',*,*,#4225,.F.);
#2097=ORIENTED_EDGE('',*,*,#4227,.F.);
#2098=ORIENTED_EDGE('',*,*,#4229,.F.);
#2099=ORIENTED_EDGE('',*,*,#4231,.F.);
#2100=ORIENTED_EDGE('',*,*,#4232,.F.);
#2101=ORIENTED_EDGE('',*,*,#3489,.F.);
#2102=ORIENTED_EDGE('',*,*,#4233,.F.);
#2103=ORIENTED_EDGE('',*,*,#4234,.T.);
#2104=ORIENTED_EDGE('',*,*,#4235,.T.);
#2105=ORIENTED_EDGE('',*,*,#3488,.F.);
#2106=ORIENTED_EDGE('',*,*,#4236,.F.);
#2107=ORIENTED_EDGE('',*,*,#4237,.T.);
#2108=ORIENTED_EDGE('',*,*,#4233,.T.);
#2109=ORIENTED_EDGE('',*,*,#3504,.F.);
#2110=ORIENTED_EDGE('',*,*,#4238,.F.);
#2111=ORIENTED_EDGE('',*,*,#4239,.T.);
#2112=ORIENTED_EDGE('',*,*,#4236,.T.);
#2113=ORIENTED_EDGE('',*,*,#3503,.F.);
#2114=ORIENTED_EDGE('',*,*,#4240,.F.);
#2115=ORIENTED_EDGE('',*,*,#4241,.T.);
#2116=ORIENTED_EDGE('',*,*,#4238,.T.);
#2117=ORIENTED_EDGE('',*,*,#3502,.F.);
#2118=ORIENTED_EDGE('',*,*,#4242,.F.);
#2119=ORIENTED_EDGE('',*,*,#4243,.T.);
#2120=ORIENTED_EDGE('',*,*,#4240,.T.);
#2121=ORIENTED_EDGE('',*,*,#3501,.F.);
#2122=ORIENTED_EDGE('',*,*,#4244,.F.);
#2123=ORIENTED_EDGE('',*,*,#4245,.T.);
#2124=ORIENTED_EDGE('',*,*,#4242,.T.);
#2125=ORIENTED_EDGE('',*,*,#3500,.F.);
#2126=ORIENTED_EDGE('',*,*,#4246,.F.);
#2127=ORIENTED_EDGE('',*,*,#4247,.T.);
#2128=ORIENTED_EDGE('',*,*,#4244,.T.);
#2129=ORIENTED_EDGE('',*,*,#3499,.F.);
#2130=ORIENTED_EDGE('',*,*,#4248,.F.);
#2131=ORIENTED_EDGE('',*,*,#4249,.T.);
#2132=ORIENTED_EDGE('',*,*,#4246,.T.);
#2133=ORIENTED_EDGE('',*,*,#3498,.F.);
#2134=ORIENTED_EDGE('',*,*,#4250,.F.);
#2135=ORIENTED_EDGE('',*,*,#4251,.T.);
#2136=ORIENTED_EDGE('',*,*,#4248,.T.);
#2137=ORIENTED_EDGE('',*,*,#3497,.F.);
#2138=ORIENTED_EDGE('',*,*,#4252,.F.);
#2139=ORIENTED_EDGE('',*,*,#4253,.T.);
#2140=ORIENTED_EDGE('',*,*,#4250,.T.);
#2141=ORIENTED_EDGE('',*,*,#3496,.F.);
#2142=ORIENTED_EDGE('',*,*,#4254,.F.);
#2143=ORIENTED_EDGE('',*,*,#4255,.T.);
#2144=ORIENTED_EDGE('',*,*,#4252,.T.);
#2145=ORIENTED_EDGE('',*,*,#3495,.F.);
#2146=ORIENTED_EDGE('',*,*,#4256,.F.);
#2147=ORIENTED_EDGE('',*,*,#4257,.T.);
#2148=ORIENTED_EDGE('',*,*,#4254,.T.);
#2149=ORIENTED_EDGE('',*,*,#3494,.F.);
#2150=ORIENTED_EDGE('',*,*,#4258,.F.);
#2151=ORIENTED_EDGE('',*,*,#4259,.T.);
#2152=ORIENTED_EDGE('',*,*,#4256,.T.);
#2153=ORIENTED_EDGE('',*,*,#3493,.F.);
#2154=ORIENTED_EDGE('',*,*,#4260,.F.);
#2155=ORIENTED_EDGE('',*,*,#4261,.T.);
#2156=ORIENTED_EDGE('',*,*,#4258,.T.);
#2157=ORIENTED_EDGE('',*,*,#3492,.F.);
#2158=ORIENTED_EDGE('',*,*,#4262,.F.);
#2159=ORIENTED_EDGE('',*,*,#4263,.T.);
#2160=ORIENTED_EDGE('',*,*,#4260,.T.);
#2161=ORIENTED_EDGE('',*,*,#3491,.F.);
#2162=ORIENTED_EDGE('',*,*,#4264,.F.);
#2163=ORIENTED_EDGE('',*,*,#4265,.T.);
#2164=ORIENTED_EDGE('',*,*,#4262,.T.);
#2165=ORIENTED_EDGE('',*,*,#3490,.F.);
#2166=ORIENTED_EDGE('',*,*,#4235,.F.);
#2167=ORIENTED_EDGE('',*,*,#4266,.T.);
#2168=ORIENTED_EDGE('',*,*,#4264,.T.);
#2169=ORIENTED_EDGE('',*,*,#4234,.F.);
#2170=ORIENTED_EDGE('',*,*,#4237,.F.);
#2171=ORIENTED_EDGE('',*,*,#4239,.F.);
#2172=ORIENTED_EDGE('',*,*,#4241,.F.);
#2173=ORIENTED_EDGE('',*,*,#4243,.F.);
#2174=ORIENTED_EDGE('',*,*,#4245,.F.);
#2175=ORIENTED_EDGE('',*,*,#4247,.F.);
#2176=ORIENTED_EDGE('',*,*,#4249,.F.);
#2177=ORIENTED_EDGE('',*,*,#4251,.F.);
#2178=ORIENTED_EDGE('',*,*,#4253,.F.);
#2179=ORIENTED_EDGE('',*,*,#4255,.F.);
#2180=ORIENTED_EDGE('',*,*,#4257,.F.);
#2181=ORIENTED_EDGE('',*,*,#4259,.F.);
#2182=ORIENTED_EDGE('',*,*,#4261,.F.);
#2183=ORIENTED_EDGE('',*,*,#4263,.F.);
#2184=ORIENTED_EDGE('',*,*,#4265,.F.);
#2185=ORIENTED_EDGE('',*,*,#4266,.F.);
#2186=ORIENTED_EDGE('',*,*,#3477,.F.);
#2187=ORIENTED_EDGE('',*,*,#4267,.F.);
#2188=ORIENTED_EDGE('',*,*,#4268,.T.);
#2189=ORIENTED_EDGE('',*,*,#4269,.T.);
#2190=ORIENTED_EDGE('',*,*,#3476,.F.);
#2191=ORIENTED_EDGE('',*,*,#4270,.F.);
#2192=ORIENTED_EDGE('',*,*,#4271,.T.);
#2193=ORIENTED_EDGE('',*,*,#4267,.T.);
#2194=ORIENTED_EDGE('',*,*,#3487,.F.);
#2195=ORIENTED_EDGE('',*,*,#4272,.F.);
#2196=ORIENTED_EDGE('',*,*,#4273,.T.);
#2197=ORIENTED_EDGE('',*,*,#4270,.T.);
#2198=ORIENTED_EDGE('',*,*,#3486,.F.);
#2199=ORIENTED_EDGE('',*,*,#4274,.F.);
#2200=ORIENTED_EDGE('',*,*,#4275,.T.);
#2201=ORIENTED_EDGE('',*,*,#4272,.T.);
#2202=ORIENTED_EDGE('',*,*,#3485,.F.);
#2203=ORIENTED_EDGE('',*,*,#4276,.F.);
#2204=ORIENTED_EDGE('',*,*,#4277,.T.);
#2205=ORIENTED_EDGE('',*,*,#4274,.T.);
#2206=ORIENTED_EDGE('',*,*,#3484,.F.);
#2207=ORIENTED_EDGE('',*,*,#4278,.F.);
#2208=ORIENTED_EDGE('',*,*,#4279,.T.);
#2209=ORIENTED_EDGE('',*,*,#4276,.T.);
#2210=ORIENTED_EDGE('',*,*,#3483,.F.);
#2211=ORIENTED_EDGE('',*,*,#4280,.F.);
#2212=ORIENTED_EDGE('',*,*,#4281,.T.);
#2213=ORIENTED_EDGE('',*,*,#4278,.T.);
#2214=ORIENTED_EDGE('',*,*,#3482,.F.);
#2215=ORIENTED_EDGE('',*,*,#4282,.F.);
#2216=ORIENTED_EDGE('',*,*,#4283,.T.);
#2217=ORIENTED_EDGE('',*,*,#4280,.T.);
#2218=ORIENTED_EDGE('',*,*,#3481,.F.);
#2219=ORIENTED_EDGE('',*,*,#4284,.F.);
#2220=ORIENTED_EDGE('',*,*,#4285,.T.);
#2221=ORIENTED_EDGE('',*,*,#4282,.T.);
#2222=ORIENTED_EDGE('',*,*,#3480,.F.);
#2223=ORIENTED_EDGE('',*,*,#4286,.F.);
#2224=ORIENTED_EDGE('',*,*,#4287,.T.);
#2225=ORIENTED_EDGE('',*,*,#4284,.T.);
#2226=ORIENTED_EDGE('',*,*,#3479,.F.);
#2227=ORIENTED_EDGE('',*,*,#4288,.F.);
#2228=ORIENTED_EDGE('',*,*,#4289,.T.);
#2229=ORIENTED_EDGE('',*,*,#4286,.T.);
#2230=ORIENTED_EDGE('',*,*,#3478,.F.);
#2231=ORIENTED_EDGE('',*,*,#4269,.F.);
#2232=ORIENTED_EDGE('',*,*,#4290,.T.);
#2233=ORIENTED_EDGE('',*,*,#4288,.T.);
#2234=ORIENTED_EDGE('',*,*,#4268,.F.);
#2235=ORIENTED_EDGE('',*,*,#4271,.F.);
#2236=ORIENTED_EDGE('',*,*,#4273,.F.);
#2237=ORIENTED_EDGE('',*,*,#4275,.F.);
#2238=ORIENTED_EDGE('',*,*,#4277,.F.);
#2239=ORIENTED_EDGE('',*,*,#4279,.F.);
#2240=ORIENTED_EDGE('',*,*,#4281,.F.);
#2241=ORIENTED_EDGE('',*,*,#4283,.F.);
#2242=ORIENTED_EDGE('',*,*,#4285,.F.);
#2243=ORIENTED_EDGE('',*,*,#4287,.F.);
#2244=ORIENTED_EDGE('',*,*,#4289,.F.);
#2245=ORIENTED_EDGE('',*,*,#4290,.F.);
#2246=ORIENTED_EDGE('',*,*,#3471,.F.);
#2247=ORIENTED_EDGE('',*,*,#4291,.F.);
#2248=ORIENTED_EDGE('',*,*,#4292,.T.);
#2249=ORIENTED_EDGE('',*,*,#4293,.T.);
#2250=ORIENTED_EDGE('',*,*,#3470,.F.);
#2251=ORIENTED_EDGE('',*,*,#4294,.F.);
#2252=ORIENTED_EDGE('',*,*,#4295,.T.);
#2253=ORIENTED_EDGE('',*,*,#4291,.T.);
#2254=ORIENTED_EDGE('',*,*,#3475,.F.);
#2255=ORIENTED_EDGE('',*,*,#4296,.F.);
#2256=ORIENTED_EDGE('',*,*,#4297,.T.);
#2257=ORIENTED_EDGE('',*,*,#4294,.T.);
#2258=ORIENTED_EDGE('',*,*,#3474,.F.);
#2259=ORIENTED_EDGE('',*,*,#4298,.F.);
#2260=ORIENTED_EDGE('',*,*,#4299,.T.);
#2261=ORIENTED_EDGE('',*,*,#4296,.T.);
#2262=ORIENTED_EDGE('',*,*,#3473,.F.);
#2263=ORIENTED_EDGE('',*,*,#4300,.F.);
#2264=ORIENTED_EDGE('',*,*,#4301,.T.);
#2265=ORIENTED_EDGE('',*,*,#4298,.T.);
#2266=ORIENTED_EDGE('',*,*,#3472,.F.);
#2267=ORIENTED_EDGE('',*,*,#4293,.F.);
#2268=ORIENTED_EDGE('',*,*,#4302,.T.);
#2269=ORIENTED_EDGE('',*,*,#4300,.T.);
#2270=ORIENTED_EDGE('',*,*,#4292,.F.);
#2271=ORIENTED_EDGE('',*,*,#4295,.F.);
#2272=ORIENTED_EDGE('',*,*,#4297,.F.);
#2273=ORIENTED_EDGE('',*,*,#4299,.F.);
#2274=ORIENTED_EDGE('',*,*,#4301,.F.);
#2275=ORIENTED_EDGE('',*,*,#4302,.F.);
#2276=ORIENTED_EDGE('',*,*,#3459,.F.);
#2277=ORIENTED_EDGE('',*,*,#4303,.F.);
#2278=ORIENTED_EDGE('',*,*,#4304,.T.);
#2279=ORIENTED_EDGE('',*,*,#4305,.T.);
#2280=ORIENTED_EDGE('',*,*,#3458,.F.);
#2281=ORIENTED_EDGE('',*,*,#4306,.F.);
#2282=ORIENTED_EDGE('',*,*,#4307,.T.);
#2283=ORIENTED_EDGE('',*,*,#4303,.T.);
#2284=ORIENTED_EDGE('',*,*,#3469,.F.);
#2285=ORIENTED_EDGE('',*,*,#4308,.F.);
#2286=ORIENTED_EDGE('',*,*,#4309,.T.);
#2287=ORIENTED_EDGE('',*,*,#4306,.T.);
#2288=ORIENTED_EDGE('',*,*,#3468,.F.);
#2289=ORIENTED_EDGE('',*,*,#4310,.F.);
#2290=ORIENTED_EDGE('',*,*,#4311,.T.);
#2291=ORIENTED_EDGE('',*,*,#4308,.T.);
#2292=ORIENTED_EDGE('',*,*,#3467,.F.);
#2293=ORIENTED_EDGE('',*,*,#4312,.F.);
#2294=ORIENTED_EDGE('',*,*,#4313,.T.);
#2295=ORIENTED_EDGE('',*,*,#4310,.T.);
#2296=ORIENTED_EDGE('',*,*,#3466,.F.);
#2297=ORIENTED_EDGE('',*,*,#4314,.F.);
#2298=ORIENTED_EDGE('',*,*,#4315,.T.);
#2299=ORIENTED_EDGE('',*,*,#4312,.T.);
#2300=ORIENTED_EDGE('',*,*,#3465,.F.);
#2301=ORIENTED_EDGE('',*,*,#4316,.F.);
#2302=ORIENTED_EDGE('',*,*,#4317,.T.);
#2303=ORIENTED_EDGE('',*,*,#4314,.T.);
#2304=ORIENTED_EDGE('',*,*,#3464,.F.);
#2305=ORIENTED_EDGE('',*,*,#4318,.F.);
#2306=ORIENTED_EDGE('',*,*,#4319,.T.);
#2307=ORIENTED_EDGE('',*,*,#4316,.T.);
#2308=ORIENTED_EDGE('',*,*,#3463,.F.);
#2309=ORIENTED_EDGE('',*,*,#4320,.F.);
#2310=ORIENTED_EDGE('',*,*,#4321,.T.);
#2311=ORIENTED_EDGE('',*,*,#4318,.T.);
#2312=ORIENTED_EDGE('',*,*,#3462,.F.);
#2313=ORIENTED_EDGE('',*,*,#4322,.F.);
#2314=ORIENTED_EDGE('',*,*,#4323,.T.);
#2315=ORIENTED_EDGE('',*,*,#4320,.T.);
#2316=ORIENTED_EDGE('',*,*,#3461,.F.);
#2317=ORIENTED_EDGE('',*,*,#4324,.F.);
#2318=ORIENTED_EDGE('',*,*,#4325,.T.);
#2319=ORIENTED_EDGE('',*,*,#4322,.T.);
#2320=ORIENTED_EDGE('',*,*,#3460,.F.);
#2321=ORIENTED_EDGE('',*,*,#4305,.F.);
#2322=ORIENTED_EDGE('',*,*,#4326,.T.);
#2323=ORIENTED_EDGE('',*,*,#4324,.T.);
#2324=ORIENTED_EDGE('',*,*,#4304,.F.);
#2325=ORIENTED_EDGE('',*,*,#4307,.F.);
#2326=ORIENTED_EDGE('',*,*,#4309,.F.);
#2327=ORIENTED_EDGE('',*,*,#4311,.F.);
#2328=ORIENTED_EDGE('',*,*,#4313,.F.);
#2329=ORIENTED_EDGE('',*,*,#4315,.F.);
#2330=ORIENTED_EDGE('',*,*,#4317,.F.);
#2331=ORIENTED_EDGE('',*,*,#4319,.F.);
#2332=ORIENTED_EDGE('',*,*,#4321,.F.);
#2333=ORIENTED_EDGE('',*,*,#4323,.F.);
#2334=ORIENTED_EDGE('',*,*,#4325,.F.);
#2335=ORIENTED_EDGE('',*,*,#4326,.F.);
#2336=ORIENTED_EDGE('',*,*,#3429,.F.);
#2337=ORIENTED_EDGE('',*,*,#4327,.F.);
#2338=ORIENTED_EDGE('',*,*,#4328,.T.);
#2339=ORIENTED_EDGE('',*,*,#4329,.T.);
#2340=ORIENTED_EDGE('',*,*,#3428,.F.);
#2341=ORIENTED_EDGE('',*,*,#4330,.F.);
#2342=ORIENTED_EDGE('',*,*,#4331,.T.);
#2343=ORIENTED_EDGE('',*,*,#4327,.T.);
#2344=ORIENTED_EDGE('',*,*,#3457,.F.);
#2345=ORIENTED_EDGE('',*,*,#4332,.F.);
#2346=ORIENTED_EDGE('',*,*,#4333,.T.);
#2347=ORIENTED_EDGE('',*,*,#4330,.T.);
#2348=ORIENTED_EDGE('',*,*,#3456,.F.);
#2349=ORIENTED_EDGE('',*,*,#4334,.F.);
#2350=ORIENTED_EDGE('',*,*,#4335,.T.);
#2351=ORIENTED_EDGE('',*,*,#4332,.T.);
#2352=ORIENTED_EDGE('',*,*,#3455,.F.);
#2353=ORIENTED_EDGE('',*,*,#4336,.F.);
#2354=ORIENTED_EDGE('',*,*,#4337,.T.);
#2355=ORIENTED_EDGE('',*,*,#4334,.T.);
#2356=ORIENTED_EDGE('',*,*,#3454,.F.);
#2357=ORIENTED_EDGE('',*,*,#4338,.F.);
#2358=ORIENTED_EDGE('',*,*,#4339,.T.);
#2359=ORIENTED_EDGE('',*,*,#4336,.T.);
#2360=ORIENTED_EDGE('',*,*,#3453,.F.);
#2361=ORIENTED_EDGE('',*,*,#4340,.F.);
#2362=ORIENTED_EDGE('',*,*,#4341,.T.);
#2363=ORIENTED_EDGE('',*,*,#4338,.T.);
#2364=ORIENTED_EDGE('',*,*,#3452,.F.);
#2365=ORIENTED_EDGE('',*,*,#4342,.F.);
#2366=ORIENTED_EDGE('',*,*,#4343,.T.);
#2367=ORIENTED_EDGE('',*,*,#4340,.T.);
#2368=ORIENTED_EDGE('',*,*,#3451,.F.);
#2369=ORIENTED_EDGE('',*,*,#4344,.F.);
#2370=ORIENTED_EDGE('',*,*,#4345,.T.);
#2371=ORIENTED_EDGE('',*,*,#4342,.T.);
#2372=ORIENTED_EDGE('',*,*,#3450,.F.);
#2373=ORIENTED_EDGE('',*,*,#4346,.F.);
#2374=ORIENTED_EDGE('',*,*,#4347,.T.);
#2375=ORIENTED_EDGE('',*,*,#4344,.T.);
#2376=ORIENTED_EDGE('',*,*,#3449,.F.);
#2377=ORIENTED_EDGE('',*,*,#4348,.F.);
#2378=ORIENTED_EDGE('',*,*,#4349,.T.);
#2379=ORIENTED_EDGE('',*,*,#4346,.T.);
#2380=ORIENTED_EDGE('',*,*,#3448,.F.);
#2381=ORIENTED_EDGE('',*,*,#4350,.F.);
#2382=ORIENTED_EDGE('',*,*,#4351,.T.);
#2383=ORIENTED_EDGE('',*,*,#4348,.T.);
#2384=ORIENTED_EDGE('',*,*,#3447,.F.);
#2385=ORIENTED_EDGE('',*,*,#4352,.F.);
#2386=ORIENTED_EDGE('',*,*,#4353,.T.);
#2387=ORIENTED_EDGE('',*,*,#4350,.T.);
#2388=ORIENTED_EDGE('',*,*,#3446,.F.);
#2389=ORIENTED_EDGE('',*,*,#4354,.F.);
#2390=ORIENTED_EDGE('',*,*,#4355,.T.);
#2391=ORIENTED_EDGE('',*,*,#4352,.T.);
#2392=ORIENTED_EDGE('',*,*,#3445,.F.);
#2393=ORIENTED_EDGE('',*,*,#4356,.F.);
#2394=ORIENTED_EDGE('',*,*,#4357,.T.);
#2395=ORIENTED_EDGE('',*,*,#4354,.T.);
#2396=ORIENTED_EDGE('',*,*,#3444,.F.);
#2397=ORIENTED_EDGE('',*,*,#4358,.F.);
#2398=ORIENTED_EDGE('',*,*,#4359,.T.);
#2399=ORIENTED_EDGE('',*,*,#4356,.T.);
#2400=ORIENTED_EDGE('',*,*,#3443,.F.);
#2401=ORIENTED_EDGE('',*,*,#4360,.F.);
#2402=ORIENTED_EDGE('',*,*,#4361,.T.);
#2403=ORIENTED_EDGE('',*,*,#4358,.T.);
#2404=ORIENTED_EDGE('',*,*,#3442,.F.);
#2405=ORIENTED_EDGE('',*,*,#4362,.F.);
#2406=ORIENTED_EDGE('',*,*,#4363,.T.);
#2407=ORIENTED_EDGE('',*,*,#4360,.T.);
#2408=ORIENTED_EDGE('',*,*,#3441,.F.);
#2409=ORIENTED_EDGE('',*,*,#4364,.F.);
#2410=ORIENTED_EDGE('',*,*,#4365,.T.);
#2411=ORIENTED_EDGE('',*,*,#4362,.T.);
#2412=ORIENTED_EDGE('',*,*,#3440,.F.);
#2413=ORIENTED_EDGE('',*,*,#4366,.F.);
#2414=ORIENTED_EDGE('',*,*,#4367,.T.);
#2415=ORIENTED_EDGE('',*,*,#4364,.T.);
#2416=ORIENTED_EDGE('',*,*,#3439,.F.);
#2417=ORIENTED_EDGE('',*,*,#4368,.F.);
#2418=ORIENTED_EDGE('',*,*,#4369,.T.);
#2419=ORIENTED_EDGE('',*,*,#4366,.T.);
#2420=ORIENTED_EDGE('',*,*,#3438,.F.);
#2421=ORIENTED_EDGE('',*,*,#4370,.F.);
#2422=ORIENTED_EDGE('',*,*,#4371,.T.);
#2423=ORIENTED_EDGE('',*,*,#4368,.T.);
#2424=ORIENTED_EDGE('',*,*,#3437,.F.);
#2425=ORIENTED_EDGE('',*,*,#4372,.F.);
#2426=ORIENTED_EDGE('',*,*,#4373,.T.);
#2427=ORIENTED_EDGE('',*,*,#4370,.T.);
#2428=ORIENTED_EDGE('',*,*,#3436,.F.);
#2429=ORIENTED_EDGE('',*,*,#4374,.F.);
#2430=ORIENTED_EDGE('',*,*,#4375,.T.);
#2431=ORIENTED_EDGE('',*,*,#4372,.T.);
#2432=ORIENTED_EDGE('',*,*,#3435,.F.);
#2433=ORIENTED_EDGE('',*,*,#4376,.F.);
#2434=ORIENTED_EDGE('',*,*,#4377,.T.);
#2435=ORIENTED_EDGE('',*,*,#4374,.T.);
#2436=ORIENTED_EDGE('',*,*,#3434,.F.);
#2437=ORIENTED_EDGE('',*,*,#4378,.F.);
#2438=ORIENTED_EDGE('',*,*,#4379,.T.);
#2439=ORIENTED_EDGE('',*,*,#4376,.T.);
#2440=ORIENTED_EDGE('',*,*,#3433,.F.);
#2441=ORIENTED_EDGE('',*,*,#4380,.F.);
#2442=ORIENTED_EDGE('',*,*,#4381,.T.);
#2443=ORIENTED_EDGE('',*,*,#4378,.T.);
#2444=ORIENTED_EDGE('',*,*,#3432,.F.);
#2445=ORIENTED_EDGE('',*,*,#4382,.F.);
#2446=ORIENTED_EDGE('',*,*,#4383,.T.);
#2447=ORIENTED_EDGE('',*,*,#4380,.T.);
#2448=ORIENTED_EDGE('',*,*,#3431,.F.);
#2449=ORIENTED_EDGE('',*,*,#4384,.F.);
#2450=ORIENTED_EDGE('',*,*,#4385,.T.);
#2451=ORIENTED_EDGE('',*,*,#4382,.T.);
#2452=ORIENTED_EDGE('',*,*,#3430,.F.);
#2453=ORIENTED_EDGE('',*,*,#4329,.F.);
#2454=ORIENTED_EDGE('',*,*,#4386,.T.);
#2455=ORIENTED_EDGE('',*,*,#4384,.T.);
#2456=ORIENTED_EDGE('',*,*,#4328,.F.);
#2457=ORIENTED_EDGE('',*,*,#4331,.F.);
#2458=ORIENTED_EDGE('',*,*,#4333,.F.);
#2459=ORIENTED_EDGE('',*,*,#4335,.F.);
#2460=ORIENTED_EDGE('',*,*,#4337,.F.);
#2461=ORIENTED_EDGE('',*,*,#4339,.F.);
#2462=ORIENTED_EDGE('',*,*,#4341,.F.);
#2463=ORIENTED_EDGE('',*,*,#4343,.F.);
#2464=ORIENTED_EDGE('',*,*,#4345,.F.);
#2465=ORIENTED_EDGE('',*,*,#4347,.F.);
#2466=ORIENTED_EDGE('',*,*,#4349,.F.);
#2467=ORIENTED_EDGE('',*,*,#4351,.F.);
#2468=ORIENTED_EDGE('',*,*,#4353,.F.);
#2469=ORIENTED_EDGE('',*,*,#4355,.F.);
#2470=ORIENTED_EDGE('',*,*,#4357,.F.);
#2471=ORIENTED_EDGE('',*,*,#4359,.F.);
#2472=ORIENTED_EDGE('',*,*,#4361,.F.);
#2473=ORIENTED_EDGE('',*,*,#4363,.F.);
#2474=ORIENTED_EDGE('',*,*,#4365,.F.);
#2475=ORIENTED_EDGE('',*,*,#4367,.F.);
#2476=ORIENTED_EDGE('',*,*,#4369,.F.);
#2477=ORIENTED_EDGE('',*,*,#4371,.F.);
#2478=ORIENTED_EDGE('',*,*,#4373,.F.);
#2479=ORIENTED_EDGE('',*,*,#4375,.F.);
#2480=ORIENTED_EDGE('',*,*,#4377,.F.);
#2481=ORIENTED_EDGE('',*,*,#4379,.F.);
#2482=ORIENTED_EDGE('',*,*,#4381,.F.);
#2483=ORIENTED_EDGE('',*,*,#4383,.F.);
#2484=ORIENTED_EDGE('',*,*,#4385,.F.);
#2485=ORIENTED_EDGE('',*,*,#4386,.F.);
#2486=ORIENTED_EDGE('',*,*,#3421,.F.);
#2487=ORIENTED_EDGE('',*,*,#4387,.F.);
#2488=ORIENTED_EDGE('',*,*,#4388,.T.);
#2489=ORIENTED_EDGE('',*,*,#4389,.T.);
#2490=ORIENTED_EDGE('',*,*,#3420,.F.);
#2491=ORIENTED_EDGE('',*,*,#4390,.F.);
#2492=ORIENTED_EDGE('',*,*,#4391,.T.);
#2493=ORIENTED_EDGE('',*,*,#4387,.T.);
#2494=ORIENTED_EDGE('',*,*,#3427,.F.);
#2495=ORIENTED_EDGE('',*,*,#4392,.F.);
#2496=ORIENTED_EDGE('',*,*,#4393,.T.);
#2497=ORIENTED_EDGE('',*,*,#4390,.T.);
#2498=ORIENTED_EDGE('',*,*,#3426,.F.);
#2499=ORIENTED_EDGE('',*,*,#4394,.F.);
#2500=ORIENTED_EDGE('',*,*,#4395,.T.);
#2501=ORIENTED_EDGE('',*,*,#4392,.T.);
#2502=ORIENTED_EDGE('',*,*,#3425,.F.);
#2503=ORIENTED_EDGE('',*,*,#4396,.F.);
#2504=ORIENTED_EDGE('',*,*,#4397,.T.);
#2505=ORIENTED_EDGE('',*,*,#4394,.T.);
#2506=ORIENTED_EDGE('',*,*,#3424,.F.);
#2507=ORIENTED_EDGE('',*,*,#4398,.F.);
#2508=ORIENTED_EDGE('',*,*,#4399,.T.);
#2509=ORIENTED_EDGE('',*,*,#4396,.T.);
#2510=ORIENTED_EDGE('',*,*,#3423,.F.);
#2511=ORIENTED_EDGE('',*,*,#4400,.F.);
#2512=ORIENTED_EDGE('',*,*,#4401,.T.);
#2513=ORIENTED_EDGE('',*,*,#4398,.T.);
#2514=ORIENTED_EDGE('',*,*,#3422,.F.);
#2515=ORIENTED_EDGE('',*,*,#4389,.F.);
#2516=ORIENTED_EDGE('',*,*,#4402,.T.);
#2517=ORIENTED_EDGE('',*,*,#4400,.T.);
#2518=ORIENTED_EDGE('',*,*,#4388,.F.);
#2519=ORIENTED_EDGE('',*,*,#4391,.F.);
#2520=ORIENTED_EDGE('',*,*,#4393,.F.);
#2521=ORIENTED_EDGE('',*,*,#4395,.F.);
#2522=ORIENTED_EDGE('',*,*,#4397,.F.);
#2523=ORIENTED_EDGE('',*,*,#4399,.F.);
#2524=ORIENTED_EDGE('',*,*,#4401,.F.);
#2525=ORIENTED_EDGE('',*,*,#4402,.F.);
#2526=ORIENTED_EDGE('',*,*,#4403,.F.);
#2527=ORIENTED_EDGE('',*,*,#4404,.F.);
#2528=ORIENTED_EDGE('',*,*,#4405,.T.);
#2529=ORIENTED_EDGE('',*,*,#4406,.T.);
#2530=ORIENTED_EDGE('',*,*,#4407,.F.);
#2531=ORIENTED_EDGE('',*,*,#4408,.F.);
#2532=ORIENTED_EDGE('',*,*,#4409,.T.);
#2533=ORIENTED_EDGE('',*,*,#4404,.T.);
#2534=ORIENTED_EDGE('',*,*,#4410,.F.);
#2535=ORIENTED_EDGE('',*,*,#4411,.F.);
#2536=ORIENTED_EDGE('',*,*,#4412,.T.);
#2537=ORIENTED_EDGE('',*,*,#4408,.T.);
#2538=ORIENTED_EDGE('',*,*,#4413,.F.);
#2539=ORIENTED_EDGE('',*,*,#4414,.F.);
#2540=ORIENTED_EDGE('',*,*,#4415,.T.);
#2541=ORIENTED_EDGE('',*,*,#4411,.T.);
#2542=ORIENTED_EDGE('',*,*,#4416,.F.);
#2543=ORIENTED_EDGE('',*,*,#4417,.F.);
#2544=ORIENTED_EDGE('',*,*,#4418,.T.);
#2545=ORIENTED_EDGE('',*,*,#4414,.T.);
#2546=ORIENTED_EDGE('',*,*,#4419,.F.);
#2547=ORIENTED_EDGE('',*,*,#4420,.F.);
#2548=ORIENTED_EDGE('',*,*,#4421,.T.);
#2549=ORIENTED_EDGE('',*,*,#4417,.T.);
#2550=ORIENTED_EDGE('',*,*,#3561,.F.);
#2551=ORIENTED_EDGE('',*,*,#4422,.F.);
#2552=ORIENTED_EDGE('',*,*,#4423,.T.);
#2553=ORIENTED_EDGE('',*,*,#4424,.T.);
#2554=ORIENTED_EDGE('',*,*,#3560,.F.);
#2555=ORIENTED_EDGE('',*,*,#4425,.F.);
#2556=ORIENTED_EDGE('',*,*,#4426,.T.);
#2557=ORIENTED_EDGE('',*,*,#4422,.T.);
#2558=ORIENTED_EDGE('',*,*,#3572,.F.);
#2559=ORIENTED_EDGE('',*,*,#4427,.F.);
#2560=ORIENTED_EDGE('',*,*,#4428,.T.);
#2561=ORIENTED_EDGE('',*,*,#4425,.T.);
#2562=ORIENTED_EDGE('',*,*,#3571,.F.);
#2563=ORIENTED_EDGE('',*,*,#4429,.F.);
#2564=ORIENTED_EDGE('',*,*,#4430,.T.);
#2565=ORIENTED_EDGE('',*,*,#4427,.T.);
#2566=ORIENTED_EDGE('',*,*,#3570,.F.);
#2567=ORIENTED_EDGE('',*,*,#4431,.F.);
#2568=ORIENTED_EDGE('',*,*,#4432,.T.);
#2569=ORIENTED_EDGE('',*,*,#4429,.T.);
#2570=ORIENTED_EDGE('',*,*,#3569,.F.);
#2571=ORIENTED_EDGE('',*,*,#4433,.F.);
#2572=ORIENTED_EDGE('',*,*,#4434,.T.);
#2573=ORIENTED_EDGE('',*,*,#4431,.T.);
#2574=ORIENTED_EDGE('',*,*,#3568,.F.);
#2575=ORIENTED_EDGE('',*,*,#4435,.F.);
#2576=ORIENTED_EDGE('',*,*,#4436,.T.);
#2577=ORIENTED_EDGE('',*,*,#4433,.T.);
#2578=ORIENTED_EDGE('',*,*,#3567,.F.);
#2579=ORIENTED_EDGE('',*,*,#4437,.F.);
#2580=ORIENTED_EDGE('',*,*,#4438,.T.);
#2581=ORIENTED_EDGE('',*,*,#4435,.T.);
#2582=ORIENTED_EDGE('',*,*,#3566,.F.);
#2583=ORIENTED_EDGE('',*,*,#4439,.F.);
#2584=ORIENTED_EDGE('',*,*,#4440,.T.);
#2585=ORIENTED_EDGE('',*,*,#4437,.T.);
#2586=ORIENTED_EDGE('',*,*,#3565,.F.);
#2587=ORIENTED_EDGE('',*,*,#4441,.F.);
#2588=ORIENTED_EDGE('',*,*,#4442,.T.);
#2589=ORIENTED_EDGE('',*,*,#4439,.T.);
#2590=ORIENTED_EDGE('',*,*,#3564,.F.);
#2591=ORIENTED_EDGE('',*,*,#4443,.F.);
#2592=ORIENTED_EDGE('',*,*,#4444,.T.);
#2593=ORIENTED_EDGE('',*,*,#4441,.T.);
#2594=ORIENTED_EDGE('',*,*,#3563,.F.);
#2595=ORIENTED_EDGE('',*,*,#4445,.F.);
#2596=ORIENTED_EDGE('',*,*,#4446,.T.);
#2597=ORIENTED_EDGE('',*,*,#4443,.T.);
#2598=ORIENTED_EDGE('',*,*,#3562,.F.);
#2599=ORIENTED_EDGE('',*,*,#4424,.F.);
#2600=ORIENTED_EDGE('',*,*,#4447,.T.);
#2601=ORIENTED_EDGE('',*,*,#4445,.T.);
#2602=ORIENTED_EDGE('',*,*,#4448,.F.);
#2603=ORIENTED_EDGE('',*,*,#4406,.F.);
#2604=ORIENTED_EDGE('',*,*,#4449,.T.);
#2605=ORIENTED_EDGE('',*,*,#4420,.T.);
#2606=ORIENTED_EDGE('',*,*,#4423,.F.);
#2607=ORIENTED_EDGE('',*,*,#4426,.F.);
#2608=ORIENTED_EDGE('',*,*,#4428,.F.);
#2609=ORIENTED_EDGE('',*,*,#4430,.F.);
#2610=ORIENTED_EDGE('',*,*,#4432,.F.);
#2611=ORIENTED_EDGE('',*,*,#4434,.F.);
#2612=ORIENTED_EDGE('',*,*,#4436,.F.);
#2613=ORIENTED_EDGE('',*,*,#4438,.F.);
#2614=ORIENTED_EDGE('',*,*,#4440,.F.);
#2615=ORIENTED_EDGE('',*,*,#4442,.F.);
#2616=ORIENTED_EDGE('',*,*,#4444,.F.);
#2617=ORIENTED_EDGE('',*,*,#4446,.F.);
#2618=ORIENTED_EDGE('',*,*,#4447,.F.);
#2619=ORIENTED_EDGE('',*,*,#4405,.F.);
#2620=ORIENTED_EDGE('',*,*,#4409,.F.);
#2621=ORIENTED_EDGE('',*,*,#4412,.F.);
#2622=ORIENTED_EDGE('',*,*,#4415,.F.);
#2623=ORIENTED_EDGE('',*,*,#4418,.F.);
#2624=ORIENTED_EDGE('',*,*,#4421,.F.);
#2625=ORIENTED_EDGE('',*,*,#4449,.F.);
#2626=ORIENTED_EDGE('',*,*,#3574,.F.);
#2627=ORIENTED_EDGE('',*,*,#4450,.F.);
#2628=ORIENTED_EDGE('',*,*,#4451,.T.);
#2629=ORIENTED_EDGE('',*,*,#4452,.T.);
#2630=ORIENTED_EDGE('',*,*,#3573,.F.);
#2631=ORIENTED_EDGE('',*,*,#4453,.F.);
#2632=ORIENTED_EDGE('',*,*,#4454,.T.);
#2633=ORIENTED_EDGE('',*,*,#4450,.T.);
#2634=ORIENTED_EDGE('',*,*,#3580,.F.);
#2635=ORIENTED_EDGE('',*,*,#4455,.F.);
#2636=ORIENTED_EDGE('',*,*,#4456,.T.);
#2637=ORIENTED_EDGE('',*,*,#4453,.T.);
#2638=ORIENTED_EDGE('',*,*,#3579,.F.);
#2639=ORIENTED_EDGE('',*,*,#4457,.F.);
#2640=ORIENTED_EDGE('',*,*,#4458,.T.);
#2641=ORIENTED_EDGE('',*,*,#4455,.T.);
#2642=ORIENTED_EDGE('',*,*,#3578,.F.);
#2643=ORIENTED_EDGE('',*,*,#4459,.F.);
#2644=ORIENTED_EDGE('',*,*,#4460,.T.);
#2645=ORIENTED_EDGE('',*,*,#4457,.T.);
#2646=ORIENTED_EDGE('',*,*,#3577,.F.);
#2647=ORIENTED_EDGE('',*,*,#4461,.F.);
#2648=ORIENTED_EDGE('',*,*,#4462,.T.);
#2649=ORIENTED_EDGE('',*,*,#4459,.T.);
#2650=ORIENTED_EDGE('',*,*,#3576,.F.);
#2651=ORIENTED_EDGE('',*,*,#4463,.F.);
#2652=ORIENTED_EDGE('',*,*,#4464,.T.);
#2653=ORIENTED_EDGE('',*,*,#4461,.T.);
#2654=ORIENTED_EDGE('',*,*,#4465,.F.);
#2655=ORIENTED_EDGE('',*,*,#4466,.F.);
#2656=ORIENTED_EDGE('',*,*,#4467,.T.);
#2657=ORIENTED_EDGE('',*,*,#4468,.T.);
#2658=ORIENTED_EDGE('',*,*,#4469,.F.);
#2659=ORIENTED_EDGE('',*,*,#4470,.F.);
#2660=ORIENTED_EDGE('',*,*,#4471,.T.);
#2661=ORIENTED_EDGE('',*,*,#4466,.T.);
#2662=ORIENTED_EDGE('',*,*,#4472,.F.);
#2663=ORIENTED_EDGE('',*,*,#4473,.F.);
#2664=ORIENTED_EDGE('',*,*,#4474,.T.);
#2665=ORIENTED_EDGE('',*,*,#4470,.T.);
#2666=ORIENTED_EDGE('',*,*,#4475,.F.);
#2667=ORIENTED_EDGE('',*,*,#4476,.F.);
#2668=ORIENTED_EDGE('',*,*,#4477,.T.);
#2669=ORIENTED_EDGE('',*,*,#4473,.T.);
#2670=ORIENTED_EDGE('',*,*,#4478,.F.);
#2671=ORIENTED_EDGE('',*,*,#4479,.F.);
#2672=ORIENTED_EDGE('',*,*,#4480,.T.);
#2673=ORIENTED_EDGE('',*,*,#4476,.T.);
#2674=ORIENTED_EDGE('',*,*,#4481,.F.);
#2675=ORIENTED_EDGE('',*,*,#4468,.F.);
#2676=ORIENTED_EDGE('',*,*,#4482,.T.);
#2677=ORIENTED_EDGE('',*,*,#4479,.T.);
#2678=ORIENTED_EDGE('',*,*,#3575,.F.);
#2679=ORIENTED_EDGE('',*,*,#4452,.F.);
#2680=ORIENTED_EDGE('',*,*,#4483,.T.);
#2681=ORIENTED_EDGE('',*,*,#4463,.T.);
#2682=ORIENTED_EDGE('',*,*,#4467,.F.);
#2683=ORIENTED_EDGE('',*,*,#4471,.F.);
#2684=ORIENTED_EDGE('',*,*,#4474,.F.);
#2685=ORIENTED_EDGE('',*,*,#4477,.F.);
#2686=ORIENTED_EDGE('',*,*,#4480,.F.);
#2687=ORIENTED_EDGE('',*,*,#4482,.F.);
#2688=ORIENTED_EDGE('',*,*,#4451,.F.);
#2689=ORIENTED_EDGE('',*,*,#4454,.F.);
#2690=ORIENTED_EDGE('',*,*,#4456,.F.);
#2691=ORIENTED_EDGE('',*,*,#4458,.F.);
#2692=ORIENTED_EDGE('',*,*,#4460,.F.);
#2693=ORIENTED_EDGE('',*,*,#4462,.F.);
#2694=ORIENTED_EDGE('',*,*,#4464,.F.);
#2695=ORIENTED_EDGE('',*,*,#4483,.F.);
#2696=ORIENTED_EDGE('',*,*,#4469,.T.);
#2697=ORIENTED_EDGE('',*,*,#4465,.T.);
#2698=ORIENTED_EDGE('',*,*,#4481,.T.);
#2699=ORIENTED_EDGE('',*,*,#4478,.T.);
#2700=ORIENTED_EDGE('',*,*,#4475,.T.);
#2701=ORIENTED_EDGE('',*,*,#4472,.T.);
#2702=ORIENTED_EDGE('',*,*,#3582,.F.);
#2703=ORIENTED_EDGE('',*,*,#4484,.F.);
#2704=ORIENTED_EDGE('',*,*,#4485,.T.);
#2705=ORIENTED_EDGE('',*,*,#4486,.T.);
#2706=ORIENTED_EDGE('',*,*,#3581,.F.);
#2707=ORIENTED_EDGE('',*,*,#4487,.F.);
#2708=ORIENTED_EDGE('',*,*,#4488,.T.);
#2709=ORIENTED_EDGE('',*,*,#4484,.T.);
#2710=ORIENTED_EDGE('',*,*,#3588,.F.);
#2711=ORIENTED_EDGE('',*,*,#4489,.F.);
#2712=ORIENTED_EDGE('',*,*,#4490,.T.);
#2713=ORIENTED_EDGE('',*,*,#4487,.T.);
#2714=ORIENTED_EDGE('',*,*,#3587,.F.);
#2715=ORIENTED_EDGE('',*,*,#4491,.F.);
#2716=ORIENTED_EDGE('',*,*,#4492,.T.);
#2717=ORIENTED_EDGE('',*,*,#4489,.T.);
#2718=ORIENTED_EDGE('',*,*,#3586,.F.);
#2719=ORIENTED_EDGE('',*,*,#4493,.F.);
#2720=ORIENTED_EDGE('',*,*,#4494,.T.);
#2721=ORIENTED_EDGE('',*,*,#4491,.T.);
#2722=ORIENTED_EDGE('',*,*,#3585,.F.);
#2723=ORIENTED_EDGE('',*,*,#4495,.F.);
#2724=ORIENTED_EDGE('',*,*,#4496,.T.);
#2725=ORIENTED_EDGE('',*,*,#4493,.T.);
#2726=ORIENTED_EDGE('',*,*,#3584,.F.);
#2727=ORIENTED_EDGE('',*,*,#4497,.F.);
#2728=ORIENTED_EDGE('',*,*,#4498,.T.);
#2729=ORIENTED_EDGE('',*,*,#4495,.T.);
#2730=ORIENTED_EDGE('',*,*,#3583,.F.);
#2731=ORIENTED_EDGE('',*,*,#4486,.F.);
#2732=ORIENTED_EDGE('',*,*,#4499,.T.);
#2733=ORIENTED_EDGE('',*,*,#4497,.T.);
#2734=ORIENTED_EDGE('',*,*,#4485,.F.);
#2735=ORIENTED_EDGE('',*,*,#4488,.F.);
#2736=ORIENTED_EDGE('',*,*,#4490,.F.);
#2737=ORIENTED_EDGE('',*,*,#4492,.F.);
#2738=ORIENTED_EDGE('',*,*,#4494,.F.);
#2739=ORIENTED_EDGE('',*,*,#4496,.F.);
#2740=ORIENTED_EDGE('',*,*,#4498,.F.);
#2741=ORIENTED_EDGE('',*,*,#4499,.F.);
#2742=ORIENTED_EDGE('',*,*,#3590,.F.);
#2743=ORIENTED_EDGE('',*,*,#4500,.F.);
#2744=ORIENTED_EDGE('',*,*,#4501,.T.);
#2745=ORIENTED_EDGE('',*,*,#4502,.T.);
#2746=ORIENTED_EDGE('',*,*,#3589,.F.);
#2747=ORIENTED_EDGE('',*,*,#4503,.F.);
#2748=ORIENTED_EDGE('',*,*,#4504,.T.);
#2749=ORIENTED_EDGE('',*,*,#4500,.T.);
#2750=ORIENTED_EDGE('',*,*,#3618,.F.);
#2751=ORIENTED_EDGE('',*,*,#4505,.F.);
#2752=ORIENTED_EDGE('',*,*,#4506,.T.);
#2753=ORIENTED_EDGE('',*,*,#4503,.T.);
#2754=ORIENTED_EDGE('',*,*,#3617,.F.);
#2755=ORIENTED_EDGE('',*,*,#4507,.F.);
#2756=ORIENTED_EDGE('',*,*,#4508,.T.);
#2757=ORIENTED_EDGE('',*,*,#4505,.T.);
#2758=ORIENTED_EDGE('',*,*,#3616,.F.);
#2759=ORIENTED_EDGE('',*,*,#4509,.F.);
#2760=ORIENTED_EDGE('',*,*,#4510,.T.);
#2761=ORIENTED_EDGE('',*,*,#4507,.T.);
#2762=ORIENTED_EDGE('',*,*,#3615,.F.);
#2763=ORIENTED_EDGE('',*,*,#4511,.F.);
#2764=ORIENTED_EDGE('',*,*,#4512,.T.);
#2765=ORIENTED_EDGE('',*,*,#4509,.T.);
#2766=ORIENTED_EDGE('',*,*,#3614,.F.);
#2767=ORIENTED_EDGE('',*,*,#4513,.F.);
#2768=ORIENTED_EDGE('',*,*,#4514,.T.);
#2769=ORIENTED_EDGE('',*,*,#4511,.T.);
#2770=ORIENTED_EDGE('',*,*,#3613,.F.);
#2771=ORIENTED_EDGE('',*,*,#4515,.F.);
#2772=ORIENTED_EDGE('',*,*,#4516,.T.);
#2773=ORIENTED_EDGE('',*,*,#4513,.T.);
#2774=ORIENTED_EDGE('',*,*,#3612,.F.);
#2775=ORIENTED_EDGE('',*,*,#4517,.F.);
#2776=ORIENTED_EDGE('',*,*,#4518,.T.);
#2777=ORIENTED_EDGE('',*,*,#4515,.T.);
#2778=ORIENTED_EDGE('',*,*,#3611,.F.);
#2779=ORIENTED_EDGE('',*,*,#4519,.F.);
#2780=ORIENTED_EDGE('',*,*,#4520,.T.);
#2781=ORIENTED_EDGE('',*,*,#4517,.T.);
#2782=ORIENTED_EDGE('',*,*,#3610,.F.);
#2783=ORIENTED_EDGE('',*,*,#4521,.F.);
#2784=ORIENTED_EDGE('',*,*,#4522,.T.);
#2785=ORIENTED_EDGE('',*,*,#4519,.T.);
#2786=ORIENTED_EDGE('',*,*,#3609,.F.);
#2787=ORIENTED_EDGE('',*,*,#4523,.F.);
#2788=ORIENTED_EDGE('',*,*,#4524,.T.);
#2789=ORIENTED_EDGE('',*,*,#4521,.T.);
#2790=ORIENTED_EDGE('',*,*,#3608,.F.);
#2791=ORIENTED_EDGE('',*,*,#4525,.F.);
#2792=ORIENTED_EDGE('',*,*,#4526,.T.);
#2793=ORIENTED_EDGE('',*,*,#4523,.T.);
#2794=ORIENTED_EDGE('',*,*,#3607,.F.);
#2795=ORIENTED_EDGE('',*,*,#4527,.F.);
#2796=ORIENTED_EDGE('',*,*,#4528,.T.);
#2797=ORIENTED_EDGE('',*,*,#4525,.T.);
#2798=ORIENTED_EDGE('',*,*,#3606,.F.);
#2799=ORIENTED_EDGE('',*,*,#4529,.F.);
#2800=ORIENTED_EDGE('',*,*,#4530,.T.);
#2801=ORIENTED_EDGE('',*,*,#4527,.T.);
#2802=ORIENTED_EDGE('',*,*,#3605,.F.);
#2803=ORIENTED_EDGE('',*,*,#4531,.F.);
#2804=ORIENTED_EDGE('',*,*,#4532,.T.);
#2805=ORIENTED_EDGE('',*,*,#4529,.T.);
#2806=ORIENTED_EDGE('',*,*,#3604,.F.);
#2807=ORIENTED_EDGE('',*,*,#4533,.F.);
#2808=ORIENTED_EDGE('',*,*,#4534,.T.);
#2809=ORIENTED_EDGE('',*,*,#4531,.T.);
#2810=ORIENTED_EDGE('',*,*,#3603,.F.);
#2811=ORIENTED_EDGE('',*,*,#4535,.F.);
#2812=ORIENTED_EDGE('',*,*,#4536,.T.);
#2813=ORIENTED_EDGE('',*,*,#4533,.T.);
#2814=ORIENTED_EDGE('',*,*,#3602,.F.);
#2815=ORIENTED_EDGE('',*,*,#4537,.F.);
#2816=ORIENTED_EDGE('',*,*,#4538,.T.);
#2817=ORIENTED_EDGE('',*,*,#4535,.T.);
#2818=ORIENTED_EDGE('',*,*,#3601,.F.);
#2819=ORIENTED_EDGE('',*,*,#4539,.F.);
#2820=ORIENTED_EDGE('',*,*,#4540,.T.);
#2821=ORIENTED_EDGE('',*,*,#4537,.T.);
#2822=ORIENTED_EDGE('',*,*,#3600,.F.);
#2823=ORIENTED_EDGE('',*,*,#4541,.F.);
#2824=ORIENTED_EDGE('',*,*,#4542,.T.);
#2825=ORIENTED_EDGE('',*,*,#4539,.T.);
#2826=ORIENTED_EDGE('',*,*,#3599,.F.);
#2827=ORIENTED_EDGE('',*,*,#4543,.F.);
#2828=ORIENTED_EDGE('',*,*,#4544,.T.);
#2829=ORIENTED_EDGE('',*,*,#4541,.T.);
#2830=ORIENTED_EDGE('',*,*,#3598,.F.);
#2831=ORIENTED_EDGE('',*,*,#4545,.F.);
#2832=ORIENTED_EDGE('',*,*,#4546,.T.);
#2833=ORIENTED_EDGE('',*,*,#4543,.T.);
#2834=ORIENTED_EDGE('',*,*,#3597,.F.);
#2835=ORIENTED_EDGE('',*,*,#4547,.F.);
#2836=ORIENTED_EDGE('',*,*,#4548,.T.);
#2837=ORIENTED_EDGE('',*,*,#4545,.T.);
#2838=ORIENTED_EDGE('',*,*,#3596,.F.);
#2839=ORIENTED_EDGE('',*,*,#4549,.F.);
#2840=ORIENTED_EDGE('',*,*,#4550,.T.);
#2841=ORIENTED_EDGE('',*,*,#4547,.T.);
#2842=ORIENTED_EDGE('',*,*,#3595,.F.);
#2843=ORIENTED_EDGE('',*,*,#4551,.F.);
#2844=ORIENTED_EDGE('',*,*,#4552,.T.);
#2845=ORIENTED_EDGE('',*,*,#4549,.T.);
#2846=ORIENTED_EDGE('',*,*,#3594,.F.);
#2847=ORIENTED_EDGE('',*,*,#4553,.F.);
#2848=ORIENTED_EDGE('',*,*,#4554,.T.);
#2849=ORIENTED_EDGE('',*,*,#4551,.T.);
#2850=ORIENTED_EDGE('',*,*,#3593,.F.);
#2851=ORIENTED_EDGE('',*,*,#4555,.F.);
#2852=ORIENTED_EDGE('',*,*,#4556,.T.);
#2853=ORIENTED_EDGE('',*,*,#4553,.T.);
#2854=ORIENTED_EDGE('',*,*,#3592,.F.);
#2855=ORIENTED_EDGE('',*,*,#4557,.F.);
#2856=ORIENTED_EDGE('',*,*,#4558,.T.);
#2857=ORIENTED_EDGE('',*,*,#4555,.T.);
#2858=ORIENTED_EDGE('',*,*,#3591,.F.);
#2859=ORIENTED_EDGE('',*,*,#4502,.F.);
#2860=ORIENTED_EDGE('',*,*,#4559,.T.);
#2861=ORIENTED_EDGE('',*,*,#4557,.T.);
#2862=ORIENTED_EDGE('',*,*,#4501,.F.);
#2863=ORIENTED_EDGE('',*,*,#4504,.F.);
#2864=ORIENTED_EDGE('',*,*,#4506,.F.);
#2865=ORIENTED_EDGE('',*,*,#4508,.F.);
#2866=ORIENTED_EDGE('',*,*,#4510,.F.);
#2867=ORIENTED_EDGE('',*,*,#4512,.F.);
#2868=ORIENTED_EDGE('',*,*,#4514,.F.);
#2869=ORIENTED_EDGE('',*,*,#4516,.F.);
#2870=ORIENTED_EDGE('',*,*,#4518,.F.);
#2871=ORIENTED_EDGE('',*,*,#4520,.F.);
#2872=ORIENTED_EDGE('',*,*,#4522,.F.);
#2873=ORIENTED_EDGE('',*,*,#4524,.F.);
#2874=ORIENTED_EDGE('',*,*,#4526,.F.);
#2875=ORIENTED_EDGE('',*,*,#4528,.F.);
#2876=ORIENTED_EDGE('',*,*,#4530,.F.);
#2877=ORIENTED_EDGE('',*,*,#4532,.F.);
#2878=ORIENTED_EDGE('',*,*,#4534,.F.);
#2879=ORIENTED_EDGE('',*,*,#4536,.F.);
#2880=ORIENTED_EDGE('',*,*,#4538,.F.);
#2881=ORIENTED_EDGE('',*,*,#4540,.F.);
#2882=ORIENTED_EDGE('',*,*,#4542,.F.);
#2883=ORIENTED_EDGE('',*,*,#4544,.F.);
#2884=ORIENTED_EDGE('',*,*,#4546,.F.);
#2885=ORIENTED_EDGE('',*,*,#4548,.F.);
#2886=ORIENTED_EDGE('',*,*,#4550,.F.);
#2887=ORIENTED_EDGE('',*,*,#4552,.F.);
#2888=ORIENTED_EDGE('',*,*,#4554,.F.);
#2889=ORIENTED_EDGE('',*,*,#4556,.F.);
#2890=ORIENTED_EDGE('',*,*,#4558,.F.);
#2891=ORIENTED_EDGE('',*,*,#4559,.F.);
#2892=ORIENTED_EDGE('',*,*,#3620,.F.);
#2893=ORIENTED_EDGE('',*,*,#4560,.F.);
#2894=ORIENTED_EDGE('',*,*,#4561,.T.);
#2895=ORIENTED_EDGE('',*,*,#4562,.T.);
#2896=ORIENTED_EDGE('',*,*,#3619,.F.);
#2897=ORIENTED_EDGE('',*,*,#4563,.F.);
#2898=ORIENTED_EDGE('',*,*,#4564,.T.);
#2899=ORIENTED_EDGE('',*,*,#4560,.T.);
#2900=ORIENTED_EDGE('',*,*,#3633,.F.);
#2901=ORIENTED_EDGE('',*,*,#4565,.F.);
#2902=ORIENTED_EDGE('',*,*,#4566,.T.);
#2903=ORIENTED_EDGE('',*,*,#4563,.T.);
#2904=ORIENTED_EDGE('',*,*,#3632,.F.);
#2905=ORIENTED_EDGE('',*,*,#4567,.F.);
#2906=ORIENTED_EDGE('',*,*,#4568,.T.);
#2907=ORIENTED_EDGE('',*,*,#4565,.T.);
#2908=ORIENTED_EDGE('',*,*,#3631,.F.);
#2909=ORIENTED_EDGE('',*,*,#4569,.F.);
#2910=ORIENTED_EDGE('',*,*,#4570,.T.);
#2911=ORIENTED_EDGE('',*,*,#4567,.T.);
#2912=ORIENTED_EDGE('',*,*,#3630,.F.);
#2913=ORIENTED_EDGE('',*,*,#4571,.F.);
#2914=ORIENTED_EDGE('',*,*,#4572,.T.);
#2915=ORIENTED_EDGE('',*,*,#4569,.T.);
#2916=ORIENTED_EDGE('',*,*,#3629,.F.);
#2917=ORIENTED_EDGE('',*,*,#4573,.F.);
#2918=ORIENTED_EDGE('',*,*,#4574,.T.);
#2919=ORIENTED_EDGE('',*,*,#4571,.T.);
#2920=ORIENTED_EDGE('',*,*,#3628,.F.);
#2921=ORIENTED_EDGE('',*,*,#4575,.F.);
#2922=ORIENTED_EDGE('',*,*,#4576,.T.);
#2923=ORIENTED_EDGE('',*,*,#4573,.T.);
#2924=ORIENTED_EDGE('',*,*,#3627,.F.);
#2925=ORIENTED_EDGE('',*,*,#4577,.F.);
#2926=ORIENTED_EDGE('',*,*,#4578,.T.);
#2927=ORIENTED_EDGE('',*,*,#4575,.T.);
#2928=ORIENTED_EDGE('',*,*,#3626,.F.);
#2929=ORIENTED_EDGE('',*,*,#4579,.F.);
#2930=ORIENTED_EDGE('',*,*,#4580,.T.);
#2931=ORIENTED_EDGE('',*,*,#4577,.T.);
#2932=ORIENTED_EDGE('',*,*,#3625,.F.);
#2933=ORIENTED_EDGE('',*,*,#4581,.F.);
#2934=ORIENTED_EDGE('',*,*,#4582,.T.);
#2935=ORIENTED_EDGE('',*,*,#4579,.T.);
#2936=ORIENTED_EDGE('',*,*,#3624,.F.);
#2937=ORIENTED_EDGE('',*,*,#4583,.F.);
#2938=ORIENTED_EDGE('',*,*,#4584,.T.);
#2939=ORIENTED_EDGE('',*,*,#4581,.T.);
#2940=ORIENTED_EDGE('',*,*,#3623,.F.);
#2941=ORIENTED_EDGE('',*,*,#4585,.F.);
#2942=ORIENTED_EDGE('',*,*,#4586,.T.);
#2943=ORIENTED_EDGE('',*,*,#4583,.T.);
#2944=ORIENTED_EDGE('',*,*,#3622,.F.);
#2945=ORIENTED_EDGE('',*,*,#4587,.F.);
#2946=ORIENTED_EDGE('',*,*,#4588,.T.);
#2947=ORIENTED_EDGE('',*,*,#4585,.T.);
#2948=ORIENTED_EDGE('',*,*,#3621,.F.);
#2949=ORIENTED_EDGE('',*,*,#4562,.F.);
#2950=ORIENTED_EDGE('',*,*,#4589,.T.);
#2951=ORIENTED_EDGE('',*,*,#4587,.T.);
#2952=ORIENTED_EDGE('',*,*,#4561,.F.);
#2953=ORIENTED_EDGE('',*,*,#4564,.F.);
#2954=ORIENTED_EDGE('',*,*,#4566,.F.);
#2955=ORIENTED_EDGE('',*,*,#4568,.F.);
#2956=ORIENTED_EDGE('',*,*,#4570,.F.);
#2957=ORIENTED_EDGE('',*,*,#4572,.F.);
#2958=ORIENTED_EDGE('',*,*,#4574,.F.);
#2959=ORIENTED_EDGE('',*,*,#4576,.F.);
#2960=ORIENTED_EDGE('',*,*,#4578,.F.);
#2961=ORIENTED_EDGE('',*,*,#4580,.F.);
#2962=ORIENTED_EDGE('',*,*,#4582,.F.);
#2963=ORIENTED_EDGE('',*,*,#4584,.F.);
#2964=ORIENTED_EDGE('',*,*,#4586,.F.);
#2965=ORIENTED_EDGE('',*,*,#4588,.F.);
#2966=ORIENTED_EDGE('',*,*,#4589,.F.);
#2967=ORIENTED_EDGE('',*,*,#3635,.F.);
#2968=ORIENTED_EDGE('',*,*,#4590,.F.);
#2969=ORIENTED_EDGE('',*,*,#4591,.T.);
#2970=ORIENTED_EDGE('',*,*,#4592,.T.);
#2971=ORIENTED_EDGE('',*,*,#3634,.F.);
#2972=ORIENTED_EDGE('',*,*,#4593,.F.);
#2973=ORIENTED_EDGE('',*,*,#4594,.T.);
#2974=ORIENTED_EDGE('',*,*,#4590,.T.);
#2975=ORIENTED_EDGE('',*,*,#3649,.F.);
#2976=ORIENTED_EDGE('',*,*,#4595,.F.);
#2977=ORIENTED_EDGE('',*,*,#4596,.T.);
#2978=ORIENTED_EDGE('',*,*,#4593,.T.);
#2979=ORIENTED_EDGE('',*,*,#3648,.F.);
#2980=ORIENTED_EDGE('',*,*,#4597,.F.);
#2981=ORIENTED_EDGE('',*,*,#4598,.T.);
#2982=ORIENTED_EDGE('',*,*,#4595,.T.);
#2983=ORIENTED_EDGE('',*,*,#3647,.F.);
#2984=ORIENTED_EDGE('',*,*,#4599,.F.);
#2985=ORIENTED_EDGE('',*,*,#4600,.T.);
#2986=ORIENTED_EDGE('',*,*,#4597,.T.);
#2987=ORIENTED_EDGE('',*,*,#3646,.F.);
#2988=ORIENTED_EDGE('',*,*,#4601,.F.);
#2989=ORIENTED_EDGE('',*,*,#4602,.T.);
#2990=ORIENTED_EDGE('',*,*,#4599,.T.);
#2991=ORIENTED_EDGE('',*,*,#3645,.F.);
#2992=ORIENTED_EDGE('',*,*,#4603,.F.);
#2993=ORIENTED_EDGE('',*,*,#4604,.T.);
#2994=ORIENTED_EDGE('',*,*,#4601,.T.);
#2995=ORIENTED_EDGE('',*,*,#3644,.F.);
#2996=ORIENTED_EDGE('',*,*,#4605,.F.);
#2997=ORIENTED_EDGE('',*,*,#4606,.T.);
#2998=ORIENTED_EDGE('',*,*,#4603,.T.);
#2999=ORIENTED_EDGE('',*,*,#3643,.F.);
#3000=ORIENTED_EDGE('',*,*,#4607,.F.);
#3001=ORIENTED_EDGE('',*,*,#4608,.T.);
#3002=ORIENTED_EDGE('',*,*,#4605,.T.);
#3003=ORIENTED_EDGE('',*,*,#3642,.F.);
#3004=ORIENTED_EDGE('',*,*,#4609,.F.);
#3005=ORIENTED_EDGE('',*,*,#4610,.T.);
#3006=ORIENTED_EDGE('',*,*,#4607,.T.);
#3007=ORIENTED_EDGE('',*,*,#3641,.F.);
#3008=ORIENTED_EDGE('',*,*,#4611,.F.);
#3009=ORIENTED_EDGE('',*,*,#4612,.T.);
#3010=ORIENTED_EDGE('',*,*,#4609,.T.);
#3011=ORIENTED_EDGE('',*,*,#3640,.F.);
#3012=ORIENTED_EDGE('',*,*,#4613,.F.);
#3013=ORIENTED_EDGE('',*,*,#4614,.T.);
#3014=ORIENTED_EDGE('',*,*,#4611,.T.);
#3015=ORIENTED_EDGE('',*,*,#3639,.F.);
#3016=ORIENTED_EDGE('',*,*,#4615,.F.);
#3017=ORIENTED_EDGE('',*,*,#4616,.T.);
#3018=ORIENTED_EDGE('',*,*,#4613,.T.);
#3019=ORIENTED_EDGE('',*,*,#3638,.F.);
#3020=ORIENTED_EDGE('',*,*,#4617,.F.);
#3021=ORIENTED_EDGE('',*,*,#4618,.T.);
#3022=ORIENTED_EDGE('',*,*,#4615,.T.);
#3023=ORIENTED_EDGE('',*,*,#3637,.F.);
#3024=ORIENTED_EDGE('',*,*,#4619,.F.);
#3025=ORIENTED_EDGE('',*,*,#4620,.T.);
#3026=ORIENTED_EDGE('',*,*,#4617,.T.);
#3027=ORIENTED_EDGE('',*,*,#3636,.F.);
#3028=ORIENTED_EDGE('',*,*,#4592,.F.);
#3029=ORIENTED_EDGE('',*,*,#4621,.T.);
#3030=ORIENTED_EDGE('',*,*,#4619,.T.);
#3031=ORIENTED_EDGE('',*,*,#4591,.F.);
#3032=ORIENTED_EDGE('',*,*,#4594,.F.);
#3033=ORIENTED_EDGE('',*,*,#4596,.F.);
#3034=ORIENTED_EDGE('',*,*,#4598,.F.);
#3035=ORIENTED_EDGE('',*,*,#4600,.F.);
#3036=ORIENTED_EDGE('',*,*,#4602,.F.);
#3037=ORIENTED_EDGE('',*,*,#4604,.F.);
#3038=ORIENTED_EDGE('',*,*,#4606,.F.);
#3039=ORIENTED_EDGE('',*,*,#4608,.F.);
#3040=ORIENTED_EDGE('',*,*,#4610,.F.);
#3041=ORIENTED_EDGE('',*,*,#4612,.F.);
#3042=ORIENTED_EDGE('',*,*,#4614,.F.);
#3043=ORIENTED_EDGE('',*,*,#4616,.F.);
#3044=ORIENTED_EDGE('',*,*,#4618,.F.);
#3045=ORIENTED_EDGE('',*,*,#4620,.F.);
#3046=ORIENTED_EDGE('',*,*,#4621,.F.);
#3047=ORIENTED_EDGE('',*,*,#3651,.F.);
#3048=ORIENTED_EDGE('',*,*,#4622,.F.);
#3049=ORIENTED_EDGE('',*,*,#4623,.T.);
#3050=ORIENTED_EDGE('',*,*,#4624,.T.);
#3051=ORIENTED_EDGE('',*,*,#3650,.F.);
#3052=ORIENTED_EDGE('',*,*,#4625,.F.);
#3053=ORIENTED_EDGE('',*,*,#4626,.T.);
#3054=ORIENTED_EDGE('',*,*,#4622,.T.);
#3055=ORIENTED_EDGE('',*,*,#3661,.F.);
#3056=ORIENTED_EDGE('',*,*,#4627,.F.);
#3057=ORIENTED_EDGE('',*,*,#4628,.T.);
#3058=ORIENTED_EDGE('',*,*,#4625,.T.);
#3059=ORIENTED_EDGE('',*,*,#3660,.F.);
#3060=ORIENTED_EDGE('',*,*,#4629,.F.);
#3061=ORIENTED_EDGE('',*,*,#4630,.T.);
#3062=ORIENTED_EDGE('',*,*,#4627,.T.);
#3063=ORIENTED_EDGE('',*,*,#3659,.F.);
#3064=ORIENTED_EDGE('',*,*,#4631,.F.);
#3065=ORIENTED_EDGE('',*,*,#4632,.T.);
#3066=ORIENTED_EDGE('',*,*,#4629,.T.);
#3067=ORIENTED_EDGE('',*,*,#3658,.F.);
#3068=ORIENTED_EDGE('',*,*,#4633,.F.);
#3069=ORIENTED_EDGE('',*,*,#4634,.T.);
#3070=ORIENTED_EDGE('',*,*,#4631,.T.);
#3071=ORIENTED_EDGE('',*,*,#3657,.F.);
#3072=ORIENTED_EDGE('',*,*,#4635,.F.);
#3073=ORIENTED_EDGE('',*,*,#4636,.T.);
#3074=ORIENTED_EDGE('',*,*,#4633,.T.);
#3075=ORIENTED_EDGE('',*,*,#3656,.F.);
#3076=ORIENTED_EDGE('',*,*,#4637,.F.);
#3077=ORIENTED_EDGE('',*,*,#4638,.T.);
#3078=ORIENTED_EDGE('',*,*,#4635,.T.);
#3079=ORIENTED_EDGE('',*,*,#3655,.F.);
#3080=ORIENTED_EDGE('',*,*,#4639,.F.);
#3081=ORIENTED_EDGE('',*,*,#4640,.T.);
#3082=ORIENTED_EDGE('',*,*,#4637,.T.);
#3083=ORIENTED_EDGE('',*,*,#3654,.F.);
#3084=ORIENTED_EDGE('',*,*,#4641,.F.);
#3085=ORIENTED_EDGE('',*,*,#4642,.T.);
#3086=ORIENTED_EDGE('',*,*,#4639,.T.);
#3087=ORIENTED_EDGE('',*,*,#3653,.F.);
#3088=ORIENTED_EDGE('',*,*,#4643,.F.);
#3089=ORIENTED_EDGE('',*,*,#4644,.T.);
#3090=ORIENTED_EDGE('',*,*,#4641,.T.);
#3091=ORIENTED_EDGE('',*,*,#3652,.F.);
#3092=ORIENTED_EDGE('',*,*,#4624,.F.);
#3093=ORIENTED_EDGE('',*,*,#4645,.T.);
#3094=ORIENTED_EDGE('',*,*,#4643,.T.);
#3095=ORIENTED_EDGE('',*,*,#4623,.F.);
#3096=ORIENTED_EDGE('',*,*,#4626,.F.);
#3097=ORIENTED_EDGE('',*,*,#4628,.F.);
#3098=ORIENTED_EDGE('',*,*,#4630,.F.);
#3099=ORIENTED_EDGE('',*,*,#4632,.F.);
#3100=ORIENTED_EDGE('',*,*,#4634,.F.);
#3101=ORIENTED_EDGE('',*,*,#4636,.F.);
#3102=ORIENTED_EDGE('',*,*,#4638,.F.);
#3103=ORIENTED_EDGE('',*,*,#4640,.F.);
#3104=ORIENTED_EDGE('',*,*,#4642,.F.);
#3105=ORIENTED_EDGE('',*,*,#4644,.F.);
#3106=ORIENTED_EDGE('',*,*,#4645,.F.);
#3107=ORIENTED_EDGE('',*,*,#3663,.F.);
#3108=ORIENTED_EDGE('',*,*,#4646,.F.);
#3109=ORIENTED_EDGE('',*,*,#4647,.T.);
#3110=ORIENTED_EDGE('',*,*,#4648,.T.);
#3111=ORIENTED_EDGE('',*,*,#3662,.F.);
#3112=ORIENTED_EDGE('',*,*,#4649,.F.);
#3113=ORIENTED_EDGE('',*,*,#4650,.T.);
#3114=ORIENTED_EDGE('',*,*,#4646,.T.);
#3115=ORIENTED_EDGE('',*,*,#3681,.F.);
#3116=ORIENTED_EDGE('',*,*,#4651,.F.);
#3117=ORIENTED_EDGE('',*,*,#4652,.T.);
#3118=ORIENTED_EDGE('',*,*,#4649,.T.);
#3119=ORIENTED_EDGE('',*,*,#3680,.F.);
#3120=ORIENTED_EDGE('',*,*,#4653,.F.);
#3121=ORIENTED_EDGE('',*,*,#4654,.T.);
#3122=ORIENTED_EDGE('',*,*,#4651,.T.);
#3123=ORIENTED_EDGE('',*,*,#3679,.F.);
#3124=ORIENTED_EDGE('',*,*,#4655,.F.);
#3125=ORIENTED_EDGE('',*,*,#4656,.T.);
#3126=ORIENTED_EDGE('',*,*,#4653,.T.);
#3127=ORIENTED_EDGE('',*,*,#3678,.F.);
#3128=ORIENTED_EDGE('',*,*,#4657,.F.);
#3129=ORIENTED_EDGE('',*,*,#4658,.T.);
#3130=ORIENTED_EDGE('',*,*,#4655,.T.);
#3131=ORIENTED_EDGE('',*,*,#3677,.F.);
#3132=ORIENTED_EDGE('',*,*,#4659,.F.);
#3133=ORIENTED_EDGE('',*,*,#4660,.T.);
#3134=ORIENTED_EDGE('',*,*,#4657,.T.);
#3135=ORIENTED_EDGE('',*,*,#3676,.F.);
#3136=ORIENTED_EDGE('',*,*,#4661,.F.);
#3137=ORIENTED_EDGE('',*,*,#4662,.T.);
#3138=ORIENTED_EDGE('',*,*,#4659,.T.);
#3139=ORIENTED_EDGE('',*,*,#3675,.F.);
#3140=ORIENTED_EDGE('',*,*,#4663,.F.);
#3141=ORIENTED_EDGE('',*,*,#4664,.T.);
#3142=ORIENTED_EDGE('',*,*,#4661,.T.);
#3143=ORIENTED_EDGE('',*,*,#3674,.F.);
#3144=ORIENTED_EDGE('',*,*,#4665,.F.);
#3145=ORIENTED_EDGE('',*,*,#4666,.T.);
#3146=ORIENTED_EDGE('',*,*,#4663,.T.);
#3147=ORIENTED_EDGE('',*,*,#3673,.F.);
#3148=ORIENTED_EDGE('',*,*,#4667,.F.);
#3149=ORIENTED_EDGE('',*,*,#4668,.T.);
#3150=ORIENTED_EDGE('',*,*,#4665,.T.);
#3151=ORIENTED_EDGE('',*,*,#3672,.F.);
#3152=ORIENTED_EDGE('',*,*,#4669,.F.);
#3153=ORIENTED_EDGE('',*,*,#4670,.T.);
#3154=ORIENTED_EDGE('',*,*,#4667,.T.);
#3155=ORIENTED_EDGE('',*,*,#3671,.F.);
#3156=ORIENTED_EDGE('',*,*,#4671,.F.);
#3157=ORIENTED_EDGE('',*,*,#4672,.T.);
#3158=ORIENTED_EDGE('',*,*,#4669,.T.);
#3159=ORIENTED_EDGE('',*,*,#3670,.F.);
#3160=ORIENTED_EDGE('',*,*,#4673,.F.);
#3161=ORIENTED_EDGE('',*,*,#4674,.T.);
#3162=ORIENTED_EDGE('',*,*,#4671,.T.);
#3163=ORIENTED_EDGE('',*,*,#3669,.F.);
#3164=ORIENTED_EDGE('',*,*,#4675,.F.);
#3165=ORIENTED_EDGE('',*,*,#4676,.T.);
#3166=ORIENTED_EDGE('',*,*,#4673,.T.);
#3167=ORIENTED_EDGE('',*,*,#3668,.F.);
#3168=ORIENTED_EDGE('',*,*,#4677,.F.);
#3169=ORIENTED_EDGE('',*,*,#4678,.T.);
#3170=ORIENTED_EDGE('',*,*,#4675,.T.);
#3171=ORIENTED_EDGE('',*,*,#3667,.F.);
#3172=ORIENTED_EDGE('',*,*,#4679,.F.);
#3173=ORIENTED_EDGE('',*,*,#4680,.T.);
#3174=ORIENTED_EDGE('',*,*,#4677,.T.);
#3175=ORIENTED_EDGE('',*,*,#3666,.F.);
#3176=ORIENTED_EDGE('',*,*,#4681,.F.);
#3177=ORIENTED_EDGE('',*,*,#4682,.T.);
#3178=ORIENTED_EDGE('',*,*,#4679,.T.);
#3179=ORIENTED_EDGE('',*,*,#3665,.F.);
#3180=ORIENTED_EDGE('',*,*,#4683,.F.);
#3181=ORIENTED_EDGE('',*,*,#4684,.T.);
#3182=ORIENTED_EDGE('',*,*,#4681,.T.);
#3183=ORIENTED_EDGE('',*,*,#3664,.F.);
#3184=ORIENTED_EDGE('',*,*,#4648,.F.);
#3185=ORIENTED_EDGE('',*,*,#4685,.T.);
#3186=ORIENTED_EDGE('',*,*,#4683,.T.);
#3187=ORIENTED_EDGE('',*,*,#4647,.F.);
#3188=ORIENTED_EDGE('',*,*,#4650,.F.);
#3189=ORIENTED_EDGE('',*,*,#4652,.F.);
#3190=ORIENTED_EDGE('',*,*,#4654,.F.);
#3191=ORIENTED_EDGE('',*,*,#4656,.F.);
#3192=ORIENTED_EDGE('',*,*,#4658,.F.);
#3193=ORIENTED_EDGE('',*,*,#4660,.F.);
#3194=ORIENTED_EDGE('',*,*,#4662,.F.);
#3195=ORIENTED_EDGE('',*,*,#4664,.F.);
#3196=ORIENTED_EDGE('',*,*,#4666,.F.);
#3197=ORIENTED_EDGE('',*,*,#4668,.F.);
#3198=ORIENTED_EDGE('',*,*,#4670,.F.);
#3199=ORIENTED_EDGE('',*,*,#4672,.F.);
#3200=ORIENTED_EDGE('',*,*,#4674,.F.);
#3201=ORIENTED_EDGE('',*,*,#4676,.F.);
#3202=ORIENTED_EDGE('',*,*,#4678,.F.);
#3203=ORIENTED_EDGE('',*,*,#4680,.F.);
#3204=ORIENTED_EDGE('',*,*,#4682,.F.);
#3205=ORIENTED_EDGE('',*,*,#4684,.F.);
#3206=ORIENTED_EDGE('',*,*,#4685,.F.);
#3207=ORIENTED_EDGE('',*,*,#4407,.T.);
#3208=ORIENTED_EDGE('',*,*,#4403,.T.);
#3209=ORIENTED_EDGE('',*,*,#4448,.T.);
#3210=ORIENTED_EDGE('',*,*,#4419,.T.);
#3211=ORIENTED_EDGE('',*,*,#4416,.T.);
#3212=ORIENTED_EDGE('',*,*,#4413,.T.);
#3213=ORIENTED_EDGE('',*,*,#4410,.T.);
#3214=ORIENTED_EDGE('',*,*,#3944,.T.);
#3215=ORIENTED_EDGE('',*,*,#4004,.T.);
#3216=ORIENTED_EDGE('',*,*,#3946,.T.);
#3217=ORIENTED_EDGE('',*,*,#4686,.F.);
#3218=ORIENTED_EDGE('',*,*,#3814,.T.);
#3219=ORIENTED_EDGE('',*,*,#4686,.T.);
#3220=ORIENTED_EDGE('',*,*,#3945,.F.);
#3221=ORIENTED_EDGE('',*,*,#4687,.F.);
#3222=ORIENTED_EDGE('',*,*,#3815,.T.);
#3223=ORIENTED_EDGE('',*,*,#4687,.T.);
#3224=ORIENTED_EDGE('',*,*,#4688,.T.);
#3225=ORIENTED_EDGE('',*,*,#4689,.T.);
#3226=ORIENTED_EDGE('',*,*,#4690,.T.);
#3227=ORIENTED_EDGE('',*,*,#4691,.T.);
#3228=ORIENTED_EDGE('',*,*,#4692,.F.);
#3229=ORIENTED_EDGE('',*,*,#3912,.F.);
#3230=ORIENTED_EDGE('',*,*,#4693,.F.);
#3231=ORIENTED_EDGE('',*,*,#3419,.F.);
#3232=ORIENTED_EDGE('',*,*,#4693,.T.);
#3233=ORIENTED_EDGE('',*,*,#3921,.F.);
#3234=ORIENTED_EDGE('',*,*,#4694,.F.);
#3235=ORIENTED_EDGE('',*,*,#3416,.F.);
#3236=ORIENTED_EDGE('',*,*,#4692,.T.);
#3237=ORIENTED_EDGE('',*,*,#3418,.F.);
#3238=ORIENTED_EDGE('',*,*,#4695,.F.);
#3239=ORIENTED_EDGE('',*,*,#4019,.F.);
#3240=ORIENTED_EDGE('',*,*,#4694,.T.);
#3241=ORIENTED_EDGE('',*,*,#3916,.F.);
#3242=ORIENTED_EDGE('',*,*,#4695,.T.);
#3243=ORIENTED_EDGE('',*,*,#3417,.F.);
#3244=ORIENTED_EDGE('',*,*,#4696,.F.);
#3245=ORIENTED_EDGE('',*,*,#4697,.T.);
#3246=ORIENTED_EDGE('',*,*,#4698,.F.);
#3247=ORIENTED_EDGE('',*,*,#3409,.F.);
#3248=ORIENTED_EDGE('',*,*,#4698,.T.);
#3249=ORIENTED_EDGE('',*,*,#4699,.T.);
#3250=ORIENTED_EDGE('',*,*,#4700,.F.);
#3251=ORIENTED_EDGE('',*,*,#3410,.F.);
#3252=ORIENTED_EDGE('',*,*,#4701,.F.);
#3253=ORIENTED_EDGE('',*,*,#4702,.T.);
#3254=ORIENTED_EDGE('',*,*,#4696,.T.);
#3255=ORIENTED_EDGE('',*,*,#3408,.F.);
#3256=ORIENTED_EDGE('',*,*,#4700,.T.);
#3257=ORIENTED_EDGE('',*,*,#4703,.T.);
#3258=ORIENTED_EDGE('',*,*,#4704,.F.);
#3259=ORIENTED_EDGE('',*,*,#3411,.F.);
#3260=ORIENTED_EDGE('',*,*,#4705,.F.);
#3261=ORIENTED_EDGE('',*,*,#4706,.T.);
#3262=ORIENTED_EDGE('',*,*,#4701,.T.);
#3263=ORIENTED_EDGE('',*,*,#3407,.F.);
#3264=ORIENTED_EDGE('',*,*,#4704,.T.);
#3265=ORIENTED_EDGE('',*,*,#4707,.T.);
#3266=ORIENTED_EDGE('',*,*,#4708,.F.);
#3267=ORIENTED_EDGE('',*,*,#3412,.F.);
#3268=ORIENTED_EDGE('',*,*,#4709,.F.);
#3269=ORIENTED_EDGE('',*,*,#4710,.T.);
#3270=ORIENTED_EDGE('',*,*,#4705,.T.);
#3271=ORIENTED_EDGE('',*,*,#3406,.F.);
#3272=ORIENTED_EDGE('',*,*,#4708,.T.);
#3273=ORIENTED_EDGE('',*,*,#4711,.T.);
#3274=ORIENTED_EDGE('',*,*,#4712,.F.);
#3275=ORIENTED_EDGE('',*,*,#3413,.F.);
#3276=ORIENTED_EDGE('',*,*,#4713,.F.);
#3277=ORIENTED_EDGE('',*,*,#4714,.T.);
#3278=ORIENTED_EDGE('',*,*,#4709,.T.);
#3279=ORIENTED_EDGE('',*,*,#3405,.F.);
#3280=ORIENTED_EDGE('',*,*,#4690,.F.);
#3281=ORIENTED_EDGE('',*,*,#4715,.T.);
#3282=ORIENTED_EDGE('',*,*,#4716,.T.);
#3283=ORIENTED_EDGE('',*,*,#4717,.F.);
#3284=ORIENTED_EDGE('',*,*,#3414,.F.);
#3285=ORIENTED_EDGE('',*,*,#4712,.T.);
#3286=ORIENTED_EDGE('',*,*,#4718,.T.);
#3287=ORIENTED_EDGE('',*,*,#4719,.T.);
#3288=ORIENTED_EDGE('',*,*,#4720,.F.);
#3289=ORIENTED_EDGE('',*,*,#4721,.T.);
#3290=ORIENTED_EDGE('',*,*,#4713,.T.);
#3291=ORIENTED_EDGE('',*,*,#3404,.F.);
#3292=ORIENTED_EDGE('',*,*,#4717,.T.);
#3293=ORIENTED_EDGE('',*,*,#4722,.T.);
#3294=ORIENTED_EDGE('',*,*,#4723,.F.);
#3295=ORIENTED_EDGE('',*,*,#3415,.F.);
#3296=ORIENTED_EDGE('',*,*,#4724,.F.);
#3297=ORIENTED_EDGE('',*,*,#4725,.T.);
#3298=ORIENTED_EDGE('',*,*,#4720,.T.);
#3299=ORIENTED_EDGE('',*,*,#3403,.F.);
#3300=ORIENTED_EDGE('',*,*,#4723,.T.);
#3301=ORIENTED_EDGE('',*,*,#4726,.T.);
#3302=ORIENTED_EDGE('',*,*,#4724,.T.);
#3303=ORIENTED_EDGE('',*,*,#3402,.F.);
#3304=ORIENTED_EDGE('',*,*,#4716,.F.);
#3305=ORIENTED_EDGE('',*,*,#4727,.T.);
#3306=ORIENTED_EDGE('',*,*,#4728,.T.);
#3307=ORIENTED_EDGE('',*,*,#3973,.F.);
#3308=ORIENTED_EDGE('',*,*,#4729,.F.);
#3309=ORIENTED_EDGE('',*,*,#4722,.F.);
#3310=ORIENTED_EDGE('',*,*,#4729,.T.);
#3311=ORIENTED_EDGE('',*,*,#3977,.F.);
#3312=ORIENTED_EDGE('',*,*,#4730,.F.);
#3313=ORIENTED_EDGE('',*,*,#4726,.F.);
#3314=ORIENTED_EDGE('',*,*,#4730,.T.);
#3315=ORIENTED_EDGE('',*,*,#3979,.F.);
#3316=ORIENTED_EDGE('',*,*,#4731,.F.);
#3317=ORIENTED_EDGE('',*,*,#4725,.F.);
#3318=ORIENTED_EDGE('',*,*,#4731,.T.);
#3319=ORIENTED_EDGE('',*,*,#3981,.F.);
#3320=ORIENTED_EDGE('',*,*,#4732,.F.);
#3321=ORIENTED_EDGE('',*,*,#4721,.F.);
#3322=ORIENTED_EDGE('',*,*,#4732,.T.);
#3323=ORIENTED_EDGE('',*,*,#3983,.F.);
#3324=ORIENTED_EDGE('',*,*,#4733,.F.);
#3325=ORIENTED_EDGE('',*,*,#4714,.F.);
#3326=ORIENTED_EDGE('',*,*,#4733,.T.);
#3327=ORIENTED_EDGE('',*,*,#3984,.F.);
#3328=ORIENTED_EDGE('',*,*,#4734,.F.);
#3329=ORIENTED_EDGE('',*,*,#4710,.F.);
#3330=ORIENTED_EDGE('',*,*,#4037,.F.);
#3331=ORIENTED_EDGE('',*,*,#3393,.F.);
#3332=ORIENTED_EDGE('',*,*,#4735,.F.);
#3333=ORIENTED_EDGE('',*,*,#4706,.F.);
#3334=ORIENTED_EDGE('',*,*,#4734,.T.);
#3335=ORIENTED_EDGE('',*,*,#3902,.F.);
#3336=ORIENTED_EDGE('',*,*,#4028,.F.);
#3337=ORIENTED_EDGE('',*,*,#4031,.F.);
#3338=ORIENTED_EDGE('',*,*,#4029,.F.);
#3339=ORIENTED_EDGE('',*,*,#3397,.F.);
#3340=ORIENTED_EDGE('',*,*,#4041,.F.);
#3341=ORIENTED_EDGE('',*,*,#4039,.F.);
#3342=ORIENTED_EDGE('',*,*,#4735,.T.);
#3343=ORIENTED_EDGE('',*,*,#3954,.F.);
#3344=ORIENTED_EDGE('',*,*,#4736,.F.);
#3345=ORIENTED_EDGE('',*,*,#4702,.F.);
#3346=ORIENTED_EDGE('',*,*,#4736,.T.);
#3347=ORIENTED_EDGE('',*,*,#3956,.F.);
#3348=ORIENTED_EDGE('',*,*,#4737,.F.);
#3349=ORIENTED_EDGE('',*,*,#4697,.F.);
#3350=ORIENTED_EDGE('',*,*,#4737,.T.);
#3351=ORIENTED_EDGE('',*,*,#3958,.F.);
#3352=ORIENTED_EDGE('',*,*,#4738,.F.);
#3353=ORIENTED_EDGE('',*,*,#4699,.F.);
#3354=ORIENTED_EDGE('',*,*,#4738,.T.);
#3355=ORIENTED_EDGE('',*,*,#3960,.F.);
#3356=ORIENTED_EDGE('',*,*,#4739,.F.);
#3357=ORIENTED_EDGE('',*,*,#4703,.F.);
#3358=ORIENTED_EDGE('',*,*,#4739,.T.);
#3359=ORIENTED_EDGE('',*,*,#3962,.F.);
#3360=ORIENTED_EDGE('',*,*,#4740,.F.);
#3361=ORIENTED_EDGE('',*,*,#4707,.F.);
#3362=ORIENTED_EDGE('',*,*,#4741,.T.);
#3363=ORIENTED_EDGE('',*,*,#4742,.T.);
#3364=ORIENTED_EDGE('',*,*,#4718,.F.);
#3365=ORIENTED_EDGE('',*,*,#4711,.F.);
#3366=ORIENTED_EDGE('',*,*,#4740,.T.);
#3367=ORIENTED_EDGE('',*,*,#3964,.F.);
#3368=ORIENTED_EDGE('',*,*,#4728,.F.);
#3369=ORIENTED_EDGE('',*,*,#4743,.T.);
#3370=ORIENTED_EDGE('',*,*,#3965,.F.);
#3371=ORIENTED_EDGE('',*,*,#3845,.F.);
#3372=ORIENTED_EDGE('',*,*,#3974,.F.);
#3373=ORIENTED_EDGE('',*,*,#3967,.F.);
#3374=ORIENTED_EDGE('',*,*,#4744,.T.);
#3375=ORIENTED_EDGE('',*,*,#4741,.F.);
#3376=ORIENTED_EDGE('',*,*,#3963,.F.);
#3377=ORIENTED_EDGE('',*,*,#3862,.F.);
#3378=ORIENTED_EDGE('',*,*,#4742,.F.);
#3379=ORIENTED_EDGE('',*,*,#4744,.F.);
#3380=ORIENTED_EDGE('',*,*,#4745,.F.);
#3381=ORIENTED_EDGE('',*,*,#4691,.F.);
#3382=ORIENTED_EDGE('',*,*,#4719,.F.);
#3383=ORIENTED_EDGE('',*,*,#4745,.T.);
#3384=ORIENTED_EDGE('',*,*,#3966,.F.);
#3385=ORIENTED_EDGE('',*,*,#4746,.F.);
#3386=ORIENTED_EDGE('',*,*,#4688,.F.);
#3387=ORIENTED_EDGE('',*,*,#4746,.T.);
#3388=ORIENTED_EDGE('',*,*,#4743,.F.);
#3389=ORIENTED_EDGE('',*,*,#4727,.F.);
#3390=ORIENTED_EDGE('',*,*,#4715,.F.);
#3391=ORIENTED_EDGE('',*,*,#4689,.F.);
#3392=EDGE_CURVE('',#4747,#4748,#5651,.T.);
#3393=EDGE_CURVE('',#4747,#4749,#5652,.T.);
#3394=EDGE_CURVE('',#4749,#4750,#5653,.F.);
#3395=EDGE_CURVE('',#4748,#4750,#5654,.T.);
#3396=EDGE_CURVE('',#4751,#4752,#5655,.T.);
#3397=EDGE_CURVE('',#4752,#4753,#5656,.T.);
#3398=EDGE_CURVE('',#4754,#4753,#5657,.T.);
#3399=EDGE_CURVE('',#4755,#4754,#5658,.T.);
#3400=EDGE_CURVE('',#4756,#4755,#5659,.T.);
#3401=EDGE_CURVE('',#4756,#4751,#5660,.T.);
#3402=EDGE_CURVE('',#4757,#4758,#536,.T.);
#3403=EDGE_CURVE('',#4758,#4759,#537,.T.);
#3404=EDGE_CURVE('',#4759,#4760,#242,.T.);
#3405=EDGE_CURVE('',#4760,#4761,#538,.T.);
#3406=EDGE_CURVE('',#4761,#4762,#539,.T.);
#3407=EDGE_CURVE('',#4762,#4763,#5661,.F.);
#3408=EDGE_CURVE('',#4763,#4764,#5662,.F.);
#3409=EDGE_CURVE('',#4764,#4765,#540,.T.);
#3410=EDGE_CURVE('',#4765,#4766,#541,.T.);
#3411=EDGE_CURVE('',#4766,#4767,#243,.T.);
#3412=EDGE_CURVE('',#4767,#4768,#542,.T.);
#3413=EDGE_CURVE('',#4768,#4769,#543,.T.);
#3414=EDGE_CURVE('',#4769,#4770,#5663,.T.);
#3415=EDGE_CURVE('',#4770,#4757,#544,.T.);
#3416=EDGE_CURVE('',#4771,#4772,#5664,.T.);
#3417=EDGE_CURVE('',#4772,#4773,#5665,.T.);
#3418=EDGE_CURVE('',#4773,#4774,#5666,.T.);
#3419=EDGE_CURVE('',#4774,#4771,#5667,.T.);
#3420=EDGE_CURVE('',#4775,#4776,#5668,.T.);
#3421=EDGE_CURVE('',#4776,#4777,#5669,.T.);
#3422=EDGE_CURVE('',#4777,#4778,#5670,.T.);
#3423=EDGE_CURVE('',#4778,#4779,#5671,.T.);
#3424=EDGE_CURVE('',#4779,#4780,#5672,.T.);
#3425=EDGE_CURVE('',#4780,#4781,#5673,.T.);
#3426=EDGE_CURVE('',#4781,#4782,#5674,.T.);
#3427=EDGE_CURVE('',#4782,#4775,#5675,.T.);
#3428=EDGE_CURVE('',#4783,#4784,#244,.F.);
#3429=EDGE_CURVE('',#4784,#4785,#5676,.T.);
#3430=EDGE_CURVE('',#4785,#4786,#245,.F.);
#3431=EDGE_CURVE('',#4786,#4787,#246,.F.);
#3432=EDGE_CURVE('',#4787,#4788,#545,.T.);
#3433=EDGE_CURVE('',#4788,#4789,#546,.T.);
#3434=EDGE_CURVE('',#4789,#4790,#247,.F.);
#3435=EDGE_CURVE('',#4790,#4791,#248,.F.);
#3436=EDGE_CURVE('',#4791,#4792,#5677,.T.);
#3437=EDGE_CURVE('',#4792,#4793,#249,.T.);
#3438=EDGE_CURVE('',#4793,#4794,#250,.T.);
#3439=EDGE_CURVE('',#4794,#4795,#547,.T.);
#3440=EDGE_CURVE('',#4795,#4796,#251,.T.);
#3441=EDGE_CURVE('',#4796,#4797,#252,.T.);
#3442=EDGE_CURVE('',#4797,#4798,#253,.T.);
#3443=EDGE_CURVE('',#4798,#4799,#254,.T.);
#3444=EDGE_CURVE('',#4799,#4800,#255,.F.);
#3445=EDGE_CURVE('',#4800,#4801,#256,.F.);
#3446=EDGE_CURVE('',#4801,#4802,#257,.F.);
#3447=EDGE_CURVE('',#4802,#4803,#548,.T.);
#3448=EDGE_CURVE('',#4803,#4804,#549,.T.);
#3449=EDGE_CURVE('',#4804,#4805,#258,.F.);
#3450=EDGE_CURVE('',#4805,#4806,#5678,.T.);
#3451=EDGE_CURVE('',#4806,#4807,#259,.T.);
#3452=EDGE_CURVE('',#4807,#4808,#260,.T.);
#3453=EDGE_CURVE('',#4808,#4809,#550,.T.);
#3454=EDGE_CURVE('',#4809,#4810,#261,.T.);
#3455=EDGE_CURVE('',#4810,#4811,#262,.T.);
#3456=EDGE_CURVE('',#4811,#4812,#263,.T.);
#3457=EDGE_CURVE('',#4812,#4783,#264,.T.);
#3458=EDGE_CURVE('',#4813,#4814,#5679,.T.);
#3459=EDGE_CURVE('',#4814,#4815,#5680,.T.);
#3460=EDGE_CURVE('',#4815,#4816,#5681,.T.);
#3461=EDGE_CURVE('',#4816,#4817,#5682,.T.);
#3462=EDGE_CURVE('',#4817,#4818,#5683,.T.);
#3463=EDGE_CURVE('',#4818,#4819,#5684,.T.);
#3464=EDGE_CURVE('',#4819,#4820,#5685,.T.);
#3465=EDGE_CURVE('',#4820,#4821,#5686,.T.);
#3466=EDGE_CURVE('',#4821,#4822,#5687,.T.);
#3467=EDGE_CURVE('',#4822,#4823,#5688,.T.);
#3468=EDGE_CURVE('',#4823,#4824,#5689,.T.);
#3469=EDGE_CURVE('',#4824,#4813,#5690,.T.);
#3470=EDGE_CURVE('',#4825,#4826,#5691,.T.);
#3471=EDGE_CURVE('',#4826,#4827,#5692,.T.);
#3472=EDGE_CURVE('',#4827,#4828,#5693,.T.);
#3473=EDGE_CURVE('',#4828,#4829,#5694,.T.);
#3474=EDGE_CURVE('',#4829,#4830,#5695,.T.);
#3475=EDGE_CURVE('',#4830,#4825,#5696,.T.);
#3476=EDGE_CURVE('',#4831,#4832,#5697,.T.);
#3477=EDGE_CURVE('',#4832,#4833,#5698,.T.);
#3478=EDGE_CURVE('',#4833,#4834,#5699,.T.);
#3479=EDGE_CURVE('',#4834,#4835,#5700,.T.);
#3480=EDGE_CURVE('',#4835,#4836,#5701,.T.);
#3481=EDGE_CURVE('',#4836,#4837,#5702,.T.);
#3482=EDGE_CURVE('',#4837,#4838,#5703,.T.);
#3483=EDGE_CURVE('',#4838,#4839,#5704,.T.);
#3484=EDGE_CURVE('',#4839,#4840,#5705,.T.);
#3485=EDGE_CURVE('',#4840,#4841,#5706,.T.);
#3486=EDGE_CURVE('',#4841,#4842,#5707,.T.);
#3487=EDGE_CURVE('',#4842,#4831,#5708,.T.);
#3488=EDGE_CURVE('',#4843,#4844,#551,.T.);
#3489=EDGE_CURVE('',#4844,#4845,#5709,.T.);
#3490=EDGE_CURVE('',#4845,#4846,#552,.T.);
#3491=EDGE_CURVE('',#4846,#4847,#265,.F.);
#3492=EDGE_CURVE('',#4847,#4848,#553,.T.);
#3493=EDGE_CURVE('',#4848,#4849,#266,.F.);
#3494=EDGE_CURVE('',#4849,#4850,#5710,.T.);
#3495=EDGE_CURVE('',#4850,#4851,#267,.T.);
#3496=EDGE_CURVE('',#4851,#4852,#268,.T.);
#3497=EDGE_CURVE('',#4852,#4853,#554,.T.);
#3498=EDGE_CURVE('',#4853,#4854,#555,.T.);
#3499=EDGE_CURVE('',#4854,#4855,#5711,.T.);
#3500=EDGE_CURVE('',#4855,#4856,#556,.T.);
#3501=EDGE_CURVE('',#4856,#4857,#557,.T.);
#3502=EDGE_CURVE('',#4857,#4858,#5712,.T.);
#3503=EDGE_CURVE('',#4858,#4859,#269,.F.);
#3504=EDGE_CURVE('',#4859,#4843,#558,.T.);
#3505=EDGE_CURVE('',#4860,#4861,#5713,.T.);
#3506=EDGE_CURVE('',#4861,#4862,#5714,.T.);
#3507=EDGE_CURVE('',#4862,#4863,#5715,.T.);
#3508=EDGE_CURVE('',#4863,#4864,#5716,.T.);
#3509=EDGE_CURVE('',#4864,#4865,#5717,.T.);
#3510=EDGE_CURVE('',#4865,#4866,#5718,.T.);
#3511=EDGE_CURVE('',#4866,#4867,#5719,.T.);
#3512=EDGE_CURVE('',#4867,#4860,#5720,.T.);
#3513=EDGE_CURVE('',#4868,#4869,#5721,.T.);
#3514=EDGE_CURVE('',#4868,#4870,#270,.T.);
#3515=EDGE_CURVE('',#4871,#4870,#5722,.T.);
#3516=EDGE_CURVE('',#4871,#4872,#271,.T.);
#3517=EDGE_CURVE('',#4872,#4873,#5723,.T.);
#3518=EDGE_CURVE('',#4873,#4874,#272,.T.);
#3519=EDGE_CURVE('',#4874,#4875,#5724,.T.);
#3520=EDGE_CURVE('',#4875,#4876,#273,.T.);
#3521=EDGE_CURVE('',#4876,#4877,#5725,.T.);
#3522=EDGE_CURVE('',#4877,#4869,#274,.T.);
#3523=EDGE_CURVE('',#4878,#4878,#275,.T.);
#3524=EDGE_CURVE('',#4879,#4879,#276,.T.);
#3525=EDGE_CURVE('',#4880,#4880,#277,.T.);
#3526=EDGE_CURVE('',#4881,#4882,#278,.T.);
#3527=EDGE_CURVE('',#4881,#4883,#5726,.T.);
#3528=EDGE_CURVE('',#4884,#4883,#279,.T.);
#3529=EDGE_CURVE('',#4884,#4885,#5727,.T.);
#3530=EDGE_CURVE('',#4886,#4885,#280,.T.);
#3531=EDGE_CURVE('',#4887,#4886,#5728,.T.);
#3532=EDGE_CURVE('',#4888,#4887,#281,.T.);
#3533=EDGE_CURVE('',#4889,#4888,#5729,.T.);
#3534=EDGE_CURVE('',#4890,#4889,#282,.T.);
#3535=EDGE_CURVE('',#4890,#4882,#5730,.T.);
#3536=EDGE_CURVE('',#4891,#4891,#283,.T.);
#3537=EDGE_CURVE('',#4892,#4893,#284,.T.);
#3538=EDGE_CURVE('',#4892,#4894,#5731,.T.);
#3539=EDGE_CURVE('',#4895,#4894,#285,.T.);
#3540=EDGE_CURVE('',#4895,#4896,#5732,.T.);
#3541=EDGE_CURVE('',#4897,#4896,#286,.T.);
#3542=EDGE_CURVE('',#4897,#4898,#5733,.T.);
#3543=EDGE_CURVE('',#4899,#4898,#287,.T.);
#3544=EDGE_CURVE('',#4900,#4899,#5734,.T.);
#3545=EDGE_CURVE('',#4901,#4900,#288,.T.);
#3546=EDGE_CURVE('',#4893,#4901,#5735,.T.);
#3547=EDGE_CURVE('',#4902,#4902,#289,.T.);
#3548=EDGE_CURVE('',#4903,#4903,#290,.T.);
#3549=EDGE_CURVE('',#4904,#4904,#291,.T.);
#3550=EDGE_CURVE('',#4905,#4906,#5736,.T.);
#3551=EDGE_CURVE('',#4905,#4907,#292,.T.);
#3552=EDGE_CURVE('',#4908,#4907,#5737,.T.);
#3553=EDGE_CURVE('',#4908,#4909,#293,.T.);
#3554=EDGE_CURVE('',#4910,#4909,#5738,.T.);
#3555=EDGE_CURVE('',#4910,#4911,#294,.T.);
#3556=EDGE_CURVE('',#4911,#4912,#5739,.T.);
#3557=EDGE_CURVE('',#4912,#4913,#295,.T.);
#3558=EDGE_CURVE('',#4913,#4914,#5740,.T.);
#3559=EDGE_CURVE('',#4914,#4906,#296,.T.);
#3560=EDGE_CURVE('',#4915,#4916,#297,.T.);
#3561=EDGE_CURVE('',#4916,#4917,#298,.F.);
#3562=EDGE_CURVE('',#4917,#4918,#299,.T.);
#3563=EDGE_CURVE('',#4918,#4919,#5741,.T.);
#3564=EDGE_CURVE('',#4919,#4920,#5742,.T.);
#3565=EDGE_CURVE('',#4920,#4921,#5743,.T.);
#3566=EDGE_CURVE('',#4921,#4922,#5744,.T.);
#3567=EDGE_CURVE('',#4922,#4923,#5745,.T.);
#3568=EDGE_CURVE('',#4923,#4924,#5746,.T.);
#3569=EDGE_CURVE('',#4924,#4925,#5747,.T.);
#3570=EDGE_CURVE('',#4925,#4926,#559,.T.);
#3571=EDGE_CURVE('',#4926,#4927,#560,.T.);
#3572=EDGE_CURVE('',#4927,#4915,#300,.F.);
#3573=EDGE_CURVE('',#4928,#4929,#5748,.T.);
#3574=EDGE_CURVE('',#4929,#4930,#5749,.T.);
#3575=EDGE_CURVE('',#4930,#4931,#5750,.T.);
#3576=EDGE_CURVE('',#4931,#4932,#5751,.T.);
#3577=EDGE_CURVE('',#4932,#4933,#5752,.T.);
#3578=EDGE_CURVE('',#4933,#4934,#5753,.T.);
#3579=EDGE_CURVE('',#4934,#4935,#5754,.T.);
#3580=EDGE_CURVE('',#4935,#4928,#5755,.T.);
#3581=EDGE_CURVE('',#4936,#4937,#5756,.T.);
#3582=EDGE_CURVE('',#4937,#4938,#5757,.T.);
#3583=EDGE_CURVE('',#4938,#4939,#5758,.T.);
#3584=EDGE_CURVE('',#4939,#4940,#5759,.T.);
#3585=EDGE_CURVE('',#4940,#4941,#5760,.T.);
#3586=EDGE_CURVE('',#4941,#4942,#5761,.T.);
#3587=EDGE_CURVE('',#4942,#4943,#5762,.T.);
#3588=EDGE_CURVE('',#4943,#4936,#5763,.T.);
#3589=EDGE_CURVE('',#4944,#4945,#301,.F.);
#3590=EDGE_CURVE('',#4945,#4946,#302,.F.);
#3591=EDGE_CURVE('',#4946,#4947,#561,.T.);
#3592=EDGE_CURVE('',#4947,#4948,#562,.T.);
#3593=EDGE_CURVE('',#4948,#4949,#563,.T.);
#3594=EDGE_CURVE('',#4949,#4950,#564,.T.);
#3595=EDGE_CURVE('',#4950,#4951,#5764,.T.);
#3596=EDGE_CURVE('',#4951,#4952,#303,.T.);
#3597=EDGE_CURVE('',#4952,#4953,#304,.T.);
#3598=EDGE_CURVE('',#4953,#4954,#565,.T.);
#3599=EDGE_CURVE('',#4954,#4955,#566,.T.);
#3600=EDGE_CURVE('',#4955,#4956,#305,.T.);
#3601=EDGE_CURVE('',#4956,#4957,#306,.T.);
#3602=EDGE_CURVE('',#4957,#4958,#307,.T.);
#3603=EDGE_CURVE('',#4958,#4959,#308,.F.);
#3604=EDGE_CURVE('',#4959,#4960,#5765,.T.);
#3605=EDGE_CURVE('',#4960,#4961,#309,.F.);
#3606=EDGE_CURVE('',#4961,#4962,#310,.F.);
#3607=EDGE_CURVE('',#4962,#4963,#567,.T.);
#3608=EDGE_CURVE('',#4963,#4964,#568,.T.);
#3609=EDGE_CURVE('',#4964,#4965,#311,.F.);
#3610=EDGE_CURVE('',#4965,#4966,#312,.F.);
#3611=EDGE_CURVE('',#4966,#4967,#5766,.T.);
#3612=EDGE_CURVE('',#4967,#4968,#313,.T.);
#3613=EDGE_CURVE('',#4968,#4969,#314,.T.);
#3614=EDGE_CURVE('',#4969,#4970,#569,.T.);
#3615=EDGE_CURVE('',#4970,#4971,#315,.T.);
#3616=EDGE_CURVE('',#4971,#4972,#316,.T.);
#3617=EDGE_CURVE('',#4972,#4973,#317,.T.);
#3618=EDGE_CURVE('',#4973,#4944,#570,.T.);
#3619=EDGE_CURVE('',#4974,#4975,#318,.F.);
#3620=EDGE_CURVE('',#4975,#4976,#571,.T.);
#3621=EDGE_CURVE('',#4976,#4977,#572,.T.);
#3622=EDGE_CURVE('',#4977,#4978,#573,.T.);
#3623=EDGE_CURVE('',#4978,#4979,#5767,.T.);
#3624=EDGE_CURVE('',#4979,#4980,#5768,.T.);
#3625=EDGE_CURVE('',#4980,#4981,#5769,.T.);
#3626=EDGE_CURVE('',#4981,#4982,#574,.T.);
#3627=EDGE_CURVE('',#4982,#4983,#575,.T.);
#3628=EDGE_CURVE('',#4983,#4984,#576,.T.);
#3629=EDGE_CURVE('',#4984,#4985,#577,.T.);
#3630=EDGE_CURVE('',#4985,#4986,#5770,.T.);
#3631=EDGE_CURVE('',#4986,#4987,#5771,.T.);
#3632=EDGE_CURVE('',#4987,#4988,#5772,.T.);
#3633=EDGE_CURVE('',#4988,#4974,#319,.F.);
#3634=EDGE_CURVE('',#4989,#4990,#5773,.T.);
#3635=EDGE_CURVE('',#4990,#4991,#320,.F.);
#3636=EDGE_CURVE('',#4991,#4992,#5774,.T.);
#3637=EDGE_CURVE('',#4992,#4993,#5775,.T.);
#3638=EDGE_CURVE('',#4993,#4994,#5776,.T.);
#3639=EDGE_CURVE('',#4994,#4995,#5777,.T.);
#3640=EDGE_CURVE('',#4995,#4996,#5778,.T.);
#3641=EDGE_CURVE('',#4996,#4997,#5779,.T.);
#3642=EDGE_CURVE('',#4997,#4998,#5780,.T.);
#3643=EDGE_CURVE('',#4998,#4999,#321,.F.);
#3644=EDGE_CURVE('',#4999,#5000,#5781,.T.);
#3645=EDGE_CURVE('',#5000,#5001,#5782,.T.);
#3646=EDGE_CURVE('',#5001,#5002,#5783,.T.);
#3647=EDGE_CURVE('',#5002,#5003,#5784,.T.);
#3648=EDGE_CURVE('',#5003,#5004,#5785,.T.);
#3649=EDGE_CURVE('',#5004,#4989,#5786,.T.);
#3650=EDGE_CURVE('',#5005,#5006,#5787,.T.);
#3651=EDGE_CURVE('',#5006,#5007,#5788,.T.);
#3652=EDGE_CURVE('',#5007,#5008,#5789,.T.);
#3653=EDGE_CURVE('',#5008,#5009,#5790,.T.);
#3654=EDGE_CURVE('',#5009,#5010,#5791,.T.);
#3655=EDGE_CURVE('',#5010,#5011,#5792,.T.);
#3656=EDGE_CURVE('',#5011,#5012,#5793,.T.);
#3657=EDGE_CURVE('',#5012,#5013,#5794,.T.);
#3658=EDGE_CURVE('',#5013,#5014,#5795,.T.);
#3659=EDGE_CURVE('',#5014,#5015,#5796,.T.);
#3660=EDGE_CURVE('',#5015,#5016,#5797,.T.);
#3661=EDGE_CURVE('',#5016,#5005,#5798,.T.);
#3662=EDGE_CURVE('',#5017,#5018,#5799,.T.);
#3663=EDGE_CURVE('',#5018,#5019,#5800,.T.);
#3664=EDGE_CURVE('',#5019,#5020,#5801,.T.);
#3665=EDGE_CURVE('',#5020,#5021,#5802,.T.);
#3666=EDGE_CURVE('',#5021,#5022,#5803,.T.);
#3667=EDGE_CURVE('',#5022,#5023,#322,.F.);
#3668=EDGE_CURVE('',#5023,#5024,#5804,.T.);
#3669=EDGE_CURVE('',#5024,#5025,#5805,.T.);
#3670=EDGE_CURVE('',#5025,#5026,#5806,.T.);
#3671=EDGE_CURVE('',#5026,#5027,#5807,.T.);
#3672=EDGE_CURVE('',#5027,#5028,#5808,.T.);
#3673=EDGE_CURVE('',#5028,#5029,#323,.F.);
#3674=EDGE_CURVE('',#5029,#5030,#5809,.T.);
#3675=EDGE_CURVE('',#5030,#5031,#5810,.T.);
#3676=EDGE_CURVE('',#5031,#5032,#5811,.T.);
#3677=EDGE_CURVE('',#5032,#5033,#5812,.T.);
#3678=EDGE_CURVE('',#5033,#5034,#5813,.T.);
#3679=EDGE_CURVE('',#5034,#5035,#5814,.T.);
#3680=EDGE_CURVE('',#5035,#5036,#5815,.T.);
#3681=EDGE_CURVE('',#5036,#5017,#5816,.T.);
#3682=EDGE_CURVE('',#5037,#5038,#5817,.T.);
#3683=EDGE_CURVE('',#5037,#5039,#5818,.T.);
#3684=EDGE_CURVE('',#5039,#5040,#5819,.T.);
#3685=EDGE_CURVE('',#5040,#5038,#5820,.T.);
#3686=EDGE_CURVE('',#5037,#5041,#324,.F.);
#3687=EDGE_CURVE('',#5042,#5038,#325,.F.);
#3688=EDGE_CURVE('',#5041,#5042,#5821,.T.);
#3689=EDGE_CURVE('',#5043,#5044,#5822,.T.);
#3690=EDGE_CURVE('',#5043,#5041,#5823,.T.);
#3691=EDGE_CURVE('',#5042,#5044,#5824,.T.);
#3692=EDGE_CURVE('',#5043,#5039,#326,.F.);
#3693=EDGE_CURVE('',#5040,#5044,#327,.F.);
#3694=EDGE_CURVE('',#5045,#5046,#5825,.T.);
#3695=EDGE_CURVE('',#5045,#5047,#5826,.T.);
#3696=EDGE_CURVE('',#5047,#5048,#5827,.T.);
#3697=EDGE_CURVE('',#5048,#5046,#5828,.T.);
#3698=EDGE_CURVE('',#5045,#5049,#328,.F.);
#3699=EDGE_CURVE('',#5050,#5046,#329,.F.);
#3700=EDGE_CURVE('',#5049,#5050,#5829,.T.);
#3701=EDGE_CURVE('',#5051,#5052,#5830,.T.);
#3702=EDGE_CURVE('',#5051,#5049,#5831,.T.);
#3703=EDGE_CURVE('',#5050,#5052,#5832,.T.);
#3704=EDGE_CURVE('',#5051,#5047,#330,.F.);
#3705=EDGE_CURVE('',#5048,#5052,#331,.F.);
#3706=EDGE_CURVE('',#5053,#5054,#5833,.T.);
#3707=EDGE_CURVE('',#5053,#5055,#5834,.T.);
#3708=EDGE_CURVE('',#5055,#5056,#5835,.T.);
#3709=EDGE_CURVE('',#5056,#5054,#5836,.T.);
#3710=EDGE_CURVE('',#5053,#5057,#332,.F.);
#3711=EDGE_CURVE('',#5058,#5054,#333,.F.);
#3712=EDGE_CURVE('',#5057,#5058,#5837,.T.);
#3713=EDGE_CURVE('',#5059,#5060,#5838,.T.);
#3714=EDGE_CURVE('',#5059,#5057,#5839,.T.);
#3715=EDGE_CURVE('',#5058,#5060,#5840,.T.);
#3716=EDGE_CURVE('',#5059,#5055,#334,.F.);
#3717=EDGE_CURVE('',#5056,#5060,#335,.F.);
#3718=EDGE_CURVE('',#5061,#5062,#5841,.T.);
#3719=EDGE_CURVE('',#5061,#5063,#5842,.T.);
#3720=EDGE_CURVE('',#5064,#5063,#5843,.T.);
#3721=EDGE_CURVE('',#5062,#5064,#5844,.T.);
#3722=EDGE_CURVE('',#5062,#5065,#336,.F.);
#3723=EDGE_CURVE('',#5066,#5064,#337,.F.);
#3724=EDGE_CURVE('',#5065,#5066,#5845,.T.);
#3725=EDGE_CURVE('',#5067,#5068,#5846,.T.);
#3726=EDGE_CURVE('',#5067,#5065,#5847,.T.);
#3727=EDGE_CURVE('',#5066,#5068,#5848,.T.);
#3728=EDGE_CURVE('',#5067,#5061,#338,.F.);
#3729=EDGE_CURVE('',#5063,#5068,#339,.F.);
#3730=EDGE_CURVE('',#5069,#5070,#5849,.T.);
#3731=EDGE_CURVE('',#5069,#5071,#5850,.T.);
#3732=EDGE_CURVE('',#5071,#5072,#5851,.T.);
#3733=EDGE_CURVE('',#5072,#5070,#5852,.T.);
#3734=EDGE_CURVE('',#5069,#5073,#340,.F.);
#3735=EDGE_CURVE('',#5074,#5070,#341,.F.);
#3736=EDGE_CURVE('',#5073,#5074,#5853,.T.);
#3737=EDGE_CURVE('',#5075,#5076,#5854,.T.);
#3738=EDGE_CURVE('',#5075,#5073,#5855,.T.);
#3739=EDGE_CURVE('',#5074,#5076,#5856,.T.);
#3740=EDGE_CURVE('',#5075,#5071,#342,.F.);
#3741=EDGE_CURVE('',#5072,#5076,#343,.F.);
#3742=EDGE_CURVE('',#5077,#5078,#5857,.T.);
#3743=EDGE_CURVE('',#5077,#5079,#5858,.T.);
#3744=EDGE_CURVE('',#5079,#5080,#5859,.T.);
#3745=EDGE_CURVE('',#5080,#5078,#5860,.T.);
#3746=EDGE_CURVE('',#5077,#5081,#344,.F.);
#3747=EDGE_CURVE('',#5082,#5078,#345,.F.);
#3748=EDGE_CURVE('',#5081,#5082,#5861,.T.);
#3749=EDGE_CURVE('',#5083,#5084,#5862,.T.);
#3750=EDGE_CURVE('',#5083,#5081,#5863,.T.);
#3751=EDGE_CURVE('',#5082,#5084,#5864,.T.);
#3752=EDGE_CURVE('',#5083,#5079,#346,.F.);
#3753=EDGE_CURVE('',#5080,#5084,#347,.F.);
#3754=EDGE_CURVE('',#5085,#5086,#5865,.T.);
#3755=EDGE_CURVE('',#5085,#5087,#5866,.T.);
#3756=EDGE_CURVE('',#5088,#5087,#5867,.T.);
#3757=EDGE_CURVE('',#5086,#5088,#5868,.T.);
#3758=EDGE_CURVE('',#5086,#5089,#348,.F.);
#3759=EDGE_CURVE('',#5090,#5088,#349,.F.);
#3760=EDGE_CURVE('',#5089,#5090,#5869,.T.);
#3761=EDGE_CURVE('',#5091,#5092,#5870,.T.);
#3762=EDGE_CURVE('',#5091,#5089,#5871,.T.);
#3763=EDGE_CURVE('',#5090,#5092,#5872,.T.);
#3764=EDGE_CURVE('',#5091,#5085,#350,.F.);
#3765=EDGE_CURVE('',#5087,#5092,#351,.F.);
#3766=EDGE_CURVE('',#5093,#5094,#5873,.T.);
#3767=EDGE_CURVE('',#5093,#5095,#5874,.T.);
#3768=EDGE_CURVE('',#5096,#5095,#5875,.T.);
#3769=EDGE_CURVE('',#5094,#5096,#5876,.T.);
#3770=EDGE_CURVE('',#5094,#5097,#352,.F.);
#3771=EDGE_CURVE('',#5098,#5096,#353,.F.);
#3772=EDGE_CURVE('',#5097,#5098,#5877,.T.);
#3773=EDGE_CURVE('',#5099,#5100,#5878,.T.);
#3774=EDGE_CURVE('',#5099,#5097,#5879,.T.);
#3775=EDGE_CURVE('',#5098,#5100,#5880,.T.);
#3776=EDGE_CURVE('',#5099,#5093,#354,.F.);
#3777=EDGE_CURVE('',#5095,#5100,#355,.F.);
#3778=EDGE_CURVE('',#5101,#5102,#5881,.T.);
#3779=EDGE_CURVE('',#5101,#5103,#5882,.T.);
#3780=EDGE_CURVE('',#5103,#5104,#5883,.T.);
#3781=EDGE_CURVE('',#5104,#5102,#5884,.T.);
#3782=EDGE_CURVE('',#5101,#5105,#356,.F.);
#3783=EDGE_CURVE('',#5106,#5102,#357,.F.);
#3784=EDGE_CURVE('',#5105,#5106,#5885,.T.);
#3785=EDGE_CURVE('',#5107,#5108,#5886,.T.);
#3786=EDGE_CURVE('',#5107,#5105,#5887,.T.);
#3787=EDGE_CURVE('',#5106,#5108,#5888,.T.);
#3788=EDGE_CURVE('',#5107,#5103,#358,.F.);
#3789=EDGE_CURVE('',#5104,#5108,#359,.F.);
#3790=EDGE_CURVE('',#5109,#5110,#5889,.T.);
#3791=EDGE_CURVE('',#5109,#5111,#5890,.T.);
#3792=EDGE_CURVE('',#5111,#5112,#5891,.T.);
#3793=EDGE_CURVE('',#5112,#5110,#5892,.T.);
#3794=EDGE_CURVE('',#5109,#5113,#360,.F.);
#3795=EDGE_CURVE('',#5114,#5110,#361,.F.);
#3796=EDGE_CURVE('',#5113,#5114,#5893,.T.);
#3797=EDGE_CURVE('',#5115,#5116,#5894,.T.);
#3798=EDGE_CURVE('',#5115,#5113,#5895,.T.);
#3799=EDGE_CURVE('',#5114,#5116,#5896,.T.);
#3800=EDGE_CURVE('',#5115,#5111,#362,.F.);
#3801=EDGE_CURVE('',#5112,#5116,#363,.F.);
#3802=EDGE_CURVE('',#5117,#5118,#5897,.T.);
#3803=EDGE_CURVE('',#5117,#5119,#5898,.T.);
#3804=EDGE_CURVE('',#5119,#5120,#5899,.T.);
#3805=EDGE_CURVE('',#5120,#5118,#5900,.T.);
#3806=EDGE_CURVE('',#5117,#5121,#364,.F.);
#3807=EDGE_CURVE('',#5122,#5118,#365,.F.);
#3808=EDGE_CURVE('',#5121,#5122,#5901,.T.);
#3809=EDGE_CURVE('',#5123,#5124,#5902,.T.);
#3810=EDGE_CURVE('',#5123,#5121,#5903,.T.);
#3811=EDGE_CURVE('',#5122,#5124,#5904,.T.);
#3812=EDGE_CURVE('',#5123,#5119,#366,.F.);
#3813=EDGE_CURVE('',#5120,#5124,#367,.F.);
#3814=EDGE_CURVE('',#5125,#5125,#368,.T.);
#3815=EDGE_CURVE('',#5126,#5126,#369,.T.);
#3816=EDGE_CURVE('',#5127,#5128,#5905,.T.);
#3817=EDGE_CURVE('',#5129,#5128,#370,.T.);
#3818=EDGE_CURVE('',#5129,#5130,#5906,.T.);
#3819=EDGE_CURVE('',#5127,#5130,#371,.T.);
#3820=EDGE_CURVE('',#5131,#5132,#5907,.T.);
#3821=EDGE_CURVE('',#5133,#5132,#372,.T.);
#3822=EDGE_CURVE('',#5134,#5133,#5908,.T.);
#3823=EDGE_CURVE('',#5131,#5134,#373,.T.);
#3824=EDGE_CURVE('',#5135,#5136,#374,.T.);
#3825=EDGE_CURVE('',#5137,#5135,#5909,.T.);
#3826=EDGE_CURVE('',#5138,#5137,#375,.T.);
#3827=EDGE_CURVE('',#5138,#5136,#5910,.T.);
#3828=EDGE_CURVE('',#5139,#5140,#5911,.T.);
#3829=EDGE_CURVE('',#5141,#5140,#376,.T.);
#3830=EDGE_CURVE('',#5141,#5142,#5912,.T.);
#3831=EDGE_CURVE('',#5139,#5142,#377,.T.);
#3832=EDGE_CURVE('',#5143,#5144,#5913,.T.);
#3833=EDGE_CURVE('',#5145,#5144,#378,.T.);
#3834=EDGE_CURVE('',#5145,#5146,#5914,.T.);
#3835=EDGE_CURVE('',#5143,#5146,#379,.T.);
#3836=EDGE_CURVE('',#5147,#5148,#5915,.T.);
#3837=EDGE_CURVE('',#5149,#5148,#380,.T.);
#3838=EDGE_CURVE('',#5149,#5150,#5916,.T.);
#3839=EDGE_CURVE('',#5147,#5150,#381,.T.);
#3840=EDGE_CURVE('',#5151,#5151,#382,.T.);
#3841=EDGE_CURVE('',#5152,#5152,#383,.T.);
#3842=EDGE_CURVE('',#5153,#5153,#384,.T.);
#3843=EDGE_CURVE('',#5154,#5154,#385,.T.);
#3844=EDGE_CURVE('',#5155,#5156,#578,.T.);
#3845=EDGE_CURVE('',#5155,#5157,#386,.F.);
#3846=EDGE_CURVE('',#5158,#5157,#5917,.T.);
#3847=EDGE_CURVE('',#5159,#5158,#5918,.T.);
#3848=EDGE_CURVE('',#5160,#5159,#387,.T.);
#3849=EDGE_CURVE('',#5161,#5160,#5919,.T.);
#3850=EDGE_CURVE('',#5161,#5162,#5920,.T.);
#3851=EDGE_CURVE('',#5162,#5163,#5921,.T.);
#3852=EDGE_CURVE('',#5163,#5164,#5922,.T.);
#3853=EDGE_CURVE('',#5164,#5165,#5923,.T.);
#3854=EDGE_CURVE('',#5165,#5166,#5924,.T.);
#3855=EDGE_CURVE('',#5166,#5167,#5925,.T.);
#3856=EDGE_CURVE('',#5168,#5167,#5926,.T.);
#3857=EDGE_CURVE('',#5169,#5168,#5927,.T.);
#3858=EDGE_CURVE('',#5170,#5169,#388,.T.);
#3859=EDGE_CURVE('',#5171,#5170,#5928,.T.);
#3860=EDGE_CURVE('',#5171,#5172,#5929,.T.);
#3861=EDGE_CURVE('',#5173,#5172,#5930,.T.);
#3862=EDGE_CURVE('',#5173,#5174,#389,.F.);
#3863=EDGE_CURVE('',#5174,#5175,#579,.T.);
#3864=EDGE_CURVE('',#5176,#5175,#580,.T.);
#3865=EDGE_CURVE('',#5177,#5176,#390,.T.);
#3866=EDGE_CURVE('',#5177,#5178,#581,.T.);
#3867=EDGE_CURVE('',#5178,#5179,#582,.T.);
#3868=EDGE_CURVE('',#5179,#4748,#5931,.T.);
#3869=EDGE_CURVE('',#5180,#4750,#5932,.T.);
#3870=EDGE_CURVE('',#5181,#5180,#5933,.T.);
#3871=EDGE_CURVE('',#4756,#5181,#5934,.T.);
#3872=EDGE_CURVE('',#4755,#5182,#5935,.T.);
#3873=EDGE_CURVE('',#5183,#5182,#5936,.T.);
#3874=EDGE_CURVE('',#5184,#5183,#5937,.T.);
#3875=EDGE_CURVE('',#5184,#5185,#5938,.T.);
#3876=EDGE_CURVE('',#5186,#5185,#583,.T.);
#3877=EDGE_CURVE('',#5187,#5186,#584,.T.);
#3878=EDGE_CURVE('',#5187,#5188,#391,.F.);
#3879=EDGE_CURVE('',#5188,#5189,#585,.T.);
#3880=EDGE_CURVE('',#5156,#5189,#586,.T.);
#3881=EDGE_CURVE('',#5190,#5191,#5939,.T.);
#3882=EDGE_CURVE('',#5192,#5191,#392,.T.);
#3883=EDGE_CURVE('',#5192,#5193,#5940,.T.);
#3884=EDGE_CURVE('',#5190,#5193,#393,.T.);
#3885=EDGE_CURVE('',#5194,#5195,#5941,.T.);
#3886=EDGE_CURVE('',#5196,#5195,#394,.T.);
#3887=EDGE_CURVE('',#5197,#5196,#5942,.T.);
#3888=EDGE_CURVE('',#5194,#5197,#395,.T.);
#3889=EDGE_CURVE('',#5198,#5199,#5943,.T.);
#3890=EDGE_CURVE('',#5200,#5199,#396,.T.);
#3891=EDGE_CURVE('',#5200,#5201,#5944,.T.);
#3892=EDGE_CURVE('',#5198,#5201,#397,.T.);
#3893=EDGE_CURVE('',#5202,#5203,#5945,.T.);
#3894=EDGE_CURVE('',#5204,#5203,#398,.T.);
#3895=EDGE_CURVE('',#5204,#5205,#5946,.T.);
#3896=EDGE_CURVE('',#5202,#5205,#399,.T.);
#3897=EDGE_CURVE('',#5206,#5207,#5947,.T.);
#3898=EDGE_CURVE('',#5208,#5207,#400,.T.);
#3899=EDGE_CURVE('',#5208,#5209,#5948,.T.);
#3900=EDGE_CURVE('',#5206,#5209,#401,.T.);
#3901=EDGE_CURVE('',#5184,#5210,#5949,.T.);
#3902=EDGE_CURVE('',#5210,#5211,#5950,.T.);
#3903=EDGE_CURVE('',#5211,#5185,#5951,.T.);
#3904=EDGE_CURVE('',#5162,#5212,#5952,.T.);
#3905=EDGE_CURVE('',#5212,#5213,#5953,.T.);
#3906=EDGE_CURVE('',#5163,#5213,#5954,.T.);
#3907=EDGE_CURVE('',#5214,#5215,#5955,.T.);
#3908=EDGE_CURVE('',#5214,#5216,#5956,.T.);
#3909=EDGE_CURVE('',#5216,#5217,#5957,.T.);
#3910=EDGE_CURVE('',#5215,#5217,#5958,.T.);
#3911=EDGE_CURVE('',#5218,#5219,#5959,.T.);
#3912=EDGE_CURVE('',#5219,#5220,#5960,.T.);
#3913=EDGE_CURVE('',#5220,#5221,#5961,.T.);
#3914=EDGE_CURVE('',#5221,#5218,#5962,.T.);
#3915=EDGE_CURVE('',#5222,#5223,#5963,.T.);
#3916=EDGE_CURVE('',#5223,#5224,#5964,.T.);
#3917=EDGE_CURVE('',#5225,#5224,#5965,.T.);
#3918=EDGE_CURVE('',#5225,#5222,#5966,.T.);
#3919=EDGE_CURVE('',#5226,#5227,#402,.T.);
#3920=EDGE_CURVE('',#5227,#5226,#5967,.T.);
#3921=EDGE_CURVE('',#5224,#5219,#5968,.T.);
#3922=EDGE_CURVE('',#5218,#5225,#5969,.T.);
#3923=EDGE_CURVE('',#5167,#5228,#5970,.T.);
#3924=EDGE_CURVE('',#5166,#5229,#5971,.T.);
#3925=EDGE_CURVE('',#5229,#5228,#5972,.T.);
#3926=EDGE_CURVE('',#5161,#5168,#5973,.T.);
#3927=EDGE_CURVE('',#5160,#5230,#5974,.F.);
#3928=EDGE_CURVE('',#5230,#5231,#5975,.T.);
#3929=EDGE_CURVE('',#5231,#5232,#5976,.T.);
#3930=EDGE_CURVE('',#5233,#5232,#5977,.T.);
#3931=EDGE_CURVE('',#5234,#5233,#5978,.T.);
#3932=EDGE_CURVE('',#5234,#5235,#5979,.T.);
#3933=EDGE_CURVE('',#5235,#5236,#5980,.T.);
#3934=EDGE_CURVE('',#5236,#5171,#5981,.T.);
#3935=EDGE_CURVE('',#5170,#5237,#5982,.F.);
#3936=EDGE_CURVE('',#5237,#5238,#5983,.T.);
#3937=EDGE_CURVE('',#5238,#5169,#5984,.T.);
#3938=EDGE_CURVE('',#5239,#5240,#5985,.T.);
#3939=EDGE_CURVE('',#5241,#5239,#5986,.T.);
#3940=EDGE_CURVE('',#5242,#5241,#5987,.T.);
#3941=EDGE_CURVE('',#5242,#5240,#5988,.T.);
#3942=EDGE_CURVE('',#5243,#5243,#403,.T.);
#3943=EDGE_CURVE('',#5238,#5237,#404,.T.);
#3944=EDGE_CURVE('',#5244,#5245,#5989,.T.);
#3945=EDGE_CURVE('',#5244,#5246,#5990,.T.);
#3946=EDGE_CURVE('',#5247,#5246,#5991,.F.);
#3947=EDGE_CURVE('',#5247,#5214,#5992,.T.);
#3948=EDGE_CURVE('',#5240,#5215,#5993,.T.);
#3949=EDGE_CURVE('',#5242,#5245,#5994,.T.);
#3950=EDGE_CURVE('',#5217,#5239,#5995,.T.);
#3951=EDGE_CURVE('',#5216,#5226,#5996,.T.);
#3952=EDGE_CURVE('',#5241,#5227,#5997,.T.);
#3953=EDGE_CURVE('',#5248,#5179,#5998,.T.);
#3954=EDGE_CURVE('',#5248,#4747,#5999,.T.);
#3955=EDGE_CURVE('',#5249,#5178,#6000,.T.);
#3956=EDGE_CURVE('',#5249,#5248,#587,.T.);
#3957=EDGE_CURVE('',#5250,#5177,#6001,.T.);
#3958=EDGE_CURVE('',#5250,#5249,#588,.T.);
#3959=EDGE_CURVE('',#5251,#5176,#6002,.T.);
#3960=EDGE_CURVE('',#5251,#5250,#405,.F.);
#3961=EDGE_CURVE('',#5252,#5175,#6003,.T.);
#3962=EDGE_CURVE('',#5252,#5251,#589,.T.);
#3963=EDGE_CURVE('',#5174,#5253,#6004,.F.);
#3964=EDGE_CURVE('',#5253,#5252,#590,.T.);
#3965=EDGE_CURVE('',#5157,#5254,#6005,.F.);
#3966=EDGE_CURVE('',#5254,#5255,#6006,.T.);
#3967=EDGE_CURVE('',#5255,#5173,#6007,.F.);
#3968=EDGE_CURVE('',#5256,#5172,#6008,.T.);
#3969=EDGE_CURVE('',#5257,#5256,#6009,.T.);
#3970=EDGE_CURVE('',#5258,#5257,#6010,.T.);
#3971=EDGE_CURVE('',#5258,#5259,#6011,.T.);
#3972=EDGE_CURVE('',#5259,#5158,#6012,.T.);
#3973=EDGE_CURVE('',#5260,#5261,#591,.T.);
#3974=EDGE_CURVE('',#5261,#5155,#6013,.T.);
#3975=EDGE_CURVE('',#5260,#5156,#6014,.T.);
#3976=EDGE_CURVE('',#5262,#5189,#6015,.T.);
#3977=EDGE_CURVE('',#5262,#5260,#592,.T.);
#3978=EDGE_CURVE('',#5263,#5188,#6016,.T.);
#3979=EDGE_CURVE('',#5263,#5262,#593,.T.);
#3980=EDGE_CURVE('',#5264,#5187,#6017,.T.);
#3981=EDGE_CURVE('',#5264,#5263,#406,.F.);
#3982=EDGE_CURVE('',#5265,#5186,#6018,.T.);
#3983=EDGE_CURVE('',#5265,#5264,#594,.T.);
#3984=EDGE_CURVE('',#5211,#5265,#595,.T.);
#3985=EDGE_CURVE('',#5266,#5266,#407,.T.);
#3986=EDGE_CURVE('',#5267,#5267,#408,.T.);
#3987=EDGE_CURVE('',#5268,#5268,#409,.T.);
#3988=EDGE_CURVE('',#5269,#5269,#410,.T.);
#3989=EDGE_CURVE('',#5270,#5270,#411,.T.);
#3990=EDGE_CURVE('',#5271,#5230,#412,.T.);
#3991=EDGE_CURVE('',#5271,#5231,#6019,.T.);
#3992=EDGE_CURVE('',#5272,#5159,#6020,.T.);
#3993=EDGE_CURVE('',#5272,#5271,#36,.T.);
#3994=EDGE_CURVE('',#5273,#5273,#413,.T.);
#3995=EDGE_CURVE('',#5274,#5274,#414,.T.);
#3996=EDGE_CURVE('',#5275,#5275,#415,.T.);
#3997=EDGE_CURVE('',#5276,#5276,#416,.T.);
#3998=EDGE_CURVE('',#5277,#5277,#417,.T.);
#3999=EDGE_CURVE('',#5278,#5278,#418,.T.);
#4000=EDGE_CURVE('',#5227,#5226,#419,.T.);
#4001=EDGE_CURVE('',#5279,#5279,#420,.T.);
#4002=EDGE_CURVE('',#5280,#5280,#421,.T.);
#4003=EDGE_CURVE('',#5281,#5281,#422,.T.);
#4004=EDGE_CURVE('',#5245,#5247,#423,.T.);
#4005=EDGE_CURVE('',#5282,#5212,#6021,.T.);
#4006=EDGE_CURVE('',#5283,#5282,#6022,.F.);
#4007=EDGE_CURVE('',#5283,#5228,#6023,.T.);
#4008=EDGE_CURVE('',#5229,#5284,#6024,.T.);
#4009=EDGE_CURVE('',#5285,#5284,#6025,.T.);
#4010=EDGE_CURVE('',#5285,#5213,#6026,.T.);
#4011=EDGE_CURVE('',#5164,#5285,#6027,.T.);
#4012=EDGE_CURVE('',#5221,#5222,#6028,.T.);
#4013=EDGE_CURVE('',#5284,#5165,#6029,.T.);
#4014=EDGE_CURVE('',#5236,#5256,#6030,.T.);
#4015=EDGE_CURVE('',#5232,#5272,#6031,.T.);
#4016=EDGE_CURVE('',#5233,#5259,#6032,.T.);
#4017=EDGE_CURVE('',#5234,#5258,#6033,.T.);
#4018=EDGE_CURVE('',#5235,#5257,#6034,.T.);
#4019=EDGE_CURVE('',#5220,#5223,#6035,.T.);
#4020=EDGE_CURVE('',#5168,#5283,#596,.T.);
#4021=EDGE_CURVE('',#5161,#5282,#597,.T.);
#4022=EDGE_CURVE('',#5182,#5286,#6036,.T.);
#4023=EDGE_CURVE('',#5286,#5287,#6037,.T.);
#4024=EDGE_CURVE('',#5288,#5287,#6038,.T.);
#4025=EDGE_CURVE('',#5183,#5288,#6039,.T.);
#4026=EDGE_CURVE('',#5286,#4754,#6040,.T.);
#4027=EDGE_CURVE('',#5288,#5289,#6041,.T.);
#4028=EDGE_CURVE('',#5289,#5210,#37,.T.);
#4029=EDGE_CURVE('',#4753,#5290,#38,.F.);
#4030=EDGE_CURVE('',#5287,#5290,#6042,.T.);
#4031=EDGE_CURVE('',#5290,#5289,#6043,.T.);
#4032=EDGE_CURVE('',#5291,#5180,#6044,.T.);
#4033=EDGE_CURVE('',#5292,#5291,#6045,.T.);
#4034=EDGE_CURVE('',#5293,#5292,#6046,.T.);
#4035=EDGE_CURVE('',#5181,#5293,#6047,.T.);
#4036=EDGE_CURVE('',#5293,#4751,#6048,.T.);
#4037=EDGE_CURVE('',#4749,#5294,#39,.T.);
#4038=EDGE_CURVE('',#5291,#5294,#6049,.T.);
#4039=EDGE_CURVE('',#5294,#5295,#6050,.T.);
#4040=EDGE_CURVE('',#5292,#5295,#6051,.T.);
#4041=EDGE_CURVE('',#5295,#4752,#40,.T.);
#4042=EDGE_CURVE('',#5296,#5127,#6052,.T.);
#4043=EDGE_CURVE('',#5296,#5297,#6053,.T.);
#4044=EDGE_CURVE('',#5297,#5128,#6054,.T.);
#4045=EDGE_CURVE('',#5298,#5130,#6055,.T.);
#4046=EDGE_CURVE('',#5296,#5298,#424,.T.);
#4047=EDGE_CURVE('',#5299,#5129,#6056,.T.);
#4048=EDGE_CURVE('',#5299,#5298,#6057,.T.);
#4049=EDGE_CURVE('',#5299,#5297,#425,.T.);
#4050=EDGE_CURVE('',#5300,#5206,#6058,.T.);
#4051=EDGE_CURVE('',#5300,#5301,#6059,.T.);
#4052=EDGE_CURVE('',#5301,#5207,#6060,.T.);
#4053=EDGE_CURVE('',#5302,#5209,#6061,.T.);
#4054=EDGE_CURVE('',#5300,#5302,#426,.T.);
#4055=EDGE_CURVE('',#5303,#5208,#6062,.T.);
#4056=EDGE_CURVE('',#5303,#5302,#6063,.T.);
#4057=EDGE_CURVE('',#5303,#5301,#427,.T.);
#4058=EDGE_CURVE('',#5304,#5202,#6064,.T.);
#4059=EDGE_CURVE('',#5304,#5305,#6065,.T.);
#4060=EDGE_CURVE('',#5305,#5203,#6066,.T.);
#4061=EDGE_CURVE('',#5306,#5205,#6067,.T.);
#4062=EDGE_CURVE('',#5304,#5306,#428,.T.);
#4063=EDGE_CURVE('',#5307,#5204,#6068,.T.);
#4064=EDGE_CURVE('',#5307,#5306,#6069,.T.);
#4065=EDGE_CURVE('',#5307,#5305,#429,.T.);
#4066=EDGE_CURVE('',#5308,#5309,#6070,.T.);
#4067=EDGE_CURVE('',#5308,#5310,#430,.T.);
#4068=EDGE_CURVE('',#5310,#5311,#6071,.T.);
#4069=EDGE_CURVE('',#5311,#5309,#431,.T.);
#4070=EDGE_CURVE('',#5308,#5131,#6072,.T.);
#4071=EDGE_CURVE('',#5309,#5132,#6073,.T.);
#4072=EDGE_CURVE('',#5310,#5134,#6074,.T.);
#4073=EDGE_CURVE('',#5311,#5133,#6075,.T.);
#4074=EDGE_CURVE('',#5312,#5313,#6076,.T.);
#4075=EDGE_CURVE('',#5312,#5314,#432,.T.);
#4076=EDGE_CURVE('',#5314,#5315,#6077,.T.);
#4077=EDGE_CURVE('',#5315,#5313,#433,.T.);
#4078=EDGE_CURVE('',#5312,#5194,#6078,.T.);
#4079=EDGE_CURVE('',#5313,#5195,#6079,.T.);
#4080=EDGE_CURVE('',#5314,#5197,#6080,.T.);
#4081=EDGE_CURVE('',#5315,#5196,#6081,.T.);
#4082=EDGE_CURVE('',#5316,#5139,#6082,.T.);
#4083=EDGE_CURVE('',#5316,#5317,#6083,.T.);
#4084=EDGE_CURVE('',#5317,#5140,#6084,.T.);
#4085=EDGE_CURVE('',#5318,#5142,#6085,.T.);
#4086=EDGE_CURVE('',#5316,#5318,#434,.T.);
#4087=EDGE_CURVE('',#5319,#5141,#6086,.T.);
#4088=EDGE_CURVE('',#5319,#5318,#6087,.T.);
#4089=EDGE_CURVE('',#5319,#5317,#435,.T.);
#4090=EDGE_CURVE('',#5320,#5198,#6088,.T.);
#4091=EDGE_CURVE('',#5320,#5321,#6089,.T.);
#4092=EDGE_CURVE('',#5321,#5199,#6090,.T.);
#4093=EDGE_CURVE('',#5322,#5201,#6091,.T.);
#4094=EDGE_CURVE('',#5320,#5322,#436,.T.);
#4095=EDGE_CURVE('',#5323,#5200,#6092,.T.);
#4096=EDGE_CURVE('',#5323,#5322,#6093,.T.);
#4097=EDGE_CURVE('',#5323,#5321,#437,.T.);
#4098=EDGE_CURVE('',#5324,#5325,#6094,.T.);
#4099=EDGE_CURVE('',#5325,#5326,#438,.T.);
#4100=EDGE_CURVE('',#5327,#5326,#6095,.T.);
#4101=EDGE_CURVE('',#5327,#5324,#439,.T.);
#4102=EDGE_CURVE('',#5325,#5135,#6096,.T.);
#4103=EDGE_CURVE('',#5324,#5137,#6097,.T.);
#4104=EDGE_CURVE('',#5326,#5136,#6098,.T.);
#4105=EDGE_CURVE('',#5327,#5138,#6099,.T.);
#4106=EDGE_CURVE('',#5328,#5190,#6100,.T.);
#4107=EDGE_CURVE('',#5328,#5329,#6101,.T.);
#4108=EDGE_CURVE('',#5329,#5191,#6102,.T.);
#4109=EDGE_CURVE('',#5330,#5193,#6103,.T.);
#4110=EDGE_CURVE('',#5328,#5330,#440,.T.);
#4111=EDGE_CURVE('',#5331,#5192,#6104,.T.);
#4112=EDGE_CURVE('',#5331,#5330,#6105,.T.);
#4113=EDGE_CURVE('',#5331,#5329,#441,.T.);
#4114=EDGE_CURVE('',#5332,#5143,#6106,.T.);
#4115=EDGE_CURVE('',#5332,#5333,#6107,.T.);
#4116=EDGE_CURVE('',#5333,#5144,#6108,.T.);
#4117=EDGE_CURVE('',#5334,#5146,#6109,.T.);
#4118=EDGE_CURVE('',#5332,#5334,#442,.T.);
#4119=EDGE_CURVE('',#5335,#5145,#6110,.T.);
#4120=EDGE_CURVE('',#5335,#5334,#6111,.T.);
#4121=EDGE_CURVE('',#5335,#5333,#443,.T.);
#4122=EDGE_CURVE('',#5336,#5147,#6112,.T.);
#4123=EDGE_CURVE('',#5336,#5337,#6113,.T.);
#4124=EDGE_CURVE('',#5337,#5148,#6114,.T.);
#4125=EDGE_CURVE('',#5338,#5150,#6115,.T.);
#4126=EDGE_CURVE('',#5336,#5338,#444,.T.);
#4127=EDGE_CURVE('',#5339,#5149,#6116,.T.);
#4128=EDGE_CURVE('',#5339,#5338,#6117,.T.);
#4129=EDGE_CURVE('',#5339,#5337,#445,.T.);
#4130=EDGE_CURVE('',#5340,#5340,#446,.T.);
#4131=EDGE_CURVE('',#5341,#4881,#6118,.T.);
#4132=EDGE_CURVE('',#5341,#5342,#6119,.T.);
#4133=EDGE_CURVE('',#5342,#4883,#6120,.T.);
#4134=EDGE_CURVE('',#5343,#4882,#6121,.T.);
#4135=EDGE_CURVE('',#5341,#5343,#447,.T.);
#4136=EDGE_CURVE('',#5344,#4890,#6122,.T.);
#4137=EDGE_CURVE('',#5344,#5343,#6123,.T.);
#4138=EDGE_CURVE('',#5345,#4889,#6124,.T.);
#4139=EDGE_CURVE('',#5344,#5345,#448,.T.);
#4140=EDGE_CURVE('',#5346,#4888,#6125,.T.);
#4141=EDGE_CURVE('',#5345,#5346,#6126,.T.);
#4142=EDGE_CURVE('',#5347,#4887,#6127,.T.);
#4143=EDGE_CURVE('',#5346,#5347,#449,.T.);
#4144=EDGE_CURVE('',#5348,#4886,#6128,.T.);
#4145=EDGE_CURVE('',#5347,#5348,#6129,.T.);
#4146=EDGE_CURVE('',#5349,#4885,#6130,.T.);
#4147=EDGE_CURVE('',#5348,#5349,#450,.T.);
#4148=EDGE_CURVE('',#5350,#4884,#6131,.T.);
#4149=EDGE_CURVE('',#5350,#5349,#6132,.T.);
#4150=EDGE_CURVE('',#5350,#5342,#451,.T.);
#4151=EDGE_CURVE('',#5351,#4893,#6133,.T.);
#4152=EDGE_CURVE('',#5352,#5351,#452,.T.);
#4153=EDGE_CURVE('',#5352,#4892,#6134,.T.);
#4154=EDGE_CURVE('',#5353,#4901,#6135,.T.);
#4155=EDGE_CURVE('',#5351,#5353,#6136,.T.);
#4156=EDGE_CURVE('',#5354,#4900,#6137,.T.);
#4157=EDGE_CURVE('',#5353,#5354,#453,.T.);
#4158=EDGE_CURVE('',#5355,#4899,#6138,.T.);
#4159=EDGE_CURVE('',#5354,#5355,#6139,.T.);
#4160=EDGE_CURVE('',#5356,#4898,#6140,.T.);
#4161=EDGE_CURVE('',#5355,#5356,#454,.T.);
#4162=EDGE_CURVE('',#5357,#4897,#6141,.T.);
#4163=EDGE_CURVE('',#5357,#5356,#6142,.T.);
#4164=EDGE_CURVE('',#5358,#4896,#6143,.T.);
#4165=EDGE_CURVE('',#5357,#5358,#455,.T.);
#4166=EDGE_CURVE('',#5359,#4895,#6144,.T.);
#4167=EDGE_CURVE('',#5359,#5358,#6145,.T.);
#4168=EDGE_CURVE('',#5360,#4894,#6146,.T.);
#4169=EDGE_CURVE('',#5359,#5360,#456,.T.);
#4170=EDGE_CURVE('',#5352,#5360,#6147,.T.);
#4171=EDGE_CURVE('',#5361,#5361,#457,.T.);
#4172=EDGE_CURVE('',#5362,#5362,#458,.T.);
#4173=EDGE_CURVE('',#5363,#5363,#459,.T.);
#4174=EDGE_CURVE('',#5364,#4905,#6148,.T.);
#4175=EDGE_CURVE('',#5364,#5365,#460,.T.);
#4176=EDGE_CURVE('',#5365,#4907,#6149,.T.);
#4177=EDGE_CURVE('',#5366,#4906,#6150,.T.);
#4178=EDGE_CURVE('',#5364,#5366,#6151,.T.);
#4179=EDGE_CURVE('',#5367,#4914,#6152,.T.);
#4180=EDGE_CURVE('',#5367,#5366,#461,.T.);
#4181=EDGE_CURVE('',#5368,#4913,#6153,.T.);
#4182=EDGE_CURVE('',#5368,#5367,#6154,.T.);
#4183=EDGE_CURVE('',#5369,#4912,#6155,.T.);
#4184=EDGE_CURVE('',#5369,#5368,#462,.T.);
#4185=EDGE_CURVE('',#5370,#4911,#6156,.T.);
#4186=EDGE_CURVE('',#5370,#5369,#6157,.T.);
#4187=EDGE_CURVE('',#5371,#4910,#6158,.T.);
#4188=EDGE_CURVE('',#5371,#5370,#463,.T.);
#4189=EDGE_CURVE('',#5372,#4909,#6159,.T.);
#4190=EDGE_CURVE('',#5371,#5372,#6160,.T.);
#4191=EDGE_CURVE('',#5373,#4908,#6161,.T.);
#4192=EDGE_CURVE('',#5373,#5372,#464,.T.);
#4193=EDGE_CURVE('',#5373,#5365,#6162,.T.);
#4194=EDGE_CURVE('',#5374,#5374,#465,.T.);
#4195=EDGE_CURVE('',#5375,#5375,#466,.T.);
#4196=EDGE_CURVE('',#5376,#5376,#467,.T.);
#4197=EDGE_CURVE('',#5377,#4868,#6163,.T.);
#4198=EDGE_CURVE('',#5377,#5378,#468,.T.);
#4199=EDGE_CURVE('',#5378,#4870,#6164,.T.);
#4200=EDGE_CURVE('',#5379,#4869,#6165,.T.);
#4201=EDGE_CURVE('',#5377,#5379,#6166,.T.);
#4202=EDGE_CURVE('',#5380,#4877,#6167,.T.);
#4203=EDGE_CURVE('',#5380,#5379,#469,.T.);
#4204=EDGE_CURVE('',#5381,#4876,#6168,.T.);
#4205=EDGE_CURVE('',#5381,#5380,#6169,.T.);
#4206=EDGE_CURVE('',#5382,#4875,#6170,.T.);
#4207=EDGE_CURVE('',#5382,#5381,#470,.T.);
#4208=EDGE_CURVE('',#5383,#4874,#6171,.T.);
#4209=EDGE_CURVE('',#5383,#5382,#6172,.T.);
#4210=EDGE_CURVE('',#5384,#4873,#6173,.T.);
#4211=EDGE_CURVE('',#5384,#5383,#471,.T.);
#4212=EDGE_CURVE('',#5385,#4872,#6174,.T.);
#4213=EDGE_CURVE('',#5385,#5384,#6175,.T.);
#4214=EDGE_CURVE('',#5386,#4871,#6176,.T.);
#4215=EDGE_CURVE('',#5386,#5385,#472,.T.);
#4216=EDGE_CURVE('',#5386,#5378,#6177,.T.);
#4217=EDGE_CURVE('',#5387,#4861,#6178,.T.);
#4218=EDGE_CURVE('',#5387,#5388,#6179,.T.);
#4219=EDGE_CURVE('',#5388,#4862,#6180,.T.);
#4220=EDGE_CURVE('',#5389,#4860,#6181,.T.);
#4221=EDGE_CURVE('',#5389,#5387,#6182,.T.);
#4222=EDGE_CURVE('',#5390,#4867,#6183,.T.);
#4223=EDGE_CURVE('',#5390,#5389,#6184,.T.);
#4224=EDGE_CURVE('',#5391,#4866,#6185,.T.);
#4225=EDGE_CURVE('',#5391,#5390,#6186,.T.);
#4226=EDGE_CURVE('',#5392,#4865,#6187,.T.);
#4227=EDGE_CURVE('',#5392,#5391,#6188,.T.);
#4228=EDGE_CURVE('',#5393,#4864,#6189,.T.);
#4229=EDGE_CURVE('',#5393,#5392,#6190,.T.);
#4230=EDGE_CURVE('',#5394,#4863,#6191,.T.);
#4231=EDGE_CURVE('',#5394,#5393,#6192,.T.);
#4232=EDGE_CURVE('',#5388,#5394,#6193,.T.);
#4233=EDGE_CURVE('',#5395,#4844,#6194,.T.);
#4234=EDGE_CURVE('',#5395,#5396,#6195,.T.);
#4235=EDGE_CURVE('',#5396,#4845,#6196,.T.);
#4236=EDGE_CURVE('',#5397,#4843,#6197,.T.);
#4237=EDGE_CURVE('',#5397,#5395,#598,.T.);
#4238=EDGE_CURVE('',#5398,#4859,#6198,.T.);
#4239=EDGE_CURVE('',#5398,#5397,#599,.T.);
#4240=EDGE_CURVE('',#5399,#4858,#6199,.T.);
#4241=EDGE_CURVE('',#5399,#5398,#473,.F.);
#4242=EDGE_CURVE('',#5400,#4857,#6200,.T.);
#4243=EDGE_CURVE('',#5400,#5399,#6201,.T.);
#4244=EDGE_CURVE('',#5401,#4856,#6202,.T.);
#4245=EDGE_CURVE('',#5401,#5400,#600,.T.);
#4246=EDGE_CURVE('',#5402,#4855,#6203,.T.);
#4247=EDGE_CURVE('',#5402,#5401,#601,.T.);
#4248=EDGE_CURVE('',#5403,#4854,#6204,.T.);
#4249=EDGE_CURVE('',#5403,#5402,#6205,.T.);
#4250=EDGE_CURVE('',#5404,#4853,#6206,.T.);
#4251=EDGE_CURVE('',#5404,#5403,#602,.T.);
#4252=EDGE_CURVE('',#5405,#4852,#6207,.T.);
#4253=EDGE_CURVE('',#5405,#5404,#603,.T.);
#4254=EDGE_CURVE('',#5406,#4851,#6208,.T.);
#4255=EDGE_CURVE('',#5406,#5405,#474,.T.);
#4256=EDGE_CURVE('',#5407,#4850,#6209,.T.);
#4257=EDGE_CURVE('',#5407,#5406,#475,.T.);
#4258=EDGE_CURVE('',#5408,#4849,#6210,.T.);
#4259=EDGE_CURVE('',#5408,#5407,#6211,.T.);
#4260=EDGE_CURVE('',#5409,#4848,#6212,.T.);
#4261=EDGE_CURVE('',#5409,#5408,#476,.F.);
#4262=EDGE_CURVE('',#5410,#4847,#6213,.T.);
#4263=EDGE_CURVE('',#5410,#5409,#604,.T.);
#4264=EDGE_CURVE('',#5411,#4846,#6214,.T.);
#4265=EDGE_CURVE('',#5411,#5410,#477,.F.);
#4266=EDGE_CURVE('',#5396,#5411,#605,.T.);
#4267=EDGE_CURVE('',#5412,#4832,#6215,.T.);
#4268=EDGE_CURVE('',#5412,#5413,#6216,.T.);
#4269=EDGE_CURVE('',#5413,#4833,#6217,.T.);
#4270=EDGE_CURVE('',#5414,#4831,#6218,.T.);
#4271=EDGE_CURVE('',#5414,#5412,#6219,.T.);
#4272=EDGE_CURVE('',#5415,#4842,#6220,.T.);
#4273=EDGE_CURVE('',#5415,#5414,#6221,.T.);
#4274=EDGE_CURVE('',#5416,#4841,#6222,.T.);
#4275=EDGE_CURVE('',#5416,#5415,#6223,.T.);
#4276=EDGE_CURVE('',#5417,#4840,#6224,.T.);
#4277=EDGE_CURVE('',#5417,#5416,#6225,.T.);
#4278=EDGE_CURVE('',#5418,#4839,#6226,.T.);
#4279=EDGE_CURVE('',#5418,#5417,#6227,.T.);
#4280=EDGE_CURVE('',#5419,#4838,#6228,.T.);
#4281=EDGE_CURVE('',#5419,#5418,#6229,.T.);
#4282=EDGE_CURVE('',#5420,#4837,#6230,.T.);
#4283=EDGE_CURVE('',#5420,#5419,#6231,.T.);
#4284=EDGE_CURVE('',#5421,#4836,#6232,.T.);
#4285=EDGE_CURVE('',#5421,#5420,#6233,.T.);
#4286=EDGE_CURVE('',#5422,#4835,#6234,.T.);
#4287=EDGE_CURVE('',#5422,#5421,#6235,.T.);
#4288=EDGE_CURVE('',#5423,#4834,#6236,.T.);
#4289=EDGE_CURVE('',#5423,#5422,#6237,.T.);
#4290=EDGE_CURVE('',#5413,#5423,#6238,.T.);
#4291=EDGE_CURVE('',#5424,#4826,#6239,.T.);
#4292=EDGE_CURVE('',#5424,#5425,#6240,.T.);
#4293=EDGE_CURVE('',#5425,#4827,#6241,.T.);
#4294=EDGE_CURVE('',#5426,#4825,#6242,.T.);
#4295=EDGE_CURVE('',#5426,#5424,#6243,.T.);
#4296=EDGE_CURVE('',#5427,#4830,#6244,.T.);
#4297=EDGE_CURVE('',#5427,#5426,#6245,.T.);
#4298=EDGE_CURVE('',#5428,#4829,#6246,.T.);
#4299=EDGE_CURVE('',#5428,#5427,#6247,.T.);
#4300=EDGE_CURVE('',#5429,#4828,#6248,.T.);
#4301=EDGE_CURVE('',#5429,#5428,#6249,.T.);
#4302=EDGE_CURVE('',#5425,#5429,#6250,.T.);
#4303=EDGE_CURVE('',#5430,#4814,#6251,.T.);
#4304=EDGE_CURVE('',#5430,#5431,#6252,.T.);
#4305=EDGE_CURVE('',#5431,#4815,#6253,.T.);
#4306=EDGE_CURVE('',#5432,#4813,#6254,.T.);
#4307=EDGE_CURVE('',#5432,#5430,#6255,.T.);
#4308=EDGE_CURVE('',#5433,#4824,#6256,.T.);
#4309=EDGE_CURVE('',#5433,#5432,#6257,.T.);
#4310=EDGE_CURVE('',#5434,#4823,#6258,.T.);
#4311=EDGE_CURVE('',#5434,#5433,#6259,.T.);
#4312=EDGE_CURVE('',#5435,#4822,#6260,.T.);
#4313=EDGE_CURVE('',#5435,#5434,#6261,.T.);
#4314=EDGE_CURVE('',#5436,#4821,#6262,.T.);
#4315=EDGE_CURVE('',#5436,#5435,#6263,.T.);
#4316=EDGE_CURVE('',#5437,#4820,#6264,.T.);
#4317=EDGE_CURVE('',#5437,#5436,#6265,.T.);
#4318=EDGE_CURVE('',#5438,#4819,#6266,.T.);
#4319=EDGE_CURVE('',#5438,#5437,#6267,.T.);
#4320=EDGE_CURVE('',#5439,#4818,#6268,.T.);
#4321=EDGE_CURVE('',#5439,#5438,#6269,.T.);
#4322=EDGE_CURVE('',#5440,#4817,#6270,.T.);
#4323=EDGE_CURVE('',#5440,#5439,#6271,.T.);
#4324=EDGE_CURVE('',#5441,#4816,#6272,.T.);
#4325=EDGE_CURVE('',#5441,#5440,#6273,.T.);
#4326=EDGE_CURVE('',#5431,#5441,#6274,.T.);
#4327=EDGE_CURVE('',#5442,#4784,#6275,.T.);
#4328=EDGE_CURVE('',#5442,#5443,#6276,.T.);
#4329=EDGE_CURVE('',#5443,#4785,#6277,.T.);
#4330=EDGE_CURVE('',#5444,#4783,#6278,.T.);
#4331=EDGE_CURVE('',#5444,#5442,#478,.F.);
#4332=EDGE_CURVE('',#5445,#4812,#6279,.T.);
#4333=EDGE_CURVE('',#5445,#5444,#479,.T.);
#4334=EDGE_CURVE('',#5446,#4811,#6280,.T.);
#4335=EDGE_CURVE('',#5446,#5445,#480,.T.);
#4336=EDGE_CURVE('',#5447,#4810,#6281,.T.);
#4337=EDGE_CURVE('',#5447,#5446,#481,.T.);
#4338=EDGE_CURVE('',#5448,#4809,#6282,.T.);
#4339=EDGE_CURVE('',#5448,#5447,#482,.T.);
#4340=EDGE_CURVE('',#5449,#4808,#6283,.T.);
#4341=EDGE_CURVE('',#5449,#5448,#606,.T.);
#4342=EDGE_CURVE('',#5450,#4807,#6284,.T.);
#4343=EDGE_CURVE('',#5450,#5449,#483,.T.);
#4344=EDGE_CURVE('',#5451,#4806,#6285,.T.);
#4345=EDGE_CURVE('',#5451,#5450,#484,.T.);
#4346=EDGE_CURVE('',#5452,#4805,#6286,.T.);
#4347=EDGE_CURVE('',#5452,#5451,#6287,.T.);
#4348=EDGE_CURVE('',#5453,#4804,#6288,.T.);
#4349=EDGE_CURVE('',#5453,#5452,#485,.F.);
#4350=EDGE_CURVE('',#5454,#4803,#6289,.T.);
#4351=EDGE_CURVE('',#5454,#5453,#607,.T.);
#4352=EDGE_CURVE('',#5455,#4802,#6290,.T.);
#4353=EDGE_CURVE('',#5455,#5454,#608,.T.);
#4354=EDGE_CURVE('',#5456,#4801,#6291,.T.);
#4355=EDGE_CURVE('',#5456,#5455,#486,.F.);
#4356=EDGE_CURVE('',#5457,#4800,#6292,.T.);
#4357=EDGE_CURVE('',#5457,#5456,#487,.F.);
#4358=EDGE_CURVE('',#5458,#4799,#6293,.T.);
#4359=EDGE_CURVE('',#5458,#5457,#488,.F.);
#4360=EDGE_CURVE('',#5459,#4798,#6294,.T.);
#4361=EDGE_CURVE('',#5459,#5458,#489,.T.);
#4362=EDGE_CURVE('',#5460,#4797,#6295,.T.);
#4363=EDGE_CURVE('',#5460,#5459,#490,.T.);
#4364=EDGE_CURVE('',#5461,#4796,#6296,.T.);
#4365=EDGE_CURVE('',#5461,#5460,#491,.T.);
#4366=EDGE_CURVE('',#5462,#4795,#6297,.T.);
#4367=EDGE_CURVE('',#5462,#5461,#492,.T.);
#4368=EDGE_CURVE('',#5463,#4794,#6298,.T.);
#4369=EDGE_CURVE('',#5463,#5462,#609,.T.);
#4370=EDGE_CURVE('',#5464,#4793,#6299,.T.);
#4371=EDGE_CURVE('',#5464,#5463,#493,.T.);
#4372=EDGE_CURVE('',#5465,#4792,#6300,.T.);
#4373=EDGE_CURVE('',#5465,#5464,#494,.T.);
#4374=EDGE_CURVE('',#5466,#4791,#6301,.T.);
#4375=EDGE_CURVE('',#5466,#5465,#6302,.T.);
#4376=EDGE_CURVE('',#5467,#4790,#6303,.T.);
#4377=EDGE_CURVE('',#5467,#5466,#495,.F.);
#4378=EDGE_CURVE('',#5468,#4789,#6304,.T.);
#4379=EDGE_CURVE('',#5468,#5467,#496,.F.);
#4380=EDGE_CURVE('',#5469,#4788,#6305,.T.);
#4381=EDGE_CURVE('',#5469,#5468,#610,.T.);
#4382=EDGE_CURVE('',#5470,#4787,#6306,.T.);
#4383=EDGE_CURVE('',#5470,#5469,#611,.T.);
#4384=EDGE_CURVE('',#5471,#4786,#6307,.T.);
#4385=EDGE_CURVE('',#5471,#5470,#497,.F.);
#4386=EDGE_CURVE('',#5443,#5471,#498,.F.);
#4387=EDGE_CURVE('',#5472,#4776,#6308,.T.);
#4388=EDGE_CURVE('',#5472,#5473,#6309,.T.);
#4389=EDGE_CURVE('',#5473,#4777,#6310,.T.);
#4390=EDGE_CURVE('',#5474,#4775,#6311,.T.);
#4391=EDGE_CURVE('',#5474,#5472,#6312,.T.);
#4392=EDGE_CURVE('',#5475,#4782,#6313,.T.);
#4393=EDGE_CURVE('',#5475,#5474,#6314,.T.);
#4394=EDGE_CURVE('',#5476,#4781,#6315,.T.);
#4395=EDGE_CURVE('',#5476,#5475,#6316,.T.);
#4396=EDGE_CURVE('',#5477,#4780,#6317,.T.);
#4397=EDGE_CURVE('',#5477,#5476,#6318,.T.);
#4398=EDGE_CURVE('',#5478,#4779,#6319,.T.);
#4399=EDGE_CURVE('',#5478,#5477,#6320,.T.);
#4400=EDGE_CURVE('',#5479,#4778,#6321,.T.);
#4401=EDGE_CURVE('',#5479,#5478,#6322,.T.);
#4402=EDGE_CURVE('',#5473,#5479,#6323,.T.);
#4403=EDGE_CURVE('',#5480,#5481,#6324,.T.);
#4404=EDGE_CURVE('',#5482,#5480,#6325,.T.);
#4405=EDGE_CURVE('',#5482,#5483,#6326,.T.);
#4406=EDGE_CURVE('',#5483,#5481,#6327,.T.);
#4407=EDGE_CURVE('',#5484,#5480,#6328,.T.);
#4408=EDGE_CURVE('',#5485,#5484,#6329,.T.);
#4409=EDGE_CURVE('',#5485,#5482,#6330,.T.);
#4410=EDGE_CURVE('',#5486,#5484,#6331,.T.);
#4411=EDGE_CURVE('',#5487,#5486,#6332,.T.);
#4412=EDGE_CURVE('',#5487,#5485,#6333,.T.);
#4413=EDGE_CURVE('',#5488,#5486,#612,.T.);
#4414=EDGE_CURVE('',#5489,#5488,#6334,.T.);
#4415=EDGE_CURVE('',#5489,#5487,#613,.T.);
#4416=EDGE_CURVE('',#5490,#5488,#614,.T.);
#4417=EDGE_CURVE('',#5491,#5490,#6335,.T.);
#4418=EDGE_CURVE('',#5491,#5489,#615,.T.);
#4419=EDGE_CURVE('',#5492,#5490,#616,.T.);
#4420=EDGE_CURVE('',#5493,#5492,#6336,.T.);
#4421=EDGE_CURVE('',#5493,#5491,#617,.T.);
#4422=EDGE_CURVE('',#5494,#4916,#6337,.T.);
#4423=EDGE_CURVE('',#5494,#5495,#499,.F.);
#4424=EDGE_CURVE('',#5495,#4917,#6338,.T.);
#4425=EDGE_CURVE('',#5496,#4915,#6339,.T.);
#4426=EDGE_CURVE('',#5496,#5494,#500,.T.);
#4427=EDGE_CURVE('',#5497,#4927,#6340,.T.);
#4428=EDGE_CURVE('',#5497,#5496,#501,.F.);
#4429=EDGE_CURVE('',#5498,#4926,#6341,.T.);
#4430=EDGE_CURVE('',#5498,#5497,#618,.T.);
#4431=EDGE_CURVE('',#5499,#4925,#6342,.T.);
#4432=EDGE_CURVE('',#5499,#5498,#619,.T.);
#4433=EDGE_CURVE('',#5500,#4924,#6343,.T.);
#4434=EDGE_CURVE('',#5500,#5499,#6344,.T.);
#4435=EDGE_CURVE('',#5501,#4923,#6345,.T.);
#4436=EDGE_CURVE('',#5501,#5500,#6346,.T.);
#4437=EDGE_CURVE('',#5502,#4922,#6347,.T.);
#4438=EDGE_CURVE('',#5502,#5501,#6348,.T.);
#4439=EDGE_CURVE('',#5503,#4921,#6349,.T.);
#4440=EDGE_CURVE('',#5503,#5502,#6350,.T.);
#4441=EDGE_CURVE('',#5504,#4920,#6351,.T.);
#4442=EDGE_CURVE('',#5504,#5503,#6352,.T.);
#4443=EDGE_CURVE('',#5505,#4919,#6353,.T.);
#4444=EDGE_CURVE('',#5505,#5504,#6354,.T.);
#4445=EDGE_CURVE('',#5506,#4918,#6355,.T.);
#4446=EDGE_CURVE('',#5506,#5505,#6356,.T.);
#4447=EDGE_CURVE('',#5495,#5506,#502,.T.);
#4448=EDGE_CURVE('',#5481,#5492,#620,.T.);
#4449=EDGE_CURVE('',#5483,#5493,#621,.T.);
#4450=EDGE_CURVE('',#5507,#4929,#6357,.T.);
#4451=EDGE_CURVE('',#5507,#5508,#6358,.T.);
#4452=EDGE_CURVE('',#5508,#4930,#6359,.T.);
#4453=EDGE_CURVE('',#5509,#4928,#6360,.T.);
#4454=EDGE_CURVE('',#5509,#5507,#6361,.T.);
#4455=EDGE_CURVE('',#5510,#4935,#6362,.T.);
#4456=EDGE_CURVE('',#5510,#5509,#6363,.T.);
#4457=EDGE_CURVE('',#5511,#4934,#6364,.T.);
#4458=EDGE_CURVE('',#5511,#5510,#6365,.T.);
#4459=EDGE_CURVE('',#5512,#4933,#6366,.T.);
#4460=EDGE_CURVE('',#5512,#5511,#6367,.T.);
#4461=EDGE_CURVE('',#5513,#4932,#6368,.T.);
#4462=EDGE_CURVE('',#5513,#5512,#6369,.T.);
#4463=EDGE_CURVE('',#5514,#4931,#6370,.T.);
#4464=EDGE_CURVE('',#5514,#5513,#6371,.T.);
#4465=EDGE_CURVE('',#5515,#5516,#6372,.T.);
#4466=EDGE_CURVE('',#5517,#5515,#6373,.T.);
#4467=EDGE_CURVE('',#5517,#5518,#6374,.F.);
#4468=EDGE_CURVE('',#5518,#5516,#6375,.T.);
#4469=EDGE_CURVE('',#5519,#5515,#6376,.T.);
#4470=EDGE_CURVE('',#5520,#5519,#6377,.T.);
#4471=EDGE_CURVE('',#5520,#5517,#6378,.T.);
#4472=EDGE_CURVE('',#5521,#5519,#6379,.T.);
#4473=EDGE_CURVE('',#5522,#5521,#6380,.T.);
#4474=EDGE_CURVE('',#5522,#5520,#6381,.T.);
#4475=EDGE_CURVE('',#5523,#5521,#6382,.T.);
#4476=EDGE_CURVE('',#5524,#5523,#6383,.T.);
#4477=EDGE_CURVE('',#5524,#5522,#6384,.T.);
#4478=EDGE_CURVE('',#5525,#5523,#503,.F.);
#4479=EDGE_CURVE('',#5526,#5525,#6385,.T.);
#4480=EDGE_CURVE('',#5526,#5524,#504,.F.);
#4481=EDGE_CURVE('',#5516,#5525,#505,.F.);
#4482=EDGE_CURVE('',#5518,#5526,#506,.F.);
#4483=EDGE_CURVE('',#5508,#5514,#6386,.T.);
#4484=EDGE_CURVE('',#5527,#4937,#6387,.T.);
#4485=EDGE_CURVE('',#5527,#5528,#6388,.T.);
#4486=EDGE_CURVE('',#5528,#4938,#6389,.T.);
#4487=EDGE_CURVE('',#5529,#4936,#6390,.T.);
#4488=EDGE_CURVE('',#5529,#5527,#6391,.T.);
#4489=EDGE_CURVE('',#5530,#4943,#6392,.T.);
#4490=EDGE_CURVE('',#5530,#5529,#6393,.T.);
#4491=EDGE_CURVE('',#5531,#4942,#6394,.T.);
#4492=EDGE_CURVE('',#5531,#5530,#6395,.T.);
#4493=EDGE_CURVE('',#5532,#4941,#6396,.T.);
#4494=EDGE_CURVE('',#5532,#5531,#6397,.T.);
#4495=EDGE_CURVE('',#5533,#4940,#6398,.T.);
#4496=EDGE_CURVE('',#5533,#5532,#6399,.T.);
#4497=EDGE_CURVE('',#5534,#4939,#6400,.T.);
#4498=EDGE_CURVE('',#5534,#5533,#6401,.T.);
#4499=EDGE_CURVE('',#5528,#5534,#6402,.T.);
#4500=EDGE_CURVE('',#5535,#4945,#6403,.T.);
#4501=EDGE_CURVE('',#5535,#5536,#507,.F.);
#4502=EDGE_CURVE('',#5536,#4946,#6404,.T.);
#4503=EDGE_CURVE('',#5537,#4944,#6405,.T.);
#4504=EDGE_CURVE('',#5537,#5535,#508,.F.);
#4505=EDGE_CURVE('',#5538,#4973,#6406,.T.);
#4506=EDGE_CURVE('',#5538,#5537,#622,.T.);
#4507=EDGE_CURVE('',#5539,#4972,#6407,.T.);
#4508=EDGE_CURVE('',#5539,#5538,#509,.T.);
#4509=EDGE_CURVE('',#5540,#4971,#6408,.T.);
#4510=EDGE_CURVE('',#5540,#5539,#510,.T.);
#4511=EDGE_CURVE('',#5541,#4970,#6409,.T.);
#4512=EDGE_CURVE('',#5541,#5540,#511,.T.);
#4513=EDGE_CURVE('',#5542,#4969,#6410,.T.);
#4514=EDGE_CURVE('',#5542,#5541,#623,.T.);
#4515=EDGE_CURVE('',#5543,#4968,#6411,.T.);
#4516=EDGE_CURVE('',#5543,#5542,#512,.T.);
#4517=EDGE_CURVE('',#5544,#4967,#6412,.T.);
#4518=EDGE_CURVE('',#5544,#5543,#513,.T.);
#4519=EDGE_CURVE('',#5545,#4966,#6413,.T.);
#4520=EDGE_CURVE('',#5545,#5544,#6414,.T.);
#4521=EDGE_CURVE('',#5546,#4965,#6415,.T.);
#4522=EDGE_CURVE('',#5546,#5545,#514,.F.);
#4523=EDGE_CURVE('',#5547,#4964,#6416,.T.);
#4524=EDGE_CURVE('',#5547,#5546,#515,.F.);
#4525=EDGE_CURVE('',#5548,#4963,#6417,.T.);
#4526=EDGE_CURVE('',#5548,#5547,#624,.T.);
#4527=EDGE_CURVE('',#5549,#4962,#6418,.T.);
#4528=EDGE_CURVE('',#5549,#5548,#625,.T.);
#4529=EDGE_CURVE('',#5550,#4961,#6419,.T.);
#4530=EDGE_CURVE('',#5550,#5549,#516,.F.);
#4531=EDGE_CURVE('',#5551,#4960,#6420,.T.);
#4532=EDGE_CURVE('',#5551,#5550,#517,.F.);
#4533=EDGE_CURVE('',#5552,#4959,#6421,.T.);
#4534=EDGE_CURVE('',#5552,#5551,#6422,.T.);
#4535=EDGE_CURVE('',#5553,#4958,#6423,.T.);
#4536=EDGE_CURVE('',#5553,#5552,#518,.F.);
#4537=EDGE_CURVE('',#5554,#4957,#6424,.T.);
#4538=EDGE_CURVE('',#5554,#5553,#519,.T.);
#4539=EDGE_CURVE('',#5555,#4956,#6425,.T.);
#4540=EDGE_CURVE('',#5555,#5554,#520,.T.);
#4541=EDGE_CURVE('',#5556,#4955,#6426,.T.);
#4542=EDGE_CURVE('',#5556,#5555,#521,.T.);
#4543=EDGE_CURVE('',#5557,#4954,#6427,.T.);
#4544=EDGE_CURVE('',#5557,#5556,#626,.T.);
#4545=EDGE_CURVE('',#5558,#4953,#6428,.T.);
#4546=EDGE_CURVE('',#5558,#5557,#627,.T.);
#4547=EDGE_CURVE('',#5559,#4952,#6429,.T.);
#4548=EDGE_CURVE('',#5559,#5558,#522,.T.);
#4549=EDGE_CURVE('',#5560,#4951,#6430,.T.);
#4550=EDGE_CURVE('',#5560,#5559,#523,.T.);
#4551=EDGE_CURVE('',#5561,#4950,#6431,.T.);
#4552=EDGE_CURVE('',#5561,#5560,#6432,.T.);
#4553=EDGE_CURVE('',#5562,#4949,#6433,.T.);
#4554=EDGE_CURVE('',#5562,#5561,#628,.T.);
#4555=EDGE_CURVE('',#5563,#4948,#6434,.T.);
#4556=EDGE_CURVE('',#5563,#5562,#629,.T.);
#4557=EDGE_CURVE('',#5564,#4947,#6435,.T.);
#4558=EDGE_CURVE('',#5564,#5563,#630,.T.);
#4559=EDGE_CURVE('',#5536,#5564,#631,.T.);
#4560=EDGE_CURVE('',#5565,#4975,#6436,.T.);
#4561=EDGE_CURVE('',#5565,#5566,#632,.T.);
#4562=EDGE_CURVE('',#5566,#4976,#6437,.T.);
#4563=EDGE_CURVE('',#5567,#4974,#6438,.T.);
#4564=EDGE_CURVE('',#5567,#5565,#524,.F.);
#4565=EDGE_CURVE('',#5568,#4988,#6439,.T.);
#4566=EDGE_CURVE('',#5568,#5567,#525,.F.);
#4567=EDGE_CURVE('',#5569,#4987,#6440,.T.);
#4568=EDGE_CURVE('',#5569,#5568,#6441,.T.);
#4569=EDGE_CURVE('',#5570,#4986,#6442,.T.);
#4570=EDGE_CURVE('',#5570,#5569,#6443,.T.);
#4571=EDGE_CURVE('',#5571,#4985,#6444,.T.);
#4572=EDGE_CURVE('',#5571,#5570,#6445,.T.);
#4573=EDGE_CURVE('',#5572,#4984,#6446,.T.);
#4574=EDGE_CURVE('',#5572,#5571,#633,.T.);
#4575=EDGE_CURVE('',#5573,#4983,#6447,.T.);
#4576=EDGE_CURVE('',#5573,#5572,#634,.T.);
#4577=EDGE_CURVE('',#5574,#4982,#6448,.T.);
#4578=EDGE_CURVE('',#5574,#5573,#635,.T.);
#4579=EDGE_CURVE('',#5575,#4981,#6449,.T.);
#4580=EDGE_CURVE('',#5575,#5574,#636,.T.);
#4581=EDGE_CURVE('',#5576,#4980,#6450,.T.);
#4582=EDGE_CURVE('',#5576,#5575,#6451,.T.);
#4583=EDGE_CURVE('',#5577,#4979,#6452,.T.);
#4584=EDGE_CURVE('',#5577,#5576,#6453,.T.);
#4585=EDGE_CURVE('',#5578,#4978,#6454,.T.);
#4586=EDGE_CURVE('',#5578,#5577,#6455,.T.);
#4587=EDGE_CURVE('',#5579,#4977,#6456,.T.);
#4588=EDGE_CURVE('',#5579,#5578,#637,.T.);
#4589=EDGE_CURVE('',#5566,#5579,#638,.T.);
#4590=EDGE_CURVE('',#5580,#4990,#6457,.T.);
#4591=EDGE_CURVE('',#5580,#5581,#526,.F.);
#4592=EDGE_CURVE('',#5581,#4991,#6458,.T.);
#4593=EDGE_CURVE('',#5582,#4989,#6459,.T.);
#4594=EDGE_CURVE('',#5582,#5580,#6460,.T.);
#4595=EDGE_CURVE('',#5583,#5004,#6461,.T.);
#4596=EDGE_CURVE('',#5583,#5582,#6462,.T.);
#4597=EDGE_CURVE('',#5584,#5003,#6463,.T.);
#4598=EDGE_CURVE('',#5584,#5583,#6464,.T.);
#4599=EDGE_CURVE('',#5585,#5002,#6465,.T.);
#4600=EDGE_CURVE('',#5585,#5584,#6466,.T.);
#4601=EDGE_CURVE('',#5586,#5001,#6467,.T.);
#4602=EDGE_CURVE('',#5586,#5585,#6468,.T.);
#4603=EDGE_CURVE('',#5587,#5000,#6469,.T.);
#4604=EDGE_CURVE('',#5587,#5586,#6470,.T.);
#4605=EDGE_CURVE('',#5588,#4999,#6471,.T.);
#4606=EDGE_CURVE('',#5588,#5587,#6472,.F.);
#4607=EDGE_CURVE('',#5589,#4998,#6473,.T.);
#4608=EDGE_CURVE('',#5589,#5588,#527,.F.);
#4609=EDGE_CURVE('',#5590,#4997,#6474,.T.);
#4610=EDGE_CURVE('',#5590,#5589,#6475,.T.);
#4611=EDGE_CURVE('',#5591,#4996,#6476,.T.);
#4612=EDGE_CURVE('',#5591,#5590,#6477,.T.);
#4613=EDGE_CURVE('',#5592,#4995,#6478,.T.);
#4614=EDGE_CURVE('',#5592,#5591,#6479,.T.);
#4615=EDGE_CURVE('',#5593,#4994,#6480,.T.);
#4616=EDGE_CURVE('',#5593,#5592,#6481,.T.);
#4617=EDGE_CURVE('',#5594,#4993,#6482,.T.);
#4618=EDGE_CURVE('',#5594,#5593,#6483,.T.);
#4619=EDGE_CURVE('',#5595,#4992,#6484,.T.);
#4620=EDGE_CURVE('',#5595,#5594,#6485,.T.);
#4621=EDGE_CURVE('',#5581,#5595,#6486,.T.);
#4622=EDGE_CURVE('',#5596,#5006,#6487,.T.);
#4623=EDGE_CURVE('',#5596,#5597,#6488,.T.);
#4624=EDGE_CURVE('',#5597,#5007,#6489,.T.);
#4625=EDGE_CURVE('',#5598,#5005,#6490,.T.);
#4626=EDGE_CURVE('',#5598,#5596,#6491,.T.);
#4627=EDGE_CURVE('',#5599,#5016,#6492,.T.);
#4628=EDGE_CURVE('',#5599,#5598,#6493,.T.);
#4629=EDGE_CURVE('',#5600,#5015,#6494,.T.);
#4630=EDGE_CURVE('',#5600,#5599,#6495,.T.);
#4631=EDGE_CURVE('',#5601,#5014,#6496,.T.);
#4632=EDGE_CURVE('',#5601,#5600,#6497,.T.);
#4633=EDGE_CURVE('',#5602,#5013,#6498,.T.);
#4634=EDGE_CURVE('',#5602,#5601,#6499,.T.);
#4635=EDGE_CURVE('',#5603,#5012,#6500,.T.);
#4636=EDGE_CURVE('',#5603,#5602,#6501,.T.);
#4637=EDGE_CURVE('',#5604,#5011,#6502,.T.);
#4638=EDGE_CURVE('',#5604,#5603,#6503,.T.);
#4639=EDGE_CURVE('',#5605,#5010,#6504,.T.);
#4640=EDGE_CURVE('',#5605,#5604,#6505,.T.);
#4641=EDGE_CURVE('',#5606,#5009,#6506,.T.);
#4642=EDGE_CURVE('',#5606,#5605,#6507,.T.);
#4643=EDGE_CURVE('',#5607,#5008,#6508,.T.);
#4644=EDGE_CURVE('',#5607,#5606,#6509,.T.);
#4645=EDGE_CURVE('',#5597,#5607,#6510,.T.);
#4646=EDGE_CURVE('',#5608,#5018,#6511,.T.);
#4647=EDGE_CURVE('',#5608,#5609,#6512,.T.);
#4648=EDGE_CURVE('',#5609,#5019,#6513,.T.);
#4649=EDGE_CURVE('',#5610,#5017,#6514,.T.);
#4650=EDGE_CURVE('',#5610,#5608,#6515,.T.);
#4651=EDGE_CURVE('',#5611,#5036,#6516,.T.);
#4652=EDGE_CURVE('',#5611,#5610,#6517,.T.);
#4653=EDGE_CURVE('',#5612,#5035,#6518,.T.);
#4654=EDGE_CURVE('',#5612,#5611,#6519,.T.);
#4655=EDGE_CURVE('',#5613,#5034,#6520,.T.);
#4656=EDGE_CURVE('',#5613,#5612,#6521,.T.);
#4657=EDGE_CURVE('',#5614,#5033,#6522,.T.);
#4658=EDGE_CURVE('',#5614,#5613,#6523,.T.);
#4659=EDGE_CURVE('',#5615,#5032,#6524,.T.);
#4660=EDGE_CURVE('',#5615,#5614,#6525,.T.);
#4661=EDGE_CURVE('',#5616,#5031,#6526,.T.);
#4662=EDGE_CURVE('',#5616,#5615,#6527,.T.);
#4663=EDGE_CURVE('',#5617,#5030,#6528,.T.);
#4664=EDGE_CURVE('',#5617,#5616,#6529,.T.);
#4665=EDGE_CURVE('',#5618,#5029,#6530,.T.);
#4666=EDGE_CURVE('',#5618,#5617,#6531,.T.);
#4667=EDGE_CURVE('',#5619,#5028,#6532,.T.);
#4668=EDGE_CURVE('',#5619,#5618,#528,.F.);
#4669=EDGE_CURVE('',#5620,#5027,#6533,.T.);
#4670=EDGE_CURVE('',#5620,#5619,#6534,.T.);
#4671=EDGE_CURVE('',#5621,#5026,#6535,.T.);
#4672=EDGE_CURVE('',#5621,#5620,#6536,.T.);
#4673=EDGE_CURVE('',#5622,#5025,#6537,.T.);
#4674=EDGE_CURVE('',#5622,#5621,#6538,.T.);
#4675=EDGE_CURVE('',#5623,#5024,#6539,.T.);
#4676=EDGE_CURVE('',#5623,#5622,#6540,.T.);
#4677=EDGE_CURVE('',#5624,#5023,#6541,.T.);
#4678=EDGE_CURVE('',#5624,#5623,#6542,.T.);
#4679=EDGE_CURVE('',#5625,#5022,#6543,.T.);
#4680=EDGE_CURVE('',#5625,#5624,#529,.F.);
#4681=EDGE_CURVE('',#5626,#5021,#6544,.T.);
#4682=EDGE_CURVE('',#5626,#5625,#6545,.F.);
#4683=EDGE_CURVE('',#5627,#5020,#6546,.T.);
#4684=EDGE_CURVE('',#5627,#5626,#6547,.F.);
#4685=EDGE_CURVE('',#5609,#5627,#6548,.T.);
#4686=EDGE_CURVE('',#5244,#5246,#530,.T.);
#4687=EDGE_CURVE('',#5628,#5628,#531,.T.);
#4688=EDGE_CURVE('',#5629,#5630,#6549,.F.);
#4689=EDGE_CURVE('',#5630,#5631,#41,.T.);
#4690=EDGE_CURVE('',#5631,#5632,#6550,.F.);
#4691=EDGE_CURVE('',#5632,#5629,#42,.T.);
#4692=EDGE_CURVE('',#5220,#4774,#6551,.T.);
#4693=EDGE_CURVE('',#4771,#5219,#6552,.F.);
#4694=EDGE_CURVE('',#4772,#5224,#6553,.F.);
#4695=EDGE_CURVE('',#5223,#4773,#6554,.F.);
#4696=EDGE_CURVE('',#5633,#4764,#639,.T.);
#4697=EDGE_CURVE('',#5633,#5634,#640,.T.);
#4698=EDGE_CURVE('',#4765,#5634,#641,.F.);
#4699=EDGE_CURVE('',#5634,#5635,#642,.T.);
#4700=EDGE_CURVE('',#4766,#5635,#643,.T.);
#4701=EDGE_CURVE('',#5636,#4763,#644,.F.);
#4702=EDGE_CURVE('',#5636,#5633,#6555,.F.);
#4703=EDGE_CURVE('',#5635,#5637,#532,.F.);
#4704=EDGE_CURVE('',#4767,#5637,#645,.F.);
#4705=EDGE_CURVE('',#5638,#4762,#646,.F.);
#4706=EDGE_CURVE('',#5638,#5636,#6556,.F.);
#4707=EDGE_CURVE('',#5637,#5639,#647,.T.);
#4708=EDGE_CURVE('',#4768,#5639,#648,.F.);
#4709=EDGE_CURVE('',#5640,#4761,#649,.F.);
#4710=EDGE_CURVE('',#5640,#5638,#650,.T.);
#4711=EDGE_CURVE('',#5639,#5641,#651,.T.);
#4712=EDGE_CURVE('',#4769,#5641,#652,.F.);
#4713=EDGE_CURVE('',#5642,#4760,#653,.T.);
#4714=EDGE_CURVE('',#5642,#5640,#654,.T.);
#4715=EDGE_CURVE('',#5631,#5643,#655,.F.);
#4716=EDGE_CURVE('',#5643,#5644,#656,.T.);
#4717=EDGE_CURVE('',#4770,#5644,#657,.F.);
#4718=EDGE_CURVE('',#5641,#5645,#658,.T.);
#4719=EDGE_CURVE('',#5645,#5632,#659,.T.);
#4720=EDGE_CURVE('',#5646,#4759,#660,.F.);
#4721=EDGE_CURVE('',#5646,#5642,#533,.F.);
#4722=EDGE_CURVE('',#5644,#5647,#661,.T.);
#4723=EDGE_CURVE('',#4757,#5647,#662,.F.);
#4724=EDGE_CURVE('',#5648,#4758,#663,.F.);
#4725=EDGE_CURVE('',#5648,#5646,#664,.T.);
#4726=EDGE_CURVE('',#5647,#5648,#665,.T.);
#4727=EDGE_CURVE('',#5643,#5649,#666,.T.);
#4728=EDGE_CURVE('',#5649,#5261,#667,.T.);
#4729=EDGE_CURVE('',#5647,#5260,#668,.F.);
#4730=EDGE_CURVE('',#5648,#5262,#669,.F.);
#4731=EDGE_CURVE('',#5646,#5263,#670,.T.);
#4732=EDGE_CURVE('',#5642,#5264,#671,.F.);
#4733=EDGE_CURVE('',#5640,#5265,#672,.F.);
#4734=EDGE_CURVE('',#5638,#5211,#673,.T.);
#4735=EDGE_CURVE('',#5636,#4747,#674,.F.);
#4736=EDGE_CURVE('',#5633,#5248,#675,.F.);
#4737=EDGE_CURVE('',#5634,#5249,#676,.F.);
#4738=EDGE_CURVE('',#5635,#5250,#677,.T.);
#4739=EDGE_CURVE('',#5637,#5251,#678,.F.);
#4740=EDGE_CURVE('',#5639,#5252,#679,.F.);
#4741=EDGE_CURVE('',#5253,#5650,#680,.F.);
#4742=EDGE_CURVE('',#5650,#5645,#681,.T.);
#4743=EDGE_CURVE('',#5649,#5254,#43,.T.);
#4744=EDGE_CURVE('',#5255,#5650,#44,.T.);
#4745=EDGE_CURVE('',#5629,#5255,#534,.T.);
#4746=EDGE_CURVE('',#5630,#5254,#535,.T.);
#4747=VERTEX_POINT('',#12700);
#4748=VERTEX_POINT('',#12701);
#4749=VERTEX_POINT('',#12703);
#4750=VERTEX_POINT('',#12705);
#4751=VERTEX_POINT('',#12709);
#4752=VERTEX_POINT('',#12710);
#4753=VERTEX_POINT('',#12712);
#4754=VERTEX_POINT('',#12714);
#4755=VERTEX_POINT('',#12716);
#4756=VERTEX_POINT('',#12718);
#4757=VERTEX_POINT('',#12727);
#4758=VERTEX_POINT('',#12728);
#4759=VERTEX_POINT('',#12733);
#4760=VERTEX_POINT('',#12735);
#4761=VERTEX_POINT('',#12741);
#4762=VERTEX_POINT('',#12746);
#4763=VERTEX_POINT('',#12748);
#4764=VERTEX_POINT('',#12750);
#4765=VERTEX_POINT('',#12755);
#4766=VERTEX_POINT('',#12761);
#4767=VERTEX_POINT('',#12763);
#4768=VERTEX_POINT('',#12768);
#4769=VERTEX_POINT('',#12778);
#4770=VERTEX_POINT('',#12780);
#4771=VERTEX_POINT('',#12787);
#4772=VERTEX_POINT('',#12788);
#4773=VERTEX_POINT('',#12790);
#4774=VERTEX_POINT('',#12792);
#4775=VERTEX_POINT('',#12795);
#4776=VERTEX_POINT('',#12796);
#4777=VERTEX_POINT('',#12798);
#4778=VERTEX_POINT('',#12800);
#4779=VERTEX_POINT('',#12802);
#4780=VERTEX_POINT('',#12804);
#4781=VERTEX_POINT('',#12806);
#4782=VERTEX_POINT('',#12808);
#4783=VERTEX_POINT('',#12811);
#4784=VERTEX_POINT('',#12812);
#4785=VERTEX_POINT('',#12814);
#4786=VERTEX_POINT('',#12816);
#4787=VERTEX_POINT('',#12818);
#4788=VERTEX_POINT('',#12822);
#4789=VERTEX_POINT('',#12826);
#4790=VERTEX_POINT('',#12828);
#4791=VERTEX_POINT('',#12830);
#4792=VERTEX_POINT('',#12832);
#4793=VERTEX_POINT('',#12834);
#4794=VERTEX_POINT('',#12836);
#4795=VERTEX_POINT('',#12840);
#4796=VERTEX_POINT('',#12842);
#4797=VERTEX_POINT('',#12844);
#4798=VERTEX_POINT('',#12846);
#4799=VERTEX_POINT('',#12848);
#4800=VERTEX_POINT('',#12850);
#4801=VERTEX_POINT('',#12852);
#4802=VERTEX_POINT('',#12854);
#4803=VERTEX_POINT('',#12858);
#4804=VERTEX_POINT('',#12862);
#4805=VERTEX_POINT('',#12864);
#4806=VERTEX_POINT('',#12866);
#4807=VERTEX_POINT('',#12868);
#4808=VERTEX_POINT('',#12870);
#4809=VERTEX_POINT('',#12874);
#4810=VERTEX_POINT('',#12876);
#4811=VERTEX_POINT('',#12878);
#4812=VERTEX_POINT('',#12880);
#4813=VERTEX_POINT('',#12883);
#4814=VERTEX_POINT('',#12884);
#4815=VERTEX_POINT('',#12886);
#4816=VERTEX_POINT('',#12888);
#4817=VERTEX_POINT('',#12890);
#4818=VERTEX_POINT('',#12892);
#4819=VERTEX_POINT('',#12894);
#4820=VERTEX_POINT('',#12896);
#4821=VERTEX_POINT('',#12898);
#4822=VERTEX_POINT('',#12900);
#4823=VERTEX_POINT('',#12902);
#4824=VERTEX_POINT('',#12904);
#4825=VERTEX_POINT('',#12907);
#4826=VERTEX_POINT('',#12908);
#4827=VERTEX_POINT('',#12910);
#4828=VERTEX_POINT('',#12912);
#4829=VERTEX_POINT('',#12914);
#4830=VERTEX_POINT('',#12916);
#4831=VERTEX_POINT('',#12919);
#4832=VERTEX_POINT('',#12920);
#4833=VERTEX_POINT('',#12922);
#4834=VERTEX_POINT('',#12924);
#4835=VERTEX_POINT('',#12926);
#4836=VERTEX_POINT('',#12928);
#4837=VERTEX_POINT('',#12930);
#4838=VERTEX_POINT('',#12932);
#4839=VERTEX_POINT('',#12934);
#4840=VERTEX_POINT('',#12936);
#4841=VERTEX_POINT('',#12938);
#4842=VERTEX_POINT('',#12940);
#4843=VERTEX_POINT('',#12945);
#4844=VERTEX_POINT('',#12946);
#4845=VERTEX_POINT('',#12948);
#4846=VERTEX_POINT('',#12952);
#4847=VERTEX_POINT('',#12954);
#4848=VERTEX_POINT('',#12958);
#4849=VERTEX_POINT('',#12960);
#4850=VERTEX_POINT('',#12962);
#4851=VERTEX_POINT('',#12964);
#4852=VERTEX_POINT('',#12966);
#4853=VERTEX_POINT('',#12970);
#4854=VERTEX_POINT('',#12974);
#4855=VERTEX_POINT('',#12976);
#4856=VERTEX_POINT('',#12980);
#4857=VERTEX_POINT('',#12984);
#4858=VERTEX_POINT('',#12986);
#4859=VERTEX_POINT('',#12988);
#4860=VERTEX_POINT('',#12993);
#4861=VERTEX_POINT('',#12994);
#4862=VERTEX_POINT('',#12996);
#4863=VERTEX_POINT('',#12998);
#4864=VERTEX_POINT('',#13000);
#4865=VERTEX_POINT('',#13002);
#4866=VERTEX_POINT('',#13004);
#4867=VERTEX_POINT('',#13006);
#4868=VERTEX_POINT('',#13009);
#4869=VERTEX_POINT('',#13010);
#4870=VERTEX_POINT('',#13012);
#4871=VERTEX_POINT('',#13014);
#4872=VERTEX_POINT('',#13016);
#4873=VERTEX_POINT('',#13018);
#4874=VERTEX_POINT('',#13020);
#4875=VERTEX_POINT('',#13022);
#4876=VERTEX_POINT('',#13024);
#4877=VERTEX_POINT('',#13026);
#4878=VERTEX_POINT('',#13029);
#4879=VERTEX_POINT('',#13031);
#4880=VERTEX_POINT('',#13033);
#4881=VERTEX_POINT('',#13035);
#4882=VERTEX_POINT('',#13036);
#4883=VERTEX_POINT('',#13038);
#4884=VERTEX_POINT('',#13040);
#4885=VERTEX_POINT('',#13042);
#4886=VERTEX_POINT('',#13044);
#4887=VERTEX_POINT('',#13046);
#4888=VERTEX_POINT('',#13048);
#4889=VERTEX_POINT('',#13050);
#4890=VERTEX_POINT('',#13052);
#4891=VERTEX_POINT('',#13055);
#4892=VERTEX_POINT('',#13057);
#4893=VERTEX_POINT('',#13058);
#4894=VERTEX_POINT('',#13060);
#4895=VERTEX_POINT('',#13062);
#4896=VERTEX_POINT('',#13064);
#4897=VERTEX_POINT('',#13066);
#4898=VERTEX_POINT('',#13068);
#4899=VERTEX_POINT('',#13070);
#4900=VERTEX_POINT('',#13072);
#4901=VERTEX_POINT('',#13074);
#4902=VERTEX_POINT('',#13077);
#4903=VERTEX_POINT('',#13079);
#4904=VERTEX_POINT('',#13081);
#4905=VERTEX_POINT('',#13083);
#4906=VERTEX_POINT('',#13084);
#4907=VERTEX_POINT('',#13086);
#4908=VERTEX_POINT('',#13088);
#4909=VERTEX_POINT('',#13090);
#4910=VERTEX_POINT('',#13092);
#4911=VERTEX_POINT('',#13094);
#4912=VERTEX_POINT('',#13096);
#4913=VERTEX_POINT('',#13098);
#4914=VERTEX_POINT('',#13100);
#4915=VERTEX_POINT('',#13103);
#4916=VERTEX_POINT('',#13104);
#4917=VERTEX_POINT('',#13106);
#4918=VERTEX_POINT('',#13108);
#4919=VERTEX_POINT('',#13110);
#4920=VERTEX_POINT('',#13112);
#4921=VERTEX_POINT('',#13114);
#4922=VERTEX_POINT('',#13116);
#4923=VERTEX_POINT('',#13118);
#4924=VERTEX_POINT('',#13120);
#4925=VERTEX_POINT('',#13122);
#4926=VERTEX_POINT('',#13126);
#4927=VERTEX_POINT('',#13130);
#4928=VERTEX_POINT('',#13133);
#4929=VERTEX_POINT('',#13134);
#4930=VERTEX_POINT('',#13136);
#4931=VERTEX_POINT('',#13138);
#4932=VERTEX_POINT('',#13140);
#4933=VERTEX_POINT('',#13142);
#4934=VERTEX_POINT('',#13144);
#4935=VERTEX_POINT('',#13146);
#4936=VERTEX_POINT('',#13149);
#4937=VERTEX_POINT('',#13150);
#4938=VERTEX_POINT('',#13152);
#4939=VERTEX_POINT('',#13154);
#4940=VERTEX_POINT('',#13156);
#4941=VERTEX_POINT('',#13158);
#4942=VERTEX_POINT('',#13160);
#4943=VERTEX_POINT('',#13162);
#4944=VERTEX_POINT('',#13165);
#4945=VERTEX_POINT('',#13166);
#4946=VERTEX_POINT('',#13168);
#4947=VERTEX_POINT('',#13172);
#4948=VERTEX_POINT('',#13176);
#4949=VERTEX_POINT('',#13180);
#4950=VERTEX_POINT('',#13184);
#4951=VERTEX_POINT('',#13186);
#4952=VERTEX_POINT('',#13188);
#4953=VERTEX_POINT('',#13190);
#4954=VERTEX_POINT('',#13194);
#4955=VERTEX_POINT('',#13198);
#4956=VERTEX_POINT('',#13200);
#4957=VERTEX_POINT('',#13202);
#4958=VERTEX_POINT('',#13204);
#4959=VERTEX_POINT('',#13206);
#4960=VERTEX_POINT('',#13208);
#4961=VERTEX_POINT('',#13210);
#4962=VERTEX_POINT('',#13212);
#4963=VERTEX_POINT('',#13216);
#4964=VERTEX_POINT('',#13220);
#4965=VERTEX_POINT('',#13222);
#4966=VERTEX_POINT('',#13224);
#4967=VERTEX_POINT('',#13226);
#4968=VERTEX_POINT('',#13228);
#4969=VERTEX_POINT('',#13230);
#4970=VERTEX_POINT('',#13234);
#4971=VERTEX_POINT('',#13236);
#4972=VERTEX_POINT('',#13238);
#4973=VERTEX_POINT('',#13240);
#4974=VERTEX_POINT('',#13245);
#4975=VERTEX_POINT('',#13246);
#4976=VERTEX_POINT('',#13250);
#4977=VERTEX_POINT('',#13254);
#4978=VERTEX_POINT('',#13258);
#4979=VERTEX_POINT('',#13260);
#4980=VERTEX_POINT('',#13262);
#4981=VERTEX_POINT('',#13264);
#4982=VERTEX_POINT('',#13268);
#4983=VERTEX_POINT('',#13272);
#4984=VERTEX_POINT('',#13276);
#4985=VERTEX_POINT('',#13280);
#4986=VERTEX_POINT('',#13282);
#4987=VERTEX_POINT('',#13284);
#4988=VERTEX_POINT('',#13286);
#4989=VERTEX_POINT('',#13289);
#4990=VERTEX_POINT('',#13290);
#4991=VERTEX_POINT('',#13292);
#4992=VERTEX_POINT('',#13294);
#4993=VERTEX_POINT('',#13296);
#4994=VERTEX_POINT('',#13298);
#4995=VERTEX_POINT('',#13300);
#4996=VERTEX_POINT('',#13302);
#4997=VERTEX_POINT('',#13304);
#4998=VERTEX_POINT('',#13306);
#4999=VERTEX_POINT('',#13308);
#5000=VERTEX_POINT('',#13310);
#5001=VERTEX_POINT('',#13312);
#5002=VERTEX_POINT('',#13314);
#5003=VERTEX_POINT('',#13316);
#5004=VERTEX_POINT('',#13318);
#5005=VERTEX_POINT('',#13321);
#5006=VERTEX_POINT('',#13322);
#5007=VERTEX_POINT('',#13324);
#5008=VERTEX_POINT('',#13326);
#5009=VERTEX_POINT('',#13328);
#5010=VERTEX_POINT('',#13330);
#5011=VERTEX_POINT('',#13332);
#5012=VERTEX_POINT('',#13334);
#5013=VERTEX_POINT('',#13336);
#5014=VERTEX_POINT('',#13338);
#5015=VERTEX_POINT('',#13340);
#5016=VERTEX_POINT('',#13342);
#5017=VERTEX_POINT('',#13345);
#5018=VERTEX_POINT('',#13346);
#5019=VERTEX_POINT('',#13348);
#5020=VERTEX_POINT('',#13350);
#5021=VERTEX_POINT('',#13352);
#5022=VERTEX_POINT('',#13354);
#5023=VERTEX_POINT('',#13356);
#5024=VERTEX_POINT('',#13358);
#5025=VERTEX_POINT('',#13360);
#5026=VERTEX_POINT('',#13362);
#5027=VERTEX_POINT('',#13364);
#5028=VERTEX_POINT('',#13366);
#5029=VERTEX_POINT('',#13368);
#5030=VERTEX_POINT('',#13370);
#5031=VERTEX_POINT('',#13372);
#5032=VERTEX_POINT('',#13374);
#5033=VERTEX_POINT('',#13376);
#5034=VERTEX_POINT('',#13378);
#5035=VERTEX_POINT('',#13380);
#5036=VERTEX_POINT('',#13382);
#5037=VERTEX_POINT('',#13386);
#5038=VERTEX_POINT('',#13387);
#5039=VERTEX_POINT('',#13389);
#5040=VERTEX_POINT('',#13391);
#5041=VERTEX_POINT('',#13395);
#5042=VERTEX_POINT('',#13397);
#5043=VERTEX_POINT('',#13401);
#5044=VERTEX_POINT('',#13402);
#5045=VERTEX_POINT('',#13410);
#5046=VERTEX_POINT('',#13411);
#5047=VERTEX_POINT('',#13413);
#5048=VERTEX_POINT('',#13415);
#5049=VERTEX_POINT('',#13419);
#5050=VERTEX_POINT('',#13421);
#5051=VERTEX_POINT('',#13425);
#5052=VERTEX_POINT('',#13426);
#5053=VERTEX_POINT('',#13434);
#5054=VERTEX_POINT('',#13435);
#5055=VERTEX_POINT('',#13437);
#5056=VERTEX_POINT('',#13439);
#5057=VERTEX_POINT('',#13443);
#5058=VERTEX_POINT('',#13445);
#5059=VERTEX_POINT('',#13449);
#5060=VERTEX_POINT('',#13450);
#5061=VERTEX_POINT('',#13458);
#5062=VERTEX_POINT('',#13459);
#5063=VERTEX_POINT('',#13461);
#5064=VERTEX_POINT('',#13463);
#5065=VERTEX_POINT('',#13467);
#5066=VERTEX_POINT('',#13469);
#5067=VERTEX_POINT('',#13473);
#5068=VERTEX_POINT('',#13474);
#5069=VERTEX_POINT('',#13482);
#5070=VERTEX_POINT('',#13483);
#5071=VERTEX_POINT('',#13485);
#5072=VERTEX_POINT('',#13487);
#5073=VERTEX_POINT('',#13491);
#5074=VERTEX_POINT('',#13493);
#5075=VERTEX_POINT('',#13497);
#5076=VERTEX_POINT('',#13498);
#5077=VERTEX_POINT('',#13506);
#5078=VERTEX_POINT('',#13507);
#5079=VERTEX_POINT('',#13509);
#5080=VERTEX_POINT('',#13511);
#5081=VERTEX_POINT('',#13515);
#5082=VERTEX_POINT('',#13517);
#5083=VERTEX_POINT('',#13521);
#5084=VERTEX_POINT('',#13522);
#5085=VERTEX_POINT('',#13530);
#5086=VERTEX_POINT('',#13531);
#5087=VERTEX_POINT('',#13533);
#5088=VERTEX_POINT('',#13535);
#5089=VERTEX_POINT('',#13539);
#5090=VERTEX_POINT('',#13541);
#5091=VERTEX_POINT('',#13545);
#5092=VERTEX_POINT('',#13546);
#5093=VERTEX_POINT('',#13554);
#5094=VERTEX_POINT('',#13555);
#5095=VERTEX_POINT('',#13557);
#5096=VERTEX_POINT('',#13559);
#5097=VERTEX_POINT('',#13563);
#5098=VERTEX_POINT('',#13565);
#5099=VERTEX_POINT('',#13569);
#5100=VERTEX_POINT('',#13570);
#5101=VERTEX_POINT('',#13578);
#5102=VERTEX_POINT('',#13579);
#5103=VERTEX_POINT('',#13581);
#5104=VERTEX_POINT('',#13583);
#5105=VERTEX_POINT('',#13587);
#5106=VERTEX_POINT('',#13589);
#5107=VERTEX_POINT('',#13593);
#5108=VERTEX_POINT('',#13594);
#5109=VERTEX_POINT('',#13602);
#5110=VERTEX_POINT('',#13603);
#5111=VERTEX_POINT('',#13605);
#5112=VERTEX_POINT('',#13607);
#5113=VERTEX_POINT('',#13611);
#5114=VERTEX_POINT('',#13613);
#5115=VERTEX_POINT('',#13617);
#5116=VERTEX_POINT('',#13618);
#5117=VERTEX_POINT('',#13626);
#5118=VERTEX_POINT('',#13627);
#5119=VERTEX_POINT('',#13629);
#5120=VERTEX_POINT('',#13631);
#5121=VERTEX_POINT('',#13635);
#5122=VERTEX_POINT('',#13637);
#5123=VERTEX_POINT('',#13641);
#5124=VERTEX_POINT('',#13642);
#5125=VERTEX_POINT('',#13650);
#5126=VERTEX_POINT('',#13652);
#5127=VERTEX_POINT('',#13654);
#5128=VERTEX_POINT('',#13655);
#5129=VERTEX_POINT('',#13657);
#5130=VERTEX_POINT('',#13659);
#5131=VERTEX_POINT('',#13662);
#5132=VERTEX_POINT('',#13663);
#5133=VERTEX_POINT('',#13665);
#5134=VERTEX_POINT('',#13667);
#5135=VERTEX_POINT('',#13670);
#5136=VERTEX_POINT('',#13671);
#5137=VERTEX_POINT('',#13673);
#5138=VERTEX_POINT('',#13675);
#5139=VERTEX_POINT('',#13678);
#5140=VERTEX_POINT('',#13679);
#5141=VERTEX_POINT('',#13681);
#5142=VERTEX_POINT('',#13683);
#5143=VERTEX_POINT('',#13686);
#5144=VERTEX_POINT('',#13687);
#5145=VERTEX_POINT('',#13689);
#5146=VERTEX_POINT('',#13691);
#5147=VERTEX_POINT('',#13694);
#5148=VERTEX_POINT('',#13695);
#5149=VERTEX_POINT('',#13697);
#5150=VERTEX_POINT('',#13699);
#5151=VERTEX_POINT('',#13702);
#5152=VERTEX_POINT('',#13704);
#5153=VERTEX_POINT('',#13706);
#5154=VERTEX_POINT('',#13708);
#5155=VERTEX_POINT('',#13712);
#5156=VERTEX_POINT('',#13713);
#5157=VERTEX_POINT('',#13715);
#5158=VERTEX_POINT('',#13717);
#5159=VERTEX_POINT('',#13719);
#5160=VERTEX_POINT('',#13721);
#5161=VERTEX_POINT('',#13723);
#5162=VERTEX_POINT('',#13725);
#5163=VERTEX_POINT('',#13727);
#5164=VERTEX_POINT('',#13729);
#5165=VERTEX_POINT('',#13731);
#5166=VERTEX_POINT('',#13733);
#5167=VERTEX_POINT('',#13735);
#5168=VERTEX_POINT('',#13737);
#5169=VERTEX_POINT('',#13739);
#5170=VERTEX_POINT('',#13741);
#5171=VERTEX_POINT('',#13743);
#5172=VERTEX_POINT('',#13745);
#5173=VERTEX_POINT('',#13747);
#5174=VERTEX_POINT('',#13749);
#5175=VERTEX_POINT('',#13753);
#5176=VERTEX_POINT('',#13757);
#5177=VERTEX_POINT('',#13759);
#5178=VERTEX_POINT('',#13763);
#5179=VERTEX_POINT('',#13767);
#5180=VERTEX_POINT('',#13770);
#5181=VERTEX_POINT('',#13772);
#5182=VERTEX_POINT('',#13775);
#5183=VERTEX_POINT('',#13777);
#5184=VERTEX_POINT('',#13779);
#5185=VERTEX_POINT('',#13781);
#5186=VERTEX_POINT('',#13785);
#5187=VERTEX_POINT('',#13789);
#5188=VERTEX_POINT('',#13791);
#5189=VERTEX_POINT('',#13795);
#5190=VERTEX_POINT('',#13800);
#5191=VERTEX_POINT('',#13801);
#5192=VERTEX_POINT('',#13803);
#5193=VERTEX_POINT('',#13805);
#5194=VERTEX_POINT('',#13808);
#5195=VERTEX_POINT('',#13809);
#5196=VERTEX_POINT('',#13811);
#5197=VERTEX_POINT('',#13813);
#5198=VERTEX_POINT('',#13816);
#5199=VERTEX_POINT('',#13817);
#5200=VERTEX_POINT('',#13819);
#5201=VERTEX_POINT('',#13821);
#5202=VERTEX_POINT('',#13824);
#5203=VERTEX_POINT('',#13825);
#5204=VERTEX_POINT('',#13827);
#5205=VERTEX_POINT('',#13829);
#5206=VERTEX_POINT('',#13832);
#5207=VERTEX_POINT('',#13833);
#5208=VERTEX_POINT('',#13835);
#5209=VERTEX_POINT('',#13837);
#5210=VERTEX_POINT('',#13841);
#5211=VERTEX_POINT('',#13843);
#5212=VERTEX_POINT('',#13847);
#5213=VERTEX_POINT('',#13849);
#5214=VERTEX_POINT('',#13853);
#5215=VERTEX_POINT('',#13854);
#5216=VERTEX_POINT('',#13856);
#5217=VERTEX_POINT('',#13858);
#5218=VERTEX_POINT('',#13862);
#5219=VERTEX_POINT('',#13863);
#5220=VERTEX_POINT('',#13865);
#5221=VERTEX_POINT('',#13867);
#5222=VERTEX_POINT('',#13871);
#5223=VERTEX_POINT('',#13872);
#5224=VERTEX_POINT('',#13874);
#5225=VERTEX_POINT('',#13876);
#5226=VERTEX_POINT('',#13880);
#5227=VERTEX_POINT('',#13881);
#5228=VERTEX_POINT('',#13888);
#5229=VERTEX_POINT('',#13890);
#5230=VERTEX_POINT('',#13895);
#5231=VERTEX_POINT('',#13897);
#5232=VERTEX_POINT('',#13899);
#5233=VERTEX_POINT('',#13901);
#5234=VERTEX_POINT('',#13903);
#5235=VERTEX_POINT('',#13905);
#5236=VERTEX_POINT('',#13907);
#5237=VERTEX_POINT('',#13910);
#5238=VERTEX_POINT('',#13912);
#5239=VERTEX_POINT('',#13915);
#5240=VERTEX_POINT('',#13916);
#5241=VERTEX_POINT('',#13918);
#5242=VERTEX_POINT('',#13920);
#5243=VERTEX_POINT('',#13924);
#5244=VERTEX_POINT('',#13929);
#5245=VERTEX_POINT('',#13930);
#5246=VERTEX_POINT('',#13932);
#5247=VERTEX_POINT('',#13934);
#5248=VERTEX_POINT('',#13944);
#5249=VERTEX_POINT('',#13955);
#5250=VERTEX_POINT('',#13969);
#5251=VERTEX_POINT('',#13977);
#5252=VERTEX_POINT('',#13981);
#5253=VERTEX_POINT('',#13995);
#5254=VERTEX_POINT('',#14008);
#5255=VERTEX_POINT('',#14010);
#5256=VERTEX_POINT('',#14013);
#5257=VERTEX_POINT('',#14015);
#5258=VERTEX_POINT('',#14017);
#5259=VERTEX_POINT('',#14019);
#5260=VERTEX_POINT('',#14034);
#5261=VERTEX_POINT('',#14035);
#5262=VERTEX_POINT('',#14047);
#5263=VERTEX_POINT('',#14056);
#5264=VERTEX_POINT('',#14063);
#5265=VERTEX_POINT('',#14074);
#5266=VERTEX_POINT('',#14094);
#5267=VERTEX_POINT('',#14096);
#5268=VERTEX_POINT('',#14100);
#5269=VERTEX_POINT('',#14102);
#5270=VERTEX_POINT('',#14106);
#5271=VERTEX_POINT('',#14108);
#5272=VERTEX_POINT('',#14112);
#5273=VERTEX_POINT('',#14116);
#5274=VERTEX_POINT('',#14118);
#5275=VERTEX_POINT('',#14122);
#5276=VERTEX_POINT('',#14124);
#5277=VERTEX_POINT('',#14128);
#5278=VERTEX_POINT('',#14132);
#5279=VERTEX_POINT('',#14138);
#5280=VERTEX_POINT('',#14141);
#5281=VERTEX_POINT('',#14145);
#5282=VERTEX_POINT('',#14150);
#5283=VERTEX_POINT('',#14152);
#5284=VERTEX_POINT('',#14155);
#5285=VERTEX_POINT('',#14157);
#5286=VERTEX_POINT('',#14197);
#5287=VERTEX_POINT('',#14199);
#5288=VERTEX_POINT('',#14201);
#5289=VERTEX_POINT('',#14207);
#5290=VERTEX_POINT('',#14211);
#5291=VERTEX_POINT('',#14217);
#5292=VERTEX_POINT('',#14219);
#5293=VERTEX_POINT('',#14221);
#5294=VERTEX_POINT('',#14227);
#5295=VERTEX_POINT('',#14231);
#5296=VERTEX_POINT('',#14237);
#5297=VERTEX_POINT('',#14239);
#5298=VERTEX_POINT('',#14243);
#5299=VERTEX_POINT('',#14247);
#5300=VERTEX_POINT('',#14254);
#5301=VERTEX_POINT('',#14256);
#5302=VERTEX_POINT('',#14260);
#5303=VERTEX_POINT('',#14264);
#5304=VERTEX_POINT('',#14271);
#5305=VERTEX_POINT('',#14273);
#5306=VERTEX_POINT('',#14277);
#5307=VERTEX_POINT('',#14281);
#5308=VERTEX_POINT('',#14288);
#5309=VERTEX_POINT('',#14289);
#5310=VERTEX_POINT('',#14291);
#5311=VERTEX_POINT('',#14293);
#5312=VERTEX_POINT('',#14305);
#5313=VERTEX_POINT('',#14306);
#5314=VERTEX_POINT('',#14308);
#5315=VERTEX_POINT('',#14310);
#5316=VERTEX_POINT('',#14322);
#5317=VERTEX_POINT('',#14324);
#5318=VERTEX_POINT('',#14328);
#5319=VERTEX_POINT('',#14332);
#5320=VERTEX_POINT('',#14339);
#5321=VERTEX_POINT('',#14341);
#5322=VERTEX_POINT('',#14345);
#5323=VERTEX_POINT('',#14349);
#5324=VERTEX_POINT('',#14356);
#5325=VERTEX_POINT('',#14357);
#5326=VERTEX_POINT('',#14359);
#5327=VERTEX_POINT('',#14361);
#5328=VERTEX_POINT('',#14373);
#5329=VERTEX_POINT('',#14375);
#5330=VERTEX_POINT('',#14379);
#5331=VERTEX_POINT('',#14383);
#5332=VERTEX_POINT('',#14390);
#5333=VERTEX_POINT('',#14392);
#5334=VERTEX_POINT('',#14396);
#5335=VERTEX_POINT('',#14400);
#5336=VERTEX_POINT('',#14407);
#5337=VERTEX_POINT('',#14409);
#5338=VERTEX_POINT('',#14413);
#5339=VERTEX_POINT('',#14417);
#5340=VERTEX_POINT('',#14424);
#5341=VERTEX_POINT('',#14428);
#5342=VERTEX_POINT('',#14430);
#5343=VERTEX_POINT('',#14434);
#5344=VERTEX_POINT('',#14438);
#5345=VERTEX_POINT('',#14442);
#5346=VERTEX_POINT('',#14446);
#5347=VERTEX_POINT('',#14450);
#5348=VERTEX_POINT('',#14454);
#5349=VERTEX_POINT('',#14458);
#5350=VERTEX_POINT('',#14462);
#5351=VERTEX_POINT('',#14469);
#5352=VERTEX_POINT('',#14471);
#5353=VERTEX_POINT('',#14475);
#5354=VERTEX_POINT('',#14479);
#5355=VERTEX_POINT('',#14483);
#5356=VERTEX_POINT('',#14487);
#5357=VERTEX_POINT('',#14491);
#5358=VERTEX_POINT('',#14495);
#5359=VERTEX_POINT('',#14499);
#5360=VERTEX_POINT('',#14503);
#5361=VERTEX_POINT('',#14510);
#5362=VERTEX_POINT('',#14514);
#5363=VERTEX_POINT('',#14518);
#5364=VERTEX_POINT('',#14522);
#5365=VERTEX_POINT('',#14524);
#5366=VERTEX_POINT('',#14528);
#5367=VERTEX_POINT('',#14532);
#5368=VERTEX_POINT('',#14536);
#5369=VERTEX_POINT('',#14540);
#5370=VERTEX_POINT('',#14544);
#5371=VERTEX_POINT('',#14548);
#5372=VERTEX_POINT('',#14552);
#5373=VERTEX_POINT('',#14556);
#5374=VERTEX_POINT('',#14563);
#5375=VERTEX_POINT('',#14567);
#5376=VERTEX_POINT('',#14571);
#5377=VERTEX_POINT('',#14575);
#5378=VERTEX_POINT('',#14577);
#5379=VERTEX_POINT('',#14581);
#5380=VERTEX_POINT('',#14585);
#5381=VERTEX_POINT('',#14589);
#5382=VERTEX_POINT('',#14593);
#5383=VERTEX_POINT('',#14597);
#5384=VERTEX_POINT('',#14601);
#5385=VERTEX_POINT('',#14605);
#5386=VERTEX_POINT('',#14609);
#5387=VERTEX_POINT('',#14616);
#5388=VERTEX_POINT('',#14618);
#5389=VERTEX_POINT('',#14622);
#5390=VERTEX_POINT('',#14626);
#5391=VERTEX_POINT('',#14630);
#5392=VERTEX_POINT('',#14634);
#5393=VERTEX_POINT('',#14638);
#5394=VERTEX_POINT('',#14642);
#5395=VERTEX_POINT('',#14649);
#5396=VERTEX_POINT('',#14651);
#5397=VERTEX_POINT('',#14662);
#5398=VERTEX_POINT('',#14675);
#5399=VERTEX_POINT('',#14681);
#5400=VERTEX_POINT('',#14685);
#5401=VERTEX_POINT('',#14696);
#5402=VERTEX_POINT('',#14709);
#5403=VERTEX_POINT('',#14715);
#5404=VERTEX_POINT('',#14726);
#5405=VERTEX_POINT('',#14739);
#5406=VERTEX_POINT('',#14745);
#5407=VERTEX_POINT('',#14749);
#5408=VERTEX_POINT('',#14753);
#5409=VERTEX_POINT('',#14757);
#5410=VERTEX_POINT('',#14768);
#5411=VERTEX_POINT('',#14774);
#5412=VERTEX_POINT('',#14790);
#5413=VERTEX_POINT('',#14792);
#5414=VERTEX_POINT('',#14796);
#5415=VERTEX_POINT('',#14800);
#5416=VERTEX_POINT('',#14804);
#5417=VERTEX_POINT('',#14808);
#5418=VERTEX_POINT('',#14812);
#5419=VERTEX_POINT('',#14816);
#5420=VERTEX_POINT('',#14820);
#5421=VERTEX_POINT('',#14824);
#5422=VERTEX_POINT('',#14828);
#5423=VERTEX_POINT('',#14832);
#5424=VERTEX_POINT('',#14839);
#5425=VERTEX_POINT('',#14841);
#5426=VERTEX_POINT('',#14845);
#5427=VERTEX_POINT('',#14849);
#5428=VERTEX_POINT('',#14853);
#5429=VERTEX_POINT('',#14857);
#5430=VERTEX_POINT('',#14864);
#5431=VERTEX_POINT('',#14866);
#5432=VERTEX_POINT('',#14870);
#5433=VERTEX_POINT('',#14874);
#5434=VERTEX_POINT('',#14878);
#5435=VERTEX_POINT('',#14882);
#5436=VERTEX_POINT('',#14886);
#5437=VERTEX_POINT('',#14890);
#5438=VERTEX_POINT('',#14894);
#5439=VERTEX_POINT('',#14898);
#5440=VERTEX_POINT('',#14902);
#5441=VERTEX_POINT('',#14906);
#5442=VERTEX_POINT('',#14913);
#5443=VERTEX_POINT('',#14915);
#5444=VERTEX_POINT('',#14919);
#5445=VERTEX_POINT('',#14923);
#5446=VERTEX_POINT('',#14927);
#5447=VERTEX_POINT('',#14931);
#5448=VERTEX_POINT('',#14935);
#5449=VERTEX_POINT('',#14946);
#5450=VERTEX_POINT('',#14952);
#5451=VERTEX_POINT('',#14956);
#5452=VERTEX_POINT('',#14960);
#5453=VERTEX_POINT('',#14964);
#5454=VERTEX_POINT('',#14975);
#5455=VERTEX_POINT('',#14988);
#5456=VERTEX_POINT('',#14994);
#5457=VERTEX_POINT('',#14998);
#5458=VERTEX_POINT('',#15002);
#5459=VERTEX_POINT('',#15006);
#5460=VERTEX_POINT('',#15010);
#5461=VERTEX_POINT('',#15014);
#5462=VERTEX_POINT('',#15018);
#5463=VERTEX_POINT('',#15029);
#5464=VERTEX_POINT('',#15035);
#5465=VERTEX_POINT('',#15039);
#5466=VERTEX_POINT('',#15043);
#5467=VERTEX_POINT('',#15047);
#5468=VERTEX_POINT('',#15051);
#5469=VERTEX_POINT('',#15062);
#5470=VERTEX_POINT('',#15075);
#5471=VERTEX_POINT('',#15081);
#5472=VERTEX_POINT('',#15088);
#5473=VERTEX_POINT('',#15090);
#5474=VERTEX_POINT('',#15094);
#5475=VERTEX_POINT('',#15098);
#5476=VERTEX_POINT('',#15102);
#5477=VERTEX_POINT('',#15106);
#5478=VERTEX_POINT('',#15110);
#5479=VERTEX_POINT('',#15114);
#5480=VERTEX_POINT('',#15121);
#5481=VERTEX_POINT('',#15122);
#5482=VERTEX_POINT('',#15124);
#5483=VERTEX_POINT('',#15126);
#5484=VERTEX_POINT('',#15130);
#5485=VERTEX_POINT('',#15132);
#5486=VERTEX_POINT('',#15136);
#5487=VERTEX_POINT('',#15138);
#5488=VERTEX_POINT('',#15151);
#5489=VERTEX_POINT('',#15153);
#5490=VERTEX_POINT('',#15168);
#5491=VERTEX_POINT('',#15170);
#5492=VERTEX_POINT('',#15185);
#5493=VERTEX_POINT('',#15187);
#5494=VERTEX_POINT('',#15193);
#5495=VERTEX_POINT('',#15195);
#5496=VERTEX_POINT('',#15199);
#5497=VERTEX_POINT('',#15203);
#5498=VERTEX_POINT('',#15214);
#5499=VERTEX_POINT('',#15227);
#5500=VERTEX_POINT('',#15233);
#5501=VERTEX_POINT('',#15237);
#5502=VERTEX_POINT('',#15241);
#5503=VERTEX_POINT('',#15245);
#5504=VERTEX_POINT('',#15249);
#5505=VERTEX_POINT('',#15253);
#5506=VERTEX_POINT('',#15257);
#5507=VERTEX_POINT('',#15278);
#5508=VERTEX_POINT('',#15280);
#5509=VERTEX_POINT('',#15284);
#5510=VERTEX_POINT('',#15288);
#5511=VERTEX_POINT('',#15292);
#5512=VERTEX_POINT('',#15296);
#5513=VERTEX_POINT('',#15300);
#5514=VERTEX_POINT('',#15304);
#5515=VERTEX_POINT('',#15308);
#5516=VERTEX_POINT('',#15309);
#5517=VERTEX_POINT('',#15311);
#5518=VERTEX_POINT('',#15313);
#5519=VERTEX_POINT('',#15317);
#5520=VERTEX_POINT('',#15319);
#5521=VERTEX_POINT('',#15323);
#5522=VERTEX_POINT('',#15325);
#5523=VERTEX_POINT('',#15329);
#5524=VERTEX_POINT('',#15331);
#5525=VERTEX_POINT('',#15335);
#5526=VERTEX_POINT('',#15337);
#5527=VERTEX_POINT('',#15348);
#5528=VERTEX_POINT('',#15350);
#5529=VERTEX_POINT('',#15354);
#5530=VERTEX_POINT('',#15358);
#5531=VERTEX_POINT('',#15362);
#5532=VERTEX_POINT('',#15366);
#5533=VERTEX_POINT('',#15370);
#5534=VERTEX_POINT('',#15374);
#5535=VERTEX_POINT('',#15381);
#5536=VERTEX_POINT('',#15383);
#5537=VERTEX_POINT('',#15387);
#5538=VERTEX_POINT('',#15398);
#5539=VERTEX_POINT('',#15404);
#5540=VERTEX_POINT('',#15408);
#5541=VERTEX_POINT('',#15412);
#5542=VERTEX_POINT('',#15423);
#5543=VERTEX_POINT('',#15429);
#5544=VERTEX_POINT('',#15433);
#5545=VERTEX_POINT('',#15437);
#5546=VERTEX_POINT('',#15441);
#5547=VERTEX_POINT('',#15445);
#5548=VERTEX_POINT('',#15456);
#5549=VERTEX_POINT('',#15469);
#5550=VERTEX_POINT('',#15475);
#5551=VERTEX_POINT('',#15479);
#5552=VERTEX_POINT('',#15483);
#5553=VERTEX_POINT('',#15487);
#5554=VERTEX_POINT('',#15491);
#5555=VERTEX_POINT('',#15495);
#5556=VERTEX_POINT('',#15499);
#5557=VERTEX_POINT('',#15510);
#5558=VERTEX_POINT('',#15523);
#5559=VERTEX_POINT('',#15529);
#5560=VERTEX_POINT('',#15533);
#5561=VERTEX_POINT('',#15537);
#5562=VERTEX_POINT('',#15548);
#5563=VERTEX_POINT('',#15561);
#5564=VERTEX_POINT('',#15574);
#5565=VERTEX_POINT('',#15599);
#5566=VERTEX_POINT('',#15603);
#5567=VERTEX_POINT('',#15607);
#5568=VERTEX_POINT('',#15611);
#5569=VERTEX_POINT('',#15615);
#5570=VERTEX_POINT('',#15619);
#5571=VERTEX_POINT('',#15623);
#5572=VERTEX_POINT('',#15634);
#5573=VERTEX_POINT('',#15647);
#5574=VERTEX_POINT('',#15660);
#5575=VERTEX_POINT('',#15673);
#5576=VERTEX_POINT('',#15679);
#5577=VERTEX_POINT('',#15683);
#5578=VERTEX_POINT('',#15687);
#5579=VERTEX_POINT('',#15698);
#5580=VERTEX_POINT('',#15716);
#5581=VERTEX_POINT('',#15718);
#5582=VERTEX_POINT('',#15722);
#5583=VERTEX_POINT('',#15726);
#5584=VERTEX_POINT('',#15730);
#5585=VERTEX_POINT('',#15734);
#5586=VERTEX_POINT('',#15738);
#5587=VERTEX_POINT('',#15742);
#5588=VERTEX_POINT('',#15746);
#5589=VERTEX_POINT('',#15750);
#5590=VERTEX_POINT('',#15754);
#5591=VERTEX_POINT('',#15758);
#5592=VERTEX_POINT('',#15762);
#5593=VERTEX_POINT('',#15766);
#5594=VERTEX_POINT('',#15770);
#5595=VERTEX_POINT('',#15774);
#5596=VERTEX_POINT('',#15781);
#5597=VERTEX_POINT('',#15783);
#5598=VERTEX_POINT('',#15787);
#5599=VERTEX_POINT('',#15791);
#5600=VERTEX_POINT('',#15795);
#5601=VERTEX_POINT('',#15799);
#5602=VERTEX_POINT('',#15803);
#5603=VERTEX_POINT('',#15807);
#5604=VERTEX_POINT('',#15811);
#5605=VERTEX_POINT('',#15815);
#5606=VERTEX_POINT('',#15819);
#5607=VERTEX_POINT('',#15823);
#5608=VERTEX_POINT('',#15830);
#5609=VERTEX_POINT('',#15832);
#5610=VERTEX_POINT('',#15836);
#5611=VERTEX_POINT('',#15840);
#5612=VERTEX_POINT('',#15844);
#5613=VERTEX_POINT('',#15848);
#5614=VERTEX_POINT('',#15852);
#5615=VERTEX_POINT('',#15856);
#5616=VERTEX_POINT('',#15860);
#5617=VERTEX_POINT('',#15864);
#5618=VERTEX_POINT('',#15868);
#5619=VERTEX_POINT('',#15872);
#5620=VERTEX_POINT('',#15876);
#5621=VERTEX_POINT('',#15880);
#5622=VERTEX_POINT('',#15884);
#5623=VERTEX_POINT('',#15888);
#5624=VERTEX_POINT('',#15892);
#5625=VERTEX_POINT('',#15896);
#5626=VERTEX_POINT('',#15900);
#5627=VERTEX_POINT('',#15904);
#5628=VERTEX_POINT('',#15915);
#5629=VERTEX_POINT('',#15919);
#5630=VERTEX_POINT('',#15920);
#5631=VERTEX_POINT('',#15922);
#5632=VERTEX_POINT('',#15924);
#5633=VERTEX_POINT('',#15965);
#5634=VERTEX_POINT('',#15970);
#5635=VERTEX_POINT('',#16007);
#5636=VERTEX_POINT('',#16017);
#5637=VERTEX_POINT('',#16021);
#5638=VERTEX_POINT('',#16031);
#5639=VERTEX_POINT('',#16049);
#5640=VERTEX_POINT('',#16070);
#5641=VERTEX_POINT('',#16121);
#5642=VERTEX_POINT('',#16149);
#5643=VERTEX_POINT('',#16160);
#5644=VERTEX_POINT('',#16166);
#5645=VERTEX_POINT('',#16177);
#5646=VERTEX_POINT('',#16187);
#5647=VERTEX_POINT('',#16218);
#5648=VERTEX_POINT('',#16239);
#5649=VERTEX_POINT('',#16318);
#5650=VERTEX_POINT('',#16663);
#5651=LINE('',#12699,#6557);
#5652=LINE('',#12702,#6558);
#5653=LINE('',#12704,#6559);
#5654=LINE('',#12706,#6560);
#5655=LINE('',#12708,#6561);
#5656=LINE('',#12711,#6562);
#5657=LINE('',#12713,#6563);
#5658=LINE('',#12715,#6564);
#5659=LINE('',#12717,#6565);
#5660=LINE('',#12719,#6566);
#5661=LINE('',#12747,#6567);
#5662=LINE('',#12749,#6568);
#5663=LINE('',#12779,#6569);
#5664=LINE('',#12786,#6570);
#5665=LINE('',#12789,#6571);
#5666=LINE('',#12791,#6572);
#5667=LINE('',#12793,#6573);
#5668=LINE('',#12794,#6574);
#5669=LINE('',#12797,#6575);
#5670=LINE('',#12799,#6576);
#5671=LINE('',#12801,#6577);
#5672=LINE('',#12803,#6578);
#5673=LINE('',#12805,#6579);
#5674=LINE('',#12807,#6580);
#5675=LINE('',#12809,#6581);
#5676=LINE('',#12813,#6582);
#5677=LINE('',#12831,#6583);
#5678=LINE('',#12865,#6584);
#5679=LINE('',#12882,#6585);
#5680=LINE('',#12885,#6586);
#5681=LINE('',#12887,#6587);
#5682=LINE('',#12889,#6588);
#5683=LINE('',#12891,#6589);
#5684=LINE('',#12893,#6590);
#5685=LINE('',#12895,#6591);
#5686=LINE('',#12897,#6592);
#5687=LINE('',#12899,#6593);
#5688=LINE('',#12901,#6594);
#5689=LINE('',#12903,#6595);
#5690=LINE('',#12905,#6596);
#5691=LINE('',#12906,#6597);
#5692=LINE('',#12909,#6598);
#5693=LINE('',#12911,#6599);
#5694=LINE('',#12913,#6600);
#5695=LINE('',#12915,#6601);
#5696=LINE('',#12917,#6602);
#5697=LINE('',#12918,#6603);
#5698=LINE('',#12921,#6604);
#5699=LINE('',#12923,#6605);
#5700=LINE('',#12925,#6606);
#5701=LINE('',#12927,#6607);
#5702=LINE('',#12929,#6608);
#5703=LINE('',#12931,#6609);
#5704=LINE('',#12933,#6610);
#5705=LINE('',#12935,#6611);
#5706=LINE('',#12937,#6612);
#5707=LINE('',#12939,#6613);
#5708=LINE('',#12941,#6614);
#5709=LINE('',#12947,#6615);
#5710=LINE('',#12961,#6616);
#5711=LINE('',#12975,#6617);
#5712=LINE('',#12985,#6618);
#5713=LINE('',#12992,#6619);
#5714=LINE('',#12995,#6620);
#5715=LINE('',#12997,#6621);
#5716=LINE('',#12999,#6622);
#5717=LINE('',#13001,#6623);
#5718=LINE('',#13003,#6624);
#5719=LINE('',#13005,#6625);
#5720=LINE('',#13007,#6626);
#5721=LINE('',#13008,#6627);
#5722=LINE('',#13013,#6628);
#5723=LINE('',#13017,#6629);
#5724=LINE('',#13021,#6630);
#5725=LINE('',#13025,#6631);
#5726=LINE('',#13037,#6632);
#5727=LINE('',#13041,#6633);
#5728=LINE('',#13045,#6634);
#5729=LINE('',#13049,#6635);
#5730=LINE('',#13053,#6636);
#5731=LINE('',#13059,#6637);
#5732=LINE('',#13063,#6638);
#5733=LINE('',#13067,#6639);
#5734=LINE('',#13071,#6640);
#5735=LINE('',#13075,#6641);
#5736=LINE('',#13082,#6642);
#5737=LINE('',#13087,#6643);
#5738=LINE('',#13091,#6644);
#5739=LINE('',#13095,#6645);
#5740=LINE('',#13099,#6646);
#5741=LINE('',#13109,#6647);
#5742=LINE('',#13111,#6648);
#5743=LINE('',#13113,#6649);
#5744=LINE('',#13115,#6650);
#5745=LINE('',#13117,#6651);
#5746=LINE('',#13119,#6652);
#5747=LINE('',#13121,#6653);
#5748=LINE('',#13132,#6654);
#5749=LINE('',#13135,#6655);
#5750=LINE('',#13137,#6656);
#5751=LINE('',#13139,#6657);
#5752=LINE('',#13141,#6658);
#5753=LINE('',#13143,#6659);
#5754=LINE('',#13145,#6660);
#5755=LINE('',#13147,#6661);
#5756=LINE('',#13148,#6662);
#5757=LINE('',#13151,#6663);
#5758=LINE('',#13153,#6664);
#5759=LINE('',#13155,#6665);
#5760=LINE('',#13157,#6666);
#5761=LINE('',#13159,#6667);
#5762=LINE('',#13161,#6668);
#5763=LINE('',#13163,#6669);
#5764=LINE('',#13185,#6670);
#5765=LINE('',#13207,#6671);
#5766=LINE('',#13225,#6672);
#5767=LINE('',#13259,#6673);
#5768=LINE('',#13261,#6674);
#5769=LINE('',#13263,#6675);
#5770=LINE('',#13281,#6676);
#5771=LINE('',#13283,#6677);
#5772=LINE('',#13285,#6678);
#5773=LINE('',#13288,#6679);
#5774=LINE('',#13293,#6680);
#5775=LINE('',#13295,#6681);
#5776=LINE('',#13297,#6682);
#5777=LINE('',#13299,#6683);
#5778=LINE('',#13301,#6684);
#5779=LINE('',#13303,#6685);
#5780=LINE('',#13305,#6686);
#5781=LINE('',#13309,#6687);
#5782=LINE('',#13311,#6688);
#5783=LINE('',#13313,#6689);
#5784=LINE('',#13315,#6690);
#5785=LINE('',#13317,#6691);
#5786=LINE('',#13319,#6692);
#5787=LINE('',#13320,#6693);
#5788=LINE('',#13323,#6694);
#5789=LINE('',#13325,#6695);
#5790=LINE('',#13327,#6696);
#5791=LINE('',#13329,#6697);
#5792=LINE('',#13331,#6698);
#5793=LINE('',#13333,#6699);
#5794=LINE('',#13335,#6700);
#5795=LINE('',#13337,#6701);
#5796=LINE('',#13339,#6702);
#5797=LINE('',#13341,#6703);
#5798=LINE('',#13343,#6704);
#5799=LINE('',#13344,#6705);
#5800=LINE('',#13347,#6706);
#5801=LINE('',#13349,#6707);
#5802=LINE('',#13351,#6708);
#5803=LINE('',#13353,#6709);
#5804=LINE('',#13357,#6710);
#5805=LINE('',#13359,#6711);
#5806=LINE('',#13361,#6712);
#5807=LINE('',#13363,#6713);
#5808=LINE('',#13365,#6714);
#5809=LINE('',#13369,#6715);
#5810=LINE('',#13371,#6716);
#5811=LINE('',#13373,#6717);
#5812=LINE('',#13375,#6718);
#5813=LINE('',#13377,#6719);
#5814=LINE('',#13379,#6720);
#5815=LINE('',#13381,#6721);
#5816=LINE('',#13383,#6722);
#5817=LINE('',#13385,#6723);
#5818=LINE('',#13388,#6724);
#5819=LINE('',#13390,#6725);
#5820=LINE('',#13392,#6726);
#5821=LINE('',#13398,#6727);
#5822=LINE('',#13400,#6728);
#5823=LINE('',#13403,#6729);
#5824=LINE('',#13404,#6730);
#5825=LINE('',#13409,#6731);
#5826=LINE('',#13412,#6732);
#5827=LINE('',#13414,#6733);
#5828=LINE('',#13416,#6734);
#5829=LINE('',#13422,#6735);
#5830=LINE('',#13424,#6736);
#5831=LINE('',#13427,#6737);
#5832=LINE('',#13428,#6738);
#5833=LINE('',#13433,#6739);
#5834=LINE('',#13436,#6740);
#5835=LINE('',#13438,#6741);
#5836=LINE('',#13440,#6742);
#5837=LINE('',#13446,#6743);
#5838=LINE('',#13448,#6744);
#5839=LINE('',#13451,#6745);
#5840=LINE('',#13452,#6746);
#5841=LINE('',#13457,#6747);
#5842=LINE('',#13460,#6748);
#5843=LINE('',#13462,#6749);
#5844=LINE('',#13464,#6750);
#5845=LINE('',#13470,#6751);
#5846=LINE('',#13472,#6752);
#5847=LINE('',#13475,#6753);
#5848=LINE('',#13476,#6754);
#5849=LINE('',#13481,#6755);
#5850=LINE('',#13484,#6756);
#5851=LINE('',#13486,#6757);
#5852=LINE('',#13488,#6758);
#5853=LINE('',#13494,#6759);
#5854=LINE('',#13496,#6760);
#5855=LINE('',#13499,#6761);
#5856=LINE('',#13500,#6762);
#5857=LINE('',#13505,#6763);
#5858=LINE('',#13508,#6764);
#5859=LINE('',#13510,#6765);
#5860=LINE('',#13512,#6766);
#5861=LINE('',#13518,#6767);
#5862=LINE('',#13520,#6768);
#5863=LINE('',#13523,#6769);
#5864=LINE('',#13524,#6770);
#5865=LINE('',#13529,#6771);
#5866=LINE('',#13532,#6772);
#5867=LINE('',#13534,#6773);
#5868=LINE('',#13536,#6774);
#5869=LINE('',#13542,#6775);
#5870=LINE('',#13544,#6776);
#5871=LINE('',#13547,#6777);
#5872=LINE('',#13548,#6778);
#5873=LINE('',#13553,#6779);
#5874=LINE('',#13556,#6780);
#5875=LINE('',#13558,#6781);
#5876=LINE('',#13560,#6782);
#5877=LINE('',#13566,#6783);
#5878=LINE('',#13568,#6784);
#5879=LINE('',#13571,#6785);
#5880=LINE('',#13572,#6786);
#5881=LINE('',#13577,#6787);
#5882=LINE('',#13580,#6788);
#5883=LINE('',#13582,#6789);
#5884=LINE('',#13584,#6790);
#5885=LINE('',#13590,#6791);
#5886=LINE('',#13592,#6792);
#5887=LINE('',#13595,#6793);
#5888=LINE('',#13596,#6794);
#5889=LINE('',#13601,#6795);
#5890=LINE('',#13604,#6796);
#5891=LINE('',#13606,#6797);
#5892=LINE('',#13608,#6798);
#5893=LINE('',#13614,#6799);
#5894=LINE('',#13616,#6800);
#5895=LINE('',#13619,#6801);
#5896=LINE('',#13620,#6802);
#5897=LINE('',#13625,#6803);
#5898=LINE('',#13628,#6804);
#5899=LINE('',#13630,#6805);
#5900=LINE('',#13632,#6806);
#5901=LINE('',#13638,#6807);
#5902=LINE('',#13640,#6808);
#5903=LINE('',#13643,#6809);
#5904=LINE('',#13644,#6810);
#5905=LINE('',#13653,#6811);
#5906=LINE('',#13658,#6812);
#5907=LINE('',#13661,#6813);
#5908=LINE('',#13666,#6814);
#5909=LINE('',#13672,#6815);
#5910=LINE('',#13676,#6816);
#5911=LINE('',#13677,#6817);
#5912=LINE('',#13682,#6818);
#5913=LINE('',#13685,#6819);
#5914=LINE('',#13690,#6820);
#5915=LINE('',#13693,#6821);
#5916=LINE('',#13698,#6822);
#5917=LINE('',#13716,#6823);
#5918=LINE('',#13718,#6824);
#5919=LINE('',#13722,#6825);
#5920=LINE('',#13724,#6826);
#5921=LINE('',#13726,#6827);
#5922=LINE('',#13728,#6828);
#5923=LINE('',#13730,#6829);
#5924=LINE('',#13732,#6830);
#5925=LINE('',#13734,#6831);
#5926=LINE('',#13736,#6832);
#5927=LINE('',#13738,#6833);
#5928=LINE('',#13742,#6834);
#5929=LINE('',#13744,#6835);
#5930=LINE('',#13746,#6836);
#5931=LINE('',#13768,#6837);
#5932=LINE('',#13769,#6838);
#5933=LINE('',#13771,#6839);
#5934=LINE('',#13773,#6840);
#5935=LINE('',#13774,#6841);
#5936=LINE('',#13776,#6842);
#5937=LINE('',#13778,#6843);
#5938=LINE('',#13780,#6844);
#5939=LINE('',#13799,#6845);
#5940=LINE('',#13804,#6846);
#5941=LINE('',#13807,#6847);
#5942=LINE('',#13812,#6848);
#5943=LINE('',#13815,#6849);
#5944=LINE('',#13820,#6850);
#5945=LINE('',#13823,#6851);
#5946=LINE('',#13828,#6852);
#5947=LINE('',#13831,#6853);
#5948=LINE('',#13836,#6854);
#5949=LINE('',#13840,#6855);
#5950=LINE('',#13842,#6856);
#5951=LINE('',#13844,#6857);
#5952=LINE('',#13846,#6858);
#5953=LINE('',#13848,#6859);
#5954=LINE('',#13850,#6860);
#5955=LINE('',#13852,#6861);
#5956=LINE('',#13855,#6862);
#5957=LINE('',#13857,#6863);
#5958=LINE('',#13859,#6864);
#5959=LINE('',#13861,#6865);
#5960=LINE('',#13864,#6866);
#5961=LINE('',#13866,#6867);
#5962=LINE('',#13868,#6868);
#5963=LINE('',#13870,#6869);
#5964=LINE('',#13873,#6870);
#5965=LINE('',#13875,#6871);
#5966=LINE('',#13877,#6872);
#5967=LINE('',#13882,#6873);
#5968=LINE('',#13884,#6874);
#5969=LINE('',#13885,#6875);
#5970=LINE('',#13887,#6876);
#5971=LINE('',#13889,#6877);
#5972=LINE('',#13891,#6878);
#5973=LINE('',#13893,#6879);
#5974=LINE('',#13894,#6880);
#5975=LINE('',#13896,#6881);
#5976=LINE('',#13898,#6882);
#5977=LINE('',#13900,#6883);
#5978=LINE('',#13902,#6884);
#5979=LINE('',#13904,#6885);
#5980=LINE('',#13906,#6886);
#5981=LINE('',#13908,#6887);
#5982=LINE('',#13909,#6888);
#5983=LINE('',#13911,#6889);
#5984=LINE('',#13913,#6890);
#5985=LINE('',#13914,#6891);
#5986=LINE('',#13917,#6892);
#5987=LINE('',#13919,#6893);
#5988=LINE('',#13921,#6894);
#5989=LINE('',#13928,#6895);
#5990=LINE('',#13931,#6896);
#5991=LINE('',#13933,#6897);
#5992=LINE('',#13935,#6898);
#5993=LINE('',#13936,#6899);
#5994=LINE('',#13937,#6900);
#5995=LINE('',#13939,#6901);
#5996=LINE('',#13940,#6902);
#5997=LINE('',#13941,#6903);
#5998=LINE('',#13943,#6904);
#5999=LINE('',#13945,#6905);
#6000=LINE('',#13954,#6906);
#6001=LINE('',#13968,#6907);
#6002=LINE('',#13976,#6908);
#6003=LINE('',#13980,#6909);
#6004=LINE('',#13994,#6910);
#6005=LINE('',#14007,#6911);
#6006=LINE('',#14009,#6912);
#6007=LINE('',#14011,#6913);
#6008=LINE('',#14012,#6914);
#6009=LINE('',#14014,#6915);
#6010=LINE('',#14016,#6916);
#6011=LINE('',#14018,#6917);
#6012=LINE('',#14020,#6918);
#6013=LINE('',#14036,#6919);
#6014=LINE('',#14037,#6920);
#6015=LINE('',#14046,#6921);
#6016=LINE('',#14055,#6922);
#6017=LINE('',#14062,#6923);
#6018=LINE('',#14073,#6924);
#6019=LINE('',#14109,#6925);
#6020=LINE('',#14111,#6926);
#6021=LINE('',#14149,#6927);
#6022=LINE('',#14151,#6928);
#6023=LINE('',#14153,#6929);
#6024=LINE('',#14154,#6930);
#6025=LINE('',#14156,#6931);
#6026=LINE('',#14158,#6932);
#6027=LINE('',#14160,#6933);
#6028=LINE('',#14162,#6934);
#6029=LINE('',#14164,#6935);
#6030=LINE('',#14166,#6936);
#6031=LINE('',#14168,#6937);
#6032=LINE('',#14170,#6938);
#6033=LINE('',#14172,#6939);
#6034=LINE('',#14174,#6940);
#6035=LINE('',#14177,#6941);
#6036=LINE('',#14196,#6942);
#6037=LINE('',#14198,#6943);
#6038=LINE('',#14200,#6944);
#6039=LINE('',#14202,#6945);
#6040=LINE('',#14204,#6946);
#6041=LINE('',#14206,#6947);
#6042=LINE('',#14212,#6948);
#6043=LINE('',#14214,#6949);
#6044=LINE('',#14216,#6950);
#6045=LINE('',#14218,#6951);
#6046=LINE('',#14220,#6952);
#6047=LINE('',#14222,#6953);
#6048=LINE('',#14224,#6954);
#6049=LINE('',#14228,#6955);
#6050=LINE('',#14230,#6956);
#6051=LINE('',#14232,#6957);
#6052=LINE('',#14236,#6958);
#6053=LINE('',#14238,#6959);
#6054=LINE('',#14240,#6960);
#6055=LINE('',#14242,#6961);
#6056=LINE('',#14246,#6962);
#6057=LINE('',#14248,#6963);
#6058=LINE('',#14253,#6964);
#6059=LINE('',#14255,#6965);
#6060=LINE('',#14257,#6966);
#6061=LINE('',#14259,#6967);
#6062=LINE('',#14263,#6968);
#6063=LINE('',#14265,#6969);
#6064=LINE('',#14270,#6970);
#6065=LINE('',#14272,#6971);
#6066=LINE('',#14274,#6972);
#6067=LINE('',#14276,#6973);
#6068=LINE('',#14280,#6974);
#6069=LINE('',#14282,#6975);
#6070=LINE('',#14287,#6976);
#6071=LINE('',#14292,#6977);
#6072=LINE('',#14296,#6978);
#6073=LINE('',#14297,#6979);
#6074=LINE('',#14299,#6980);
#6075=LINE('',#14301,#6981);
#6076=LINE('',#14304,#6982);
#6077=LINE('',#14309,#6983);
#6078=LINE('',#14313,#6984);
#6079=LINE('',#14314,#6985);
#6080=LINE('',#14316,#6986);
#6081=LINE('',#14318,#6987);
#6082=LINE('',#14321,#6988);
#6083=LINE('',#14323,#6989);
#6084=LINE('',#14325,#6990);
#6085=LINE('',#14327,#6991);
#6086=LINE('',#14331,#6992);
#6087=LINE('',#14333,#6993);
#6088=LINE('',#14338,#6994);
#6089=LINE('',#14340,#6995);
#6090=LINE('',#14342,#6996);
#6091=LINE('',#14344,#6997);
#6092=LINE('',#14348,#6998);
#6093=LINE('',#14350,#6999);
#6094=LINE('',#14355,#7000);
#6095=LINE('',#14360,#7001);
#6096=LINE('',#14364,#7002);
#6097=LINE('',#14365,#7003);
#6098=LINE('',#14367,#7004);
#6099=LINE('',#14369,#7005);
#6100=LINE('',#14372,#7006);
#6101=LINE('',#14374,#7007);
#6102=LINE('',#14376,#7008);
#6103=LINE('',#14378,#7009);
#6104=LINE('',#14382,#7010);
#6105=LINE('',#14384,#7011);
#6106=LINE('',#14389,#7012);
#6107=LINE('',#14391,#7013);
#6108=LINE('',#14393,#7014);
#6109=LINE('',#14395,#7015);
#6110=LINE('',#14399,#7016);
#6111=LINE('',#14401,#7017);
#6112=LINE('',#14406,#7018);
#6113=LINE('',#14408,#7019);
#6114=LINE('',#14410,#7020);
#6115=LINE('',#14412,#7021);
#6116=LINE('',#14416,#7022);
#6117=LINE('',#14418,#7023);
#6118=LINE('',#14427,#7024);
#6119=LINE('',#14429,#7025);
#6120=LINE('',#14431,#7026);
#6121=LINE('',#14433,#7027);
#6122=LINE('',#14437,#7028);
#6123=LINE('',#14439,#7029);
#6124=LINE('',#14441,#7030);
#6125=LINE('',#14445,#7031);
#6126=LINE('',#14447,#7032);
#6127=LINE('',#14449,#7033);
#6128=LINE('',#14453,#7034);
#6129=LINE('',#14455,#7035);
#6130=LINE('',#14457,#7036);
#6131=LINE('',#14461,#7037);
#6132=LINE('',#14463,#7038);
#6133=LINE('',#14468,#7039);
#6134=LINE('',#14472,#7040);
#6135=LINE('',#14474,#7041);
#6136=LINE('',#14476,#7042);
#6137=LINE('',#14478,#7043);
#6138=LINE('',#14482,#7044);
#6139=LINE('',#14484,#7045);
#6140=LINE('',#14486,#7046);
#6141=LINE('',#14490,#7047);
#6142=LINE('',#14492,#7048);
#6143=LINE('',#14494,#7049);
#6144=LINE('',#14498,#7050);
#6145=LINE('',#14500,#7051);
#6146=LINE('',#14502,#7052);
#6147=LINE('',#14506,#7053);
#6148=LINE('',#14521,#7054);
#6149=LINE('',#14525,#7055);
#6150=LINE('',#14527,#7056);
#6151=LINE('',#14529,#7057);
#6152=LINE('',#14531,#7058);
#6153=LINE('',#14535,#7059);
#6154=LINE('',#14537,#7060);
#6155=LINE('',#14539,#7061);
#6156=LINE('',#14543,#7062);
#6157=LINE('',#14545,#7063);
#6158=LINE('',#14547,#7064);
#6159=LINE('',#14551,#7065);
#6160=LINE('',#14553,#7066);
#6161=LINE('',#14555,#7067);
#6162=LINE('',#14559,#7068);
#6163=LINE('',#14574,#7069);
#6164=LINE('',#14578,#7070);
#6165=LINE('',#14580,#7071);
#6166=LINE('',#14582,#7072);
#6167=LINE('',#14584,#7073);
#6168=LINE('',#14588,#7074);
#6169=LINE('',#14590,#7075);
#6170=LINE('',#14592,#7076);
#6171=LINE('',#14596,#7077);
#6172=LINE('',#14598,#7078);
#6173=LINE('',#14600,#7079);
#6174=LINE('',#14604,#7080);
#6175=LINE('',#14606,#7081);
#6176=LINE('',#14608,#7082);
#6177=LINE('',#14612,#7083);
#6178=LINE('',#14615,#7084);
#6179=LINE('',#14617,#7085);
#6180=LINE('',#14619,#7086);
#6181=LINE('',#14621,#7087);
#6182=LINE('',#14623,#7088);
#6183=LINE('',#14625,#7089);
#6184=LINE('',#14627,#7090);
#6185=LINE('',#14629,#7091);
#6186=LINE('',#14631,#7092);
#6187=LINE('',#14633,#7093);
#6188=LINE('',#14635,#7094);
#6189=LINE('',#14637,#7095);
#6190=LINE('',#14639,#7096);
#6191=LINE('',#14641,#7097);
#6192=LINE('',#14643,#7098);
#6193=LINE('',#14645,#7099);
#6194=LINE('',#14648,#7100);
#6195=LINE('',#14650,#7101);
#6196=LINE('',#14652,#7102);
#6197=LINE('',#14661,#7103);
#6198=LINE('',#14674,#7104);
#6199=LINE('',#14680,#7105);
#6200=LINE('',#14684,#7106);
#6201=LINE('',#14686,#7107);
#6202=LINE('',#14695,#7108);
#6203=LINE('',#14708,#7109);
#6204=LINE('',#14714,#7110);
#6205=LINE('',#14716,#7111);
#6206=LINE('',#14725,#7112);
#6207=LINE('',#14738,#7113);
#6208=LINE('',#14744,#7114);
#6209=LINE('',#14748,#7115);
#6210=LINE('',#14752,#7116);
#6211=LINE('',#14754,#7117);
#6212=LINE('',#14756,#7118);
#6213=LINE('',#14767,#7119);
#6214=LINE('',#14773,#7120);
#6215=LINE('',#14789,#7121);
#6216=LINE('',#14791,#7122);
#6217=LINE('',#14793,#7123);
#6218=LINE('',#14795,#7124);
#6219=LINE('',#14797,#7125);
#6220=LINE('',#14799,#7126);
#6221=LINE('',#14801,#7127);
#6222=LINE('',#14803,#7128);
#6223=LINE('',#14805,#7129);
#6224=LINE('',#14807,#7130);
#6225=LINE('',#14809,#7131);
#6226=LINE('',#14811,#7132);
#6227=LINE('',#14813,#7133);
#6228=LINE('',#14815,#7134);
#6229=LINE('',#14817,#7135);
#6230=LINE('',#14819,#7136);
#6231=LINE('',#14821,#7137);
#6232=LINE('',#14823,#7138);
#6233=LINE('',#14825,#7139);
#6234=LINE('',#14827,#7140);
#6235=LINE('',#14829,#7141);
#6236=LINE('',#14831,#7142);
#6237=LINE('',#14833,#7143);
#6238=LINE('',#14835,#7144);
#6239=LINE('',#14838,#7145);
#6240=LINE('',#14840,#7146);
#6241=LINE('',#14842,#7147);
#6242=LINE('',#14844,#7148);
#6243=LINE('',#14846,#7149);
#6244=LINE('',#14848,#7150);
#6245=LINE('',#14850,#7151);
#6246=LINE('',#14852,#7152);
#6247=LINE('',#14854,#7153);
#6248=LINE('',#14856,#7154);
#6249=LINE('',#14858,#7155);
#6250=LINE('',#14860,#7156);
#6251=LINE('',#14863,#7157);
#6252=LINE('',#14865,#7158);
#6253=LINE('',#14867,#7159);
#6254=LINE('',#14869,#7160);
#6255=LINE('',#14871,#7161);
#6256=LINE('',#14873,#7162);
#6257=LINE('',#14875,#7163);
#6258=LINE('',#14877,#7164);
#6259=LINE('',#14879,#7165);
#6260=LINE('',#14881,#7166);
#6261=LINE('',#14883,#7167);
#6262=LINE('',#14885,#7168);
#6263=LINE('',#14887,#7169);
#6264=LINE('',#14889,#7170);
#6265=LINE('',#14891,#7171);
#6266=LINE('',#14893,#7172);
#6267=LINE('',#14895,#7173);
#6268=LINE('',#14897,#7174);
#6269=LINE('',#14899,#7175);
#6270=LINE('',#14901,#7176);
#6271=LINE('',#14903,#7177);
#6272=LINE('',#14905,#7178);
#6273=LINE('',#14907,#7179);
#6274=LINE('',#14909,#7180);
#6275=LINE('',#14912,#7181);
#6276=LINE('',#14914,#7182);
#6277=LINE('',#14916,#7183);
#6278=LINE('',#14918,#7184);
#6279=LINE('',#14922,#7185);
#6280=LINE('',#14926,#7186);
#6281=LINE('',#14930,#7187);
#6282=LINE('',#14934,#7188);
#6283=LINE('',#14945,#7189);
#6284=LINE('',#14951,#7190);
#6285=LINE('',#14955,#7191);
#6286=LINE('',#14959,#7192);
#6287=LINE('',#14961,#7193);
#6288=LINE('',#14963,#7194);
#6289=LINE('',#14974,#7195);
#6290=LINE('',#14987,#7196);
#6291=LINE('',#14993,#7197);
#6292=LINE('',#14997,#7198);
#6293=LINE('',#15001,#7199);
#6294=LINE('',#15005,#7200);
#6295=LINE('',#15009,#7201);
#6296=LINE('',#15013,#7202);
#6297=LINE('',#15017,#7203);
#6298=LINE('',#15028,#7204);
#6299=LINE('',#15034,#7205);
#6300=LINE('',#15038,#7206);
#6301=LINE('',#15042,#7207);
#6302=LINE('',#15044,#7208);
#6303=LINE('',#15046,#7209);
#6304=LINE('',#15050,#7210);
#6305=LINE('',#15061,#7211);
#6306=LINE('',#15074,#7212);
#6307=LINE('',#15080,#7213);
#6308=LINE('',#15087,#7214);
#6309=LINE('',#15089,#7215);
#6310=LINE('',#15091,#7216);
#6311=LINE('',#15093,#7217);
#6312=LINE('',#15095,#7218);
#6313=LINE('',#15097,#7219);
#6314=LINE('',#15099,#7220);
#6315=LINE('',#15101,#7221);
#6316=LINE('',#15103,#7222);
#6317=LINE('',#15105,#7223);
#6318=LINE('',#15107,#7224);
#6319=LINE('',#15109,#7225);
#6320=LINE('',#15111,#7226);
#6321=LINE('',#15113,#7227);
#6322=LINE('',#15115,#7228);
#6323=LINE('',#15117,#7229);
#6324=LINE('',#15120,#7230);
#6325=LINE('',#15123,#7231);
#6326=LINE('',#15125,#7232);
#6327=LINE('',#15127,#7233);
#6328=LINE('',#15129,#7234);
#6329=LINE('',#15131,#7235);
#6330=LINE('',#15133,#7236);
#6331=LINE('',#15135,#7237);
#6332=LINE('',#15137,#7238);
#6333=LINE('',#15139,#7239);
#6334=LINE('',#15152,#7240);
#6335=LINE('',#15169,#7241);
#6336=LINE('',#15186,#7242);
#6337=LINE('',#15192,#7243);
#6338=LINE('',#15196,#7244);
#6339=LINE('',#15198,#7245);
#6340=LINE('',#15202,#7246);
#6341=LINE('',#15213,#7247);
#6342=LINE('',#15226,#7248);
#6343=LINE('',#15232,#7249);
#6344=LINE('',#15234,#7250);
#6345=LINE('',#15236,#7251);
#6346=LINE('',#15238,#7252);
#6347=LINE('',#15240,#7253);
#6348=LINE('',#15242,#7254);
#6349=LINE('',#15244,#7255);
#6350=LINE('',#15246,#7256);
#6351=LINE('',#15248,#7257);
#6352=LINE('',#15250,#7258);
#6353=LINE('',#15252,#7259);
#6354=LINE('',#15254,#7260);
#6355=LINE('',#15256,#7261);
#6356=LINE('',#15258,#7262);
#6357=LINE('',#15277,#7263);
#6358=LINE('',#15279,#7264);
#6359=LINE('',#15281,#7265);
#6360=LINE('',#15283,#7266);
#6361=LINE('',#15285,#7267);
#6362=LINE('',#15287,#7268);
#6363=LINE('',#15289,#7269);
#6364=LINE('',#15291,#7270);
#6365=LINE('',#15293,#7271);
#6366=LINE('',#15295,#7272);
#6367=LINE('',#15297,#7273);
#6368=LINE('',#15299,#7274);
#6369=LINE('',#15301,#7275);
#6370=LINE('',#15303,#7276);
#6371=LINE('',#15305,#7277);
#6372=LINE('',#15307,#7278);
#6373=LINE('',#15310,#7279);
#6374=LINE('',#15312,#7280);
#6375=LINE('',#15314,#7281);
#6376=LINE('',#15316,#7282);
#6377=LINE('',#15318,#7283);
#6378=LINE('',#15320,#7284);
#6379=LINE('',#15322,#7285);
#6380=LINE('',#15324,#7286);
#6381=LINE('',#15326,#7287);
#6382=LINE('',#15328,#7288);
#6383=LINE('',#15330,#7289);
#6384=LINE('',#15332,#7290);
#6385=LINE('',#15336,#7291);
#6386=LINE('',#15343,#7292);
#6387=LINE('',#15347,#7293);
#6388=LINE('',#15349,#7294);
#6389=LINE('',#15351,#7295);
#6390=LINE('',#15353,#7296);
#6391=LINE('',#15355,#7297);
#6392=LINE('',#15357,#7298);
#6393=LINE('',#15359,#7299);
#6394=LINE('',#15361,#7300);
#6395=LINE('',#15363,#7301);
#6396=LINE('',#15365,#7302);
#6397=LINE('',#15367,#7303);
#6398=LINE('',#15369,#7304);
#6399=LINE('',#15371,#7305);
#6400=LINE('',#15373,#7306);
#6401=LINE('',#15375,#7307);
#6402=LINE('',#15377,#7308);
#6403=LINE('',#15380,#7309);
#6404=LINE('',#15384,#7310);
#6405=LINE('',#15386,#7311);
#6406=LINE('',#15397,#7312);
#6407=LINE('',#15403,#7313);
#6408=LINE('',#15407,#7314);
#6409=LINE('',#15411,#7315);
#6410=LINE('',#15422,#7316);
#6411=LINE('',#15428,#7317);
#6412=LINE('',#15432,#7318);
#6413=LINE('',#15436,#7319);
#6414=LINE('',#15438,#7320);
#6415=LINE('',#15440,#7321);
#6416=LINE('',#15444,#7322);
#6417=LINE('',#15455,#7323);
#6418=LINE('',#15468,#7324);
#6419=LINE('',#15474,#7325);
#6420=LINE('',#15478,#7326);
#6421=LINE('',#15482,#7327);
#6422=LINE('',#15484,#7328);
#6423=LINE('',#15486,#7329);
#6424=LINE('',#15490,#7330);
#6425=LINE('',#15494,#7331);
#6426=LINE('',#15498,#7332);
#6427=LINE('',#15509,#7333);
#6428=LINE('',#15522,#7334);
#6429=LINE('',#15528,#7335);
#6430=LINE('',#15532,#7336);
#6431=LINE('',#15536,#7337);
#6432=LINE('',#15538,#7338);
#6433=LINE('',#15547,#7339);
#6434=LINE('',#15560,#7340);
#6435=LINE('',#15573,#7341);
#6436=LINE('',#15598,#7342);
#6437=LINE('',#15604,#7343);
#6438=LINE('',#15606,#7344);
#6439=LINE('',#15610,#7345);
#6440=LINE('',#15614,#7346);
#6441=LINE('',#15616,#7347);
#6442=LINE('',#15618,#7348);
#6443=LINE('',#15620,#7349);
#6444=LINE('',#15622,#7350);
#6445=LINE('',#15624,#7351);
#6446=LINE('',#15633,#7352);
#6447=LINE('',#15646,#7353);
#6448=LINE('',#15659,#7354);
#6449=LINE('',#15672,#7355);
#6450=LINE('',#15678,#7356);
#6451=LINE('',#15680,#7357);
#6452=LINE('',#15682,#7358);
#6453=LINE('',#15684,#7359);
#6454=LINE('',#15686,#7360);
#6455=LINE('',#15688,#7361);
#6456=LINE('',#15697,#7362);
#6457=LINE('',#15715,#7363);
#6458=LINE('',#15719,#7364);
#6459=LINE('',#15721,#7365);
#6460=LINE('',#15723,#7366);
#6461=LINE('',#15725,#7367);
#6462=LINE('',#15727,#7368);
#6463=LINE('',#15729,#7369);
#6464=LINE('',#15731,#7370);
#6465=LINE('',#15733,#7371);
#6466=LINE('',#15735,#7372);
#6467=LINE('',#15737,#7373);
#6468=LINE('',#15739,#7374);
#6469=LINE('',#15741,#7375);
#6470=LINE('',#15743,#7376);
#6471=LINE('',#15745,#7377);
#6472=LINE('',#15747,#7378);
#6473=LINE('',#15749,#7379);
#6474=LINE('',#15753,#7380);
#6475=LINE('',#15755,#7381);
#6476=LINE('',#15757,#7382);
#6477=LINE('',#15759,#7383);
#6478=LINE('',#15761,#7384);
#6479=LINE('',#15763,#7385);
#6480=LINE('',#15765,#7386);
#6481=LINE('',#15767,#7387);
#6482=LINE('',#15769,#7388);
#6483=LINE('',#15771,#7389);
#6484=LINE('',#15773,#7390);
#6485=LINE('',#15775,#7391);
#6486=LINE('',#15777,#7392);
#6487=LINE('',#15780,#7393);
#6488=LINE('',#15782,#7394);
#6489=LINE('',#15784,#7395);
#6490=LINE('',#15786,#7396);
#6491=LINE('',#15788,#7397);
#6492=LINE('',#15790,#7398);
#6493=LINE('',#15792,#7399);
#6494=LINE('',#15794,#7400);
#6495=LINE('',#15796,#7401);
#6496=LINE('',#15798,#7402);
#6497=LINE('',#15800,#7403);
#6498=LINE('',#15802,#7404);
#6499=LINE('',#15804,#7405);
#6500=LINE('',#15806,#7406);
#6501=LINE('',#15808,#7407);
#6502=LINE('',#15810,#7408);
#6503=LINE('',#15812,#7409);
#6504=LINE('',#15814,#7410);
#6505=LINE('',#15816,#7411);
#6506=LINE('',#15818,#7412);
#6507=LINE('',#15820,#7413);
#6508=LINE('',#15822,#7414);
#6509=LINE('',#15824,#7415);
#6510=LINE('',#15826,#7416);
#6511=LINE('',#15829,#7417);
#6512=LINE('',#15831,#7418);
#6513=LINE('',#15833,#7419);
#6514=LINE('',#15835,#7420);
#6515=LINE('',#15837,#7421);
#6516=LINE('',#15839,#7422);
#6517=LINE('',#15841,#7423);
#6518=LINE('',#15843,#7424);
#6519=LINE('',#15845,#7425);
#6520=LINE('',#15847,#7426);
#6521=LINE('',#15849,#7427);
#6522=LINE('',#15851,#7428);
#6523=LINE('',#15853,#7429);
#6524=LINE('',#15855,#7430);
#6525=LINE('',#15857,#7431);
#6526=LINE('',#15859,#7432);
#6527=LINE('',#15861,#7433);
#6528=LINE('',#15863,#7434);
#6529=LINE('',#15865,#7435);
#6530=LINE('',#15867,#7436);
#6531=LINE('',#15869,#7437);
#6532=LINE('',#15871,#7438);
#6533=LINE('',#15875,#7439);
#6534=LINE('',#15877,#7440);
#6535=LINE('',#15879,#7441);
#6536=LINE('',#15881,#7442);
#6537=LINE('',#15883,#7443);
#6538=LINE('',#15885,#7444);
#6539=LINE('',#15887,#7445);
#6540=LINE('',#15889,#7446);
#6541=LINE('',#15891,#7447);
#6542=LINE('',#15893,#7448);
#6543=LINE('',#15895,#7449);
#6544=LINE('',#15899,#7450);
#6545=LINE('',#15901,#7451);
#6546=LINE('',#15903,#7452);
#6547=LINE('',#15905,#7453);
#6548=LINE('',#15907,#7454);
#6549=LINE('',#15918,#7455);
#6550=LINE('',#15923,#7456);
#6551=LINE('',#15927,#7457);
#6552=LINE('',#15928,#7458);
#6553=LINE('',#15930,#7459);
#6554=LINE('',#15932,#7460);
#6555=LINE('',#16018,#7461);
#6556=LINE('',#16032,#7462);
#6557=VECTOR('',#10281,1.);
#6558=VECTOR('',#10282,1.);
#6559=VECTOR('',#10283,1.);
#6560=VECTOR('',#10284,1.);
#6561=VECTOR('',#10287,1.);
#6562=VECTOR('',#10288,1.);
#6563=VECTOR('',#10289,1.);
#6564=VECTOR('',#10290,1.);
#6565=VECTOR('',#10291,1.);
#6566=VECTOR('',#10292,1.);
#6567=VECTOR('',#10297,1.);
#6568=VECTOR('',#10298,1.);
#6569=VECTOR('',#10301,1.);
#6570=VECTOR('',#10302,1.);
#6571=VECTOR('',#10303,1.);
#6572=VECTOR('',#10304,1.);
#6573=VECTOR('',#10305,1.);
#6574=VECTOR('',#10306,1.);
#6575=VECTOR('',#10307,1.);
#6576=VECTOR('',#10308,1.);
#6577=VECTOR('',#10309,1.);
#6578=VECTOR('',#10310,1.);
#6579=VECTOR('',#10311,1.);
#6580=VECTOR('',#10312,1.);
#6581=VECTOR('',#10313,1.);
#6582=VECTOR('',#10316,1.);
#6583=VECTOR('',#10325,1.);
#6584=VECTOR('',#10346,1.);
#6585=VECTOR('',#10359,1.);
#6586=VECTOR('',#10360,1.);
#6587=VECTOR('',#10361,1.);
#6588=VECTOR('',#10362,1.);
#6589=VECTOR('',#10363,1.);
#6590=VECTOR('',#10364,1.);
#6591=VECTOR('',#10365,1.);
#6592=VECTOR('',#10366,1.);
#6593=VECTOR('',#10367,1.);
#6594=VECTOR('',#10368,1.);
#6595=VECTOR('',#10369,1.);
#6596=VECTOR('',#10370,1.);
#6597=VECTOR('',#10371,1.);
#6598=VECTOR('',#10372,1.);
#6599=VECTOR('',#10373,1.);
#6600=VECTOR('',#10374,1.);
#6601=VECTOR('',#10375,1.);
#6602=VECTOR('',#10376,1.);
#6603=VECTOR('',#10377,1.);
#6604=VECTOR('',#10378,1.);
#6605=VECTOR('',#10379,1.);
#6606=VECTOR('',#10380,1.);
#6607=VECTOR('',#10381,1.);
#6608=VECTOR('',#10382,1.);
#6609=VECTOR('',#10383,1.);
#6610=VECTOR('',#10384,1.);
#6611=VECTOR('',#10385,1.);
#6612=VECTOR('',#10386,1.);
#6613=VECTOR('',#10387,1.);
#6614=VECTOR('',#10388,1.);
#6615=VECTOR('',#10389,1.);
#6616=VECTOR('',#10394,1.);
#6617=VECTOR('',#10399,1.);
#6618=VECTOR('',#10400,1.);
#6619=VECTOR('',#10403,1.);
#6620=VECTOR('',#10404,1.);
#6621=VECTOR('',#10405,1.);
#6622=VECTOR('',#10406,1.);
#6623=VECTOR('',#10407,1.);
#6624=VECTOR('',#10408,1.);
#6625=VECTOR('',#10409,1.);
#6626=VECTOR('',#10410,1.);
#6627=VECTOR('',#10411,1.);
#6628=VECTOR('',#10414,1.);
#6629=VECTOR('',#10417,1.);
#6630=VECTOR('',#10420,1.);
#6631=VECTOR('',#10423,1.);
#6632=VECTOR('',#10434,1.);
#6633=VECTOR('',#10437,1.);
#6634=VECTOR('',#10440,1.);
#6635=VECTOR('',#10443,1.);
#6636=VECTOR('',#10446,1.);
#6637=VECTOR('',#10451,1.);
#6638=VECTOR('',#10454,1.);
#6639=VECTOR('',#10457,1.);
#6640=VECTOR('',#10460,1.);
#6641=VECTOR('',#10463,1.);
#6642=VECTOR('',#10470,1.);
#6643=VECTOR('',#10473,1.);
#6644=VECTOR('',#10476,1.);
#6645=VECTOR('',#10479,1.);
#6646=VECTOR('',#10482,1.);
#6647=VECTOR('',#10491,1.);
#6648=VECTOR('',#10492,1.);
#6649=VECTOR('',#10493,1.);
#6650=VECTOR('',#10494,1.);
#6651=VECTOR('',#10495,1.);
#6652=VECTOR('',#10496,1.);
#6653=VECTOR('',#10497,1.);
#6654=VECTOR('',#10500,1.);
#6655=VECTOR('',#10501,1.);
#6656=VECTOR('',#10502,1.);
#6657=VECTOR('',#10503,1.);
#6658=VECTOR('',#10504,1.);
#6659=VECTOR('',#10505,1.);
#6660=VECTOR('',#10506,1.);
#6661=VECTOR('',#10507,1.);
#6662=VECTOR('',#10508,1.);
#6663=VECTOR('',#10509,1.);
#6664=VECTOR('',#10510,1.);
#6665=VECTOR('',#10511,1.);
#6666=VECTOR('',#10512,1.);
#6667=VECTOR('',#10513,1.);
#6668=VECTOR('',#10514,1.);
#6669=VECTOR('',#10515,1.);
#6670=VECTOR('',#10520,1.);
#6671=VECTOR('',#10533,1.);
#6672=VECTOR('',#10542,1.);
#6673=VECTOR('',#10555,1.);
#6674=VECTOR('',#10556,1.);
#6675=VECTOR('',#10557,1.);
#6676=VECTOR('',#10558,1.);
#6677=VECTOR('',#10559,1.);
#6678=VECTOR('',#10560,1.);
#6679=VECTOR('',#10563,1.);
#6680=VECTOR('',#10566,1.);
#6681=VECTOR('',#10567,1.);
#6682=VECTOR('',#10568,1.);
#6683=VECTOR('',#10569,1.);
#6684=VECTOR('',#10570,1.);
#6685=VECTOR('',#10571,1.);
#6686=VECTOR('',#10572,1.);
#6687=VECTOR('',#10575,1.);
#6688=VECTOR('',#10576,1.);
#6689=VECTOR('',#10577,1.);
#6690=VECTOR('',#10578,1.);
#6691=VECTOR('',#10579,1.);
#6692=VECTOR('',#10580,1.);
#6693=VECTOR('',#10581,1.);
#6694=VECTOR('',#10582,1.);
#6695=VECTOR('',#10583,1.);
#6696=VECTOR('',#10584,1.);
#6697=VECTOR('',#10585,1.);
#6698=VECTOR('',#10586,1.);
#6699=VECTOR('',#10587,1.);
#6700=VECTOR('',#10588,1.);
#6701=VECTOR('',#10589,1.);
#6702=VECTOR('',#10590,1.);
#6703=VECTOR('',#10591,1.);
#6704=VECTOR('',#10592,1.);
#6705=VECTOR('',#10593,1.);
#6706=VECTOR('',#10594,1.);
#6707=VECTOR('',#10595,1.);
#6708=VECTOR('',#10596,1.);
#6709=VECTOR('',#10597,1.);
#6710=VECTOR('',#10600,1.);
#6711=VECTOR('',#10601,1.);
#6712=VECTOR('',#10602,1.);
#6713=VECTOR('',#10603,1.);
#6714=VECTOR('',#10604,1.);
#6715=VECTOR('',#10607,1.);
#6716=VECTOR('',#10608,1.);
#6717=VECTOR('',#10609,1.);
#6718=VECTOR('',#10610,1.);
#6719=VECTOR('',#10611,1.);
#6720=VECTOR('',#10612,1.);
#6721=VECTOR('',#10613,1.);
#6722=VECTOR('',#10614,1.);
#6723=VECTOR('',#10617,1.);
#6724=VECTOR('',#10618,1.);
#6725=VECTOR('',#10619,1.);
#6726=VECTOR('',#10620,1.);
#6727=VECTOR('',#10627,1.);
#6728=VECTOR('',#10630,1.);
#6729=VECTOR('',#10631,1.);
#6730=VECTOR('',#10632,1.);
#6731=VECTOR('',#10641,1.);
#6732=VECTOR('',#10642,1.);
#6733=VECTOR('',#10643,1.);
#6734=VECTOR('',#10644,1.);
#6735=VECTOR('',#10651,1.);
#6736=VECTOR('',#10654,1.);
#6737=VECTOR('',#10655,1.);
#6738=VECTOR('',#10656,1.);
#6739=VECTOR('',#10665,1.);
#6740=VECTOR('',#10666,1.);
#6741=VECTOR('',#10667,1.);
#6742=VECTOR('',#10668,1.);
#6743=VECTOR('',#10675,1.);
#6744=VECTOR('',#10678,1.);
#6745=VECTOR('',#10679,1.);
#6746=VECTOR('',#10680,1.);
#6747=VECTOR('',#10689,1.);
#6748=VECTOR('',#10690,1.);
#6749=VECTOR('',#10691,1.);
#6750=VECTOR('',#10692,1.);
#6751=VECTOR('',#10699,1.);
#6752=VECTOR('',#10702,1.);
#6753=VECTOR('',#10703,1.);
#6754=VECTOR('',#10704,1.);
#6755=VECTOR('',#10713,1.);
#6756=VECTOR('',#10714,1.);
#6757=VECTOR('',#10715,1.);
#6758=VECTOR('',#10716,1.);
#6759=VECTOR('',#10723,1.);
#6760=VECTOR('',#10726,1.);
#6761=VECTOR('',#10727,1.);
#6762=VECTOR('',#10728,1.);
#6763=VECTOR('',#10737,1.);
#6764=VECTOR('',#10738,1.);
#6765=VECTOR('',#10739,1.);
#6766=VECTOR('',#10740,1.);
#6767=VECTOR('',#10747,1.);
#6768=VECTOR('',#10750,1.);
#6769=VECTOR('',#10751,1.);
#6770=VECTOR('',#10752,1.);
#6771=VECTOR('',#10761,1.);
#6772=VECTOR('',#10762,1.);
#6773=VECTOR('',#10763,1.);
#6774=VECTOR('',#10764,1.);
#6775=VECTOR('',#10771,1.);
#6776=VECTOR('',#10774,1.);
#6777=VECTOR('',#10775,1.);
#6778=VECTOR('',#10776,1.);
#6779=VECTOR('',#10785,1.);
#6780=VECTOR('',#10786,1.);
#6781=VECTOR('',#10787,1.);
#6782=VECTOR('',#10788,1.);
#6783=VECTOR('',#10795,1.);
#6784=VECTOR('',#10798,1.);
#6785=VECTOR('',#10799,1.);
#6786=VECTOR('',#10800,1.);
#6787=VECTOR('',#10809,1.);
#6788=VECTOR('',#10810,1.);
#6789=VECTOR('',#10811,1.);
#6790=VECTOR('',#10812,1.);
#6791=VECTOR('',#10819,1.);
#6792=VECTOR('',#10822,1.);
#6793=VECTOR('',#10823,1.);
#6794=VECTOR('',#10824,1.);
#6795=VECTOR('',#10833,1.);
#6796=VECTOR('',#10834,1.);
#6797=VECTOR('',#10835,1.);
#6798=VECTOR('',#10836,1.);
#6799=VECTOR('',#10843,1.);
#6800=VECTOR('',#10846,1.);
#6801=VECTOR('',#10847,1.);
#6802=VECTOR('',#10848,1.);
#6803=VECTOR('',#10857,1.);
#6804=VECTOR('',#10858,1.);
#6805=VECTOR('',#10859,1.);
#6806=VECTOR('',#10860,1.);
#6807=VECTOR('',#10867,1.);
#6808=VECTOR('',#10870,1.);
#6809=VECTOR('',#10871,1.);
#6810=VECTOR('',#10872,1.);
#6811=VECTOR('',#10885,1.);
#6812=VECTOR('',#10888,1.);
#6813=VECTOR('',#10891,1.);
#6814=VECTOR('',#10894,1.);
#6815=VECTOR('',#10899,1.);
#6816=VECTOR('',#10902,1.);
#6817=VECTOR('',#10903,1.);
#6818=VECTOR('',#10906,1.);
#6819=VECTOR('',#10909,1.);
#6820=VECTOR('',#10912,1.);
#6821=VECTOR('',#10915,1.);
#6822=VECTOR('',#10918,1.);
#6823=VECTOR('',#10931,1.);
#6824=VECTOR('',#10932,1.);
#6825=VECTOR('',#10935,1.);
#6826=VECTOR('',#10936,1.);
#6827=VECTOR('',#10937,1.);
#6828=VECTOR('',#10938,1.);
#6829=VECTOR('',#10939,1.);
#6830=VECTOR('',#10940,1.);
#6831=VECTOR('',#10941,1.);
#6832=VECTOR('',#10942,1.);
#6833=VECTOR('',#10943,1.);
#6834=VECTOR('',#10946,1.);
#6835=VECTOR('',#10947,1.);
#6836=VECTOR('',#10948,1.);
#6837=VECTOR('',#10953,1.);
#6838=VECTOR('',#10954,1.);
#6839=VECTOR('',#10955,1.);
#6840=VECTOR('',#10956,1.);
#6841=VECTOR('',#10957,1.);
#6842=VECTOR('',#10958,1.);
#6843=VECTOR('',#10959,1.);
#6844=VECTOR('',#10960,1.);
#6845=VECTOR('',#10963,1.);
#6846=VECTOR('',#10966,1.);
#6847=VECTOR('',#10969,1.);
#6848=VECTOR('',#10972,1.);
#6849=VECTOR('',#10975,1.);
#6850=VECTOR('',#10978,1.);
#6851=VECTOR('',#10981,1.);
#6852=VECTOR('',#10984,1.);
#6853=VECTOR('',#10987,1.);
#6854=VECTOR('',#10990,1.);
#6855=VECTOR('',#10995,1.);
#6856=VECTOR('',#10996,1.);
#6857=VECTOR('',#10997,1.);
#6858=VECTOR('',#11000,1.);
#6859=VECTOR('',#11001,1.);
#6860=VECTOR('',#11002,1.);
#6861=VECTOR('',#11005,1.);
#6862=VECTOR('',#11006,1.);
#6863=VECTOR('',#11007,1.);
#6864=VECTOR('',#11008,1.);
#6865=VECTOR('',#11011,1.);
#6866=VECTOR('',#11012,1.);
#6867=VECTOR('',#11013,1.);
#6868=VECTOR('',#11014,1.);
#6869=VECTOR('',#11017,1.);
#6870=VECTOR('',#11018,1.);
#6871=VECTOR('',#11019,1.);
#6872=VECTOR('',#11020,1.);
#6873=VECTOR('',#11025,1.);
#6874=VECTOR('',#11028,1.);
#6875=VECTOR('',#11029,1.);
#6876=VECTOR('',#11032,1.);
#6877=VECTOR('',#11033,1.);
#6878=VECTOR('',#11034,1.);
#6879=VECTOR('',#11037,1.);
#6880=VECTOR('',#11038,1.);
#6881=VECTOR('',#11039,1.);
#6882=VECTOR('',#11040,1.);
#6883=VECTOR('',#11041,1.);
#6884=VECTOR('',#11042,1.);
#6885=VECTOR('',#11043,1.);
#6886=VECTOR('',#11044,1.);
#6887=VECTOR('',#11045,1.);
#6888=VECTOR('',#11046,1.);
#6889=VECTOR('',#11047,1.);
#6890=VECTOR('',#11048,1.);
#6891=VECTOR('',#11049,1.);
#6892=VECTOR('',#11050,1.);
#6893=VECTOR('',#11051,1.);
#6894=VECTOR('',#11052,1.);
#6895=VECTOR('',#11063,1.);
#6896=VECTOR('',#11064,1.);
#6897=VECTOR('',#11065,1.);
#6898=VECTOR('',#11066,1.);
#6899=VECTOR('',#11067,1.);
#6900=VECTOR('',#11068,1.);
#6901=VECTOR('',#11071,1.);
#6902=VECTOR('',#11072,1.);
#6903=VECTOR('',#11073,1.);
#6904=VECTOR('',#11076,1.);
#6905=VECTOR('',#11077,1.);
#6906=VECTOR('',#11078,1.);
#6907=VECTOR('',#11079,1.);
#6908=VECTOR('',#11082,1.);
#6909=VECTOR('',#11087,1.);
#6910=VECTOR('',#11088,1.);
#6911=VECTOR('',#11091,1.);
#6912=VECTOR('',#11092,1.);
#6913=VECTOR('',#11093,1.);
#6914=VECTOR('',#11094,1.);
#6915=VECTOR('',#11095,1.);
#6916=VECTOR('',#11096,1.);
#6917=VECTOR('',#11097,1.);
#6918=VECTOR('',#11098,1.);
#6919=VECTOR('',#11099,1.);
#6920=VECTOR('',#11100,1.);
#6921=VECTOR('',#11101,1.);
#6922=VECTOR('',#11104,1.);
#6923=VECTOR('',#11107,1.);
#6924=VECTOR('',#11110,1.);
#6925=VECTOR('',#11133,1.);
#6926=VECTOR('',#11136,1.);
#6927=VECTOR('',#11191,1.);
#6928=VECTOR('',#11192,1.);
#6929=VECTOR('',#11193,1.);
#6930=VECTOR('',#11194,1.);
#6931=VECTOR('',#11195,1.);
#6932=VECTOR('',#11196,1.);
#6933=VECTOR('',#11199,1.);
#6934=VECTOR('',#11202,1.);
#6935=VECTOR('',#11205,1.);
#6936=VECTOR('',#11208,1.);
#6937=VECTOR('',#11211,1.);
#6938=VECTOR('',#11214,1.);
#6939=VECTOR('',#11217,1.);
#6940=VECTOR('',#11220,1.);
#6941=VECTOR('',#11225,1.);
#6942=VECTOR('',#11234,1.);
#6943=VECTOR('',#11235,1.);
#6944=VECTOR('',#11236,1.);
#6945=VECTOR('',#11237,1.);
#6946=VECTOR('',#11240,1.);
#6947=VECTOR('',#11243,1.);
#6948=VECTOR('',#11250,1.);
#6949=VECTOR('',#11253,1.);
#6950=VECTOR('',#11256,1.);
#6951=VECTOR('',#11257,1.);
#6952=VECTOR('',#11258,1.);
#6953=VECTOR('',#11259,1.);
#6954=VECTOR('',#11262,1.);
#6955=VECTOR('',#11267,1.);
#6956=VECTOR('',#11270,1.);
#6957=VECTOR('',#11271,1.);
#6958=VECTOR('',#11278,1.);
#6959=VECTOR('',#11279,1.);
#6960=VECTOR('',#11280,1.);
#6961=VECTOR('',#11283,1.);
#6962=VECTOR('',#11288,1.);
#6963=VECTOR('',#11289,1.);
#6964=VECTOR('',#11298,1.);
#6965=VECTOR('',#11299,1.);
#6966=VECTOR('',#11300,1.);
#6967=VECTOR('',#11303,1.);
#6968=VECTOR('',#11308,1.);
#6969=VECTOR('',#11309,1.);
#6970=VECTOR('',#11318,1.);
#6971=VECTOR('',#11319,1.);
#6972=VECTOR('',#11320,1.);
#6973=VECTOR('',#11323,1.);
#6974=VECTOR('',#11328,1.);
#6975=VECTOR('',#11329,1.);
#6976=VECTOR('',#11338,1.);
#6977=VECTOR('',#11341,1.);
#6978=VECTOR('',#11346,1.);
#6979=VECTOR('',#11347,1.);
#6980=VECTOR('',#11350,1.);
#6981=VECTOR('',#11353,1.);
#6982=VECTOR('',#11358,1.);
#6983=VECTOR('',#11361,1.);
#6984=VECTOR('',#11366,1.);
#6985=VECTOR('',#11367,1.);
#6986=VECTOR('',#11370,1.);
#6987=VECTOR('',#11373,1.);
#6988=VECTOR('',#11378,1.);
#6989=VECTOR('',#11379,1.);
#6990=VECTOR('',#11380,1.);
#6991=VECTOR('',#11383,1.);
#6992=VECTOR('',#11388,1.);
#6993=VECTOR('',#11389,1.);
#6994=VECTOR('',#11398,1.);
#6995=VECTOR('',#11399,1.);
#6996=VECTOR('',#11400,1.);
#6997=VECTOR('',#11403,1.);
#6998=VECTOR('',#11408,1.);
#6999=VECTOR('',#11409,1.);
#7000=VECTOR('',#11418,1.);
#7001=VECTOR('',#11421,1.);
#7002=VECTOR('',#11426,1.);
#7003=VECTOR('',#11427,1.);
#7004=VECTOR('',#11430,1.);
#7005=VECTOR('',#11433,1.);
#7006=VECTOR('',#11438,1.);
#7007=VECTOR('',#11439,1.);
#7008=VECTOR('',#11440,1.);
#7009=VECTOR('',#11443,1.);
#7010=VECTOR('',#11448,1.);
#7011=VECTOR('',#11449,1.);
#7012=VECTOR('',#11458,1.);
#7013=VECTOR('',#11459,1.);
#7014=VECTOR('',#11460,1.);
#7015=VECTOR('',#11463,1.);
#7016=VECTOR('',#11468,1.);
#7017=VECTOR('',#11469,1.);
#7018=VECTOR('',#11478,1.);
#7019=VECTOR('',#11479,1.);
#7020=VECTOR('',#11480,1.);
#7021=VECTOR('',#11483,1.);
#7022=VECTOR('',#11488,1.);
#7023=VECTOR('',#11489,1.);
#7024=VECTOR('',#11504,1.);
#7025=VECTOR('',#11505,1.);
#7026=VECTOR('',#11506,1.);
#7027=VECTOR('',#11509,1.);
#7028=VECTOR('',#11514,1.);
#7029=VECTOR('',#11515,1.);
#7030=VECTOR('',#11518,1.);
#7031=VECTOR('',#11523,1.);
#7032=VECTOR('',#11524,1.);
#7033=VECTOR('',#11527,1.);
#7034=VECTOR('',#11532,1.);
#7035=VECTOR('',#11533,1.);
#7036=VECTOR('',#11536,1.);
#7037=VECTOR('',#11541,1.);
#7038=VECTOR('',#11542,1.);
#7039=VECTOR('',#11551,1.);
#7040=VECTOR('',#11554,1.);
#7041=VECTOR('',#11557,1.);
#7042=VECTOR('',#11558,1.);
#7043=VECTOR('',#11561,1.);
#7044=VECTOR('',#11566,1.);
#7045=VECTOR('',#11567,1.);
#7046=VECTOR('',#11570,1.);
#7047=VECTOR('',#11575,1.);
#7048=VECTOR('',#11576,1.);
#7049=VECTOR('',#11579,1.);
#7050=VECTOR('',#11584,1.);
#7051=VECTOR('',#11585,1.);
#7052=VECTOR('',#11588,1.);
#7053=VECTOR('',#11593,1.);
#7054=VECTOR('',#11616,1.);
#7055=VECTOR('',#11619,1.);
#7056=VECTOR('',#11622,1.);
#7057=VECTOR('',#11623,1.);
#7058=VECTOR('',#11626,1.);
#7059=VECTOR('',#11631,1.);
#7060=VECTOR('',#11632,1.);
#7061=VECTOR('',#11635,1.);
#7062=VECTOR('',#11640,1.);
#7063=VECTOR('',#11641,1.);
#7064=VECTOR('',#11644,1.);
#7065=VECTOR('',#11649,1.);
#7066=VECTOR('',#11650,1.);
#7067=VECTOR('',#11653,1.);
#7068=VECTOR('',#11658,1.);
#7069=VECTOR('',#11681,1.);
#7070=VECTOR('',#11684,1.);
#7071=VECTOR('',#11687,1.);
#7072=VECTOR('',#11688,1.);
#7073=VECTOR('',#11691,1.);
#7074=VECTOR('',#11696,1.);
#7075=VECTOR('',#11697,1.);
#7076=VECTOR('',#11700,1.);
#7077=VECTOR('',#11705,1.);
#7078=VECTOR('',#11706,1.);
#7079=VECTOR('',#11709,1.);
#7080=VECTOR('',#11714,1.);
#7081=VECTOR('',#11715,1.);
#7082=VECTOR('',#11718,1.);
#7083=VECTOR('',#11723,1.);
#7084=VECTOR('',#11728,1.);
#7085=VECTOR('',#11729,1.);
#7086=VECTOR('',#11730,1.);
#7087=VECTOR('',#11733,1.);
#7088=VECTOR('',#11734,1.);
#7089=VECTOR('',#11737,1.);
#7090=VECTOR('',#11738,1.);
#7091=VECTOR('',#11741,1.);
#7092=VECTOR('',#11742,1.);
#7093=VECTOR('',#11745,1.);
#7094=VECTOR('',#11746,1.);
#7095=VECTOR('',#11749,1.);
#7096=VECTOR('',#11750,1.);
#7097=VECTOR('',#11753,1.);
#7098=VECTOR('',#11754,1.);
#7099=VECTOR('',#11757,1.);
#7100=VECTOR('',#11762,1.);
#7101=VECTOR('',#11763,1.);
#7102=VECTOR('',#11764,1.);
#7103=VECTOR('',#11765,1.);
#7104=VECTOR('',#11766,1.);
#7105=VECTOR('',#11769,1.);
#7106=VECTOR('',#11774,1.);
#7107=VECTOR('',#11775,1.);
#7108=VECTOR('',#11776,1.);
#7109=VECTOR('',#11777,1.);
#7110=VECTOR('',#11780,1.);
#7111=VECTOR('',#11781,1.);
#7112=VECTOR('',#11782,1.);
#7113=VECTOR('',#11783,1.);
#7114=VECTOR('',#11786,1.);
#7115=VECTOR('',#11791,1.);
#7116=VECTOR('',#11796,1.);
#7117=VECTOR('',#11797,1.);
#7118=VECTOR('',#11800,1.);
#7119=VECTOR('',#11803,1.);
#7120=VECTOR('',#11806,1.);
#7121=VECTOR('',#11813,1.);
#7122=VECTOR('',#11814,1.);
#7123=VECTOR('',#11815,1.);
#7124=VECTOR('',#11818,1.);
#7125=VECTOR('',#11819,1.);
#7126=VECTOR('',#11822,1.);
#7127=VECTOR('',#11823,1.);
#7128=VECTOR('',#11826,1.);
#7129=VECTOR('',#11827,1.);
#7130=VECTOR('',#11830,1.);
#7131=VECTOR('',#11831,1.);
#7132=VECTOR('',#11834,1.);
#7133=VECTOR('',#11835,1.);
#7134=VECTOR('',#11838,1.);
#7135=VECTOR('',#11839,1.);
#7136=VECTOR('',#11842,1.);
#7137=VECTOR('',#11843,1.);
#7138=VECTOR('',#11846,1.);
#7139=VECTOR('',#11847,1.);
#7140=VECTOR('',#11850,1.);
#7141=VECTOR('',#11851,1.);
#7142=VECTOR('',#11854,1.);
#7143=VECTOR('',#11855,1.);
#7144=VECTOR('',#11858,1.);
#7145=VECTOR('',#11863,1.);
#7146=VECTOR('',#11864,1.);
#7147=VECTOR('',#11865,1.);
#7148=VECTOR('',#11868,1.);
#7149=VECTOR('',#11869,1.);
#7150=VECTOR('',#11872,1.);
#7151=VECTOR('',#11873,1.);
#7152=VECTOR('',#11876,1.);
#7153=VECTOR('',#11877,1.);
#7154=VECTOR('',#11880,1.);
#7155=VECTOR('',#11881,1.);
#7156=VECTOR('',#11884,1.);
#7157=VECTOR('',#11889,1.);
#7158=VECTOR('',#11890,1.);
#7159=VECTOR('',#11891,1.);
#7160=VECTOR('',#11894,1.);
#7161=VECTOR('',#11895,1.);
#7162=VECTOR('',#11898,1.);
#7163=VECTOR('',#11899,1.);
#7164=VECTOR('',#11902,1.);
#7165=VECTOR('',#11903,1.);
#7166=VECTOR('',#11906,1.);
#7167=VECTOR('',#11907,1.);
#7168=VECTOR('',#11910,1.);
#7169=VECTOR('',#11911,1.);
#7170=VECTOR('',#11914,1.);
#7171=VECTOR('',#11915,1.);
#7172=VECTOR('',#11918,1.);
#7173=VECTOR('',#11919,1.);
#7174=VECTOR('',#11922,1.);
#7175=VECTOR('',#11923,1.);
#7176=VECTOR('',#11926,1.);
#7177=VECTOR('',#11927,1.);
#7178=VECTOR('',#11930,1.);
#7179=VECTOR('',#11931,1.);
#7180=VECTOR('',#11934,1.);
#7181=VECTOR('',#11939,1.);
#7182=VECTOR('',#11940,1.);
#7183=VECTOR('',#11941,1.);
#7184=VECTOR('',#11944,1.);
#7185=VECTOR('',#11949,1.);
#7186=VECTOR('',#11954,1.);
#7187=VECTOR('',#11959,1.);
#7188=VECTOR('',#11964,1.);
#7189=VECTOR('',#11967,1.);
#7190=VECTOR('',#11970,1.);
#7191=VECTOR('',#11975,1.);
#7192=VECTOR('',#11980,1.);
#7193=VECTOR('',#11981,1.);
#7194=VECTOR('',#11984,1.);
#7195=VECTOR('',#11987,1.);
#7196=VECTOR('',#11988,1.);
#7197=VECTOR('',#11991,1.);
#7198=VECTOR('',#11996,1.);
#7199=VECTOR('',#12001,1.);
#7200=VECTOR('',#12006,1.);
#7201=VECTOR('',#12011,1.);
#7202=VECTOR('',#12016,1.);
#7203=VECTOR('',#12021,1.);
#7204=VECTOR('',#12024,1.);
#7205=VECTOR('',#12027,1.);
#7206=VECTOR('',#12032,1.);
#7207=VECTOR('',#12037,1.);
#7208=VECTOR('',#12038,1.);
#7209=VECTOR('',#12041,1.);
#7210=VECTOR('',#12046,1.);
#7211=VECTOR('',#12049,1.);
#7212=VECTOR('',#12050,1.);
#7213=VECTOR('',#12053,1.);
#7214=VECTOR('',#12064,1.);
#7215=VECTOR('',#12065,1.);
#7216=VECTOR('',#12066,1.);
#7217=VECTOR('',#12069,1.);
#7218=VECTOR('',#12070,1.);
#7219=VECTOR('',#12073,1.);
#7220=VECTOR('',#12074,1.);
#7221=VECTOR('',#12077,1.);
#7222=VECTOR('',#12078,1.);
#7223=VECTOR('',#12081,1.);
#7224=VECTOR('',#12082,1.);
#7225=VECTOR('',#12085,1.);
#7226=VECTOR('',#12086,1.);
#7227=VECTOR('',#12089,1.);
#7228=VECTOR('',#12090,1.);
#7229=VECTOR('',#12093,1.);
#7230=VECTOR('',#12098,1.);
#7231=VECTOR('',#12099,1.);
#7232=VECTOR('',#12100,1.);
#7233=VECTOR('',#12101,1.);
#7234=VECTOR('',#12104,1.);
#7235=VECTOR('',#12105,1.);
#7236=VECTOR('',#12106,1.);
#7237=VECTOR('',#12109,1.);
#7238=VECTOR('',#12110,1.);
#7239=VECTOR('',#12111,1.);
#7240=VECTOR('',#12112,1.);
#7241=VECTOR('',#12113,1.);
#7242=VECTOR('',#12114,1.);
#7243=VECTOR('',#12117,1.);
#7244=VECTOR('',#12120,1.);
#7245=VECTOR('',#12123,1.);
#7246=VECTOR('',#12128,1.);
#7247=VECTOR('',#12131,1.);
#7248=VECTOR('',#12132,1.);
#7249=VECTOR('',#12135,1.);
#7250=VECTOR('',#12136,1.);
#7251=VECTOR('',#12139,1.);
#7252=VECTOR('',#12140,1.);
#7253=VECTOR('',#12143,1.);
#7254=VECTOR('',#12144,1.);
#7255=VECTOR('',#12147,1.);
#7256=VECTOR('',#12148,1.);
#7257=VECTOR('',#12151,1.);
#7258=VECTOR('',#12152,1.);
#7259=VECTOR('',#12155,1.);
#7260=VECTOR('',#12156,1.);
#7261=VECTOR('',#12159,1.);
#7262=VECTOR('',#12160,1.);
#7263=VECTOR('',#12169,1.);
#7264=VECTOR('',#12170,1.);
#7265=VECTOR('',#12171,1.);
#7266=VECTOR('',#12174,1.);
#7267=VECTOR('',#12175,1.);
#7268=VECTOR('',#12178,1.);
#7269=VECTOR('',#12179,1.);
#7270=VECTOR('',#12182,1.);
#7271=VECTOR('',#12183,1.);
#7272=VECTOR('',#12186,1.);
#7273=VECTOR('',#12187,1.);
#7274=VECTOR('',#12190,1.);
#7275=VECTOR('',#12191,1.);
#7276=VECTOR('',#12194,1.);
#7277=VECTOR('',#12195,1.);
#7278=VECTOR('',#12198,1.);
#7279=VECTOR('',#12199,1.);
#7280=VECTOR('',#12200,1.);
#7281=VECTOR('',#12201,1.);
#7282=VECTOR('',#12204,1.);
#7283=VECTOR('',#12205,1.);
#7284=VECTOR('',#12206,1.);
#7285=VECTOR('',#12209,1.);
#7286=VECTOR('',#12210,1.);
#7287=VECTOR('',#12211,1.);
#7288=VECTOR('',#12214,1.);
#7289=VECTOR('',#12215,1.);
#7290=VECTOR('',#12216,1.);
#7291=VECTOR('',#12221,1.);
#7292=VECTOR('',#12232,1.);
#7293=VECTOR('',#12239,1.);
#7294=VECTOR('',#12240,1.);
#7295=VECTOR('',#12241,1.);
#7296=VECTOR('',#12244,1.);
#7297=VECTOR('',#12245,1.);
#7298=VECTOR('',#12248,1.);
#7299=VECTOR('',#12249,1.);
#7300=VECTOR('',#12252,1.);
#7301=VECTOR('',#12253,1.);
#7302=VECTOR('',#12256,1.);
#7303=VECTOR('',#12257,1.);
#7304=VECTOR('',#12260,1.);
#7305=VECTOR('',#12261,1.);
#7306=VECTOR('',#12264,1.);
#7307=VECTOR('',#12265,1.);
#7308=VECTOR('',#12268,1.);
#7309=VECTOR('',#12273,1.);
#7310=VECTOR('',#12276,1.);
#7311=VECTOR('',#12279,1.);
#7312=VECTOR('',#12282,1.);
#7313=VECTOR('',#12285,1.);
#7314=VECTOR('',#12290,1.);
#7315=VECTOR('',#12295,1.);
#7316=VECTOR('',#12298,1.);
#7317=VECTOR('',#12301,1.);
#7318=VECTOR('',#12306,1.);
#7319=VECTOR('',#12311,1.);
#7320=VECTOR('',#12312,1.);
#7321=VECTOR('',#12315,1.);
#7322=VECTOR('',#12320,1.);
#7323=VECTOR('',#12323,1.);
#7324=VECTOR('',#12324,1.);
#7325=VECTOR('',#12327,1.);
#7326=VECTOR('',#12332,1.);
#7327=VECTOR('',#12337,1.);
#7328=VECTOR('',#12338,1.);
#7329=VECTOR('',#12341,1.);
#7330=VECTOR('',#12346,1.);
#7331=VECTOR('',#12351,1.);
#7332=VECTOR('',#12356,1.);
#7333=VECTOR('',#12359,1.);
#7334=VECTOR('',#12360,1.);
#7335=VECTOR('',#12363,1.);
#7336=VECTOR('',#12368,1.);
#7337=VECTOR('',#12373,1.);
#7338=VECTOR('',#12374,1.);
#7339=VECTOR('',#12375,1.);
#7340=VECTOR('',#12376,1.);
#7341=VECTOR('',#12377,1.);
#7342=VECTOR('',#12380,1.);
#7343=VECTOR('',#12381,1.);
#7344=VECTOR('',#12384,1.);
#7345=VECTOR('',#12389,1.);
#7346=VECTOR('',#12394,1.);
#7347=VECTOR('',#12395,1.);
#7348=VECTOR('',#12398,1.);
#7349=VECTOR('',#12399,1.);
#7350=VECTOR('',#12402,1.);
#7351=VECTOR('',#12403,1.);
#7352=VECTOR('',#12404,1.);
#7353=VECTOR('',#12405,1.);
#7354=VECTOR('',#12406,1.);
#7355=VECTOR('',#12407,1.);
#7356=VECTOR('',#12410,1.);
#7357=VECTOR('',#12411,1.);
#7358=VECTOR('',#12414,1.);
#7359=VECTOR('',#12415,1.);
#7360=VECTOR('',#12418,1.);
#7361=VECTOR('',#12419,1.);
#7362=VECTOR('',#12420,1.);
#7363=VECTOR('',#12425,1.);
#7364=VECTOR('',#12428,1.);
#7365=VECTOR('',#12431,1.);
#7366=VECTOR('',#12432,1.);
#7367=VECTOR('',#12435,1.);
#7368=VECTOR('',#12436,1.);
#7369=VECTOR('',#12439,1.);
#7370=VECTOR('',#12440,1.);
#7371=VECTOR('',#12443,1.);
#7372=VECTOR('',#12444,1.);
#7373=VECTOR('',#12447,1.);
#7374=VECTOR('',#12448,1.);
#7375=VECTOR('',#12451,1.);
#7376=VECTOR('',#12452,1.);
#7377=VECTOR('',#12455,1.);
#7378=VECTOR('',#12456,1.);
#7379=VECTOR('',#12459,1.);
#7380=VECTOR('',#12464,1.);
#7381=VECTOR('',#12465,1.);
#7382=VECTOR('',#12468,1.);
#7383=VECTOR('',#12469,1.);
#7384=VECTOR('',#12472,1.);
#7385=VECTOR('',#12473,1.);
#7386=VECTOR('',#12476,1.);
#7387=VECTOR('',#12477,1.);
#7388=VECTOR('',#12480,1.);
#7389=VECTOR('',#12481,1.);
#7390=VECTOR('',#12484,1.);
#7391=VECTOR('',#12485,1.);
#7392=VECTOR('',#12488,1.);
#7393=VECTOR('',#12493,1.);
#7394=VECTOR('',#12494,1.);
#7395=VECTOR('',#12495,1.);
#7396=VECTOR('',#12498,1.);
#7397=VECTOR('',#12499,1.);
#7398=VECTOR('',#12502,1.);
#7399=VECTOR('',#12503,1.);
#7400=VECTOR('',#12506,1.);
#7401=VECTOR('',#12507,1.);
#7402=VECTOR('',#12510,1.);
#7403=VECTOR('',#12511,1.);
#7404=VECTOR('',#12514,1.);
#7405=VECTOR('',#12515,1.);
#7406=VECTOR('',#12518,1.);
#7407=VECTOR('',#12519,1.);
#7408=VECTOR('',#12522,1.);
#7409=VECTOR('',#12523,1.);
#7410=VECTOR('',#12526,1.);
#7411=VECTOR('',#12527,1.);
#7412=VECTOR('',#12530,1.);
#7413=VECTOR('',#12531,1.);
#7414=VECTOR('',#12534,1.);
#7415=VECTOR('',#12535,1.);
#7416=VECTOR('',#12538,1.);
#7417=VECTOR('',#12543,1.);
#7418=VECTOR('',#12544,1.);
#7419=VECTOR('',#12545,1.);
#7420=VECTOR('',#12548,1.);
#7421=VECTOR('',#12549,1.);
#7422=VECTOR('',#12552,1.);
#7423=VECTOR('',#12553,1.);
#7424=VECTOR('',#12556,1.);
#7425=VECTOR('',#12557,1.);
#7426=VECTOR('',#12560,1.);
#7427=VECTOR('',#12561,1.);
#7428=VECTOR('',#12564,1.);
#7429=VECTOR('',#12565,1.);
#7430=VECTOR('',#12568,1.);
#7431=VECTOR('',#12569,1.);
#7432=VECTOR('',#12572,1.);
#7433=VECTOR('',#12573,1.);
#7434=VECTOR('',#12576,1.);
#7435=VECTOR('',#12577,1.);
#7436=VECTOR('',#12580,1.);
#7437=VECTOR('',#12581,1.);
#7438=VECTOR('',#12584,1.);
#7439=VECTOR('',#12589,1.);
#7440=VECTOR('',#12590,1.);
#7441=VECTOR('',#12593,1.);
#7442=VECTOR('',#12594,1.);
#7443=VECTOR('',#12597,1.);
#7444=VECTOR('',#12598,1.);
#7445=VECTOR('',#12601,1.);
#7446=VECTOR('',#12602,1.);
#7447=VECTOR('',#12605,1.);
#7448=VECTOR('',#12606,1.);
#7449=VECTOR('',#12609,1.);
#7450=VECTOR('',#12614,1.);
#7451=VECTOR('',#12615,1.);
#7452=VECTOR('',#12618,1.);
#7453=VECTOR('',#12619,1.);
#7454=VECTOR('',#12622,1.);
#7455=VECTOR('',#12641,1.);
#7456=VECTOR('',#12644,1.);
#7457=VECTOR('',#12649,1.);
#7458=VECTOR('',#12650,1.);
#7459=VECTOR('',#12653,1.);
#7460=VECTOR('',#12656,1.);
#7461=VECTOR('',#12661,1.);
#7462=VECTOR('',#12668,1.);
#7463=EDGE_LOOP('',(#682,#683,#684,#685));
#7464=EDGE_LOOP('',(#686,#687,#688,#689,#690,#691));
#7465=EDGE_LOOP('',(#692,#693,#694,#695,#696,#697,#698,#699,#700,#701,#702,
#703,#704,#705));
#7466=EDGE_LOOP('',(#706,#707,#708,#709));
#7467=EDGE_LOOP('',(#710,#711,#712,#713,#714,#715,#716,#717));
#7468=EDGE_LOOP('',(#718,#719,#720,#721,#722,#723,#724,#725,#726,#727,#728,
#729,#730,#731,#732,#733,#734,#735,#736,#737,#738,#739,#740,#741,#742,#743,
#744,#745,#746,#747));
#7469=EDGE_LOOP('',(#748,#749,#750,#751,#752,#753,#754,#755,#756,#757,#758,
#759));
#7470=EDGE_LOOP('',(#760,#761,#762,#763,#764,#765));
#7471=EDGE_LOOP('',(#766,#767,#768,#769,#770,#771,#772,#773,#774,#775,#776,
#777));
#7472=EDGE_LOOP('',(#778,#779,#780,#781,#782,#783,#784,#785,#786,#787,#788,
#789,#790,#791,#792,#793,#794));
#7473=EDGE_LOOP('',(#795,#796,#797,#798,#799,#800,#801,#802));
#7474=EDGE_LOOP('',(#803,#804,#805,#806,#807,#808,#809,#810,#811,#812));
#7475=EDGE_LOOP('',(#813));
#7476=EDGE_LOOP('',(#814));
#7477=EDGE_LOOP('',(#815));
#7478=EDGE_LOOP('',(#816,#817,#818,#819,#820,#821,#822,#823,#824,#825));
#7479=EDGE_LOOP('',(#826));
#7480=EDGE_LOOP('',(#827,#828,#829,#830,#831,#832,#833,#834,#835,#836));
#7481=EDGE_LOOP('',(#837));
#7482=EDGE_LOOP('',(#838));
#7483=EDGE_LOOP('',(#839));
#7484=EDGE_LOOP('',(#840,#841,#842,#843,#844,#845,#846,#847,#848,#849));
#7485=EDGE_LOOP('',(#850,#851,#852,#853,#854,#855,#856,#857,#858,#859,#860,
#861,#862));
#7486=EDGE_LOOP('',(#863,#864,#865,#866,#867,#868,#869,#870));
#7487=EDGE_LOOP('',(#871,#872,#873,#874,#875,#876,#877,#878));
#7488=EDGE_LOOP('',(#879,#880,#881,#882,#883,#884,#885,#886,#887,#888,#889,
#890,#891,#892,#893,#894,#895,#896,#897,#898,#899,#900,#901,#902,#903,#904,
#905,#906,#907,#908));
#7489=EDGE_LOOP('',(#909,#910,#911,#912,#913,#914,#915,#916,#917,#918,#919,
#920,#921,#922,#923));
#7490=EDGE_LOOP('',(#924,#925,#926,#927,#928,#929,#930,#931,#932,#933,#934,
#935,#936,#937,#938,#939));
#7491=EDGE_LOOP('',(#940,#941,#942,#943,#944,#945,#946,#947,#948,#949,#950,
#951));
#7492=EDGE_LOOP('',(#952,#953,#954,#955,#956,#957,#958,#959,#960,#961,#962,
#963,#964,#965,#966,#967,#968,#969,#970,#971));
#7493=EDGE_LOOP('',(#972,#973,#974,#975));
#7494=EDGE_LOOP('',(#976,#977,#978,#979));
#7495=EDGE_LOOP('',(#980,#981,#982,#983));
#7496=EDGE_LOOP('',(#984,#985,#986,#987));
#7497=EDGE_LOOP('',(#988,#989,#990,#991));
#7498=EDGE_LOOP('',(#992,#993,#994,#995));
#7499=EDGE_LOOP('',(#996,#997,#998,#999));
#7500=EDGE_LOOP('',(#1000,#1001,#1002,#1003));
#7501=EDGE_LOOP('',(#1004,#1005,#1006,#1007));
#7502=EDGE_LOOP('',(#1008,#1009,#1010,#1011));
#7503=EDGE_LOOP('',(#1012,#1013,#1014,#1015));
#7504=EDGE_LOOP('',(#1016,#1017,#1018,#1019));
#7505=EDGE_LOOP('',(#1020,#1021,#1022,#1023));
#7506=EDGE_LOOP('',(#1024,#1025,#1026,#1027));
#7507=EDGE_LOOP('',(#1028,#1029,#1030,#1031));
#7508=EDGE_LOOP('',(#1032,#1033,#1034,#1035));
#7509=EDGE_LOOP('',(#1036,#1037,#1038,#1039));
#7510=EDGE_LOOP('',(#1040,#1041,#1042,#1043));
#7511=EDGE_LOOP('',(#1044,#1045,#1046,#1047));
#7512=EDGE_LOOP('',(#1048,#1049,#1050,#1051));
#7513=EDGE_LOOP('',(#1052,#1053,#1054,#1055));
#7514=EDGE_LOOP('',(#1056,#1057,#1058,#1059));
#7515=EDGE_LOOP('',(#1060,#1061,#1062,#1063));
#7516=EDGE_LOOP('',(#1064,#1065,#1066,#1067));
#7517=EDGE_LOOP('',(#1068,#1069,#1070,#1071));
#7518=EDGE_LOOP('',(#1072,#1073,#1074,#1075));
#7519=EDGE_LOOP('',(#1076,#1077,#1078,#1079));
#7520=EDGE_LOOP('',(#1080,#1081,#1082,#1083));
#7521=EDGE_LOOP('',(#1084,#1085,#1086,#1087));
#7522=EDGE_LOOP('',(#1088,#1089,#1090,#1091));
#7523=EDGE_LOOP('',(#1092,#1093,#1094,#1095));
#7524=EDGE_LOOP('',(#1096,#1097,#1098,#1099));
#7525=EDGE_LOOP('',(#1100,#1101,#1102,#1103));
#7526=EDGE_LOOP('',(#1104,#1105,#1106,#1107));
#7527=EDGE_LOOP('',(#1108,#1109,#1110,#1111));
#7528=EDGE_LOOP('',(#1112,#1113,#1114,#1115));
#7529=EDGE_LOOP('',(#1116,#1117,#1118,#1119));
#7530=EDGE_LOOP('',(#1120,#1121,#1122,#1123));
#7531=EDGE_LOOP('',(#1124,#1125,#1126,#1127));
#7532=EDGE_LOOP('',(#1128,#1129,#1130,#1131));
#7533=EDGE_LOOP('',(#1132,#1133,#1134,#1135));
#7534=EDGE_LOOP('',(#1136,#1137,#1138,#1139));
#7535=EDGE_LOOP('',(#1140,#1141,#1142,#1143));
#7536=EDGE_LOOP('',(#1144,#1145,#1146,#1147));
#7537=EDGE_LOOP('',(#1148));
#7538=EDGE_LOOP('',(#1149));
#7539=EDGE_LOOP('',(#1150,#1151,#1152,#1153));
#7540=EDGE_LOOP('',(#1154,#1155,#1156,#1157));
#7541=EDGE_LOOP('',(#1158,#1159,#1160,#1161));
#7542=EDGE_LOOP('',(#1162,#1163,#1164,#1165));
#7543=EDGE_LOOP('',(#1166,#1167,#1168,#1169));
#7544=EDGE_LOOP('',(#1170,#1171,#1172,#1173));
#7545=EDGE_LOOP('',(#1174));
#7546=EDGE_LOOP('',(#1175));
#7547=EDGE_LOOP('',(#1176));
#7548=EDGE_LOOP('',(#1177));
#7549=EDGE_LOOP('',(#1178,#1179,#1180,#1181,#1182,#1183,#1184,#1185,#1186,
#1187,#1188,#1189,#1190,#1191,#1192,#1193,#1194,#1195,#1196,#1197,#1198,
#1199,#1200,#1201,#1202,#1203,#1204,#1205,#1206,#1207,#1208,#1209,#1210,
#1211,#1212,#1213,#1214,#1215,#1216));
#7550=EDGE_LOOP('',(#1217,#1218,#1219,#1220));
#7551=EDGE_LOOP('',(#1221,#1222,#1223,#1224));
#7552=EDGE_LOOP('',(#1225,#1226,#1227,#1228));
#7553=EDGE_LOOP('',(#1229,#1230,#1231,#1232));
#7554=EDGE_LOOP('',(#1233,#1234,#1235,#1236));
#7555=EDGE_LOOP('',(#1237,#1238,#1239,#1240));
#7556=EDGE_LOOP('',(#1241,#1242,#1243,#1244));
#7557=EDGE_LOOP('',(#1245,#1246,#1247,#1248));
#7558=EDGE_LOOP('',(#1249,#1250,#1251,#1252));
#7559=EDGE_LOOP('',(#1253,#1254,#1255,#1256));
#7560=EDGE_LOOP('',(#1257,#1258));
#7561=EDGE_LOOP('',(#1259,#1260,#1261,#1262));
#7562=EDGE_LOOP('',(#1263,#1264,#1265,#1266));
#7563=EDGE_LOOP('',(#1267,#1268,#1269,#1270,#1271,#1272,#1273,#1274,#1275,
#1276,#1277,#1278,#1279,#1280,#1281));
#7564=EDGE_LOOP('',(#1282,#1283,#1284,#1285));
#7565=EDGE_LOOP('',(#1286));
#7566=EDGE_LOOP('',(#1287,#1288));
#7567=EDGE_LOOP('',(#1289,#1290,#1291,#1292));
#7568=EDGE_LOOP('',(#1293,#1294,#1295,#1296,#1297,#1298,#1299,#1300));
#7569=EDGE_LOOP('',(#1301,#1302,#1303,#1304,#1305,#1306));
#7570=EDGE_LOOP('',(#1307,#1308,#1309,#1310));
#7571=EDGE_LOOP('',(#1311,#1312,#1313,#1314));
#7572=EDGE_LOOP('',(#1315,#1316,#1317,#1318));
#7573=EDGE_LOOP('',(#1319,#1320,#1321,#1322));
#7574=EDGE_LOOP('',(#1323,#1324,#1325,#1326));
#7575=EDGE_LOOP('',(#1327,#1328,#1329,#1330));
#7576=EDGE_LOOP('',(#1331,#1332,#1333,#1334,#1335,#1336,#1337,#1338,#1339,
#1340));
#7577=EDGE_LOOP('',(#1341,#1342,#1343,#1344));
#7578=EDGE_LOOP('',(#1345,#1346,#1347,#1348));
#7579=EDGE_LOOP('',(#1349,#1350,#1351,#1352));
#7580=EDGE_LOOP('',(#1353,#1354,#1355,#1356));
#7581=EDGE_LOOP('',(#1357,#1358,#1359,#1360));
#7582=EDGE_LOOP('',(#1361,#1362,#1363,#1364));
#7583=EDGE_LOOP('',(#1365));
#7584=EDGE_LOOP('',(#1366));
#7585=EDGE_LOOP('',(#1367));
#7586=EDGE_LOOP('',(#1368));
#7587=EDGE_LOOP('',(#1369));
#7588=EDGE_LOOP('',(#1370));
#7589=EDGE_LOOP('',(#1371));
#7590=EDGE_LOOP('',(#1372));
#7591=EDGE_LOOP('',(#1373));
#7592=EDGE_LOOP('',(#1374,#1375,#1376));
#7593=EDGE_LOOP('',(#1377,#1378,#1379,#1380,#1381));
#7594=EDGE_LOOP('',(#1382));
#7595=EDGE_LOOP('',(#1383));
#7596=EDGE_LOOP('',(#1384));
#7597=EDGE_LOOP('',(#1385));
#7598=EDGE_LOOP('',(#1386));
#7599=EDGE_LOOP('',(#1387));
#7600=EDGE_LOOP('',(#1388));
#7601=EDGE_LOOP('',(#1389));
#7602=EDGE_LOOP('',(#1390));
#7603=EDGE_LOOP('',(#1391));
#7604=EDGE_LOOP('',(#1392));
#7605=EDGE_LOOP('',(#1393));
#7606=EDGE_LOOP('',(#1394));
#7607=EDGE_LOOP('',(#1395));
#7608=EDGE_LOOP('',(#1396,#1397));
#7609=EDGE_LOOP('',(#1398));
#7610=EDGE_LOOP('',(#1399));
#7611=EDGE_LOOP('',(#1400));
#7612=EDGE_LOOP('',(#1401));
#7613=EDGE_LOOP('',(#1402));
#7614=EDGE_LOOP('',(#1403));
#7615=EDGE_LOOP('',(#1404));
#7616=EDGE_LOOP('',(#1405));
#7617=EDGE_LOOP('',(#1406));
#7618=EDGE_LOOP('',(#1407,#1408,#1409,#1410,#1411,#1412,#1413,#1414));
#7619=EDGE_LOOP('',(#1415,#1416,#1417,#1418,#1419,#1420,#1421,#1422));
#7620=EDGE_LOOP('',(#1423));
#7621=EDGE_LOOP('',(#1424,#1425,#1426,#1427));
#7622=EDGE_LOOP('',(#1428,#1429,#1430,#1431));
#7623=EDGE_LOOP('',(#1432,#1433,#1434,#1435));
#7624=EDGE_LOOP('',(#1436,#1437,#1438,#1439));
#7625=EDGE_LOOP('',(#1440,#1441,#1442,#1443));
#7626=EDGE_LOOP('',(#1444,#1445,#1446,#1447));
#7627=EDGE_LOOP('',(#1448,#1449,#1450,#1451,#1452,#1453));
#7628=EDGE_LOOP('',(#1454,#1455,#1456,#1457));
#7629=EDGE_LOOP('',(#1458,#1459,#1460,#1461));
#7630=EDGE_LOOP('',(#1462,#1463,#1464,#1465));
#7631=EDGE_LOOP('',(#1466,#1467,#1468,#1469));
#7632=EDGE_LOOP('',(#1470,#1471,#1472,#1473));
#7633=EDGE_LOOP('',(#1474,#1475,#1476,#1477));
#7634=EDGE_LOOP('',(#1478,#1479,#1480,#1481));
#7635=EDGE_LOOP('',(#1482,#1483,#1484,#1485));
#7636=EDGE_LOOP('',(#1486,#1487,#1488,#1489,#1490));
#7637=EDGE_LOOP('',(#1491,#1492,#1493,#1494));
#7638=EDGE_LOOP('',(#1495,#1496,#1497,#1498,#1499));
#7639=EDGE_LOOP('',(#1500,#1501,#1502,#1503,#1504));
#7640=EDGE_LOOP('',(#1505,#1506,#1507,#1508));
#7641=EDGE_LOOP('',(#1509,#1510,#1511,#1512,#1513));
#7642=EDGE_LOOP('',(#1514,#1515,#1516,#1517));
#7643=EDGE_LOOP('',(#1518,#1519,#1520,#1521,#1522));
#7644=EDGE_LOOP('',(#1523,#1524,#1525,#1526));
#7645=EDGE_LOOP('',(#1527,#1528,#1529,#1530,#1531));
#7646=EDGE_LOOP('',(#1532,#1533,#1534,#1535));
#7647=EDGE_LOOP('',(#1536,#1537,#1538,#1539));
#7648=EDGE_LOOP('',(#1540,#1541,#1542,#1543));
#7649=EDGE_LOOP('',(#1544,#1545,#1546,#1547));
#7650=EDGE_LOOP('',(#1548,#1549,#1550,#1551));
#7651=EDGE_LOOP('',(#1552,#1553,#1554,#1555));
#7652=EDGE_LOOP('',(#1556,#1557,#1558,#1559));
#7653=EDGE_LOOP('',(#1560,#1561,#1562,#1563));
#7654=EDGE_LOOP('',(#1564,#1565,#1566,#1567));
#7655=EDGE_LOOP('',(#1568,#1569,#1570,#1571));
#7656=EDGE_LOOP('',(#1572,#1573,#1574,#1575));
#7657=EDGE_LOOP('',(#1576,#1577,#1578,#1579));
#7658=EDGE_LOOP('',(#1580,#1581,#1582,#1583));
#7659=EDGE_LOOP('',(#1584,#1585,#1586,#1587));
#7660=EDGE_LOOP('',(#1588,#1589,#1590,#1591));
#7661=EDGE_LOOP('',(#1592,#1593,#1594,#1595));
#7662=EDGE_LOOP('',(#1596,#1597,#1598,#1599));
#7663=EDGE_LOOP('',(#1600,#1601,#1602,#1603));
#7664=EDGE_LOOP('',(#1604,#1605,#1606,#1607));
#7665=EDGE_LOOP('',(#1608,#1609,#1610,#1611));
#7666=EDGE_LOOP('',(#1612,#1613,#1614,#1615));
#7667=EDGE_LOOP('',(#1616,#1617,#1618,#1619));
#7668=EDGE_LOOP('',(#1620,#1621,#1622,#1623));
#7669=EDGE_LOOP('',(#1624,#1625,#1626,#1627));
#7670=EDGE_LOOP('',(#1628,#1629,#1630,#1631));
#7671=EDGE_LOOP('',(#1632,#1633,#1634,#1635));
#7672=EDGE_LOOP('',(#1636,#1637,#1638,#1639));
#7673=EDGE_LOOP('',(#1640,#1641,#1642,#1643));
#7674=EDGE_LOOP('',(#1644,#1645,#1646,#1647));
#7675=EDGE_LOOP('',(#1648,#1649,#1650,#1651));
#7676=EDGE_LOOP('',(#1652,#1653,#1654,#1655));
#7677=EDGE_LOOP('',(#1656,#1657,#1658,#1659));
#7678=EDGE_LOOP('',(#1660,#1661,#1662,#1663));
#7679=EDGE_LOOP('',(#1664,#1665,#1666,#1667));
#7680=EDGE_LOOP('',(#1668,#1669,#1670,#1671));
#7681=EDGE_LOOP('',(#1672,#1673,#1674,#1675));
#7682=EDGE_LOOP('',(#1676,#1677,#1678,#1679));
#7683=EDGE_LOOP('',(#1680,#1681,#1682,#1683));
#7684=EDGE_LOOP('',(#1684,#1685,#1686,#1687));
#7685=EDGE_LOOP('',(#1688,#1689,#1690,#1691));
#7686=EDGE_LOOP('',(#1692,#1693,#1694,#1695));
#7687=EDGE_LOOP('',(#1696,#1697,#1698,#1699));
#7688=EDGE_LOOP('',(#1700,#1701,#1702,#1703));
#7689=EDGE_LOOP('',(#1704,#1705,#1706,#1707));
#7690=EDGE_LOOP('',(#1708,#1709,#1710,#1711));
#7691=EDGE_LOOP('',(#1712,#1713,#1714,#1715));
#7692=EDGE_LOOP('',(#1716,#1717,#1718,#1719));
#7693=EDGE_LOOP('',(#1720,#1721,#1722,#1723));
#7694=EDGE_LOOP('',(#1724,#1725,#1726,#1727));
#7695=EDGE_LOOP('',(#1728,#1729,#1730,#1731));
#7696=EDGE_LOOP('',(#1732,#1733,#1734,#1735));
#7697=EDGE_LOOP('',(#1736,#1737,#1738,#1739));
#7698=EDGE_LOOP('',(#1740,#1741,#1742,#1743));
#7699=EDGE_LOOP('',(#1744,#1745,#1746,#1747));
#7700=EDGE_LOOP('',(#1748,#1749,#1750,#1751));
#7701=EDGE_LOOP('',(#1752,#1753,#1754,#1755));
#7702=EDGE_LOOP('',(#1756,#1757,#1758,#1759));
#7703=EDGE_LOOP('',(#1760,#1761,#1762,#1763));
#7704=EDGE_LOOP('',(#1764,#1765,#1766,#1767));
#7705=EDGE_LOOP('',(#1768,#1769,#1770,#1771));
#7706=EDGE_LOOP('',(#1772,#1773,#1774,#1775));
#7707=EDGE_LOOP('',(#1776,#1777,#1778,#1779));
#7708=EDGE_LOOP('',(#1780,#1781,#1782,#1783));
#7709=EDGE_LOOP('',(#1784,#1785,#1786,#1787));
#7710=EDGE_LOOP('',(#1788,#1789,#1790,#1791));
#7711=EDGE_LOOP('',(#1792,#1793,#1794,#1795));
#7712=EDGE_LOOP('',(#1796));
#7713=EDGE_LOOP('',(#1797));
#7714=EDGE_LOOP('',(#1798,#1799,#1800,#1801));
#7715=EDGE_LOOP('',(#1802));
#7716=EDGE_LOOP('',(#1803,#1804,#1805,#1806));
#7717=EDGE_LOOP('',(#1807,#1808,#1809,#1810));
#7718=EDGE_LOOP('',(#1811,#1812,#1813,#1814));
#7719=EDGE_LOOP('',(#1815,#1816,#1817,#1818));
#7720=EDGE_LOOP('',(#1819,#1820,#1821,#1822));
#7721=EDGE_LOOP('',(#1823,#1824,#1825,#1826));
#7722=EDGE_LOOP('',(#1827,#1828,#1829,#1830));
#7723=EDGE_LOOP('',(#1831,#1832,#1833,#1834));
#7724=EDGE_LOOP('',(#1835,#1836,#1837,#1838));
#7725=EDGE_LOOP('',(#1839,#1840,#1841,#1842));
#7726=EDGE_LOOP('',(#1843,#1844,#1845,#1846));
#7727=EDGE_LOOP('',(#1847,#1848,#1849,#1850,#1851,#1852,#1853,#1854,#1855,
#1856));
#7728=EDGE_LOOP('',(#1857,#1858,#1859,#1860));
#7729=EDGE_LOOP('',(#1861,#1862,#1863,#1864));
#7730=EDGE_LOOP('',(#1865,#1866,#1867,#1868));
#7731=EDGE_LOOP('',(#1869,#1870,#1871,#1872));
#7732=EDGE_LOOP('',(#1873,#1874,#1875,#1876));
#7733=EDGE_LOOP('',(#1877,#1878,#1879,#1880));
#7734=EDGE_LOOP('',(#1881,#1882,#1883,#1884));
#7735=EDGE_LOOP('',(#1885,#1886,#1887,#1888));
#7736=EDGE_LOOP('',(#1889,#1890,#1891,#1892));
#7737=EDGE_LOOP('',(#1893,#1894,#1895,#1896));
#7738=EDGE_LOOP('',(#1897,#1898,#1899,#1900));
#7739=EDGE_LOOP('',(#1901,#1902,#1903,#1904,#1905,#1906,#1907,#1908,#1909,
#1910));
#7740=EDGE_LOOP('',(#1911));
#7741=EDGE_LOOP('',(#1912,#1913,#1914,#1915));
#7742=EDGE_LOOP('',(#1916));
#7743=EDGE_LOOP('',(#1917));
#7744=EDGE_LOOP('',(#1918));
#7745=EDGE_LOOP('',(#1919));
#7746=EDGE_LOOP('',(#1920,#1921,#1922,#1923));
#7747=EDGE_LOOP('',(#1924));
#7748=EDGE_LOOP('',(#1925));
#7749=EDGE_LOOP('',(#1926));
#7750=EDGE_LOOP('',(#1927,#1928,#1929,#1930));
#7751=EDGE_LOOP('',(#1931));
#7752=EDGE_LOOP('',(#1932,#1933,#1934,#1935));
#7753=EDGE_LOOP('',(#1936,#1937,#1938,#1939));
#7754=EDGE_LOOP('',(#1940,#1941,#1942,#1943));
#7755=EDGE_LOOP('',(#1944,#1945,#1946,#1947));
#7756=EDGE_LOOP('',(#1948,#1949,#1950,#1951));
#7757=EDGE_LOOP('',(#1952,#1953,#1954,#1955));
#7758=EDGE_LOOP('',(#1956,#1957,#1958,#1959));
#7759=EDGE_LOOP('',(#1960,#1961,#1962,#1963));
#7760=EDGE_LOOP('',(#1964,#1965,#1966,#1967));
#7761=EDGE_LOOP('',(#1968,#1969,#1970,#1971));
#7762=EDGE_LOOP('',(#1972,#1973,#1974,#1975));
#7763=EDGE_LOOP('',(#1976,#1977,#1978,#1979,#1980,#1981,#1982,#1983,#1984,
#1985));
#7764=EDGE_LOOP('',(#1986));
#7765=EDGE_LOOP('',(#1987,#1988,#1989,#1990));
#7766=EDGE_LOOP('',(#1991));
#7767=EDGE_LOOP('',(#1992));
#7768=EDGE_LOOP('',(#1993));
#7769=EDGE_LOOP('',(#1994,#1995,#1996,#1997));
#7770=EDGE_LOOP('',(#1998));
#7771=EDGE_LOOP('',(#1999));
#7772=EDGE_LOOP('',(#2000));
#7773=EDGE_LOOP('',(#2001));
#7774=EDGE_LOOP('',(#2002,#2003,#2004,#2005));
#7775=EDGE_LOOP('',(#2006));
#7776=EDGE_LOOP('',(#2007,#2008,#2009,#2010));
#7777=EDGE_LOOP('',(#2011,#2012,#2013,#2014));
#7778=EDGE_LOOP('',(#2015,#2016,#2017,#2018));
#7779=EDGE_LOOP('',(#2019,#2020,#2021,#2022));
#7780=EDGE_LOOP('',(#2023,#2024,#2025,#2026));
#7781=EDGE_LOOP('',(#2027,#2028,#2029,#2030));
#7782=EDGE_LOOP('',(#2031,#2032,#2033,#2034));
#7783=EDGE_LOOP('',(#2035,#2036,#2037,#2038));
#7784=EDGE_LOOP('',(#2039,#2040,#2041,#2042));
#7785=EDGE_LOOP('',(#2043,#2044,#2045,#2046));
#7786=EDGE_LOOP('',(#2047,#2048,#2049,#2050));
#7787=EDGE_LOOP('',(#2051,#2052,#2053,#2054,#2055,#2056,#2057,#2058,#2059,
#2060));
#7788=EDGE_LOOP('',(#2061,#2062,#2063,#2064));
#7789=EDGE_LOOP('',(#2065,#2066,#2067,#2068));
#7790=EDGE_LOOP('',(#2069,#2070,#2071,#2072));
#7791=EDGE_LOOP('',(#2073,#2074,#2075,#2076));
#7792=EDGE_LOOP('',(#2077,#2078,#2079,#2080));
#7793=EDGE_LOOP('',(#2081,#2082,#2083,#2084));
#7794=EDGE_LOOP('',(#2085,#2086,#2087,#2088));
#7795=EDGE_LOOP('',(#2089,#2090,#2091,#2092));
#7796=EDGE_LOOP('',(#2093,#2094,#2095,#2096,#2097,#2098,#2099,#2100));
#7797=EDGE_LOOP('',(#2101,#2102,#2103,#2104));
#7798=EDGE_LOOP('',(#2105,#2106,#2107,#2108));
#7799=EDGE_LOOP('',(#2109,#2110,#2111,#2112));
#7800=EDGE_LOOP('',(#2113,#2114,#2115,#2116));
#7801=EDGE_LOOP('',(#2117,#2118,#2119,#2120));
#7802=EDGE_LOOP('',(#2121,#2122,#2123,#2124));
#7803=EDGE_LOOP('',(#2125,#2126,#2127,#2128));
#7804=EDGE_LOOP('',(#2129,#2130,#2131,#2132));
#7805=EDGE_LOOP('',(#2133,#2134,#2135,#2136));
#7806=EDGE_LOOP('',(#2137,#2138,#2139,#2140));
#7807=EDGE_LOOP('',(#2141,#2142,#2143,#2144));
#7808=EDGE_LOOP('',(#2145,#2146,#2147,#2148));
#7809=EDGE_LOOP('',(#2149,#2150,#2151,#2152));
#7810=EDGE_LOOP('',(#2153,#2154,#2155,#2156));
#7811=EDGE_LOOP('',(#2157,#2158,#2159,#2160));
#7812=EDGE_LOOP('',(#2161,#2162,#2163,#2164));
#7813=EDGE_LOOP('',(#2165,#2166,#2167,#2168));
#7814=EDGE_LOOP('',(#2169,#2170,#2171,#2172,#2173,#2174,#2175,#2176,#2177,
#2178,#2179,#2180,#2181,#2182,#2183,#2184,#2185));
#7815=EDGE_LOOP('',(#2186,#2187,#2188,#2189));
#7816=EDGE_LOOP('',(#2190,#2191,#2192,#2193));
#7817=EDGE_LOOP('',(#2194,#2195,#2196,#2197));
#7818=EDGE_LOOP('',(#2198,#2199,#2200,#2201));
#7819=EDGE_LOOP('',(#2202,#2203,#2204,#2205));
#7820=EDGE_LOOP('',(#2206,#2207,#2208,#2209));
#7821=EDGE_LOOP('',(#2210,#2211,#2212,#2213));
#7822=EDGE_LOOP('',(#2214,#2215,#2216,#2217));
#7823=EDGE_LOOP('',(#2218,#2219,#2220,#2221));
#7824=EDGE_LOOP('',(#2222,#2223,#2224,#2225));
#7825=EDGE_LOOP('',(#2226,#2227,#2228,#2229));
#7826=EDGE_LOOP('',(#2230,#2231,#2232,#2233));
#7827=EDGE_LOOP('',(#2234,#2235,#2236,#2237,#2238,#2239,#2240,#2241,#2242,
#2243,#2244,#2245));
#7828=EDGE_LOOP('',(#2246,#2247,#2248,#2249));
#7829=EDGE_LOOP('',(#2250,#2251,#2252,#2253));
#7830=EDGE_LOOP('',(#2254,#2255,#2256,#2257));
#7831=EDGE_LOOP('',(#2258,#2259,#2260,#2261));
#7832=EDGE_LOOP('',(#2262,#2263,#2264,#2265));
#7833=EDGE_LOOP('',(#2266,#2267,#2268,#2269));
#7834=EDGE_LOOP('',(#2270,#2271,#2272,#2273,#2274,#2275));
#7835=EDGE_LOOP('',(#2276,#2277,#2278,#2279));
#7836=EDGE_LOOP('',(#2280,#2281,#2282,#2283));
#7837=EDGE_LOOP('',(#2284,#2285,#2286,#2287));
#7838=EDGE_LOOP('',(#2288,#2289,#2290,#2291));
#7839=EDGE_LOOP('',(#2292,#2293,#2294,#2295));
#7840=EDGE_LOOP('',(#2296,#2297,#2298,#2299));
#7841=EDGE_LOOP('',(#2300,#2301,#2302,#2303));
#7842=EDGE_LOOP('',(#2304,#2305,#2306,#2307));
#7843=EDGE_LOOP('',(#2308,#2309,#2310,#2311));
#7844=EDGE_LOOP('',(#2312,#2313,#2314,#2315));
#7845=EDGE_LOOP('',(#2316,#2317,#2318,#2319));
#7846=EDGE_LOOP('',(#2320,#2321,#2322,#2323));
#7847=EDGE_LOOP('',(#2324,#2325,#2326,#2327,#2328,#2329,#2330,#2331,#2332,
#2333,#2334,#2335));
#7848=EDGE_LOOP('',(#2336,#2337,#2338,#2339));
#7849=EDGE_LOOP('',(#2340,#2341,#2342,#2343));
#7850=EDGE_LOOP('',(#2344,#2345,#2346,#2347));
#7851=EDGE_LOOP('',(#2348,#2349,#2350,#2351));
#7852=EDGE_LOOP('',(#2352,#2353,#2354,#2355));
#7853=EDGE_LOOP('',(#2356,#2357,#2358,#2359));
#7854=EDGE_LOOP('',(#2360,#2361,#2362,#2363));
#7855=EDGE_LOOP('',(#2364,#2365,#2366,#2367));
#7856=EDGE_LOOP('',(#2368,#2369,#2370,#2371));
#7857=EDGE_LOOP('',(#2372,#2373,#2374,#2375));
#7858=EDGE_LOOP('',(#2376,#2377,#2378,#2379));
#7859=EDGE_LOOP('',(#2380,#2381,#2382,#2383));
#7860=EDGE_LOOP('',(#2384,#2385,#2386,#2387));
#7861=EDGE_LOOP('',(#2388,#2389,#2390,#2391));
#7862=EDGE_LOOP('',(#2392,#2393,#2394,#2395));
#7863=EDGE_LOOP('',(#2396,#2397,#2398,#2399));
#7864=EDGE_LOOP('',(#2400,#2401,#2402,#2403));
#7865=EDGE_LOOP('',(#2404,#2405,#2406,#2407));
#7866=EDGE_LOOP('',(#2408,#2409,#2410,#2411));
#7867=EDGE_LOOP('',(#2412,#2413,#2414,#2415));
#7868=EDGE_LOOP('',(#2416,#2417,#2418,#2419));
#7869=EDGE_LOOP('',(#2420,#2421,#2422,#2423));
#7870=EDGE_LOOP('',(#2424,#2425,#2426,#2427));
#7871=EDGE_LOOP('',(#2428,#2429,#2430,#2431));
#7872=EDGE_LOOP('',(#2432,#2433,#2434,#2435));
#7873=EDGE_LOOP('',(#2436,#2437,#2438,#2439));
#7874=EDGE_LOOP('',(#2440,#2441,#2442,#2443));
#7875=EDGE_LOOP('',(#2444,#2445,#2446,#2447));
#7876=EDGE_LOOP('',(#2448,#2449,#2450,#2451));
#7877=EDGE_LOOP('',(#2452,#2453,#2454,#2455));
#7878=EDGE_LOOP('',(#2456,#2457,#2458,#2459,#2460,#2461,#2462,#2463,#2464,
#2465,#2466,#2467,#2468,#2469,#2470,#2471,#2472,#2473,#2474,#2475,#2476,
#2477,#2478,#2479,#2480,#2481,#2482,#2483,#2484,#2485));
#7879=EDGE_LOOP('',(#2486,#2487,#2488,#2489));
#7880=EDGE_LOOP('',(#2490,#2491,#2492,#2493));
#7881=EDGE_LOOP('',(#2494,#2495,#2496,#2497));
#7882=EDGE_LOOP('',(#2498,#2499,#2500,#2501));
#7883=EDGE_LOOP('',(#2502,#2503,#2504,#2505));
#7884=EDGE_LOOP('',(#2506,#2507,#2508,#2509));
#7885=EDGE_LOOP('',(#2510,#2511,#2512,#2513));
#7886=EDGE_LOOP('',(#2514,#2515,#2516,#2517));
#7887=EDGE_LOOP('',(#2518,#2519,#2520,#2521,#2522,#2523,#2524,#2525));
#7888=EDGE_LOOP('',(#2526,#2527,#2528,#2529));
#7889=EDGE_LOOP('',(#2530,#2531,#2532,#2533));
#7890=EDGE_LOOP('',(#2534,#2535,#2536,#2537));
#7891=EDGE_LOOP('',(#2538,#2539,#2540,#2541));
#7892=EDGE_LOOP('',(#2542,#2543,#2544,#2545));
#7893=EDGE_LOOP('',(#2546,#2547,#2548,#2549));
#7894=EDGE_LOOP('',(#2550,#2551,#2552,#2553));
#7895=EDGE_LOOP('',(#2554,#2555,#2556,#2557));
#7896=EDGE_LOOP('',(#2558,#2559,#2560,#2561));
#7897=EDGE_LOOP('',(#2562,#2563,#2564,#2565));
#7898=EDGE_LOOP('',(#2566,#2567,#2568,#2569));
#7899=EDGE_LOOP('',(#2570,#2571,#2572,#2573));
#7900=EDGE_LOOP('',(#2574,#2575,#2576,#2577));
#7901=EDGE_LOOP('',(#2578,#2579,#2580,#2581));
#7902=EDGE_LOOP('',(#2582,#2583,#2584,#2585));
#7903=EDGE_LOOP('',(#2586,#2587,#2588,#2589));
#7904=EDGE_LOOP('',(#2590,#2591,#2592,#2593));
#7905=EDGE_LOOP('',(#2594,#2595,#2596,#2597));
#7906=EDGE_LOOP('',(#2598,#2599,#2600,#2601));
#7907=EDGE_LOOP('',(#2602,#2603,#2604,#2605));
#7908=EDGE_LOOP('',(#2606,#2607,#2608,#2609,#2610,#2611,#2612,#2613,#2614,
#2615,#2616,#2617,#2618));
#7909=EDGE_LOOP('',(#2619,#2620,#2621,#2622,#2623,#2624,#2625));
#7910=EDGE_LOOP('',(#2626,#2627,#2628,#2629));
#7911=EDGE_LOOP('',(#2630,#2631,#2632,#2633));
#7912=EDGE_LOOP('',(#2634,#2635,#2636,#2637));
#7913=EDGE_LOOP('',(#2638,#2639,#2640,#2641));
#7914=EDGE_LOOP('',(#2642,#2643,#2644,#2645));
#7915=EDGE_LOOP('',(#2646,#2647,#2648,#2649));
#7916=EDGE_LOOP('',(#2650,#2651,#2652,#2653));
#7917=EDGE_LOOP('',(#2654,#2655,#2656,#2657));
#7918=EDGE_LOOP('',(#2658,#2659,#2660,#2661));
#7919=EDGE_LOOP('',(#2662,#2663,#2664,#2665));
#7920=EDGE_LOOP('',(#2666,#2667,#2668,#2669));
#7921=EDGE_LOOP('',(#2670,#2671,#2672,#2673));
#7922=EDGE_LOOP('',(#2674,#2675,#2676,#2677));
#7923=EDGE_LOOP('',(#2678,#2679,#2680,#2681));
#7924=EDGE_LOOP('',(#2682,#2683,#2684,#2685,#2686,#2687));
#7925=EDGE_LOOP('',(#2688,#2689,#2690,#2691,#2692,#2693,#2694,#2695));
#7926=EDGE_LOOP('',(#2696,#2697,#2698,#2699,#2700,#2701));
#7927=EDGE_LOOP('',(#2702,#2703,#2704,#2705));
#7928=EDGE_LOOP('',(#2706,#2707,#2708,#2709));
#7929=EDGE_LOOP('',(#2710,#2711,#2712,#2713));
#7930=EDGE_LOOP('',(#2714,#2715,#2716,#2717));
#7931=EDGE_LOOP('',(#2718,#2719,#2720,#2721));
#7932=EDGE_LOOP('',(#2722,#2723,#2724,#2725));
#7933=EDGE_LOOP('',(#2726,#2727,#2728,#2729));
#7934=EDGE_LOOP('',(#2730,#2731,#2732,#2733));
#7935=EDGE_LOOP('',(#2734,#2735,#2736,#2737,#2738,#2739,#2740,#2741));
#7936=EDGE_LOOP('',(#2742,#2743,#2744,#2745));
#7937=EDGE_LOOP('',(#2746,#2747,#2748,#2749));
#7938=EDGE_LOOP('',(#2750,#2751,#2752,#2753));
#7939=EDGE_LOOP('',(#2754,#2755,#2756,#2757));
#7940=EDGE_LOOP('',(#2758,#2759,#2760,#2761));
#7941=EDGE_LOOP('',(#2762,#2763,#2764,#2765));
#7942=EDGE_LOOP('',(#2766,#2767,#2768,#2769));
#7943=EDGE_LOOP('',(#2770,#2771,#2772,#2773));
#7944=EDGE_LOOP('',(#2774,#2775,#2776,#2777));
#7945=EDGE_LOOP('',(#2778,#2779,#2780,#2781));
#7946=EDGE_LOOP('',(#2782,#2783,#2784,#2785));
#7947=EDGE_LOOP('',(#2786,#2787,#2788,#2789));
#7948=EDGE_LOOP('',(#2790,#2791,#2792,#2793));
#7949=EDGE_LOOP('',(#2794,#2795,#2796,#2797));
#7950=EDGE_LOOP('',(#2798,#2799,#2800,#2801));
#7951=EDGE_LOOP('',(#2802,#2803,#2804,#2805));
#7952=EDGE_LOOP('',(#2806,#2807,#2808,#2809));
#7953=EDGE_LOOP('',(#2810,#2811,#2812,#2813));
#7954=EDGE_LOOP('',(#2814,#2815,#2816,#2817));
#7955=EDGE_LOOP('',(#2818,#2819,#2820,#2821));
#7956=EDGE_LOOP('',(#2822,#2823,#2824,#2825));
#7957=EDGE_LOOP('',(#2826,#2827,#2828,#2829));
#7958=EDGE_LOOP('',(#2830,#2831,#2832,#2833));
#7959=EDGE_LOOP('',(#2834,#2835,#2836,#2837));
#7960=EDGE_LOOP('',(#2838,#2839,#2840,#2841));
#7961=EDGE_LOOP('',(#2842,#2843,#2844,#2845));
#7962=EDGE_LOOP('',(#2846,#2847,#2848,#2849));
#7963=EDGE_LOOP('',(#2850,#2851,#2852,#2853));
#7964=EDGE_LOOP('',(#2854,#2855,#2856,#2857));
#7965=EDGE_LOOP('',(#2858,#2859,#2860,#2861));
#7966=EDGE_LOOP('',(#2862,#2863,#2864,#2865,#2866,#2867,#2868,#2869,#2870,
#2871,#2872,#2873,#2874,#2875,#2876,#2877,#2878,#2879,#2880,#2881,#2882,
#2883,#2884,#2885,#2886,#2887,#2888,#2889,#2890,#2891));
#7967=EDGE_LOOP('',(#2892,#2893,#2894,#2895));
#7968=EDGE_LOOP('',(#2896,#2897,#2898,#2899));
#7969=EDGE_LOOP('',(#2900,#2901,#2902,#2903));
#7970=EDGE_LOOP('',(#2904,#2905,#2906,#2907));
#7971=EDGE_LOOP('',(#2908,#2909,#2910,#2911));
#7972=EDGE_LOOP('',(#2912,#2913,#2914,#2915));
#7973=EDGE_LOOP('',(#2916,#2917,#2918,#2919));
#7974=EDGE_LOOP('',(#2920,#2921,#2922,#2923));
#7975=EDGE_LOOP('',(#2924,#2925,#2926,#2927));
#7976=EDGE_LOOP('',(#2928,#2929,#2930,#2931));
#7977=EDGE_LOOP('',(#2932,#2933,#2934,#2935));
#7978=EDGE_LOOP('',(#2936,#2937,#2938,#2939));
#7979=EDGE_LOOP('',(#2940,#2941,#2942,#2943));
#7980=EDGE_LOOP('',(#2944,#2945,#2946,#2947));
#7981=EDGE_LOOP('',(#2948,#2949,#2950,#2951));
#7982=EDGE_LOOP('',(#2952,#2953,#2954,#2955,#2956,#2957,#2958,#2959,#2960,
#2961,#2962,#2963,#2964,#2965,#2966));
#7983=EDGE_LOOP('',(#2967,#2968,#2969,#2970));
#7984=EDGE_LOOP('',(#2971,#2972,#2973,#2974));
#7985=EDGE_LOOP('',(#2975,#2976,#2977,#2978));
#7986=EDGE_LOOP('',(#2979,#2980,#2981,#2982));
#7987=EDGE_LOOP('',(#2983,#2984,#2985,#2986));
#7988=EDGE_LOOP('',(#2987,#2988,#2989,#2990));
#7989=EDGE_LOOP('',(#2991,#2992,#2993,#2994));
#7990=EDGE_LOOP('',(#2995,#2996,#2997,#2998));
#7991=EDGE_LOOP('',(#2999,#3000,#3001,#3002));
#7992=EDGE_LOOP('',(#3003,#3004,#3005,#3006));
#7993=EDGE_LOOP('',(#3007,#3008,#3009,#3010));
#7994=EDGE_LOOP('',(#3011,#3012,#3013,#3014));
#7995=EDGE_LOOP('',(#3015,#3016,#3017,#3018));
#7996=EDGE_LOOP('',(#3019,#3020,#3021,#3022));
#7997=EDGE_LOOP('',(#3023,#3024,#3025,#3026));
#7998=EDGE_LOOP('',(#3027,#3028,#3029,#3030));
#7999=EDGE_LOOP('',(#3031,#3032,#3033,#3034,#3035,#3036,#3037,#3038,#3039,
#3040,#3041,#3042,#3043,#3044,#3045,#3046));
#8000=EDGE_LOOP('',(#3047,#3048,#3049,#3050));
#8001=EDGE_LOOP('',(#3051,#3052,#3053,#3054));
#8002=EDGE_LOOP('',(#3055,#3056,#3057,#3058));
#8003=EDGE_LOOP('',(#3059,#3060,#3061,#3062));
#8004=EDGE_LOOP('',(#3063,#3064,#3065,#3066));
#8005=EDGE_LOOP('',(#3067,#3068,#3069,#3070));
#8006=EDGE_LOOP('',(#3071,#3072,#3073,#3074));
#8007=EDGE_LOOP('',(#3075,#3076,#3077,#3078));
#8008=EDGE_LOOP('',(#3079,#3080,#3081,#3082));
#8009=EDGE_LOOP('',(#3083,#3084,#3085,#3086));
#8010=EDGE_LOOP('',(#3087,#3088,#3089,#3090));
#8011=EDGE_LOOP('',(#3091,#3092,#3093,#3094));
#8012=EDGE_LOOP('',(#3095,#3096,#3097,#3098,#3099,#3100,#3101,#3102,#3103,
#3104,#3105,#3106));
#8013=EDGE_LOOP('',(#3107,#3108,#3109,#3110));
#8014=EDGE_LOOP('',(#3111,#3112,#3113,#3114));
#8015=EDGE_LOOP('',(#3115,#3116,#3117,#3118));
#8016=EDGE_LOOP('',(#3119,#3120,#3121,#3122));
#8017=EDGE_LOOP('',(#3123,#3124,#3125,#3126));
#8018=EDGE_LOOP('',(#3127,#3128,#3129,#3130));
#8019=EDGE_LOOP('',(#3131,#3132,#3133,#3134));
#8020=EDGE_LOOP('',(#3135,#3136,#3137,#3138));
#8021=EDGE_LOOP('',(#3139,#3140,#3141,#3142));
#8022=EDGE_LOOP('',(#3143,#3144,#3145,#3146));
#8023=EDGE_LOOP('',(#3147,#3148,#3149,#3150));
#8024=EDGE_LOOP('',(#3151,#3152,#3153,#3154));
#8025=EDGE_LOOP('',(#3155,#3156,#3157,#3158));
#8026=EDGE_LOOP('',(#3159,#3160,#3161,#3162));
#8027=EDGE_LOOP('',(#3163,#3164,#3165,#3166));
#8028=EDGE_LOOP('',(#3167,#3168,#3169,#3170));
#8029=EDGE_LOOP('',(#3171,#3172,#3173,#3174));
#8030=EDGE_LOOP('',(#3175,#3176,#3177,#3178));
#8031=EDGE_LOOP('',(#3179,#3180,#3181,#3182));
#8032=EDGE_LOOP('',(#3183,#3184,#3185,#3186));
#8033=EDGE_LOOP('',(#3187,#3188,#3189,#3190,#3191,#3192,#3193,#3194,#3195,
#3196,#3197,#3198,#3199,#3200,#3201,#3202,#3203,#3204,#3205,#3206));
#8034=EDGE_LOOP('',(#3207,#3208,#3209,#3210,#3211,#3212,#3213));
#8035=EDGE_LOOP('',(#3214,#3215,#3216,#3217));
#8036=EDGE_LOOP('',(#3218));
#8037=EDGE_LOOP('',(#3219,#3220));
#8038=EDGE_LOOP('',(#3221));
#8039=EDGE_LOOP('',(#3222));
#8040=EDGE_LOOP('',(#3223));
#8041=EDGE_LOOP('',(#3224,#3225,#3226,#3227));
#8042=EDGE_LOOP('',(#3228,#3229,#3230,#3231));
#8043=EDGE_LOOP('',(#3232,#3233,#3234,#3235));
#8044=EDGE_LOOP('',(#3236,#3237,#3238,#3239));
#8045=EDGE_LOOP('',(#3240,#3241,#3242,#3243));
#8046=EDGE_LOOP('',(#3244,#3245,#3246,#3247));
#8047=EDGE_LOOP('',(#3248,#3249,#3250,#3251));
#8048=EDGE_LOOP('',(#3252,#3253,#3254,#3255));
#8049=EDGE_LOOP('',(#3256,#3257,#3258,#3259));
#8050=EDGE_LOOP('',(#3260,#3261,#3262,#3263));
#8051=EDGE_LOOP('',(#3264,#3265,#3266,#3267));
#8052=EDGE_LOOP('',(#3268,#3269,#3270,#3271));
#8053=EDGE_LOOP('',(#3272,#3273,#3274,#3275));
#8054=EDGE_LOOP('',(#3276,#3277,#3278,#3279));
#8055=EDGE_LOOP('',(#3280,#3281,#3282,#3283,#3284,#3285,#3286,#3287));
#8056=EDGE_LOOP('',(#3288,#3289,#3290,#3291));
#8057=EDGE_LOOP('',(#3292,#3293,#3294,#3295));
#8058=EDGE_LOOP('',(#3296,#3297,#3298,#3299));
#8059=EDGE_LOOP('',(#3300,#3301,#3302,#3303));
#8060=EDGE_LOOP('',(#3304,#3305,#3306,#3307,#3308,#3309));
#8061=EDGE_LOOP('',(#3310,#3311,#3312,#3313));
#8062=EDGE_LOOP('',(#3314,#3315,#3316,#3317));
#8063=EDGE_LOOP('',(#3318,#3319,#3320,#3321));
#8064=EDGE_LOOP('',(#3322,#3323,#3324,#3325));
#8065=EDGE_LOOP('',(#3326,#3327,#3328,#3329));
#8066=EDGE_LOOP('',(#3330,#3331,#3332,#3333,#3334,#3335,#3336,#3337,#3338,
#3339,#3340,#3341));
#8067=EDGE_LOOP('',(#3342,#3343,#3344,#3345));
#8068=EDGE_LOOP('',(#3346,#3347,#3348,#3349));
#8069=EDGE_LOOP('',(#3350,#3351,#3352,#3353));
#8070=EDGE_LOOP('',(#3354,#3355,#3356,#3357));
#8071=EDGE_LOOP('',(#3358,#3359,#3360,#3361));
#8072=EDGE_LOOP('',(#3362,#3363,#3364,#3365,#3366,#3367));
#8073=EDGE_LOOP('',(#3368,#3369,#3370,#3371,#3372));
#8074=EDGE_LOOP('',(#3373,#3374,#3375,#3376,#3377));
#8075=EDGE_LOOP('',(#3378,#3379,#3380,#3381,#3382));
#8076=EDGE_LOOP('',(#3383,#3384,#3385,#3386));
#8077=EDGE_LOOP('',(#3387,#3388,#3389,#3390,#3391));
#8078=FACE_BOUND('',#7463,.T.);
#8079=FACE_BOUND('',#7464,.T.);
#8080=FACE_BOUND('',#7465,.T.);
#8081=FACE_BOUND('',#7466,.T.);
#8082=FACE_BOUND('',#7467,.T.);
#8083=FACE_BOUND('',#7468,.T.);
#8084=FACE_BOUND('',#7469,.T.);
#8085=FACE_BOUND('',#7470,.T.);
#8086=FACE_BOUND('',#7471,.T.);
#8087=FACE_BOUND('',#7472,.T.);
#8088=FACE_BOUND('',#7473,.T.);
#8089=FACE_BOUND('',#7474,.T.);
#8090=FACE_BOUND('',#7475,.T.);
#8091=FACE_BOUND('',#7476,.T.);
#8092=FACE_BOUND('',#7477,.T.);
#8093=FACE_BOUND('',#7478,.T.);
#8094=FACE_BOUND('',#7479,.T.);
#8095=FACE_BOUND('',#7480,.T.);
#8096=FACE_BOUND('',#7481,.T.);
#8097=FACE_BOUND('',#7482,.T.);
#8098=FACE_BOUND('',#7483,.T.);
#8099=FACE_BOUND('',#7484,.T.);
#8100=FACE_BOUND('',#7485,.T.);
#8101=FACE_BOUND('',#7486,.T.);
#8102=FACE_BOUND('',#7487,.T.);
#8103=FACE_BOUND('',#7488,.T.);
#8104=FACE_BOUND('',#7489,.T.);
#8105=FACE_BOUND('',#7490,.T.);
#8106=FACE_BOUND('',#7491,.T.);
#8107=FACE_BOUND('',#7492,.T.);
#8108=FACE_BOUND('',#7493,.T.);
#8109=FACE_BOUND('',#7494,.T.);
#8110=FACE_BOUND('',#7495,.T.);
#8111=FACE_BOUND('',#7496,.T.);
#8112=FACE_BOUND('',#7497,.T.);
#8113=FACE_BOUND('',#7498,.T.);
#8114=FACE_BOUND('',#7499,.T.);
#8115=FACE_BOUND('',#7500,.T.);
#8116=FACE_BOUND('',#7501,.T.);
#8117=FACE_BOUND('',#7502,.T.);
#8118=FACE_BOUND('',#7503,.T.);
#8119=FACE_BOUND('',#7504,.T.);
#8120=FACE_BOUND('',#7505,.T.);
#8121=FACE_BOUND('',#7506,.T.);
#8122=FACE_BOUND('',#7507,.T.);
#8123=FACE_BOUND('',#7508,.T.);
#8124=FACE_BOUND('',#7509,.T.);
#8125=FACE_BOUND('',#7510,.T.);
#8126=FACE_BOUND('',#7511,.T.);
#8127=FACE_BOUND('',#7512,.T.);
#8128=FACE_BOUND('',#7513,.T.);
#8129=FACE_BOUND('',#7514,.T.);
#8130=FACE_BOUND('',#7515,.T.);
#8131=FACE_BOUND('',#7516,.T.);
#8132=FACE_BOUND('',#7517,.T.);
#8133=FACE_BOUND('',#7518,.T.);
#8134=FACE_BOUND('',#7519,.T.);
#8135=FACE_BOUND('',#7520,.T.);
#8136=FACE_BOUND('',#7521,.T.);
#8137=FACE_BOUND('',#7522,.T.);
#8138=FACE_BOUND('',#7523,.T.);
#8139=FACE_BOUND('',#7524,.T.);
#8140=FACE_BOUND('',#7525,.T.);
#8141=FACE_BOUND('',#7526,.T.);
#8142=FACE_BOUND('',#7527,.T.);
#8143=FACE_BOUND('',#7528,.T.);
#8144=FACE_BOUND('',#7529,.T.);
#8145=FACE_BOUND('',#7530,.T.);
#8146=FACE_BOUND('',#7531,.T.);
#8147=FACE_BOUND('',#7532,.T.);
#8148=FACE_BOUND('',#7533,.T.);
#8149=FACE_BOUND('',#7534,.T.);
#8150=FACE_BOUND('',#7535,.T.);
#8151=FACE_BOUND('',#7536,.T.);
#8152=FACE_BOUND('',#7537,.T.);
#8153=FACE_BOUND('',#7538,.T.);
#8154=FACE_BOUND('',#7539,.T.);
#8155=FACE_BOUND('',#7540,.T.);
#8156=FACE_BOUND('',#7541,.T.);
#8157=FACE_BOUND('',#7542,.T.);
#8158=FACE_BOUND('',#7543,.T.);
#8159=FACE_BOUND('',#7544,.T.);
#8160=FACE_BOUND('',#7545,.T.);
#8161=FACE_BOUND('',#7546,.T.);
#8162=FACE_BOUND('',#7547,.T.);
#8163=FACE_BOUND('',#7548,.T.);
#8164=FACE_BOUND('',#7549,.T.);
#8165=FACE_BOUND('',#7550,.T.);
#8166=FACE_BOUND('',#7551,.T.);
#8167=FACE_BOUND('',#7552,.T.);
#8168=FACE_BOUND('',#7553,.T.);
#8169=FACE_BOUND('',#7554,.T.);
#8170=FACE_BOUND('',#7555,.T.);
#8171=FACE_BOUND('',#7556,.T.);
#8172=FACE_BOUND('',#7557,.T.);
#8173=FACE_BOUND('',#7558,.T.);
#8174=FACE_BOUND('',#7559,.T.);
#8175=FACE_BOUND('',#7560,.T.);
#8176=FACE_BOUND('',#7561,.T.);
#8177=FACE_BOUND('',#7562,.T.);
#8178=FACE_BOUND('',#7563,.T.);
#8179=FACE_BOUND('',#7564,.T.);
#8180=FACE_BOUND('',#7565,.T.);
#8181=FACE_BOUND('',#7566,.T.);
#8182=FACE_BOUND('',#7567,.T.);
#8183=FACE_BOUND('',#7568,.T.);
#8184=FACE_BOUND('',#7569,.T.);
#8185=FACE_BOUND('',#7570,.T.);
#8186=FACE_BOUND('',#7571,.T.);
#8187=FACE_BOUND('',#7572,.T.);
#8188=FACE_BOUND('',#7573,.T.);
#8189=FACE_BOUND('',#7574,.T.);
#8190=FACE_BOUND('',#7575,.T.);
#8191=FACE_BOUND('',#7576,.T.);
#8192=FACE_BOUND('',#7577,.T.);
#8193=FACE_BOUND('',#7578,.T.);
#8194=FACE_BOUND('',#7579,.T.);
#8195=FACE_BOUND('',#7580,.T.);
#8196=FACE_BOUND('',#7581,.T.);
#8197=FACE_BOUND('',#7582,.T.);
#8198=FACE_BOUND('',#7583,.T.);
#8199=FACE_BOUND('',#7584,.T.);
#8200=FACE_BOUND('',#7585,.T.);
#8201=FACE_BOUND('',#7586,.T.);
#8202=FACE_BOUND('',#7587,.T.);
#8203=FACE_BOUND('',#7588,.T.);
#8204=FACE_BOUND('',#7589,.T.);
#8205=FACE_BOUND('',#7590,.T.);
#8206=FACE_BOUND('',#7591,.T.);
#8207=FACE_BOUND('',#7592,.T.);
#8208=FACE_BOUND('',#7593,.T.);
#8209=FACE_BOUND('',#7594,.T.);
#8210=FACE_BOUND('',#7595,.T.);
#8211=FACE_BOUND('',#7596,.T.);
#8212=FACE_BOUND('',#7597,.T.);
#8213=FACE_BOUND('',#7598,.T.);
#8214=FACE_BOUND('',#7599,.T.);
#8215=FACE_BOUND('',#7600,.T.);
#8216=FACE_BOUND('',#7601,.T.);
#8217=FACE_BOUND('',#7602,.T.);
#8218=FACE_BOUND('',#7603,.T.);
#8219=FACE_BOUND('',#7604,.T.);
#8220=FACE_BOUND('',#7605,.T.);
#8221=FACE_BOUND('',#7606,.T.);
#8222=FACE_BOUND('',#7607,.T.);
#8223=FACE_BOUND('',#7608,.T.);
#8224=FACE_BOUND('',#7609,.T.);
#8225=FACE_BOUND('',#7610,.T.);
#8226=FACE_BOUND('',#7611,.T.);
#8227=FACE_BOUND('',#7612,.T.);
#8228=FACE_BOUND('',#7613,.T.);
#8229=FACE_BOUND('',#7614,.T.);
#8230=FACE_BOUND('',#7615,.T.);
#8231=FACE_BOUND('',#7616,.T.);
#8232=FACE_BOUND('',#7617,.T.);
#8233=FACE_BOUND('',#7618,.T.);
#8234=FACE_BOUND('',#7619,.T.);
#8235=FACE_BOUND('',#7620,.T.);
#8236=FACE_BOUND('',#7621,.T.);
#8237=FACE_BOUND('',#7622,.T.);
#8238=FACE_BOUND('',#7623,.T.);
#8239=FACE_BOUND('',#7624,.T.);
#8240=FACE_BOUND('',#7625,.T.);
#8241=FACE_BOUND('',#7626,.T.);
#8242=FACE_BOUND('',#7627,.T.);
#8243=FACE_BOUND('',#7628,.T.);
#8244=FACE_BOUND('',#7629,.T.);
#8245=FACE_BOUND('',#7630,.T.);
#8246=FACE_BOUND('',#7631,.T.);
#8247=FACE_BOUND('',#7632,.T.);
#8248=FACE_BOUND('',#7633,.T.);
#8249=FACE_BOUND('',#7634,.T.);
#8250=FACE_BOUND('',#7635,.T.);
#8251=FACE_BOUND('',#7636,.T.);
#8252=FACE_BOUND('',#7637,.T.);
#8253=FACE_BOUND('',#7638,.T.);
#8254=FACE_BOUND('',#7639,.T.);
#8255=FACE_BOUND('',#7640,.T.);
#8256=FACE_BOUND('',#7641,.T.);
#8257=FACE_BOUND('',#7642,.T.);
#8258=FACE_BOUND('',#7643,.T.);
#8259=FACE_BOUND('',#7644,.T.);
#8260=FACE_BOUND('',#7645,.T.);
#8261=FACE_BOUND('',#7646,.T.);
#8262=FACE_BOUND('',#7647,.T.);
#8263=FACE_BOUND('',#7648,.T.);
#8264=FACE_BOUND('',#7649,.T.);
#8265=FACE_BOUND('',#7650,.T.);
#8266=FACE_BOUND('',#7651,.T.);
#8267=FACE_BOUND('',#7652,.T.);
#8268=FACE_BOUND('',#7653,.T.);
#8269=FACE_BOUND('',#7654,.T.);
#8270=FACE_BOUND('',#7655,.T.);
#8271=FACE_BOUND('',#7656,.T.);
#8272=FACE_BOUND('',#7657,.T.);
#8273=FACE_BOUND('',#7658,.T.);
#8274=FACE_BOUND('',#7659,.T.);
#8275=FACE_BOUND('',#7660,.T.);
#8276=FACE_BOUND('',#7661,.T.);
#8277=FACE_BOUND('',#7662,.T.);
#8278=FACE_BOUND('',#7663,.T.);
#8279=FACE_BOUND('',#7664,.T.);
#8280=FACE_BOUND('',#7665,.T.);
#8281=FACE_BOUND('',#7666,.T.);
#8282=FACE_BOUND('',#7667,.T.);
#8283=FACE_BOUND('',#7668,.T.);
#8284=FACE_BOUND('',#7669,.T.);
#8285=FACE_BOUND('',#7670,.T.);
#8286=FACE_BOUND('',#7671,.T.);
#8287=FACE_BOUND('',#7672,.T.);
#8288=FACE_BOUND('',#7673,.T.);
#8289=FACE_BOUND('',#7674,.T.);
#8290=FACE_BOUND('',#7675,.T.);
#8291=FACE_BOUND('',#7676,.T.);
#8292=FACE_BOUND('',#7677,.T.);
#8293=FACE_BOUND('',#7678,.T.);
#8294=FACE_BOUND('',#7679,.T.);
#8295=FACE_BOUND('',#7680,.T.);
#8296=FACE_BOUND('',#7681,.T.);
#8297=FACE_BOUND('',#7682,.T.);
#8298=FACE_BOUND('',#7683,.T.);
#8299=FACE_BOUND('',#7684,.T.);
#8300=FACE_BOUND('',#7685,.T.);
#8301=FACE_BOUND('',#7686,.T.);
#8302=FACE_BOUND('',#7687,.T.);
#8303=FACE_BOUND('',#7688,.T.);
#8304=FACE_BOUND('',#7689,.T.);
#8305=FACE_BOUND('',#7690,.T.);
#8306=FACE_BOUND('',#7691,.T.);
#8307=FACE_BOUND('',#7692,.T.);
#8308=FACE_BOUND('',#7693,.T.);
#8309=FACE_BOUND('',#7694,.T.);
#8310=FACE_BOUND('',#7695,.T.);
#8311=FACE_BOUND('',#7696,.T.);
#8312=FACE_BOUND('',#7697,.T.);
#8313=FACE_BOUND('',#7698,.T.);
#8314=FACE_BOUND('',#7699,.T.);
#8315=FACE_BOUND('',#7700,.T.);
#8316=FACE_BOUND('',#7701,.T.);
#8317=FACE_BOUND('',#7702,.T.);
#8318=FACE_BOUND('',#7703,.T.);
#8319=FACE_BOUND('',#7704,.T.);
#8320=FACE_BOUND('',#7705,.T.);
#8321=FACE_BOUND('',#7706,.T.);
#8322=FACE_BOUND('',#7707,.T.);
#8323=FACE_BOUND('',#7708,.T.);
#8324=FACE_BOUND('',#7709,.T.);
#8325=FACE_BOUND('',#7710,.T.);
#8326=FACE_BOUND('',#7711,.T.);
#8327=FACE_BOUND('',#7712,.T.);
#8328=FACE_BOUND('',#7713,.T.);
#8329=FACE_BOUND('',#7714,.T.);
#8330=FACE_BOUND('',#7715,.T.);
#8331=FACE_BOUND('',#7716,.T.);
#8332=FACE_BOUND('',#7717,.T.);
#8333=FACE_BOUND('',#7718,.T.);
#8334=FACE_BOUND('',#7719,.T.);
#8335=FACE_BOUND('',#7720,.T.);
#8336=FACE_BOUND('',#7721,.T.);
#8337=FACE_BOUND('',#7722,.T.);
#8338=FACE_BOUND('',#7723,.T.);
#8339=FACE_BOUND('',#7724,.T.);
#8340=FACE_BOUND('',#7725,.T.);
#8341=FACE_BOUND('',#7726,.T.);
#8342=FACE_BOUND('',#7727,.T.);
#8343=FACE_BOUND('',#7728,.T.);
#8344=FACE_BOUND('',#7729,.T.);
#8345=FACE_BOUND('',#7730,.T.);
#8346=FACE_BOUND('',#7731,.T.);
#8347=FACE_BOUND('',#7732,.T.);
#8348=FACE_BOUND('',#7733,.T.);
#8349=FACE_BOUND('',#7734,.T.);
#8350=FACE_BOUND('',#7735,.T.);
#8351=FACE_BOUND('',#7736,.T.);
#8352=FACE_BOUND('',#7737,.T.);
#8353=FACE_BOUND('',#7738,.T.);
#8354=FACE_BOUND('',#7739,.T.);
#8355=FACE_BOUND('',#7740,.T.);
#8356=FACE_BOUND('',#7741,.T.);
#8357=FACE_BOUND('',#7742,.T.);
#8358=FACE_BOUND('',#7743,.T.);
#8359=FACE_BOUND('',#7744,.T.);
#8360=FACE_BOUND('',#7745,.T.);
#8361=FACE_BOUND('',#7746,.T.);
#8362=FACE_BOUND('',#7747,.T.);
#8363=FACE_BOUND('',#7748,.T.);
#8364=FACE_BOUND('',#7749,.T.);
#8365=FACE_BOUND('',#7750,.T.);
#8366=FACE_BOUND('',#7751,.T.);
#8367=FACE_BOUND('',#7752,.T.);
#8368=FACE_BOUND('',#7753,.T.);
#8369=FACE_BOUND('',#7754,.T.);
#8370=FACE_BOUND('',#7755,.T.);
#8371=FACE_BOUND('',#7756,.T.);
#8372=FACE_BOUND('',#7757,.T.);
#8373=FACE_BOUND('',#7758,.T.);
#8374=FACE_BOUND('',#7759,.T.);
#8375=FACE_BOUND('',#7760,.T.);
#8376=FACE_BOUND('',#7761,.T.);
#8377=FACE_BOUND('',#7762,.T.);
#8378=FACE_BOUND('',#7763,.T.);
#8379=FACE_BOUND('',#7764,.T.);
#8380=FACE_BOUND('',#7765,.T.);
#8381=FACE_BOUND('',#7766,.T.);
#8382=FACE_BOUND('',#7767,.T.);
#8383=FACE_BOUND('',#7768,.T.);
#8384=FACE_BOUND('',#7769,.T.);
#8385=FACE_BOUND('',#7770,.T.);
#8386=FACE_BOUND('',#7771,.T.);
#8387=FACE_BOUND('',#7772,.T.);
#8388=FACE_BOUND('',#7773,.T.);
#8389=FACE_BOUND('',#7774,.T.);
#8390=FACE_BOUND('',#7775,.T.);
#8391=FACE_BOUND('',#7776,.T.);
#8392=FACE_BOUND('',#7777,.T.);
#8393=FACE_BOUND('',#7778,.T.);
#8394=FACE_BOUND('',#7779,.T.);
#8395=FACE_BOUND('',#7780,.T.);
#8396=FACE_BOUND('',#7781,.T.);
#8397=FACE_BOUND('',#7782,.T.);
#8398=FACE_BOUND('',#7783,.T.);
#8399=FACE_BOUND('',#7784,.T.);
#8400=FACE_BOUND('',#7785,.T.);
#8401=FACE_BOUND('',#7786,.T.);
#8402=FACE_BOUND('',#7787,.T.);
#8403=FACE_BOUND('',#7788,.T.);
#8404=FACE_BOUND('',#7789,.T.);
#8405=FACE_BOUND('',#7790,.T.);
#8406=FACE_BOUND('',#7791,.T.);
#8407=FACE_BOUND('',#7792,.T.);
#8408=FACE_BOUND('',#7793,.T.);
#8409=FACE_BOUND('',#7794,.T.);
#8410=FACE_BOUND('',#7795,.T.);
#8411=FACE_BOUND('',#7796,.T.);
#8412=FACE_BOUND('',#7797,.T.);
#8413=FACE_BOUND('',#7798,.T.);
#8414=FACE_BOUND('',#7799,.T.);
#8415=FACE_BOUND('',#7800,.T.);
#8416=FACE_BOUND('',#7801,.T.);
#8417=FACE_BOUND('',#7802,.T.);
#8418=FACE_BOUND('',#7803,.T.);
#8419=FACE_BOUND('',#7804,.T.);
#8420=FACE_BOUND('',#7805,.T.);
#8421=FACE_BOUND('',#7806,.T.);
#8422=FACE_BOUND('',#7807,.T.);
#8423=FACE_BOUND('',#7808,.T.);
#8424=FACE_BOUND('',#7809,.T.);
#8425=FACE_BOUND('',#7810,.T.);
#8426=FACE_BOUND('',#7811,.T.);
#8427=FACE_BOUND('',#7812,.T.);
#8428=FACE_BOUND('',#7813,.T.);
#8429=FACE_BOUND('',#7814,.T.);
#8430=FACE_BOUND('',#7815,.T.);
#8431=FACE_BOUND('',#7816,.T.);
#8432=FACE_BOUND('',#7817,.T.);
#8433=FACE_BOUND('',#7818,.T.);
#8434=FACE_BOUND('',#7819,.T.);
#8435=FACE_BOUND('',#7820,.T.);
#8436=FACE_BOUND('',#7821,.T.);
#8437=FACE_BOUND('',#7822,.T.);
#8438=FACE_BOUND('',#7823,.T.);
#8439=FACE_BOUND('',#7824,.T.);
#8440=FACE_BOUND('',#7825,.T.);
#8441=FACE_BOUND('',#7826,.T.);
#8442=FACE_BOUND('',#7827,.T.);
#8443=FACE_BOUND('',#7828,.T.);
#8444=FACE_BOUND('',#7829,.T.);
#8445=FACE_BOUND('',#7830,.T.);
#8446=FACE_BOUND('',#7831,.T.);
#8447=FACE_BOUND('',#7832,.T.);
#8448=FACE_BOUND('',#7833,.T.);
#8449=FACE_BOUND('',#7834,.T.);
#8450=FACE_BOUND('',#7835,.T.);
#8451=FACE_BOUND('',#7836,.T.);
#8452=FACE_BOUND('',#7837,.T.);
#8453=FACE_BOUND('',#7838,.T.);
#8454=FACE_BOUND('',#7839,.T.);
#8455=FACE_BOUND('',#7840,.T.);
#8456=FACE_BOUND('',#7841,.T.);
#8457=FACE_BOUND('',#7842,.T.);
#8458=FACE_BOUND('',#7843,.T.);
#8459=FACE_BOUND('',#7844,.T.);
#8460=FACE_BOUND('',#7845,.T.);
#8461=FACE_BOUND('',#7846,.T.);
#8462=FACE_BOUND('',#7847,.T.);
#8463=FACE_BOUND('',#7848,.T.);
#8464=FACE_BOUND('',#7849,.T.);
#8465=FACE_BOUND('',#7850,.T.);
#8466=FACE_BOUND('',#7851,.T.);
#8467=FACE_BOUND('',#7852,.T.);
#8468=FACE_BOUND('',#7853,.T.);
#8469=FACE_BOUND('',#7854,.T.);
#8470=FACE_BOUND('',#7855,.T.);
#8471=FACE_BOUND('',#7856,.T.);
#8472=FACE_BOUND('',#7857,.T.);
#8473=FACE_BOUND('',#7858,.T.);
#8474=FACE_BOUND('',#7859,.T.);
#8475=FACE_BOUND('',#7860,.T.);
#8476=FACE_BOUND('',#7861,.T.);
#8477=FACE_BOUND('',#7862,.T.);
#8478=FACE_BOUND('',#7863,.T.);
#8479=FACE_BOUND('',#7864,.T.);
#8480=FACE_BOUND('',#7865,.T.);
#8481=FACE_BOUND('',#7866,.T.);
#8482=FACE_BOUND('',#7867,.T.);
#8483=FACE_BOUND('',#7868,.T.);
#8484=FACE_BOUND('',#7869,.T.);
#8485=FACE_BOUND('',#7870,.T.);
#8486=FACE_BOUND('',#7871,.T.);
#8487=FACE_BOUND('',#7872,.T.);
#8488=FACE_BOUND('',#7873,.T.);
#8489=FACE_BOUND('',#7874,.T.);
#8490=FACE_BOUND('',#7875,.T.);
#8491=FACE_BOUND('',#7876,.T.);
#8492=FACE_BOUND('',#7877,.T.);
#8493=FACE_BOUND('',#7878,.T.);
#8494=FACE_BOUND('',#7879,.T.);
#8495=FACE_BOUND('',#7880,.T.);
#8496=FACE_BOUND('',#7881,.T.);
#8497=FACE_BOUND('',#7882,.T.);
#8498=FACE_BOUND('',#7883,.T.);
#8499=FACE_BOUND('',#7884,.T.);
#8500=FACE_BOUND('',#7885,.T.);
#8501=FACE_BOUND('',#7886,.T.);
#8502=FACE_BOUND('',#7887,.T.);
#8503=FACE_BOUND('',#7888,.T.);
#8504=FACE_BOUND('',#7889,.T.);
#8505=FACE_BOUND('',#7890,.T.);
#8506=FACE_BOUND('',#7891,.T.);
#8507=FACE_BOUND('',#7892,.T.);
#8508=FACE_BOUND('',#7893,.T.);
#8509=FACE_BOUND('',#7894,.T.);
#8510=FACE_BOUND('',#7895,.T.);
#8511=FACE_BOUND('',#7896,.T.);
#8512=FACE_BOUND('',#7897,.T.);
#8513=FACE_BOUND('',#7898,.T.);
#8514=FACE_BOUND('',#7899,.T.);
#8515=FACE_BOUND('',#7900,.T.);
#8516=FACE_BOUND('',#7901,.T.);
#8517=FACE_BOUND('',#7902,.T.);
#8518=FACE_BOUND('',#7903,.T.);
#8519=FACE_BOUND('',#7904,.T.);
#8520=FACE_BOUND('',#7905,.T.);
#8521=FACE_BOUND('',#7906,.T.);
#8522=FACE_BOUND('',#7907,.T.);
#8523=FACE_BOUND('',#7908,.T.);
#8524=FACE_BOUND('',#7909,.T.);
#8525=FACE_BOUND('',#7910,.T.);
#8526=FACE_BOUND('',#7911,.T.);
#8527=FACE_BOUND('',#7912,.T.);
#8528=FACE_BOUND('',#7913,.T.);
#8529=FACE_BOUND('',#7914,.T.);
#8530=FACE_BOUND('',#7915,.T.);
#8531=FACE_BOUND('',#7916,.T.);
#8532=FACE_BOUND('',#7917,.T.);
#8533=FACE_BOUND('',#7918,.T.);
#8534=FACE_BOUND('',#7919,.T.);
#8535=FACE_BOUND('',#7920,.T.);
#8536=FACE_BOUND('',#7921,.T.);
#8537=FACE_BOUND('',#7922,.T.);
#8538=FACE_BOUND('',#7923,.T.);
#8539=FACE_BOUND('',#7924,.T.);
#8540=FACE_BOUND('',#7925,.T.);
#8541=FACE_BOUND('',#7926,.T.);
#8542=FACE_BOUND('',#7927,.T.);
#8543=FACE_BOUND('',#7928,.T.);
#8544=FACE_BOUND('',#7929,.T.);
#8545=FACE_BOUND('',#7930,.T.);
#8546=FACE_BOUND('',#7931,.T.);
#8547=FACE_BOUND('',#7932,.T.);
#8548=FACE_BOUND('',#7933,.T.);
#8549=FACE_BOUND('',#7934,.T.);
#8550=FACE_BOUND('',#7935,.T.);
#8551=FACE_BOUND('',#7936,.T.);
#8552=FACE_BOUND('',#7937,.T.);
#8553=FACE_BOUND('',#7938,.T.);
#8554=FACE_BOUND('',#7939,.T.);
#8555=FACE_BOUND('',#7940,.T.);
#8556=FACE_BOUND('',#7941,.T.);
#8557=FACE_BOUND('',#7942,.T.);
#8558=FACE_BOUND('',#7943,.T.);
#8559=FACE_BOUND('',#7944,.T.);
#8560=FACE_BOUND('',#7945,.T.);
#8561=FACE_BOUND('',#7946,.T.);
#8562=FACE_BOUND('',#7947,.T.);
#8563=FACE_BOUND('',#7948,.T.);
#8564=FACE_BOUND('',#7949,.T.);
#8565=FACE_BOUND('',#7950,.T.);
#8566=FACE_BOUND('',#7951,.T.);
#8567=FACE_BOUND('',#7952,.T.);
#8568=FACE_BOUND('',#7953,.T.);
#8569=FACE_BOUND('',#7954,.T.);
#8570=FACE_BOUND('',#7955,.T.);
#8571=FACE_BOUND('',#7956,.T.);
#8572=FACE_BOUND('',#7957,.T.);
#8573=FACE_BOUND('',#7958,.T.);
#8574=FACE_BOUND('',#7959,.T.);
#8575=FACE_BOUND('',#7960,.T.);
#8576=FACE_BOUND('',#7961,.T.);
#8577=FACE_BOUND('',#7962,.T.);
#8578=FACE_BOUND('',#7963,.T.);
#8579=FACE_BOUND('',#7964,.T.);
#8580=FACE_BOUND('',#7965,.T.);
#8581=FACE_BOUND('',#7966,.T.);
#8582=FACE_BOUND('',#7967,.T.);
#8583=FACE_BOUND('',#7968,.T.);
#8584=FACE_BOUND('',#7969,.T.);
#8585=FACE_BOUND('',#7970,.T.);
#8586=FACE_BOUND('',#7971,.T.);
#8587=FACE_BOUND('',#7972,.T.);
#8588=FACE_BOUND('',#7973,.T.);
#8589=FACE_BOUND('',#7974,.T.);
#8590=FACE_BOUND('',#7975,.T.);
#8591=FACE_BOUND('',#7976,.T.);
#8592=FACE_BOUND('',#7977,.T.);
#8593=FACE_BOUND('',#7978,.T.);
#8594=FACE_BOUND('',#7979,.T.);
#8595=FACE_BOUND('',#7980,.T.);
#8596=FACE_BOUND('',#7981,.T.);
#8597=FACE_BOUND('',#7982,.T.);
#8598=FACE_BOUND('',#7983,.T.);
#8599=FACE_BOUND('',#7984,.T.);
#8600=FACE_BOUND('',#7985,.T.);
#8601=FACE_BOUND('',#7986,.T.);
#8602=FACE_BOUND('',#7987,.T.);
#8603=FACE_BOUND('',#7988,.T.);
#8604=FACE_BOUND('',#7989,.T.);
#8605=FACE_BOUND('',#7990,.T.);
#8606=FACE_BOUND('',#7991,.T.);
#8607=FACE_BOUND('',#7992,.T.);
#8608=FACE_BOUND('',#7993,.T.);
#8609=FACE_BOUND('',#7994,.T.);
#8610=FACE_BOUND('',#7995,.T.);
#8611=FACE_BOUND('',#7996,.T.);
#8612=FACE_BOUND('',#7997,.T.);
#8613=FACE_BOUND('',#7998,.T.);
#8614=FACE_BOUND('',#7999,.T.);
#8615=FACE_BOUND('',#8000,.T.);
#8616=FACE_BOUND('',#8001,.T.);
#8617=FACE_BOUND('',#8002,.T.);
#8618=FACE_BOUND('',#8003,.T.);
#8619=FACE_BOUND('',#8004,.T.);
#8620=FACE_BOUND('',#8005,.T.);
#8621=FACE_BOUND('',#8006,.T.);
#8622=FACE_BOUND('',#8007,.T.);
#8623=FACE_BOUND('',#8008,.T.);
#8624=FACE_BOUND('',#8009,.T.);
#8625=FACE_BOUND('',#8010,.T.);
#8626=FACE_BOUND('',#8011,.T.);
#8627=FACE_BOUND('',#8012,.T.);
#8628=FACE_BOUND('',#8013,.T.);
#8629=FACE_BOUND('',#8014,.T.);
#8630=FACE_BOUND('',#8015,.T.);
#8631=FACE_BOUND('',#8016,.T.);
#8632=FACE_BOUND('',#8017,.T.);
#8633=FACE_BOUND('',#8018,.T.);
#8634=FACE_BOUND('',#8019,.T.);
#8635=FACE_BOUND('',#8020,.T.);
#8636=FACE_BOUND('',#8021,.T.);
#8637=FACE_BOUND('',#8022,.T.);
#8638=FACE_BOUND('',#8023,.T.);
#8639=FACE_BOUND('',#8024,.T.);
#8640=FACE_BOUND('',#8025,.T.);
#8641=FACE_BOUND('',#8026,.T.);
#8642=FACE_BOUND('',#8027,.T.);
#8643=FACE_BOUND('',#8028,.T.);
#8644=FACE_BOUND('',#8029,.T.);
#8645=FACE_BOUND('',#8030,.T.);
#8646=FACE_BOUND('',#8031,.T.);
#8647=FACE_BOUND('',#8032,.T.);
#8648=FACE_BOUND('',#8033,.T.);
#8649=FACE_BOUND('',#8034,.T.);
#8650=FACE_BOUND('',#8035,.T.);
#8651=FACE_BOUND('',#8036,.T.);
#8652=FACE_BOUND('',#8037,.T.);
#8653=FACE_BOUND('',#8038,.T.);
#8654=FACE_BOUND('',#8039,.T.);
#8655=FACE_BOUND('',#8040,.T.);
#8656=FACE_BOUND('',#8041,.T.);
#8657=FACE_BOUND('',#8042,.T.);
#8658=FACE_BOUND('',#8043,.T.);
#8659=FACE_BOUND('',#8044,.T.);
#8660=FACE_BOUND('',#8045,.T.);
#8661=FACE_BOUND('',#8046,.T.);
#8662=FACE_BOUND('',#8047,.T.);
#8663=FACE_BOUND('',#8048,.T.);
#8664=FACE_BOUND('',#8049,.T.);
#8665=FACE_BOUND('',#8050,.T.);
#8666=FACE_BOUND('',#8051,.T.);
#8667=FACE_BOUND('',#8052,.T.);
#8668=FACE_BOUND('',#8053,.T.);
#8669=FACE_BOUND('',#8054,.T.);
#8670=FACE_BOUND('',#8055,.T.);
#8671=FACE_BOUND('',#8056,.T.);
#8672=FACE_BOUND('',#8057,.T.);
#8673=FACE_BOUND('',#8058,.T.);
#8674=FACE_BOUND('',#8059,.T.);
#8675=FACE_BOUND('',#8060,.T.);
#8676=FACE_BOUND('',#8061,.T.);
#8677=FACE_BOUND('',#8062,.T.);
#8678=FACE_BOUND('',#8063,.T.);
#8679=FACE_BOUND('',#8064,.T.);
#8680=FACE_BOUND('',#8065,.T.);
#8681=FACE_BOUND('',#8066,.T.);
#8682=FACE_BOUND('',#8067,.T.);
#8683=FACE_BOUND('',#8068,.T.);
#8684=FACE_BOUND('',#8069,.T.);
#8685=FACE_BOUND('',#8070,.T.);
#8686=FACE_BOUND('',#8071,.T.);
#8687=FACE_BOUND('',#8072,.T.);
#8688=FACE_BOUND('',#8073,.T.);
#8689=FACE_BOUND('',#8074,.T.);
#8690=FACE_BOUND('',#8075,.T.);
#8691=FACE_BOUND('',#8076,.T.);
#8692=FACE_BOUND('',#8077,.T.);
#8693=PLANE('',#9521);
#8694=PLANE('',#9522);
#8695=PLANE('',#9523);
#8696=PLANE('',#9606);
#8697=PLANE('',#9610);
#8698=PLANE('',#9614);
#8699=PLANE('',#9618);
#8700=PLANE('',#9622);
#8701=PLANE('',#9626);
#8702=PLANE('',#9630);
#8703=PLANE('',#9634);
#8704=PLANE('',#9638);
#8705=PLANE('',#9642);
#8706=PLANE('',#9646);
#8707=PLANE('',#9650);
#8708=PLANE('',#9654);
#8709=PLANE('',#9658);
#8710=PLANE('',#9662);
#8711=PLANE('',#9666);
#8712=PLANE('',#9670);
#8713=PLANE('',#9674);
#8714=PLANE('',#9678);
#8715=PLANE('',#9682);
#8716=PLANE('',#9686);
#8717=PLANE('',#9690);
#8718=PLANE('',#9694);
#8719=PLANE('',#9729);
#8720=PLANE('',#9730);
#8721=PLANE('',#9731);
#8722=PLANE('',#9732);
#8723=PLANE('',#9733);
#8724=PLANE('',#9734);
#8725=PLANE('',#9736);
#8726=PLANE('',#9737);
#8727=PLANE('',#9738);
#8728=PLANE('',#9739);
#8729=PLANE('',#9743);
#8730=PLANE('',#9744);
#8731=PLANE('',#9745);
#8732=PLANE('',#9749);
#8733=PLANE('',#9753);
#8734=PLANE('',#9757);
#8735=PLANE('',#9761);
#8736=PLANE('',#9766);
#8737=PLANE('',#9770);
#8738=PLANE('',#9776);
#8739=PLANE('',#9779);
#8740=PLANE('',#9786);
#8741=PLANE('',#9789);
#8742=PLANE('',#9790);
#8743=PLANE('',#9792);
#8744=PLANE('',#9793);
#8745=PLANE('',#9794);
#8746=PLANE('',#9795);
#8747=PLANE('',#9796);
#8748=PLANE('',#9797);
#8749=PLANE('',#9798);
#8750=PLANE('',#9799);
#8751=PLANE('',#9800);
#8752=PLANE('',#9801);
#8753=PLANE('',#9802);
#8754=PLANE('',#9803);
#8755=PLANE('',#9804);
#8756=PLANE('',#9805);
#8757=PLANE('',#9806);
#8758=PLANE('',#9807);
#8759=PLANE('',#9809);
#8760=PLANE('',#9811);
#8761=PLANE('',#9812);
#8762=PLANE('',#9813);
#8763=PLANE('',#9814);
#8764=PLANE('',#9816);
#8765=PLANE('',#9817);
#8766=PLANE('',#9819);
#8767=PLANE('',#9822);
#8768=PLANE('',#9825);
#8769=PLANE('',#9826);
#8770=PLANE('',#9829);
#8771=PLANE('',#9832);
#8772=PLANE('',#9833);
#8773=PLANE('',#9836);
#8774=PLANE('',#9839);
#8775=PLANE('',#9840);
#8776=PLANE('',#9843);
#8777=PLANE('',#9845);
#8778=PLANE('',#9847);
#8779=PLANE('',#9850);
#8780=PLANE('',#9852);
#8781=PLANE('',#9854);
#8782=PLANE('',#9857);
#8783=PLANE('',#9860);
#8784=PLANE('',#9861);
#8785=PLANE('',#9864);
#8786=PLANE('',#9867);
#8787=PLANE('',#9868);
#8788=PLANE('',#9871);
#8789=PLANE('',#9873);
#8790=PLANE('',#9875);
#8791=PLANE('',#9878);
#8792=PLANE('',#9881);
#8793=PLANE('',#9882);
#8794=PLANE('',#9885);
#8795=PLANE('',#9888);
#8796=PLANE('',#9889);
#8797=PLANE('',#9892);
#8798=PLANE('',#9895);
#8799=PLANE('',#9898);
#8800=PLANE('',#9899);
#8801=PLANE('',#9902);
#8802=PLANE('',#9905);
#8803=PLANE('',#9908);
#8804=PLANE('',#9911);
#8805=PLANE('',#9914);
#8806=PLANE('',#9917);
#8807=PLANE('',#9920);
#8808=PLANE('',#9923);
#8809=PLANE('',#9926);
#8810=PLANE('',#9929);
#8811=PLANE('',#9930);
#8812=PLANE('',#9931);
#8813=PLANE('',#9936);
#8814=PLANE('',#9939);
#8815=PLANE('',#9942);
#8816=PLANE('',#9945);
#8817=PLANE('',#9948);
#8818=PLANE('',#9951);
#8819=PLANE('',#9954);
#8820=PLANE('',#9955);
#8821=PLANE('',#9956);
#8822=PLANE('',#9959);
#8823=PLANE('',#9964);
#8824=PLANE('',#9967);
#8825=PLANE('',#9970);
#8826=PLANE('',#9973);
#8827=PLANE('',#9976);
#8828=PLANE('',#9979);
#8829=PLANE('',#9980);
#8830=PLANE('',#9981);
#8831=PLANE('',#9982);
#8832=PLANE('',#9983);
#8833=PLANE('',#9984);
#8834=PLANE('',#9985);
#8835=PLANE('',#9986);
#8836=PLANE('',#9987);
#8837=PLANE('',#9988);
#8838=PLANE('',#9989);
#8839=PLANE('',#9990);
#8840=PLANE('',#9993);
#8841=PLANE('',#9994);
#8842=PLANE('',#9999);
#8843=PLANE('',#10004);
#8844=PLANE('',#10005);
#8845=PLANE('',#10006);
#8846=PLANE('',#10007);
#8847=PLANE('',#10008);
#8848=PLANE('',#10009);
#8849=PLANE('',#10010);
#8850=PLANE('',#10011);
#8851=PLANE('',#10012);
#8852=PLANE('',#10013);
#8853=PLANE('',#10014);
#8854=PLANE('',#10015);
#8855=PLANE('',#10016);
#8856=PLANE('',#10017);
#8857=PLANE('',#10018);
#8858=PLANE('',#10019);
#8859=PLANE('',#10020);
#8860=PLANE('',#10021);
#8861=PLANE('',#10022);
#8862=PLANE('',#10023);
#8863=PLANE('',#10024);
#8864=PLANE('',#10025);
#8865=PLANE('',#10026);
#8866=PLANE('',#10027);
#8867=PLANE('',#10028);
#8868=PLANE('',#10029);
#8869=PLANE('',#10030);
#8870=PLANE('',#10031);
#8871=PLANE('',#10032);
#8872=PLANE('',#10033);
#8873=PLANE('',#10034);
#8874=PLANE('',#10035);
#8875=PLANE('',#10036);
#8876=PLANE('',#10037);
#8877=PLANE('',#10038);
#8878=PLANE('',#10053);
#8879=PLANE('',#10074);
#8880=PLANE('',#10083);
#8881=PLANE('',#10084);
#8882=PLANE('',#10085);
#8883=PLANE('',#10086);
#8884=PLANE('',#10087);
#8885=PLANE('',#10088);
#8886=PLANE('',#10089);
#8887=PLANE('',#10090);
#8888=PLANE('',#10091);
#8889=PLANE('',#10092);
#8890=PLANE('',#10093);
#8891=PLANE('',#10094);
#8892=PLANE('',#10095);
#8893=PLANE('',#10102);
#8894=PLANE('',#10103);
#8895=PLANE('',#10104);
#8896=PLANE('',#10105);
#8897=PLANE('',#10106);
#8898=PLANE('',#10107);
#8899=PLANE('',#10108);
#8900=PLANE('',#10111);
#8901=PLANE('',#10112);
#8902=PLANE('',#10113);
#8903=PLANE('',#10114);
#8904=PLANE('',#10115);
#8905=PLANE('',#10116);
#8906=PLANE('',#10117);
#8907=PLANE('',#10118);
#8908=PLANE('',#10119);
#8909=PLANE('',#10120);
#8910=PLANE('',#10121);
#8911=PLANE('',#10122);
#8912=PLANE('',#10129);
#8913=PLANE('',#10130);
#8914=PLANE('',#10131);
#8915=PLANE('',#10132);
#8916=PLANE('',#10133);
#8917=PLANE('',#10134);
#8918=PLANE('',#10135);
#8919=PLANE('',#10136);
#8920=PLANE('',#10137);
#8921=PLANE('',#10138);
#8922=PLANE('',#10139);
#8923=PLANE('',#10140);
#8924=PLANE('',#10155);
#8925=PLANE('',#10164);
#8926=PLANE('',#10177);
#8927=PLANE('',#10178);
#8928=PLANE('',#10183);
#8929=PLANE('',#10184);
#8930=PLANE('',#10185);
#8931=PLANE('',#10186);
#8932=PLANE('',#10187);
#8933=PLANE('',#10188);
#8934=PLANE('',#10189);
#8935=PLANE('',#10192);
#8936=PLANE('',#10193);
#8937=PLANE('',#10194);
#8938=PLANE('',#10195);
#8939=PLANE('',#10196);
#8940=PLANE('',#10197);
#8941=PLANE('',#10198);
#8942=PLANE('',#10201);
#8943=PLANE('',#10202);
#8944=PLANE('',#10203);
#8945=PLANE('',#10204);
#8946=PLANE('',#10205);
#8947=PLANE('',#10206);
#8948=PLANE('',#10207);
#8949=PLANE('',#10208);
#8950=PLANE('',#10209);
#8951=PLANE('',#10210);
#8952=PLANE('',#10211);
#8953=PLANE('',#10212);
#8954=PLANE('',#10213);
#8955=PLANE('',#10214);
#8956=PLANE('',#10215);
#8957=PLANE('',#10216);
#8958=PLANE('',#10217);
#8959=PLANE('',#10218);
#8960=PLANE('',#10219);
#8961=PLANE('',#10220);
#8962=PLANE('',#10221);
#8963=PLANE('',#10222);
#8964=PLANE('',#10223);
#8965=PLANE('',#10224);
#8966=PLANE('',#10225);
#8967=PLANE('',#10226);
#8968=PLANE('',#10227);
#8969=PLANE('',#10228);
#8970=PLANE('',#10229);
#8971=PLANE('',#10230);
#8972=PLANE('',#10231);
#8973=PLANE('',#10234);
#8974=PLANE('',#10235);
#8975=PLANE('',#10236);
#8976=PLANE('',#10237);
#8977=PLANE('',#10238);
#8978=PLANE('',#10241);
#8979=PLANE('',#10242);
#8980=PLANE('',#10243);
#8981=PLANE('',#10244);
#8982=PLANE('',#10245);
#8983=PLANE('',#10248);
#8984=PLANE('',#10251);
#8985=PLANE('',#10252);
#8986=PLANE('',#10255);
#8987=PLANE('',#10256);
#8988=PLANE('',#10257);
#8989=PLANE('',#10258);
#8990=ADVANCED_FACE('',(#8078),#8693,.T.);
#8991=ADVANCED_FACE('',(#8079),#8694,.T.);
#8992=ADVANCED_FACE('',(#8080,#8081,#8082,#8083,#8084,#8085,#8086,#8087,
#8088,#8089,#8090,#8091,#8092,#8093,#8094,#8095,#8096,#8097,#8098,#8099,
#8100,#8101,#8102,#8103,#8104,#8105,#8106,#8107),#8695,.T.);
#8993=ADVANCED_FACE('',(#8108),#8696,.T.);
#8994=ADVANCED_FACE('',(#8109),#90,.F.);
#8995=ADVANCED_FACE('',(#8110),#8697,.T.);
#8996=ADVANCED_FACE('',(#8111),#91,.F.);
#8997=ADVANCED_FACE('',(#8112),#8698,.T.);
#8998=ADVANCED_FACE('',(#8113),#92,.F.);
#8999=ADVANCED_FACE('',(#8114),#8699,.T.);
#9000=ADVANCED_FACE('',(#8115),#93,.F.);
#9001=ADVANCED_FACE('',(#8116),#8700,.T.);
#9002=ADVANCED_FACE('',(#8117),#94,.F.);
#9003=ADVANCED_FACE('',(#8118),#8701,.T.);
#9004=ADVANCED_FACE('',(#8119),#95,.F.);
#9005=ADVANCED_FACE('',(#8120),#8702,.F.);
#9006=ADVANCED_FACE('',(#8121),#96,.F.);
#9007=ADVANCED_FACE('',(#8122),#8703,.T.);
#9008=ADVANCED_FACE('',(#8123),#97,.F.);
#9009=ADVANCED_FACE('',(#8124),#8704,.T.);
#9010=ADVANCED_FACE('',(#8125),#98,.F.);
#9011=ADVANCED_FACE('',(#8126),#8705,.T.);
#9012=ADVANCED_FACE('',(#8127),#99,.F.);
#9013=ADVANCED_FACE('',(#8128),#8706,.T.);
#9014=ADVANCED_FACE('',(#8129),#100,.F.);
#9015=ADVANCED_FACE('',(#8130),#8707,.T.);
#9016=ADVANCED_FACE('',(#8131),#101,.F.);
#9017=ADVANCED_FACE('',(#8132),#8708,.F.);
#9018=ADVANCED_FACE('',(#8133),#102,.F.);
#9019=ADVANCED_FACE('',(#8134),#8709,.T.);
#9020=ADVANCED_FACE('',(#8135),#103,.F.);
#9021=ADVANCED_FACE('',(#8136),#8710,.F.);
#9022=ADVANCED_FACE('',(#8137),#104,.F.);
#9023=ADVANCED_FACE('',(#8138),#8711,.T.);
#9024=ADVANCED_FACE('',(#8139),#105,.F.);
#9025=ADVANCED_FACE('',(#8140),#8712,.T.);
#9026=ADVANCED_FACE('',(#8141),#106,.F.);
#9027=ADVANCED_FACE('',(#8142),#8713,.T.);
#9028=ADVANCED_FACE('',(#8143),#107,.F.);
#9029=ADVANCED_FACE('',(#8144),#8714,.T.);
#9030=ADVANCED_FACE('',(#8145),#108,.F.);
#9031=ADVANCED_FACE('',(#8146),#8715,.T.);
#9032=ADVANCED_FACE('',(#8147),#109,.F.);
#9033=ADVANCED_FACE('',(#8148),#8716,.T.);
#9034=ADVANCED_FACE('',(#8149),#110,.F.);
#9035=ADVANCED_FACE('',(#8150),#8717,.T.);
#9036=ADVANCED_FACE('',(#8151),#111,.F.);
#9037=ADVANCED_FACE('',(#8152,#8153,#8154,#8155,#8156,#8157,#8158,#8159,
#8160,#8161,#8162,#8163,#8164,#8165,#8166,#8167,#8168,#8169),#8718,.F.);
#9038=ADVANCED_FACE('',(#8170),#8719,.T.);
#9039=ADVANCED_FACE('',(#8171),#8720,.T.);
#9040=ADVANCED_FACE('',(#8172),#8721,.T.);
#9041=ADVANCED_FACE('',(#8173),#8722,.T.);
#9042=ADVANCED_FACE('',(#8174),#8723,.T.);
#9043=ADVANCED_FACE('',(#8175),#8724,.T.);
#9044=ADVANCED_FACE('',(#8176),#8725,.T.);
#9045=ADVANCED_FACE('',(#8177),#8726,.T.);
#9046=ADVANCED_FACE('',(#8178,#8179),#8727,.T.);
#9047=ADVANCED_FACE('',(#8180,#8181),#8728,.F.);
#9048=ADVANCED_FACE('',(#8182),#112,.T.);
#9049=ADVANCED_FACE('',(#8183),#8729,.T.);
#9050=ADVANCED_FACE('',(#8184),#8730,.T.);
#9051=ADVANCED_FACE('',(#8185),#8731,.T.);
#9052=ADVANCED_FACE('',(#8186),#45,.T.);
#9053=ADVANCED_FACE('',(#8187),#46,.T.);
#9054=ADVANCED_FACE('',(#8188),#113,.T.);
#9055=ADVANCED_FACE('',(#8189),#114,.T.);
#9056=ADVANCED_FACE('',(#8190),#47,.T.);
#9057=ADVANCED_FACE('',(#8191),#8732,.F.);
#9058=ADVANCED_FACE('',(#8192),#48,.F.);
#9059=ADVANCED_FACE('',(#8193),#49,.F.);
#9060=ADVANCED_FACE('',(#8194),#115,.T.);
#9061=ADVANCED_FACE('',(#8195),#116,.T.);
#9062=ADVANCED_FACE('',(#8196),#50,.F.);
#9063=ADVANCED_FACE('',(#8197),#51,.F.);
#9064=ADVANCED_FACE('',(#8198,#8199),#8733,.F.);
#9065=ADVANCED_FACE('',(#8200,#8201),#117,.T.);
#9066=ADVANCED_FACE('',(#8202,#8203),#8734,.F.);
#9067=ADVANCED_FACE('',(#8204,#8205),#118,.T.);
#9068=ADVANCED_FACE('',(#8206,#8207),#8735,.F.);
#9069=ADVANCED_FACE('',(#8208),#119,.T.);
#9070=ADVANCED_FACE('',(#8209,#8210),#8736,.F.);
#9071=ADVANCED_FACE('',(#8211,#8212),#120,.T.);
#9072=ADVANCED_FACE('',(#8213,#8214),#8737,.F.);
#9073=ADVANCED_FACE('',(#8215,#8216),#121,.T.);
#9074=ADVANCED_FACE('',(#8217,#8218),#122,.F.);
#9075=ADVANCED_FACE('',(#8219),#8738,.T.);
#9076=ADVANCED_FACE('',(#8220,#8221),#123,.F.);
#9077=ADVANCED_FACE('',(#8222),#8739,.T.);
#9078=ADVANCED_FACE('',(#8223,#8224),#124,.F.);
#9079=ADVANCED_FACE('',(#8225,#8226),#125,.F.);
#9080=ADVANCED_FACE('',(#8227,#8228),#126,.F.);
#9081=ADVANCED_FACE('',(#8229),#8740,.T.);
#9082=ADVANCED_FACE('',(#8230,#8231),#127,.F.);
#9083=ADVANCED_FACE('',(#8232),#8741,.T.);
#9084=ADVANCED_FACE('',(#8233,#8234,#8235),#8742,.T.);
#9085=ADVANCED_FACE('',(#8236),#8743,.T.);
#9086=ADVANCED_FACE('',(#8237,#8238),#8744,.F.);
#9087=ADVANCED_FACE('',(#8239),#8745,.T.);
#9088=ADVANCED_FACE('',(#8240),#8746,.F.);
#9089=ADVANCED_FACE('',(#8241),#8747,.F.);
#9090=ADVANCED_FACE('',(#8242),#8748,.T.);
#9091=ADVANCED_FACE('',(#8243),#8749,.T.);
#9092=ADVANCED_FACE('',(#8244),#8750,.F.);
#9093=ADVANCED_FACE('',(#8245),#8751,.F.);
#9094=ADVANCED_FACE('',(#8246),#8752,.T.);
#9095=ADVANCED_FACE('',(#8247),#8753,.F.);
#9096=ADVANCED_FACE('',(#8248),#8754,.T.);
#9097=ADVANCED_FACE('',(#8249),#52,.F.);
#9098=ADVANCED_FACE('',(#8250),#8755,.F.);
#9099=ADVANCED_FACE('',(#8251),#8756,.T.);
#9100=ADVANCED_FACE('',(#8252),#8757,.F.);
#9101=ADVANCED_FACE('',(#8253),#8758,.T.);
#9102=ADVANCED_FACE('',(#8254),#8759,.F.);
#9103=ADVANCED_FACE('',(#8255),#8760,.T.);
#9104=ADVANCED_FACE('',(#8256),#8761,.T.);
#9105=ADVANCED_FACE('',(#8257),#8762,.T.);
#9106=ADVANCED_FACE('',(#8258),#8763,.T.);
#9107=ADVANCED_FACE('',(#8259),#8764,.T.);
#9108=ADVANCED_FACE('',(#8260),#8765,.T.);
#9109=ADVANCED_FACE('',(#8261),#8766,.T.);
#9110=ADVANCED_FACE('',(#8262),#128,.F.);
#9111=ADVANCED_FACE('',(#8263),#8767,.T.);
#9112=ADVANCED_FACE('',(#8264),#129,.F.);
#9113=ADVANCED_FACE('',(#8265,#8266),#8768,.T.);
#9114=ADVANCED_FACE('',(#8267),#8769,.T.);
#9115=ADVANCED_FACE('',(#8268),#130,.F.);
#9116=ADVANCED_FACE('',(#8269),#8770,.T.);
#9117=ADVANCED_FACE('',(#8270),#131,.F.);
#9118=ADVANCED_FACE('',(#8271,#8272),#8771,.T.);
#9119=ADVANCED_FACE('',(#8273),#8772,.T.);
#9120=ADVANCED_FACE('',(#8274),#132,.F.);
#9121=ADVANCED_FACE('',(#8275),#8773,.T.);
#9122=ADVANCED_FACE('',(#8276),#133,.F.);
#9123=ADVANCED_FACE('',(#8277,#8278),#8774,.T.);
#9124=ADVANCED_FACE('',(#8279,#8280),#8775,.T.);
#9125=ADVANCED_FACE('',(#8281),#8776,.T.);
#9126=ADVANCED_FACE('',(#8282),#134,.F.);
#9127=ADVANCED_FACE('',(#8283),#8777,.F.);
#9128=ADVANCED_FACE('',(#8284),#135,.F.);
#9129=ADVANCED_FACE('',(#8285,#8286),#8778,.T.);
#9130=ADVANCED_FACE('',(#8287),#8779,.T.);
#9131=ADVANCED_FACE('',(#8288),#136,.F.);
#9132=ADVANCED_FACE('',(#8289),#8780,.F.);
#9133=ADVANCED_FACE('',(#8290),#137,.F.);
#9134=ADVANCED_FACE('',(#8291),#8781,.T.);
#9135=ADVANCED_FACE('',(#8292),#138,.F.);
#9136=ADVANCED_FACE('',(#8293),#8782,.T.);
#9137=ADVANCED_FACE('',(#8294),#139,.F.);
#9138=ADVANCED_FACE('',(#8295,#8296),#8783,.T.);
#9139=ADVANCED_FACE('',(#8297),#8784,.T.);
#9140=ADVANCED_FACE('',(#8298),#140,.F.);
#9141=ADVANCED_FACE('',(#8299),#8785,.T.);
#9142=ADVANCED_FACE('',(#8300),#141,.F.);
#9143=ADVANCED_FACE('',(#8301,#8302),#8786,.T.);
#9144=ADVANCED_FACE('',(#8303,#8304),#8787,.T.);
#9145=ADVANCED_FACE('',(#8305),#8788,.F.);
#9146=ADVANCED_FACE('',(#8306),#142,.F.);
#9147=ADVANCED_FACE('',(#8307),#8789,.T.);
#9148=ADVANCED_FACE('',(#8308),#143,.F.);
#9149=ADVANCED_FACE('',(#8309),#8790,.T.);
#9150=ADVANCED_FACE('',(#8310),#144,.F.);
#9151=ADVANCED_FACE('',(#8311),#8791,.T.);
#9152=ADVANCED_FACE('',(#8312),#145,.F.);
#9153=ADVANCED_FACE('',(#8313,#8314),#8792,.T.);
#9154=ADVANCED_FACE('',(#8315),#8793,.T.);
#9155=ADVANCED_FACE('',(#8316),#146,.F.);
#9156=ADVANCED_FACE('',(#8317),#8794,.T.);
#9157=ADVANCED_FACE('',(#8318),#147,.F.);
#9158=ADVANCED_FACE('',(#8319,#8320),#8795,.T.);
#9159=ADVANCED_FACE('',(#8321),#8796,.T.);
#9160=ADVANCED_FACE('',(#8322),#148,.F.);
#9161=ADVANCED_FACE('',(#8323),#8797,.T.);
#9162=ADVANCED_FACE('',(#8324),#149,.F.);
#9163=ADVANCED_FACE('',(#8325,#8326),#8798,.T.);
#9164=ADVANCED_FACE('',(#8327,#8328),#150,.F.);
#9165=ADVANCED_FACE('',(#8329,#8330),#8799,.T.);
#9166=ADVANCED_FACE('',(#8331),#8800,.T.);
#9167=ADVANCED_FACE('',(#8332),#151,.F.);
#9168=ADVANCED_FACE('',(#8333),#8801,.T.);
#9169=ADVANCED_FACE('',(#8334),#152,.F.);
#9170=ADVANCED_FACE('',(#8335),#8802,.F.);
#9171=ADVANCED_FACE('',(#8336),#153,.F.);
#9172=ADVANCED_FACE('',(#8337),#8803,.F.);
#9173=ADVANCED_FACE('',(#8338),#154,.F.);
#9174=ADVANCED_FACE('',(#8339),#8804,.T.);
#9175=ADVANCED_FACE('',(#8340),#155,.F.);
#9176=ADVANCED_FACE('',(#8341,#8342),#8805,.T.);
#9177=ADVANCED_FACE('',(#8343),#156,.F.);
#9178=ADVANCED_FACE('',(#8344),#8806,.F.);
#9179=ADVANCED_FACE('',(#8345),#157,.F.);
#9180=ADVANCED_FACE('',(#8346),#8807,.F.);
#9181=ADVANCED_FACE('',(#8347),#158,.F.);
#9182=ADVANCED_FACE('',(#8348),#8808,.T.);
#9183=ADVANCED_FACE('',(#8349),#159,.F.);
#9184=ADVANCED_FACE('',(#8350),#8809,.T.);
#9185=ADVANCED_FACE('',(#8351),#160,.F.);
#9186=ADVANCED_FACE('',(#8352),#8810,.T.);
#9187=ADVANCED_FACE('',(#8353,#8354),#8811,.T.);
#9188=ADVANCED_FACE('',(#8355,#8356),#8812,.T.);
#9189=ADVANCED_FACE('',(#8357,#8358),#161,.F.);
#9190=ADVANCED_FACE('',(#8359,#8360),#162,.F.);
#9191=ADVANCED_FACE('',(#8361,#8362),#8813,.T.);
#9192=ADVANCED_FACE('',(#8363,#8364),#163,.F.);
#9193=ADVANCED_FACE('',(#8365,#8366),#8814,.T.);
#9194=ADVANCED_FACE('',(#8367),#164,.F.);
#9195=ADVANCED_FACE('',(#8368),#8815,.F.);
#9196=ADVANCED_FACE('',(#8369),#165,.F.);
#9197=ADVANCED_FACE('',(#8370),#8816,.T.);
#9198=ADVANCED_FACE('',(#8371),#166,.F.);
#9199=ADVANCED_FACE('',(#8372),#8817,.T.);
#9200=ADVANCED_FACE('',(#8373),#167,.F.);
#9201=ADVANCED_FACE('',(#8374),#8818,.F.);
#9202=ADVANCED_FACE('',(#8375),#168,.F.);
#9203=ADVANCED_FACE('',(#8376),#8819,.F.);
#9204=ADVANCED_FACE('',(#8377,#8378),#8820,.T.);
#9205=ADVANCED_FACE('',(#8379,#8380),#8821,.T.);
#9206=ADVANCED_FACE('',(#8381,#8382),#169,.F.);
#9207=ADVANCED_FACE('',(#8383,#8384),#8822,.T.);
#9208=ADVANCED_FACE('',(#8385,#8386),#170,.F.);
#9209=ADVANCED_FACE('',(#8387,#8388),#171,.F.);
#9210=ADVANCED_FACE('',(#8389,#8390),#8823,.T.);
#9211=ADVANCED_FACE('',(#8391),#172,.F.);
#9212=ADVANCED_FACE('',(#8392),#8824,.F.);
#9213=ADVANCED_FACE('',(#8393),#173,.F.);
#9214=ADVANCED_FACE('',(#8394),#8825,.T.);
#9215=ADVANCED_FACE('',(#8395),#174,.F.);
#9216=ADVANCED_FACE('',(#8396),#8826,.T.);
#9217=ADVANCED_FACE('',(#8397),#175,.F.);
#9218=ADVANCED_FACE('',(#8398),#8827,.T.);
#9219=ADVANCED_FACE('',(#8399),#176,.F.);
#9220=ADVANCED_FACE('',(#8400),#8828,.F.);
#9221=ADVANCED_FACE('',(#8401,#8402),#8829,.T.);
#9222=ADVANCED_FACE('',(#8403),#8830,.T.);
#9223=ADVANCED_FACE('',(#8404),#8831,.T.);
#9224=ADVANCED_FACE('',(#8405),#8832,.T.);
#9225=ADVANCED_FACE('',(#8406),#8833,.T.);
#9226=ADVANCED_FACE('',(#8407),#8834,.T.);
#9227=ADVANCED_FACE('',(#8408),#8835,.T.);
#9228=ADVANCED_FACE('',(#8409),#8836,.T.);
#9229=ADVANCED_FACE('',(#8410),#8837,.T.);
#9230=ADVANCED_FACE('',(#8411),#8838,.T.);
#9231=ADVANCED_FACE('',(#8412),#8839,.T.);
#9232=ADVANCED_FACE('',(#8413),#53,.T.);
#9233=ADVANCED_FACE('',(#8414),#54,.T.);
#9234=ADVANCED_FACE('',(#8415),#177,.F.);
#9235=ADVANCED_FACE('',(#8416),#8840,.T.);
#9236=ADVANCED_FACE('',(#8417),#55,.T.);
#9237=ADVANCED_FACE('',(#8418),#56,.T.);
#9238=ADVANCED_FACE('',(#8419),#8841,.T.);
#9239=ADVANCED_FACE('',(#8420),#57,.T.);
#9240=ADVANCED_FACE('',(#8421),#58,.T.);
#9241=ADVANCED_FACE('',(#8422),#178,.T.);
#9242=ADVANCED_FACE('',(#8423),#179,.T.);
#9243=ADVANCED_FACE('',(#8424),#8842,.T.);
#9244=ADVANCED_FACE('',(#8425),#180,.F.);
#9245=ADVANCED_FACE('',(#8426),#59,.T.);
#9246=ADVANCED_FACE('',(#8427),#181,.F.);
#9247=ADVANCED_FACE('',(#8428),#60,.T.);
#9248=ADVANCED_FACE('',(#8429),#8843,.T.);
#9249=ADVANCED_FACE('',(#8430),#8844,.T.);
#9250=ADVANCED_FACE('',(#8431),#8845,.T.);
#9251=ADVANCED_FACE('',(#8432),#8846,.T.);
#9252=ADVANCED_FACE('',(#8433),#8847,.T.);
#9253=ADVANCED_FACE('',(#8434),#8848,.T.);
#9254=ADVANCED_FACE('',(#8435),#8849,.T.);
#9255=ADVANCED_FACE('',(#8436),#8850,.T.);
#9256=ADVANCED_FACE('',(#8437),#8851,.T.);
#9257=ADVANCED_FACE('',(#8438),#8852,.T.);
#9258=ADVANCED_FACE('',(#8439),#8853,.T.);
#9259=ADVANCED_FACE('',(#8440),#8854,.T.);
#9260=ADVANCED_FACE('',(#8441),#8855,.T.);
#9261=ADVANCED_FACE('',(#8442),#8856,.T.);
#9262=ADVANCED_FACE('',(#8443),#8857,.T.);
#9263=ADVANCED_FACE('',(#8444),#8858,.T.);
#9264=ADVANCED_FACE('',(#8445),#8859,.T.);
#9265=ADVANCED_FACE('',(#8446),#8860,.T.);
#9266=ADVANCED_FACE('',(#8447),#8861,.T.);
#9267=ADVANCED_FACE('',(#8448),#8862,.T.);
#9268=ADVANCED_FACE('',(#8449),#8863,.T.);
#9269=ADVANCED_FACE('',(#8450),#8864,.T.);
#9270=ADVANCED_FACE('',(#8451),#8865,.T.);
#9271=ADVANCED_FACE('',(#8452),#8866,.T.);
#9272=ADVANCED_FACE('',(#8453),#8867,.T.);
#9273=ADVANCED_FACE('',(#8454),#8868,.T.);
#9274=ADVANCED_FACE('',(#8455),#8869,.T.);
#9275=ADVANCED_FACE('',(#8456),#8870,.T.);
#9276=ADVANCED_FACE('',(#8457),#8871,.T.);
#9277=ADVANCED_FACE('',(#8458),#8872,.T.);
#9278=ADVANCED_FACE('',(#8459),#8873,.T.);
#9279=ADVANCED_FACE('',(#8460),#8874,.T.);
#9280=ADVANCED_FACE('',(#8461),#8875,.T.);
#9281=ADVANCED_FACE('',(#8462),#8876,.T.);
#9282=ADVANCED_FACE('',(#8463),#8877,.T.);
#9283=ADVANCED_FACE('',(#8464),#182,.F.);
#9284=ADVANCED_FACE('',(#8465),#183,.T.);
#9285=ADVANCED_FACE('',(#8466),#184,.T.);
#9286=ADVANCED_FACE('',(#8467),#185,.T.);
#9287=ADVANCED_FACE('',(#8468),#186,.T.);
#9288=ADVANCED_FACE('',(#8469),#61,.T.);
#9289=ADVANCED_FACE('',(#8470),#187,.T.);
#9290=ADVANCED_FACE('',(#8471),#188,.T.);
#9291=ADVANCED_FACE('',(#8472),#8878,.T.);
#9292=ADVANCED_FACE('',(#8473),#189,.F.);
#9293=ADVANCED_FACE('',(#8474),#62,.T.);
#9294=ADVANCED_FACE('',(#8475),#63,.T.);
#9295=ADVANCED_FACE('',(#8476),#190,.F.);
#9296=ADVANCED_FACE('',(#8477),#191,.F.);
#9297=ADVANCED_FACE('',(#8478),#192,.F.);
#9298=ADVANCED_FACE('',(#8479),#193,.T.);
#9299=ADVANCED_FACE('',(#8480),#194,.T.);
#9300=ADVANCED_FACE('',(#8481),#195,.T.);
#9301=ADVANCED_FACE('',(#8482),#196,.T.);
#9302=ADVANCED_FACE('',(#8483),#64,.T.);
#9303=ADVANCED_FACE('',(#8484),#197,.T.);
#9304=ADVANCED_FACE('',(#8485),#198,.T.);
#9305=ADVANCED_FACE('',(#8486),#8879,.T.);
#9306=ADVANCED_FACE('',(#8487),#199,.F.);
#9307=ADVANCED_FACE('',(#8488),#200,.F.);
#9308=ADVANCED_FACE('',(#8489),#65,.T.);
#9309=ADVANCED_FACE('',(#8490),#66,.T.);
#9310=ADVANCED_FACE('',(#8491),#201,.F.);
#9311=ADVANCED_FACE('',(#8492),#202,.F.);
#9312=ADVANCED_FACE('',(#8493),#8880,.T.);
#9313=ADVANCED_FACE('',(#8494),#8881,.T.);
#9314=ADVANCED_FACE('',(#8495),#8882,.T.);
#9315=ADVANCED_FACE('',(#8496),#8883,.T.);
#9316=ADVANCED_FACE('',(#8497),#8884,.T.);
#9317=ADVANCED_FACE('',(#8498),#8885,.T.);
#9318=ADVANCED_FACE('',(#8499),#8886,.T.);
#9319=ADVANCED_FACE('',(#8500),#8887,.T.);
#9320=ADVANCED_FACE('',(#8501),#8888,.T.);
#9321=ADVANCED_FACE('',(#8502),#8889,.T.);
#9322=ADVANCED_FACE('',(#8503),#8890,.T.);
#9323=ADVANCED_FACE('',(#8504),#8891,.T.);
#9324=ADVANCED_FACE('',(#8505),#8892,.T.);
#9325=ADVANCED_FACE('',(#8506),#67,.T.);
#9326=ADVANCED_FACE('',(#8507),#68,.T.);
#9327=ADVANCED_FACE('',(#8508),#69,.T.);
#9328=ADVANCED_FACE('',(#8509),#203,.F.);
#9329=ADVANCED_FACE('',(#8510),#204,.F.);
#9330=ADVANCED_FACE('',(#8511),#205,.F.);
#9331=ADVANCED_FACE('',(#8512),#70,.T.);
#9332=ADVANCED_FACE('',(#8513),#71,.T.);
#9333=ADVANCED_FACE('',(#8514),#8893,.T.);
#9334=ADVANCED_FACE('',(#8515),#8894,.T.);
#9335=ADVANCED_FACE('',(#8516),#8895,.T.);
#9336=ADVANCED_FACE('',(#8517),#8896,.T.);
#9337=ADVANCED_FACE('',(#8518),#8897,.T.);
#9338=ADVANCED_FACE('',(#8519),#8898,.T.);
#9339=ADVANCED_FACE('',(#8520),#8899,.T.);
#9340=ADVANCED_FACE('',(#8521),#206,.T.);
#9341=ADVANCED_FACE('',(#8522),#72,.T.);
#9342=ADVANCED_FACE('',(#8523,#8524),#8900,.T.);
#9343=ADVANCED_FACE('',(#8525),#8901,.T.);
#9344=ADVANCED_FACE('',(#8526),#8902,.T.);
#9345=ADVANCED_FACE('',(#8527),#8903,.T.);
#9346=ADVANCED_FACE('',(#8528),#8904,.T.);
#9347=ADVANCED_FACE('',(#8529),#8905,.T.);
#9348=ADVANCED_FACE('',(#8530),#8906,.T.);
#9349=ADVANCED_FACE('',(#8531),#8907,.T.);
#9350=ADVANCED_FACE('',(#8532),#8908,.T.);
#9351=ADVANCED_FACE('',(#8533),#8909,.T.);
#9352=ADVANCED_FACE('',(#8534),#8910,.T.);
#9353=ADVANCED_FACE('',(#8535),#8911,.T.);
#9354=ADVANCED_FACE('',(#8536),#207,.F.);
#9355=ADVANCED_FACE('',(#8537),#208,.F.);
#9356=ADVANCED_FACE('',(#8538),#8912,.T.);
#9357=ADVANCED_FACE('',(#8539,#8540),#8913,.T.);
#9358=ADVANCED_FACE('',(#8541),#8914,.T.);
#9359=ADVANCED_FACE('',(#8542),#8915,.T.);
#9360=ADVANCED_FACE('',(#8543),#8916,.T.);
#9361=ADVANCED_FACE('',(#8544),#8917,.T.);
#9362=ADVANCED_FACE('',(#8545),#8918,.T.);
#9363=ADVANCED_FACE('',(#8546),#8919,.T.);
#9364=ADVANCED_FACE('',(#8547),#8920,.T.);
#9365=ADVANCED_FACE('',(#8548),#8921,.T.);
#9366=ADVANCED_FACE('',(#8549),#8922,.T.);
#9367=ADVANCED_FACE('',(#8550),#8923,.T.);
#9368=ADVANCED_FACE('',(#8551),#209,.F.);
#9369=ADVANCED_FACE('',(#8552),#210,.F.);
#9370=ADVANCED_FACE('',(#8553),#73,.T.);
#9371=ADVANCED_FACE('',(#8554),#211,.T.);
#9372=ADVANCED_FACE('',(#8555),#212,.T.);
#9373=ADVANCED_FACE('',(#8556),#213,.T.);
#9374=ADVANCED_FACE('',(#8557),#74,.T.);
#9375=ADVANCED_FACE('',(#8558),#214,.T.);
#9376=ADVANCED_FACE('',(#8559),#215,.T.);
#9377=ADVANCED_FACE('',(#8560),#8924,.T.);
#9378=ADVANCED_FACE('',(#8561),#216,.F.);
#9379=ADVANCED_FACE('',(#8562),#217,.F.);
#9380=ADVANCED_FACE('',(#8563),#75,.T.);
#9381=ADVANCED_FACE('',(#8564),#76,.T.);
#9382=ADVANCED_FACE('',(#8565),#218,.F.);
#9383=ADVANCED_FACE('',(#8566),#219,.F.);
#9384=ADVANCED_FACE('',(#8567),#8925,.T.);
#9385=ADVANCED_FACE('',(#8568),#220,.F.);
#9386=ADVANCED_FACE('',(#8569),#221,.T.);
#9387=ADVANCED_FACE('',(#8570),#222,.T.);
#9388=ADVANCED_FACE('',(#8571),#223,.T.);
#9389=ADVANCED_FACE('',(#8572),#77,.T.);
#9390=ADVANCED_FACE('',(#8573),#78,.T.);
#9391=ADVANCED_FACE('',(#8574),#224,.T.);
#9392=ADVANCED_FACE('',(#8575),#225,.T.);
#9393=ADVANCED_FACE('',(#8576),#8926,.T.);
#9394=ADVANCED_FACE('',(#8577),#79,.T.);
#9395=ADVANCED_FACE('',(#8578),#80,.T.);
#9396=ADVANCED_FACE('',(#8579),#81,.T.);
#9397=ADVANCED_FACE('',(#8580),#82,.T.);
#9398=ADVANCED_FACE('',(#8581),#8927,.T.);
#9399=ADVANCED_FACE('',(#8582),#83,.T.);
#9400=ADVANCED_FACE('',(#8583),#226,.F.);
#9401=ADVANCED_FACE('',(#8584),#227,.F.);
#9402=ADVANCED_FACE('',(#8585),#8928,.T.);
#9403=ADVANCED_FACE('',(#8586),#8929,.T.);
#9404=ADVANCED_FACE('',(#8587),#8930,.T.);
#9405=ADVANCED_FACE('',(#8588),#84,.T.);
#9406=ADVANCED_FACE('',(#8589),#85,.T.);
#9407=ADVANCED_FACE('',(#8590),#86,.T.);
#9408=ADVANCED_FACE('',(#8591),#87,.T.);
#9409=ADVANCED_FACE('',(#8592),#8931,.T.);
#9410=ADVANCED_FACE('',(#8593),#8932,.T.);
#9411=ADVANCED_FACE('',(#8594),#8933,.T.);
#9412=ADVANCED_FACE('',(#8595),#88,.T.);
#9413=ADVANCED_FACE('',(#8596),#89,.T.);
#9414=ADVANCED_FACE('',(#8597),#8934,.T.);
#9415=ADVANCED_FACE('',(#8598),#228,.F.);
#9416=ADVANCED_FACE('',(#8599),#8935,.T.);
#9417=ADVANCED_FACE('',(#8600),#8936,.T.);
#9418=ADVANCED_FACE('',(#8601),#8937,.T.);
#9419=ADVANCED_FACE('',(#8602),#8938,.T.);
#9420=ADVANCED_FACE('',(#8603),#8939,.T.);
#9421=ADVANCED_FACE('',(#8604),#8940,.T.);
#9422=ADVANCED_FACE('',(#8605),#8941,.T.);
#9423=ADVANCED_FACE('',(#8606),#229,.F.);
#9424=ADVANCED_FACE('',(#8607),#8942,.T.);
#9425=ADVANCED_FACE('',(#8608),#8943,.T.);
#9426=ADVANCED_FACE('',(#8609),#8944,.T.);
#9427=ADVANCED_FACE('',(#8610),#8945,.T.);
#9428=ADVANCED_FACE('',(#8611),#8946,.T.);
#9429=ADVANCED_FACE('',(#8612),#8947,.T.);
#9430=ADVANCED_FACE('',(#8613),#8948,.T.);
#9431=ADVANCED_FACE('',(#8614),#8949,.T.);
#9432=ADVANCED_FACE('',(#8615),#8950,.T.);
#9433=ADVANCED_FACE('',(#8616),#8951,.T.);
#9434=ADVANCED_FACE('',(#8617),#8952,.T.);
#9435=ADVANCED_FACE('',(#8618),#8953,.T.);
#9436=ADVANCED_FACE('',(#8619),#8954,.T.);
#9437=ADVANCED_FACE('',(#8620),#8955,.T.);
#9438=ADVANCED_FACE('',(#8621),#8956,.T.);
#9439=ADVANCED_FACE('',(#8622),#8957,.T.);
#9440=ADVANCED_FACE('',(#8623),#8958,.T.);
#9441=ADVANCED_FACE('',(#8624),#8959,.T.);
#9442=ADVANCED_FACE('',(#8625),#8960,.T.);
#9443=ADVANCED_FACE('',(#8626),#8961,.T.);
#9444=ADVANCED_FACE('',(#8627),#8962,.T.);
#9445=ADVANCED_FACE('',(#8628),#8963,.T.);
#9446=ADVANCED_FACE('',(#8629),#8964,.T.);
#9447=ADVANCED_FACE('',(#8630),#8965,.T.);
#9448=ADVANCED_FACE('',(#8631),#8966,.T.);
#9449=ADVANCED_FACE('',(#8632),#8967,.T.);
#9450=ADVANCED_FACE('',(#8633),#8968,.T.);
#9451=ADVANCED_FACE('',(#8634),#8969,.T.);
#9452=ADVANCED_FACE('',(#8635),#8970,.T.);
#9453=ADVANCED_FACE('',(#8636),#8971,.T.);
#9454=ADVANCED_FACE('',(#8637),#8972,.T.);
#9455=ADVANCED_FACE('',(#8638),#230,.F.);
#9456=ADVANCED_FACE('',(#8639),#8973,.T.);
#9457=ADVANCED_FACE('',(#8640),#8974,.T.);
#9458=ADVANCED_FACE('',(#8641),#8975,.T.);
#9459=ADVANCED_FACE('',(#8642),#8976,.T.);
#9460=ADVANCED_FACE('',(#8643),#8977,.T.);
#9461=ADVANCED_FACE('',(#8644),#231,.F.);
#9462=ADVANCED_FACE('',(#8645),#8978,.T.);
#9463=ADVANCED_FACE('',(#8646),#8979,.T.);
#9464=ADVANCED_FACE('',(#8647),#8980,.T.);
#9465=ADVANCED_FACE('',(#8648),#8981,.T.);
#9466=ADVANCED_FACE('',(#8649),#8982,.T.);
#9467=ADVANCED_FACE('',(#8650,#8651),#232,.F.);
#9468=ADVANCED_FACE('',(#8652),#8983,.T.);
#9469=ADVANCED_FACE('',(#8653,#8654),#233,.F.);
#9470=ADVANCED_FACE('',(#8655),#8984,.T.);
#9471=ADVANCED_FACE('',(#8656),#8985,.T.);
#9472=ADVANCED_FACE('',(#8657),#8986,.F.);
#9473=ADVANCED_FACE('',(#8658),#8987,.F.);
#9474=ADVANCED_FACE('',(#8659),#8988,.F.);
#9475=ADVANCED_FACE('',(#8660),#8989,.F.);
#9476=ADVANCED_FACE('',(#8661),#16,.T.);
#9477=ADVANCED_FACE('',(#8662),#17,.T.);
#9478=ADVANCED_FACE('',(#8663),#234,.T.);
#9479=ADVANCED_FACE('',(#8664),#14,.T.);
#9480=ADVANCED_FACE('',(#8665),#235,.T.);
#9481=ADVANCED_FACE('',(#8666),#18,.T.);
#9482=ADVANCED_FACE('',(#8667),#19,.T.);
#9483=ADVANCED_FACE('',(#8668),#20,.T.);
#9484=ADVANCED_FACE('',(#8669),#21,.T.);
#9485=ADVANCED_FACE('',(#8670),#236,.T.);
#9486=ADVANCED_FACE('',(#8671),#15,.T.);
#9487=ADVANCED_FACE('',(#8672),#22,.T.);
#9488=ADVANCED_FACE('',(#8673),#23,.T.);
#9489=ADVANCED_FACE('',(#8674),#24,.T.);
#9490=ADVANCED_FACE('',(#8675),#25,.T.);
#9491=ADVANCED_FACE('',(#8676),#26,.T.);
#9492=ADVANCED_FACE('',(#8677),#27,.T.);
#9493=ADVANCED_FACE('',(#8678),#12,.T.);
#9494=ADVANCED_FACE('',(#8679),#28,.T.);
#9495=ADVANCED_FACE('',(#8680),#29,.T.);
#9496=ADVANCED_FACE('',(#8681),#237,.T.);
#9497=ADVANCED_FACE('',(#8682),#238,.T.);
#9498=ADVANCED_FACE('',(#8683),#30,.T.);
#9499=ADVANCED_FACE('',(#8684),#31,.T.);
#9500=ADVANCED_FACE('',(#8685),#13,.T.);
#9501=ADVANCED_FACE('',(#8686),#32,.T.);
#9502=ADVANCED_FACE('',(#8687),#33,.T.);
#9503=ADVANCED_FACE('',(#8688),#239,.T.);
#9504=ADVANCED_FACE('',(#8689),#240,.T.);
#9505=ADVANCED_FACE('',(#8690),#34,.T.);
#9506=ADVANCED_FACE('',(#8691),#241,.T.);
#9507=ADVANCED_FACE('',(#8692),#35,.T.);
#9508=CLOSED_SHELL('',(#8990,#8991,#8992,#8993,#8994,#8995,#8996,#8997,
#8998,#8999,#9000,#9001,#9002,#9003,#9004,#9005,#9006,#9007,#9008,#9009,
#9010,#9011,#9012,#9013,#9014,#9015,#9016,#9017,#9018,#9019,#9020,#9021,
#9022,#9023,#9024,#9025,#9026,#9027,#9028,#9029,#9030,#9031,#9032,#9033,
#9034,#9035,#9036,#9037,#9038,#9039,#9040,#9041,#9042,#9043,#9044,#9045,
#9046,#9047,#9048,#9049,#9050,#9051,#9052,#9053,#9054,#9055,#9056,#9057,
#9058,#9059,#9060,#9061,#9062,#9063,#9064,#9065,#9066,#9067,#9068,#9069,
#9070,#9071,#9072,#9073,#9074,#9075,#9076,#9077,#9078,#9079,#9080,#9081,
#9082,#9083,#9084,#9085,#9086,#9087,#9088,#9089,#9090,#9091,#9092,#9093,
#9094,#9095,#9096,#9097,#9098,#9099,#9100,#9101,#9102,#9103,#9104,#9105,
#9106,#9107,#9108,#9109,#9110,#9111,#9112,#9113,#9114,#9115,#9116,#9117,
#9118,#9119,#9120,#9121,#9122,#9123,#9124,#9125,#9126,#9127,#9128,#9129,
#9130,#9131,#9132,#9133,#9134,#9135,#9136,#9137,#9138,#9139,#9140,#9141,
#9142,#9143,#9144,#9145,#9146,#9147,#9148,#9149,#9150,#9151,#9152,#9153,
#9154,#9155,#9156,#9157,#9158,#9159,#9160,#9161,#9162,#9163,#9164,#9165,
#9166,#9167,#9168,#9169,#9170,#9171,#9172,#9173,#9174,#9175,#9176,#9177,
#9178,#9179,#9180,#9181,#9182,#9183,#9184,#9185,#9186,#9187,#9188,#9189,
#9190,#9191,#9192,#9193,#9194,#9195,#9196,#9197,#9198,#9199,#9200,#9201,
#9202,#9203,#9204,#9205,#9206,#9207,#9208,#9209,#9210,#9211,#9212,#9213,
#9214,#9215,#9216,#9217,#9218,#9219,#9220,#9221,#9222,#9223,#9224,#9225,
#9226,#9227,#9228,#9229,#9230,#9231,#9232,#9233,#9234,#9235,#9236,#9237,
#9238,#9239,#9240,#9241,#9242,#9243,#9244,#9245,#9246,#9247,#9248,#9249,
#9250,#9251,#9252,#9253,#9254,#9255,#9256,#9257,#9258,#9259,#9260,#9261,
#9262,#9263,#9264,#9265,#9266,#9267,#9268,#9269,#9270,#9271,#9272,#9273,
#9274,#9275,#9276,#9277,#9278,#9279,#9280,#9281,#9282,#9283,#9284,#9285,
#9286,#9287,#9288,#9289,#9290,#9291,#9292,#9293,#9294,#9295,#9296,#9297,
#9298,#9299,#9300,#9301,#9302,#9303,#9304,#9305,#9306,#9307,#9308,#9309,
#9310,#9311,#9312,#9313,#9314,#9315,#9316,#9317,#9318,#9319,#9320,#9321,
#9322,#9323,#9324,#9325,#9326,#9327,#9328,#9329,#9330,#9331,#9332,#9333,
#9334,#9335,#9336,#9337,#9338,#9339,#9340,#9341,#9342,#9343,#9344,#9345,
#9346,#9347,#9348,#9349,#9350,#9351,#9352,#9353,#9354,#9355,#9356,#9357,
#9358,#9359,#9360,#9361,#9362,#9363,#9364,#9365,#9366,#9367,#9368,#9369,
#9370,#9371,#9372,#9373,#9374,#9375,#9376,#9377,#9378,#9379,#9380,#9381,
#9382,#9383,#9384,#9385,#9386,#9387,#9388,#9389,#9390,#9391,#9392,#9393,
#9394,#9395,#9396,#9397,#9398,#9399,#9400,#9401,#9402,#9403,#9404,#9405,
#9406,#9407,#9408,#9409,#9410,#9411,#9412,#9413,#9414,#9415,#9416,#9417,
#9418,#9419,#9420,#9421,#9422,#9423,#9424,#9425,#9426,#9427,#9428,#9429,
#9430,#9431,#9432,#9433,#9434,#9435,#9436,#9437,#9438,#9439,#9440,#9441,
#9442,#9443,#9444,#9445,#9446,#9447,#9448,#9449,#9450,#9451,#9452,#9453,
#9454,#9455,#9456,#9457,#9458,#9459,#9460,#9461,#9462,#9463,#9464,#9465,
#9466,#9467,#9468,#9469,#9470,#9471,#9472,#9473,#9474,#9475,#9476,#9477,
#9478,#9479,#9480,#9481,#9482,#9483,#9484,#9485,#9486,#9487,#9488,#9489,
#9490,#9491,#9492,#9493,#9494,#9495,#9496,#9497,#9498,#9499,#9500,#9501,
#9502,#9503,#9504,#9505,#9506,#9507));
#9509=STYLED_ITEM('',(#9510),#9517);
#9510=PRESENTATION_STYLE_ASSIGNMENT((#9511));
#9511=SURFACE_STYLE_USAGE(.BOTH.,#9512);
#9512=SURFACE_SIDE_STYLE('',(#9513));
#9513=SURFACE_STYLE_FILL_AREA(#9514);
#9514=FILL_AREA_STYLE('',(#9515));
#9515=FILL_AREA_STYLE_COLOUR('',#9516);
#9516=COLOUR_RGB('',0.647058823529412,0.647058823529412,0.647058823529412);
#9517=MANIFOLD_SOLID_BREP('Part 1',#9508);
#9518=SHAPE_DEFINITION_REPRESENTATION(#16706,#9519);
#9519=SHAPE_REPRESENTATION('Part 1',(#9520),#16701);
#9520=AXIS2_PLACEMENT_3D('',#12697,#10277,#10278);
#9521=AXIS2_PLACEMENT_3D('',#12698,#10279,#10280);
#9522=AXIS2_PLACEMENT_3D('',#12707,#10285,#10286);
#9523=AXIS2_PLACEMENT_3D('',#12720,#10293,#10294);
#9524=AXIS2_PLACEMENT_3D('',#12734,#10295,#10296);
#9525=AXIS2_PLACEMENT_3D('',#12762,#10299,#10300);
#9526=AXIS2_PLACEMENT_3D('',#12810,#10314,#10315);
#9527=AXIS2_PLACEMENT_3D('',#12815,#10317,#10318);
#9528=AXIS2_PLACEMENT_3D('',#12817,#10319,#10320);
#9529=AXIS2_PLACEMENT_3D('',#12827,#10321,#10322);
#9530=AXIS2_PLACEMENT_3D('',#12829,#10323,#10324);
#9531=AXIS2_PLACEMENT_3D('',#12833,#10326,#10327);
#9532=AXIS2_PLACEMENT_3D('',#12835,#10328,#10329);
#9533=AXIS2_PLACEMENT_3D('',#12841,#10330,#10331);
#9534=AXIS2_PLACEMENT_3D('',#12843,#10332,#10333);
#9535=AXIS2_PLACEMENT_3D('',#12845,#10334,#10335);
#9536=AXIS2_PLACEMENT_3D('',#12847,#10336,#10337);
#9537=AXIS2_PLACEMENT_3D('',#12849,#10338,#10339);
#9538=AXIS2_PLACEMENT_3D('',#12851,#10340,#10341);
#9539=AXIS2_PLACEMENT_3D('',#12853,#10342,#10343);
#9540=AXIS2_PLACEMENT_3D('',#12863,#10344,#10345);
#9541=AXIS2_PLACEMENT_3D('',#12867,#10347,#10348);
#9542=AXIS2_PLACEMENT_3D('',#12869,#10349,#10350);
#9543=AXIS2_PLACEMENT_3D('',#12875,#10351,#10352);
#9544=AXIS2_PLACEMENT_3D('',#12877,#10353,#10354);
#9545=AXIS2_PLACEMENT_3D('',#12879,#10355,#10356);
#9546=AXIS2_PLACEMENT_3D('',#12881,#10357,#10358);
#9547=AXIS2_PLACEMENT_3D('',#12953,#10390,#10391);
#9548=AXIS2_PLACEMENT_3D('',#12959,#10392,#10393);
#9549=AXIS2_PLACEMENT_3D('',#12963,#10395,#10396);
#9550=AXIS2_PLACEMENT_3D('',#12965,#10397,#10398);
#9551=AXIS2_PLACEMENT_3D('',#12987,#10401,#10402);
#9552=AXIS2_PLACEMENT_3D('',#13011,#10412,#10413);
#9553=AXIS2_PLACEMENT_3D('',#13015,#10415,#10416);
#9554=AXIS2_PLACEMENT_3D('',#13019,#10418,#10419);
#9555=AXIS2_PLACEMENT_3D('',#13023,#10421,#10422);
#9556=AXIS2_PLACEMENT_3D('',#13027,#10424,#10425);
#9557=AXIS2_PLACEMENT_3D('',#13028,#10426,#10427);
#9558=AXIS2_PLACEMENT_3D('',#13030,#10428,#10429);
#9559=AXIS2_PLACEMENT_3D('',#13032,#10430,#10431);
#9560=AXIS2_PLACEMENT_3D('',#13034,#10432,#10433);
#9561=AXIS2_PLACEMENT_3D('',#13039,#10435,#10436);
#9562=AXIS2_PLACEMENT_3D('',#13043,#10438,#10439);
#9563=AXIS2_PLACEMENT_3D('',#13047,#10441,#10442);
#9564=AXIS2_PLACEMENT_3D('',#13051,#10444,#10445);
#9565=AXIS2_PLACEMENT_3D('',#13054,#10447,#10448);
#9566=AXIS2_PLACEMENT_3D('',#13056,#10449,#10450);
#9567=AXIS2_PLACEMENT_3D('',#13061,#10452,#10453);
#9568=AXIS2_PLACEMENT_3D('',#13065,#10455,#10456);
#9569=AXIS2_PLACEMENT_3D('',#13069,#10458,#10459);
#9570=AXIS2_PLACEMENT_3D('',#13073,#10461,#10462);
#9571=AXIS2_PLACEMENT_3D('',#13076,#10464,#10465);
#9572=AXIS2_PLACEMENT_3D('',#13078,#10466,#10467);
#9573=AXIS2_PLACEMENT_3D('',#13080,#10468,#10469);
#9574=AXIS2_PLACEMENT_3D('',#13085,#10471,#10472);
#9575=AXIS2_PLACEMENT_3D('',#13089,#10474,#10475);
#9576=AXIS2_PLACEMENT_3D('',#13093,#10477,#10478);
#9577=AXIS2_PLACEMENT_3D('',#13097,#10480,#10481);
#9578=AXIS2_PLACEMENT_3D('',#13101,#10483,#10484);
#9579=AXIS2_PLACEMENT_3D('',#13102,#10485,#10486);
#9580=AXIS2_PLACEMENT_3D('',#13105,#10487,#10488);
#9581=AXIS2_PLACEMENT_3D('',#13107,#10489,#10490);
#9582=AXIS2_PLACEMENT_3D('',#13131,#10498,#10499);
#9583=AXIS2_PLACEMENT_3D('',#13164,#10516,#10517);
#9584=AXIS2_PLACEMENT_3D('',#13167,#10518,#10519);
#9585=AXIS2_PLACEMENT_3D('',#13187,#10521,#10522);
#9586=AXIS2_PLACEMENT_3D('',#13189,#10523,#10524);
#9587=AXIS2_PLACEMENT_3D('',#13199,#10525,#10526);
#9588=AXIS2_PLACEMENT_3D('',#13201,#10527,#10528);
#9589=AXIS2_PLACEMENT_3D('',#13203,#10529,#10530);
#9590=AXIS2_PLACEMENT_3D('',#13205,#10531,#10532);
#9591=AXIS2_PLACEMENT_3D('',#13209,#10534,#10535);
#9592=AXIS2_PLACEMENT_3D('',#13211,#10536,#10537);
#9593=AXIS2_PLACEMENT_3D('',#13221,#10538,#10539);
#9594=AXIS2_PLACEMENT_3D('',#13223,#10540,#10541);
#9595=AXIS2_PLACEMENT_3D('',#13227,#10543,#10544);
#9596=AXIS2_PLACEMENT_3D('',#13229,#10545,#10546);
#9597=AXIS2_PLACEMENT_3D('',#13235,#10547,#10548);
#9598=AXIS2_PLACEMENT_3D('',#13237,#10549,#10550);
#9599=AXIS2_PLACEMENT_3D('',#13239,#10551,#10552);
#9600=AXIS2_PLACEMENT_3D('',#13244,#10553,#10554);
#9601=AXIS2_PLACEMENT_3D('',#13287,#10561,#10562);
#9602=AXIS2_PLACEMENT_3D('',#13291,#10564,#10565);
#9603=AXIS2_PLACEMENT_3D('',#13307,#10573,#10574);
#9604=AXIS2_PLACEMENT_3D('',#13355,#10598,#10599);
#9605=AXIS2_PLACEMENT_3D('',#13367,#10605,#10606);
#9606=AXIS2_PLACEMENT_3D('',#13384,#10615,#10616);
#9607=AXIS2_PLACEMENT_3D('',#13393,#10621,#10622);
#9608=AXIS2_PLACEMENT_3D('',#13394,#10623,#10624);
#9609=AXIS2_PLACEMENT_3D('',#13396,#10625,#10626);
#9610=AXIS2_PLACEMENT_3D('',#13399,#10628,#10629);
#9611=AXIS2_PLACEMENT_3D('',#13405,#10633,#10634);
#9612=AXIS2_PLACEMENT_3D('',#13406,#10635,#10636);
#9613=AXIS2_PLACEMENT_3D('',#13407,#10637,#10638);
#9614=AXIS2_PLACEMENT_3D('',#13408,#10639,#10640);
#9615=AXIS2_PLACEMENT_3D('',#13417,#10645,#10646);
#9616=AXIS2_PLACEMENT_3D('',#13418,#10647,#10648);
#9617=AXIS2_PLACEMENT_3D('',#13420,#10649,#10650);
#9618=AXIS2_PLACEMENT_3D('',#13423,#10652,#10653);
#9619=AXIS2_PLACEMENT_3D('',#13429,#10657,#10658);
#9620=AXIS2_PLACEMENT_3D('',#13430,#10659,#10660);
#9621=AXIS2_PLACEMENT_3D('',#13431,#10661,#10662);
#9622=AXIS2_PLACEMENT_3D('',#13432,#10663,#10664);
#9623=AXIS2_PLACEMENT_3D('',#13441,#10669,#10670);
#9624=AXIS2_PLACEMENT_3D('',#13442,#10671,#10672);
#9625=AXIS2_PLACEMENT_3D('',#13444,#10673,#10674);
#9626=AXIS2_PLACEMENT_3D('',#13447,#10676,#10677);
#9627=AXIS2_PLACEMENT_3D('',#13453,#10681,#10682);
#9628=AXIS2_PLACEMENT_3D('',#13454,#10683,#10684);
#9629=AXIS2_PLACEMENT_3D('',#13455,#10685,#10686);
#9630=AXIS2_PLACEMENT_3D('',#13456,#10687,#10688);
#9631=AXIS2_PLACEMENT_3D('',#13465,#10693,#10694);
#9632=AXIS2_PLACEMENT_3D('',#13466,#10695,#10696);
#9633=AXIS2_PLACEMENT_3D('',#13468,#10697,#10698);
#9634=AXIS2_PLACEMENT_3D('',#13471,#10700,#10701);
#9635=AXIS2_PLACEMENT_3D('',#13477,#10705,#10706);
#9636=AXIS2_PLACEMENT_3D('',#13478,#10707,#10708);
#9637=AXIS2_PLACEMENT_3D('',#13479,#10709,#10710);
#9638=AXIS2_PLACEMENT_3D('',#13480,#10711,#10712);
#9639=AXIS2_PLACEMENT_3D('',#13489,#10717,#10718);
#9640=AXIS2_PLACEMENT_3D('',#13490,#10719,#10720);
#9641=AXIS2_PLACEMENT_3D('',#13492,#10721,#10722);
#9642=AXIS2_PLACEMENT_3D('',#13495,#10724,#10725);
#9643=AXIS2_PLACEMENT_3D('',#13501,#10729,#10730);
#9644=AXIS2_PLACEMENT_3D('',#13502,#10731,#10732);
#9645=AXIS2_PLACEMENT_3D('',#13503,#10733,#10734);
#9646=AXIS2_PLACEMENT_3D('',#13504,#10735,#10736);
#9647=AXIS2_PLACEMENT_3D('',#13513,#10741,#10742);
#9648=AXIS2_PLACEMENT_3D('',#13514,#10743,#10744);
#9649=AXIS2_PLACEMENT_3D('',#13516,#10745,#10746);
#9650=AXIS2_PLACEMENT_3D('',#13519,#10748,#10749);
#9651=AXIS2_PLACEMENT_3D('',#13525,#10753,#10754);
#9652=AXIS2_PLACEMENT_3D('',#13526,#10755,#10756);
#9653=AXIS2_PLACEMENT_3D('',#13527,#10757,#10758);
#9654=AXIS2_PLACEMENT_3D('',#13528,#10759,#10760);
#9655=AXIS2_PLACEMENT_3D('',#13537,#10765,#10766);
#9656=AXIS2_PLACEMENT_3D('',#13538,#10767,#10768);
#9657=AXIS2_PLACEMENT_3D('',#13540,#10769,#10770);
#9658=AXIS2_PLACEMENT_3D('',#13543,#10772,#10773);
#9659=AXIS2_PLACEMENT_3D('',#13549,#10777,#10778);
#9660=AXIS2_PLACEMENT_3D('',#13550,#10779,#10780);
#9661=AXIS2_PLACEMENT_3D('',#13551,#10781,#10782);
#9662=AXIS2_PLACEMENT_3D('',#13552,#10783,#10784);
#9663=AXIS2_PLACEMENT_3D('',#13561,#10789,#10790);
#9664=AXIS2_PLACEMENT_3D('',#13562,#10791,#10792);
#9665=AXIS2_PLACEMENT_3D('',#13564,#10793,#10794);
#9666=AXIS2_PLACEMENT_3D('',#13567,#10796,#10797);
#9667=AXIS2_PLACEMENT_3D('',#13573,#10801,#10802);
#9668=AXIS2_PLACEMENT_3D('',#13574,#10803,#10804);
#9669=AXIS2_PLACEMENT_3D('',#13575,#10805,#10806);
#9670=AXIS2_PLACEMENT_3D('',#13576,#10807,#10808);
#9671=AXIS2_PLACEMENT_3D('',#13585,#10813,#10814);
#9672=AXIS2_PLACEMENT_3D('',#13586,#10815,#10816);
#9673=AXIS2_PLACEMENT_3D('',#13588,#10817,#10818);
#9674=AXIS2_PLACEMENT_3D('',#13591,#10820,#10821);
#9675=AXIS2_PLACEMENT_3D('',#13597,#10825,#10826);
#9676=AXIS2_PLACEMENT_3D('',#13598,#10827,#10828);
#9677=AXIS2_PLACEMENT_3D('',#13599,#10829,#10830);
#9678=AXIS2_PLACEMENT_3D('',#13600,#10831,#10832);
#9679=AXIS2_PLACEMENT_3D('',#13609,#10837,#10838);
#9680=AXIS2_PLACEMENT_3D('',#13610,#10839,#10840);
#9681=AXIS2_PLACEMENT_3D('',#13612,#10841,#10842);
#9682=AXIS2_PLACEMENT_3D('',#13615,#10844,#10845);
#9683=AXIS2_PLACEMENT_3D('',#13621,#10849,#10850);
#9684=AXIS2_PLACEMENT_3D('',#13622,#10851,#10852);
#9685=AXIS2_PLACEMENT_3D('',#13623,#10853,#10854);
#9686=AXIS2_PLACEMENT_3D('',#13624,#10855,#10856);
#9687=AXIS2_PLACEMENT_3D('',#13633,#10861,#10862);
#9688=AXIS2_PLACEMENT_3D('',#13634,#10863,#10864);
#9689=AXIS2_PLACEMENT_3D('',#13636,#10865,#10866);
#9690=AXIS2_PLACEMENT_3D('',#13639,#10868,#10869);
#9691=AXIS2_PLACEMENT_3D('',#13645,#10873,#10874);
#9692=AXIS2_PLACEMENT_3D('',#13646,#10875,#10876);
#9693=AXIS2_PLACEMENT_3D('',#13647,#10877,#10878);
#9694=AXIS2_PLACEMENT_3D('',#13648,#10879,#10880);
#9695=AXIS2_PLACEMENT_3D('',#13649,#10881,#10882);
#9696=AXIS2_PLACEMENT_3D('',#13651,#10883,#10884);
#9697=AXIS2_PLACEMENT_3D('',#13656,#10886,#10887);
#9698=AXIS2_PLACEMENT_3D('',#13660,#10889,#10890);
#9699=AXIS2_PLACEMENT_3D('',#13664,#10892,#10893);
#9700=AXIS2_PLACEMENT_3D('',#13668,#10895,#10896);
#9701=AXIS2_PLACEMENT_3D('',#13669,#10897,#10898);
#9702=AXIS2_PLACEMENT_3D('',#13674,#10900,#10901);
#9703=AXIS2_PLACEMENT_3D('',#13680,#10904,#10905);
#9704=AXIS2_PLACEMENT_3D('',#13684,#10907,#10908);
#9705=AXIS2_PLACEMENT_3D('',#13688,#10910,#10911);
#9706=AXIS2_PLACEMENT_3D('',#13692,#10913,#10914);
#9707=AXIS2_PLACEMENT_3D('',#13696,#10916,#10917);
#9708=AXIS2_PLACEMENT_3D('',#13700,#10919,#10920);
#9709=AXIS2_PLACEMENT_3D('',#13701,#10921,#10922);
#9710=AXIS2_PLACEMENT_3D('',#13703,#10923,#10924);
#9711=AXIS2_PLACEMENT_3D('',#13705,#10925,#10926);
#9712=AXIS2_PLACEMENT_3D('',#13707,#10927,#10928);
#9713=AXIS2_PLACEMENT_3D('',#13714,#10929,#10930);
#9714=AXIS2_PLACEMENT_3D('',#13720,#10933,#10934);
#9715=AXIS2_PLACEMENT_3D('',#13740,#10944,#10945);
#9716=AXIS2_PLACEMENT_3D('',#13748,#10949,#10950);
#9717=AXIS2_PLACEMENT_3D('',#13758,#10951,#10952);
#9718=AXIS2_PLACEMENT_3D('',#13790,#10961,#10962);
#9719=AXIS2_PLACEMENT_3D('',#13802,#10964,#10965);
#9720=AXIS2_PLACEMENT_3D('',#13806,#10967,#10968);
#9721=AXIS2_PLACEMENT_3D('',#13810,#10970,#10971);
#9722=AXIS2_PLACEMENT_3D('',#13814,#10973,#10974);
#9723=AXIS2_PLACEMENT_3D('',#13818,#10976,#10977);
#9724=AXIS2_PLACEMENT_3D('',#13822,#10979,#10980);
#9725=AXIS2_PLACEMENT_3D('',#13826,#10982,#10983);
#9726=AXIS2_PLACEMENT_3D('',#13830,#10985,#10986);
#9727=AXIS2_PLACEMENT_3D('',#13834,#10988,#10989);
#9728=AXIS2_PLACEMENT_3D('',#13838,#10991,#10992);
#9729=AXIS2_PLACEMENT_3D('',#13839,#10993,#10994);
#9730=AXIS2_PLACEMENT_3D('',#13845,#10998,#10999);
#9731=AXIS2_PLACEMENT_3D('',#13851,#11003,#11004);
#9732=AXIS2_PLACEMENT_3D('',#13860,#11009,#11010);
#9733=AXIS2_PLACEMENT_3D('',#13869,#11015,#11016);
#9734=AXIS2_PLACEMENT_3D('',#13878,#11021,#11022);
#9735=AXIS2_PLACEMENT_3D('',#13879,#11023,#11024);
#9736=AXIS2_PLACEMENT_3D('',#13883,#11026,#11027);
#9737=AXIS2_PLACEMENT_3D('',#13886,#11030,#11031);
#9738=AXIS2_PLACEMENT_3D('',#13892,#11035,#11036);
#9739=AXIS2_PLACEMENT_3D('',#13922,#11053,#11054);
#9740=AXIS2_PLACEMENT_3D('',#13923,#11055,#11056);
#9741=AXIS2_PLACEMENT_3D('',#13925,#11057,#11058);
#9742=AXIS2_PLACEMENT_3D('',#13926,#11059,#11060);
#9743=AXIS2_PLACEMENT_3D('',#13927,#11061,#11062);
#9744=AXIS2_PLACEMENT_3D('',#13938,#11069,#11070);
#9745=AXIS2_PLACEMENT_3D('',#13942,#11074,#11075);
#9746=AXIS2_PLACEMENT_3D('',#13975,#11080,#11081);
#9747=AXIS2_PLACEMENT_3D('',#13978,#11083,#11084);
#9748=AXIS2_PLACEMENT_3D('',#13979,#11085,#11086);
#9749=AXIS2_PLACEMENT_3D('',#14006,#11089,#11090);
#9750=AXIS2_PLACEMENT_3D('',#14054,#11102,#11103);
#9751=AXIS2_PLACEMENT_3D('',#14061,#11105,#11106);
#9752=AXIS2_PLACEMENT_3D('',#14064,#11108,#11109);
#9753=AXIS2_PLACEMENT_3D('',#14092,#11111,#11112);
#9754=AXIS2_PLACEMENT_3D('',#14093,#11113,#11114);
#9755=AXIS2_PLACEMENT_3D('',#14095,#11115,#11116);
#9756=AXIS2_PLACEMENT_3D('',#14097,#11117,#11118);
#9757=AXIS2_PLACEMENT_3D('',#14098,#11119,#11120);
#9758=AXIS2_PLACEMENT_3D('',#14099,#11121,#11122);
#9759=AXIS2_PLACEMENT_3D('',#14101,#11123,#11124);
#9760=AXIS2_PLACEMENT_3D('',#14103,#11125,#11126);
#9761=AXIS2_PLACEMENT_3D('',#14104,#11127,#11128);
#9762=AXIS2_PLACEMENT_3D('',#14105,#11129,#11130);
#9763=AXIS2_PLACEMENT_3D('',#14107,#11131,#11132);
#9764=AXIS2_PLACEMENT_3D('',#14110,#11134,#11135);
#9765=AXIS2_PLACEMENT_3D('',#14113,#11137,#11138);
#9766=AXIS2_PLACEMENT_3D('',#14114,#11139,#11140);
#9767=AXIS2_PLACEMENT_3D('',#14115,#11141,#11142);
#9768=AXIS2_PLACEMENT_3D('',#14117,#11143,#11144);
#9769=AXIS2_PLACEMENT_3D('',#14119,#11145,#11146);
#9770=AXIS2_PLACEMENT_3D('',#14120,#11147,#11148);
#9771=AXIS2_PLACEMENT_3D('',#14121,#11149,#11150);
#9772=AXIS2_PLACEMENT_3D('',#14123,#11151,#11152);
#9773=AXIS2_PLACEMENT_3D('',#14125,#11153,#11154);
#9774=AXIS2_PLACEMENT_3D('',#14126,#11155,#11156);
#9775=AXIS2_PLACEMENT_3D('',#14127,#11157,#11158);
#9776=AXIS2_PLACEMENT_3D('',#14129,#11159,#11160);
#9777=AXIS2_PLACEMENT_3D('',#14130,#11161,#11162);
#9778=AXIS2_PLACEMENT_3D('',#14131,#11163,#11164);
#9779=AXIS2_PLACEMENT_3D('',#14133,#11165,#11166);
#9780=AXIS2_PLACEMENT_3D('',#14134,#11167,#11168);
#9781=AXIS2_PLACEMENT_3D('',#14135,#11169,#11170);
#9782=AXIS2_PLACEMENT_3D('',#14136,#11171,#11172);
#9783=AXIS2_PLACEMENT_3D('',#14137,#11173,#11174);
#9784=AXIS2_PLACEMENT_3D('',#14139,#11175,#11176);
#9785=AXIS2_PLACEMENT_3D('',#14140,#11177,#11178);
#9786=AXIS2_PLACEMENT_3D('',#14142,#11179,#11180);
#9787=AXIS2_PLACEMENT_3D('',#14143,#11181,#11182);
#9788=AXIS2_PLACEMENT_3D('',#14144,#11183,#11184);
#9789=AXIS2_PLACEMENT_3D('',#14146,#11185,#11186);
#9790=AXIS2_PLACEMENT_3D('',#14147,#11187,#11188);
#9791=AXIS2_PLACEMENT_3D('',#14148,#11189,#11190);
#9792=AXIS2_PLACEMENT_3D('',#14159,#11197,#11198);
#9793=AXIS2_PLACEMENT_3D('',#14161,#11200,#11201);
#9794=AXIS2_PLACEMENT_3D('',#14163,#11203,#11204);
#9795=AXIS2_PLACEMENT_3D('',#14165,#11206,#11207);
#9796=AXIS2_PLACEMENT_3D('',#14167,#11209,#11210);
#9797=AXIS2_PLACEMENT_3D('',#14169,#11212,#11213);
#9798=AXIS2_PLACEMENT_3D('',#14171,#11215,#11216);
#9799=AXIS2_PLACEMENT_3D('',#14173,#11218,#11219);
#9800=AXIS2_PLACEMENT_3D('',#14175,#11221,#11222);
#9801=AXIS2_PLACEMENT_3D('',#14176,#11223,#11224);
#9802=AXIS2_PLACEMENT_3D('',#14178,#11226,#11227);
#9803=AXIS2_PLACEMENT_3D('',#14179,#11228,#11229);
#9804=AXIS2_PLACEMENT_3D('',#14194,#11230,#11231);
#9805=AXIS2_PLACEMENT_3D('',#14195,#11232,#11233);
#9806=AXIS2_PLACEMENT_3D('',#14203,#11238,#11239);
#9807=AXIS2_PLACEMENT_3D('',#14205,#11241,#11242);
#9808=AXIS2_PLACEMENT_3D('',#14208,#11244,#11245);
#9809=AXIS2_PLACEMENT_3D('',#14209,#11246,#11247);
#9810=AXIS2_PLACEMENT_3D('',#14210,#11248,#11249);
#9811=AXIS2_PLACEMENT_3D('',#14213,#11251,#11252);
#9812=AXIS2_PLACEMENT_3D('',#14215,#11254,#11255);
#9813=AXIS2_PLACEMENT_3D('',#14223,#11260,#11261);
#9814=AXIS2_PLACEMENT_3D('',#14225,#11263,#11264);
#9815=AXIS2_PLACEMENT_3D('',#14226,#11265,#11266);
#9816=AXIS2_PLACEMENT_3D('',#14229,#11268,#11269);
#9817=AXIS2_PLACEMENT_3D('',#14233,#11272,#11273);
#9818=AXIS2_PLACEMENT_3D('',#14234,#11274,#11275);
#9819=AXIS2_PLACEMENT_3D('',#14235,#11276,#11277);
#9820=AXIS2_PLACEMENT_3D('',#14241,#11281,#11282);
#9821=AXIS2_PLACEMENT_3D('',#14244,#11284,#11285);
#9822=AXIS2_PLACEMENT_3D('',#14245,#11286,#11287);
#9823=AXIS2_PLACEMENT_3D('',#14249,#11290,#11291);
#9824=AXIS2_PLACEMENT_3D('',#14250,#11292,#11293);
#9825=AXIS2_PLACEMENT_3D('',#14251,#11294,#11295);
#9826=AXIS2_PLACEMENT_3D('',#14252,#11296,#11297);
#9827=AXIS2_PLACEMENT_3D('',#14258,#11301,#11302);
#9828=AXIS2_PLACEMENT_3D('',#14261,#11304,#11305);
#9829=AXIS2_PLACEMENT_3D('',#14262,#11306,#11307);
#9830=AXIS2_PLACEMENT_3D('',#14266,#11310,#11311);
#9831=AXIS2_PLACEMENT_3D('',#14267,#11312,#11313);
#9832=AXIS2_PLACEMENT_3D('',#14268,#11314,#11315);
#9833=AXIS2_PLACEMENT_3D('',#14269,#11316,#11317);
#9834=AXIS2_PLACEMENT_3D('',#14275,#11321,#11322);
#9835=AXIS2_PLACEMENT_3D('',#14278,#11324,#11325);
#9836=AXIS2_PLACEMENT_3D('',#14279,#11326,#11327);
#9837=AXIS2_PLACEMENT_3D('',#14283,#11330,#11331);
#9838=AXIS2_PLACEMENT_3D('',#14284,#11332,#11333);
#9839=AXIS2_PLACEMENT_3D('',#14285,#11334,#11335);
#9840=AXIS2_PLACEMENT_3D('',#14286,#11336,#11337);
#9841=AXIS2_PLACEMENT_3D('',#14290,#11339,#11340);
#9842=AXIS2_PLACEMENT_3D('',#14294,#11342,#11343);
#9843=AXIS2_PLACEMENT_3D('',#14295,#11344,#11345);
#9844=AXIS2_PLACEMENT_3D('',#14298,#11348,#11349);
#9845=AXIS2_PLACEMENT_3D('',#14300,#11351,#11352);
#9846=AXIS2_PLACEMENT_3D('',#14302,#11354,#11355);
#9847=AXIS2_PLACEMENT_3D('',#14303,#11356,#11357);
#9848=AXIS2_PLACEMENT_3D('',#14307,#11359,#11360);
#9849=AXIS2_PLACEMENT_3D('',#14311,#11362,#11363);
#9850=AXIS2_PLACEMENT_3D('',#14312,#11364,#11365);
#9851=AXIS2_PLACEMENT_3D('',#14315,#11368,#11369);
#9852=AXIS2_PLACEMENT_3D('',#14317,#11371,#11372);
#9853=AXIS2_PLACEMENT_3D('',#14319,#11374,#11375);
#9854=AXIS2_PLACEMENT_3D('',#14320,#11376,#11377);
#9855=AXIS2_PLACEMENT_3D('',#14326,#11381,#11382);
#9856=AXIS2_PLACEMENT_3D('',#14329,#11384,#11385);
#9857=AXIS2_PLACEMENT_3D('',#14330,#11386,#11387);
#9858=AXIS2_PLACEMENT_3D('',#14334,#11390,#11391);
#9859=AXIS2_PLACEMENT_3D('',#14335,#11392,#11393);
#9860=AXIS2_PLACEMENT_3D('',#14336,#11394,#11395);
#9861=AXIS2_PLACEMENT_3D('',#14337,#11396,#11397);
#9862=AXIS2_PLACEMENT_3D('',#14343,#11401,#11402);
#9863=AXIS2_PLACEMENT_3D('',#14346,#11404,#11405);
#9864=AXIS2_PLACEMENT_3D('',#14347,#11406,#11407);
#9865=AXIS2_PLACEMENT_3D('',#14351,#11410,#11411);
#9866=AXIS2_PLACEMENT_3D('',#14352,#11412,#11413);
#9867=AXIS2_PLACEMENT_3D('',#14353,#11414,#11415);
#9868=AXIS2_PLACEMENT_3D('',#14354,#11416,#11417);
#9869=AXIS2_PLACEMENT_3D('',#14358,#11419,#11420);
#9870=AXIS2_PLACEMENT_3D('',#14362,#11422,#11423);
#9871=AXIS2_PLACEMENT_3D('',#14363,#11424,#11425);
#9872=AXIS2_PLACEMENT_3D('',#14366,#11428,#11429);
#9873=AXIS2_PLACEMENT_3D('',#14368,#11431,#11432);
#9874=AXIS2_PLACEMENT_3D('',#14370,#11434,#11435);
#9875=AXIS2_PLACEMENT_3D('',#14371,#11436,#11437);
#9876=AXIS2_PLACEMENT_3D('',#14377,#11441,#11442);
#9877=AXIS2_PLACEMENT_3D('',#14380,#11444,#11445);
#9878=AXIS2_PLACEMENT_3D('',#14381,#11446,#11447);
#9879=AXIS2_PLACEMENT_3D('',#14385,#11450,#11451);
#9880=AXIS2_PLACEMENT_3D('',#14386,#11452,#11453);
#9881=AXIS2_PLACEMENT_3D('',#14387,#11454,#11455);
#9882=AXIS2_PLACEMENT_3D('',#14388,#11456,#11457);
#9883=AXIS2_PLACEMENT_3D('',#14394,#11461,#11462);
#9884=AXIS2_PLACEMENT_3D('',#14397,#11464,#11465);
#9885=AXIS2_PLACEMENT_3D('',#14398,#11466,#11467);
#9886=AXIS2_PLACEMENT_3D('',#14402,#11470,#11471);
#9887=AXIS2_PLACEMENT_3D('',#14403,#11472,#11473);
#9888=AXIS2_PLACEMENT_3D('',#14404,#11474,#11475);
#9889=AXIS2_PLACEMENT_3D('',#14405,#11476,#11477);
#9890=AXIS2_PLACEMENT_3D('',#14411,#11481,#11482);
#9891=AXIS2_PLACEMENT_3D('',#14414,#11484,#11485);
#9892=AXIS2_PLACEMENT_3D('',#14415,#11486,#11487);
#9893=AXIS2_PLACEMENT_3D('',#14419,#11490,#11491);
#9894=AXIS2_PLACEMENT_3D('',#14420,#11492,#11493);
#9895=AXIS2_PLACEMENT_3D('',#14421,#11494,#11495);
#9896=AXIS2_PLACEMENT_3D('',#14422,#11496,#11497);
#9897=AXIS2_PLACEMENT_3D('',#14423,#11498,#11499);
#9898=AXIS2_PLACEMENT_3D('',#14425,#11500,#11501);
#9899=AXIS2_PLACEMENT_3D('',#14426,#11502,#11503);
#9900=AXIS2_PLACEMENT_3D('',#14432,#11507,#11508);
#9901=AXIS2_PLACEMENT_3D('',#14435,#11510,#11511);
#9902=AXIS2_PLACEMENT_3D('',#14436,#11512,#11513);
#9903=AXIS2_PLACEMENT_3D('',#14440,#11516,#11517);
#9904=AXIS2_PLACEMENT_3D('',#14443,#11519,#11520);
#9905=AXIS2_PLACEMENT_3D('',#14444,#11521,#11522);
#9906=AXIS2_PLACEMENT_3D('',#14448,#11525,#11526);
#9907=AXIS2_PLACEMENT_3D('',#14451,#11528,#11529);
#9908=AXIS2_PLACEMENT_3D('',#14452,#11530,#11531);
#9909=AXIS2_PLACEMENT_3D('',#14456,#11534,#11535);
#9910=AXIS2_PLACEMENT_3D('',#14459,#11537,#11538);
#9911=AXIS2_PLACEMENT_3D('',#14460,#11539,#11540);
#9912=AXIS2_PLACEMENT_3D('',#14464,#11543,#11544);
#9913=AXIS2_PLACEMENT_3D('',#14465,#11545,#11546);
#9914=AXIS2_PLACEMENT_3D('',#14466,#11547,#11548);
#9915=AXIS2_PLACEMENT_3D('',#14467,#11549,#11550);
#9916=AXIS2_PLACEMENT_3D('',#14470,#11552,#11553);
#9917=AXIS2_PLACEMENT_3D('',#14473,#11555,#11556);
#9918=AXIS2_PLACEMENT_3D('',#14477,#11559,#11560);
#9919=AXIS2_PLACEMENT_3D('',#14480,#11562,#11563);
#9920=AXIS2_PLACEMENT_3D('',#14481,#11564,#11565);
#9921=AXIS2_PLACEMENT_3D('',#14485,#11568,#11569);
#9922=AXIS2_PLACEMENT_3D('',#14488,#11571,#11572);
#9923=AXIS2_PLACEMENT_3D('',#14489,#11573,#11574);
#9924=AXIS2_PLACEMENT_3D('',#14493,#11577,#11578);
#9925=AXIS2_PLACEMENT_3D('',#14496,#11580,#11581);
#9926=AXIS2_PLACEMENT_3D('',#14497,#11582,#11583);
#9927=AXIS2_PLACEMENT_3D('',#14501,#11586,#11587);
#9928=AXIS2_PLACEMENT_3D('',#14504,#11589,#11590);
#9929=AXIS2_PLACEMENT_3D('',#14505,#11591,#11592);
#9930=AXIS2_PLACEMENT_3D('',#14507,#11594,#11595);
#9931=AXIS2_PLACEMENT_3D('',#14508,#11596,#11597);
#9932=AXIS2_PLACEMENT_3D('',#14509,#11598,#11599);
#9933=AXIS2_PLACEMENT_3D('',#14511,#11600,#11601);
#9934=AXIS2_PLACEMENT_3D('',#14512,#11602,#11603);
#9935=AXIS2_PLACEMENT_3D('',#14513,#11604,#11605);
#9936=AXIS2_PLACEMENT_3D('',#14515,#11606,#11607);
#9937=AXIS2_PLACEMENT_3D('',#14516,#11608,#11609);
#9938=AXIS2_PLACEMENT_3D('',#14517,#11610,#11611);
#9939=AXIS2_PLACEMENT_3D('',#14519,#11612,#11613);
#9940=AXIS2_PLACEMENT_3D('',#14520,#11614,#11615);
#9941=AXIS2_PLACEMENT_3D('',#14523,#11617,#11618);
#9942=AXIS2_PLACEMENT_3D('',#14526,#11620,#11621);
#9943=AXIS2_PLACEMENT_3D('',#14530,#11624,#11625);
#9944=AXIS2_PLACEMENT_3D('',#14533,#11627,#11628);
#9945=AXIS2_PLACEMENT_3D('',#14534,#11629,#11630);
#9946=AXIS2_PLACEMENT_3D('',#14538,#11633,#11634);
#9947=AXIS2_PLACEMENT_3D('',#14541,#11636,#11637);
#9948=AXIS2_PLACEMENT_3D('',#14542,#11638,#11639);
#9949=AXIS2_PLACEMENT_3D('',#14546,#11642,#11643);
#9950=AXIS2_PLACEMENT_3D('',#14549,#11645,#11646);
#9951=AXIS2_PLACEMENT_3D('',#14550,#11647,#11648);
#9952=AXIS2_PLACEMENT_3D('',#14554,#11651,#11652);
#9953=AXIS2_PLACEMENT_3D('',#14557,#11654,#11655);
#9954=AXIS2_PLACEMENT_3D('',#14558,#11656,#11657);
#9955=AXIS2_PLACEMENT_3D('',#14560,#11659,#11660);
#9956=AXIS2_PLACEMENT_3D('',#14561,#11661,#11662);
#9957=AXIS2_PLACEMENT_3D('',#14562,#11663,#11664);
#9958=AXIS2_PLACEMENT_3D('',#14564,#11665,#11666);
#9959=AXIS2_PLACEMENT_3D('',#14565,#11667,#11668);
#9960=AXIS2_PLACEMENT_3D('',#14566,#11669,#11670);
#9961=AXIS2_PLACEMENT_3D('',#14568,#11671,#11672);
#9962=AXIS2_PLACEMENT_3D('',#14569,#11673,#11674);
#9963=AXIS2_PLACEMENT_3D('',#14570,#11675,#11676);
#9964=AXIS2_PLACEMENT_3D('',#14572,#11677,#11678);
#9965=AXIS2_PLACEMENT_3D('',#14573,#11679,#11680);
#9966=AXIS2_PLACEMENT_3D('',#14576,#11682,#11683);
#9967=AXIS2_PLACEMENT_3D('',#14579,#11685,#11686);
#9968=AXIS2_PLACEMENT_3D('',#14583,#11689,#11690);
#9969=AXIS2_PLACEMENT_3D('',#14586,#11692,#11693);
#9970=AXIS2_PLACEMENT_3D('',#14587,#11694,#11695);
#9971=AXIS2_PLACEMENT_3D('',#14591,#11698,#11699);
#9972=AXIS2_PLACEMENT_3D('',#14594,#11701,#11702);
#9973=AXIS2_PLACEMENT_3D('',#14595,#11703,#11704);
#9974=AXIS2_PLACEMENT_3D('',#14599,#11707,#11708);
#9975=AXIS2_PLACEMENT_3D('',#14602,#11710,#11711);
#9976=AXIS2_PLACEMENT_3D('',#14603,#11712,#11713);
#9977=AXIS2_PLACEMENT_3D('',#14607,#11716,#11717);
#9978=AXIS2_PLACEMENT_3D('',#14610,#11719,#11720);
#9979=AXIS2_PLACEMENT_3D('',#14611,#11721,#11722);
#9980=AXIS2_PLACEMENT_3D('',#14613,#11724,#11725);
#9981=AXIS2_PLACEMENT_3D('',#14614,#11726,#11727);
#9982=AXIS2_PLACEMENT_3D('',#14620,#11731,#11732);
#9983=AXIS2_PLACEMENT_3D('',#14624,#11735,#11736);
#9984=AXIS2_PLACEMENT_3D('',#14628,#11739,#11740);
#9985=AXIS2_PLACEMENT_3D('',#14632,#11743,#11744);
#9986=AXIS2_PLACEMENT_3D('',#14636,#11747,#11748);
#9987=AXIS2_PLACEMENT_3D('',#14640,#11751,#11752);
#9988=AXIS2_PLACEMENT_3D('',#14644,#11755,#11756);
#9989=AXIS2_PLACEMENT_3D('',#14646,#11758,#11759);
#9990=AXIS2_PLACEMENT_3D('',#14647,#11760,#11761);
#9991=AXIS2_PLACEMENT_3D('',#14679,#11767,#11768);
#9992=AXIS2_PLACEMENT_3D('',#14682,#11770,#11771);
#9993=AXIS2_PLACEMENT_3D('',#14683,#11772,#11773);
#9994=AXIS2_PLACEMENT_3D('',#14713,#11778,#11779);
#9995=AXIS2_PLACEMENT_3D('',#14743,#11784,#11785);
#9996=AXIS2_PLACEMENT_3D('',#14746,#11787,#11788);
#9997=AXIS2_PLACEMENT_3D('',#14747,#11789,#11790);
#9998=AXIS2_PLACEMENT_3D('',#14750,#11792,#11793);
#9999=AXIS2_PLACEMENT_3D('',#14751,#11794,#11795);
#10000=AXIS2_PLACEMENT_3D('',#14755,#11798,#11799);
#10001=AXIS2_PLACEMENT_3D('',#14758,#11801,#11802);
#10002=AXIS2_PLACEMENT_3D('',#14772,#11804,#11805);
#10003=AXIS2_PLACEMENT_3D('',#14775,#11807,#11808);
#10004=AXIS2_PLACEMENT_3D('',#14787,#11809,#11810);
#10005=AXIS2_PLACEMENT_3D('',#14788,#11811,#11812);
#10006=AXIS2_PLACEMENT_3D('',#14794,#11816,#11817);
#10007=AXIS2_PLACEMENT_3D('',#14798,#11820,#11821);
#10008=AXIS2_PLACEMENT_3D('',#14802,#11824,#11825);
#10009=AXIS2_PLACEMENT_3D('',#14806,#11828,#11829);
#10010=AXIS2_PLACEMENT_3D('',#14810,#11832,#11833);
#10011=AXIS2_PLACEMENT_3D('',#14814,#11836,#11837);
#10012=AXIS2_PLACEMENT_3D('',#14818,#11840,#11841);
#10013=AXIS2_PLACEMENT_3D('',#14822,#11844,#11845);
#10014=AXIS2_PLACEMENT_3D('',#14826,#11848,#11849);
#10015=AXIS2_PLACEMENT_3D('',#14830,#11852,#11853);
#10016=AXIS2_PLACEMENT_3D('',#14834,#11856,#11857);
#10017=AXIS2_PLACEMENT_3D('',#14836,#11859,#11860);
#10018=AXIS2_PLACEMENT_3D('',#14837,#11861,#11862);
#10019=AXIS2_PLACEMENT_3D('',#14843,#11866,#11867);
#10020=AXIS2_PLACEMENT_3D('',#14847,#11870,#11871);
#10021=AXIS2_PLACEMENT_3D('',#14851,#11874,#11875);
#10022=AXIS2_PLACEMENT_3D('',#14855,#11878,#11879);
#10023=AXIS2_PLACEMENT_3D('',#14859,#11882,#11883);
#10024=AXIS2_PLACEMENT_3D('',#14861,#11885,#11886);
#10025=AXIS2_PLACEMENT_3D('',#14862,#11887,#11888);
#10026=AXIS2_PLACEMENT_3D('',#14868,#11892,#11893);
#10027=AXIS2_PLACEMENT_3D('',#14872,#11896,#11897);
#10028=AXIS2_PLACEMENT_3D('',#14876,#11900,#11901);
#10029=AXIS2_PLACEMENT_3D('',#14880,#11904,#11905);
#10030=AXIS2_PLACEMENT_3D('',#14884,#11908,#11909);
#10031=AXIS2_PLACEMENT_3D('',#14888,#11912,#11913);
#10032=AXIS2_PLACEMENT_3D('',#14892,#11916,#11917);
#10033=AXIS2_PLACEMENT_3D('',#14896,#11920,#11921);
#10034=AXIS2_PLACEMENT_3D('',#14900,#11924,#11925);
#10035=AXIS2_PLACEMENT_3D('',#14904,#11928,#11929);
#10036=AXIS2_PLACEMENT_3D('',#14908,#11932,#11933);
#10037=AXIS2_PLACEMENT_3D('',#14910,#11935,#11936);
#10038=AXIS2_PLACEMENT_3D('',#14911,#11937,#11938);
#10039=AXIS2_PLACEMENT_3D('',#14917,#11942,#11943);
#10040=AXIS2_PLACEMENT_3D('',#14920,#11945,#11946);
#10041=AXIS2_PLACEMENT_3D('',#14921,#11947,#11948);
#10042=AXIS2_PLACEMENT_3D('',#14924,#11950,#11951);
#10043=AXIS2_PLACEMENT_3D('',#14925,#11952,#11953);
#10044=AXIS2_PLACEMENT_3D('',#14928,#11955,#11956);
#10045=AXIS2_PLACEMENT_3D('',#14929,#11957,#11958);
#10046=AXIS2_PLACEMENT_3D('',#14932,#11960,#11961);
#10047=AXIS2_PLACEMENT_3D('',#14933,#11962,#11963);
#10048=AXIS2_PLACEMENT_3D('',#14936,#11965,#11966);
#10049=AXIS2_PLACEMENT_3D('',#14950,#11968,#11969);
#10050=AXIS2_PLACEMENT_3D('',#14953,#11971,#11972);
#10051=AXIS2_PLACEMENT_3D('',#14954,#11973,#11974);
#10052=AXIS2_PLACEMENT_3D('',#14957,#11976,#11977);
#10053=AXIS2_PLACEMENT_3D('',#14958,#11978,#11979);
#10054=AXIS2_PLACEMENT_3D('',#14962,#11982,#11983);
#10055=AXIS2_PLACEMENT_3D('',#14965,#11985,#11986);
#10056=AXIS2_PLACEMENT_3D('',#14992,#11989,#11990);
#10057=AXIS2_PLACEMENT_3D('',#14995,#11992,#11993);
#10058=AXIS2_PLACEMENT_3D('',#14996,#11994,#11995);
#10059=AXIS2_PLACEMENT_3D('',#14999,#11997,#11998);
#10060=AXIS2_PLACEMENT_3D('',#15000,#11999,#12000);
#10061=AXIS2_PLACEMENT_3D('',#15003,#12002,#12003);
#10062=AXIS2_PLACEMENT_3D('',#15004,#12004,#12005);
#10063=AXIS2_PLACEMENT_3D('',#15007,#12007,#12008);
#10064=AXIS2_PLACEMENT_3D('',#15008,#12009,#12010);
#10065=AXIS2_PLACEMENT_3D('',#15011,#12012,#12013);
#10066=AXIS2_PLACEMENT_3D('',#15012,#12014,#12015);
#10067=AXIS2_PLACEMENT_3D('',#15015,#12017,#12018);
#10068=AXIS2_PLACEMENT_3D('',#15016,#12019,#12020);
#10069=AXIS2_PLACEMENT_3D('',#15019,#12022,#12023);
#10070=AXIS2_PLACEMENT_3D('',#15033,#12025,#12026);
#10071=AXIS2_PLACEMENT_3D('',#15036,#12028,#12029);
#10072=AXIS2_PLACEMENT_3D('',#15037,#12030,#12031);
#10073=AXIS2_PLACEMENT_3D('',#15040,#12033,#12034);
#10074=AXIS2_PLACEMENT_3D('',#15041,#12035,#12036);
#10075=AXIS2_PLACEMENT_3D('',#15045,#12039,#12040);
#10076=AXIS2_PLACEMENT_3D('',#15048,#12042,#12043);
#10077=AXIS2_PLACEMENT_3D('',#15049,#12044,#12045);
#10078=AXIS2_PLACEMENT_3D('',#15052,#12047,#12048);
#10079=AXIS2_PLACEMENT_3D('',#15079,#12051,#12052);
#10080=AXIS2_PLACEMENT_3D('',#15082,#12054,#12055);
#10081=AXIS2_PLACEMENT_3D('',#15083,#12056,#12057);
#10082=AXIS2_PLACEMENT_3D('',#15084,#12058,#12059);
#10083=AXIS2_PLACEMENT_3D('',#15085,#12060,#12061);
#10084=AXIS2_PLACEMENT_3D('',#15086,#12062,#12063);
#10085=AXIS2_PLACEMENT_3D('',#15092,#12067,#12068);
#10086=AXIS2_PLACEMENT_3D('',#15096,#12071,#12072);
#10087=AXIS2_PLACEMENT_3D('',#15100,#12075,#12076);
#10088=AXIS2_PLACEMENT_3D('',#15104,#12079,#12080);
#10089=AXIS2_PLACEMENT_3D('',#15108,#12083,#12084);
#10090=AXIS2_PLACEMENT_3D('',#15112,#12087,#12088);
#10091=AXIS2_PLACEMENT_3D('',#15116,#12091,#12092);
#10092=AXIS2_PLACEMENT_3D('',#15118,#12094,#12095);
#10093=AXIS2_PLACEMENT_3D('',#15119,#12096,#12097);
#10094=AXIS2_PLACEMENT_3D('',#15128,#12102,#12103);
#10095=AXIS2_PLACEMENT_3D('',#15134,#12107,#12108);
#10096=AXIS2_PLACEMENT_3D('',#15191,#12115,#12116);
#10097=AXIS2_PLACEMENT_3D('',#15194,#12118,#12119);
#10098=AXIS2_PLACEMENT_3D('',#15197,#12121,#12122);
#10099=AXIS2_PLACEMENT_3D('',#15200,#12124,#12125);
#10100=AXIS2_PLACEMENT_3D('',#15201,#12126,#12127);
#10101=AXIS2_PLACEMENT_3D('',#15204,#12129,#12130);
#10102=AXIS2_PLACEMENT_3D('',#15231,#12133,#12134);
#10103=AXIS2_PLACEMENT_3D('',#15235,#12137,#12138);
#10104=AXIS2_PLACEMENT_3D('',#15239,#12141,#12142);
#10105=AXIS2_PLACEMENT_3D('',#15243,#12145,#12146);
#10106=AXIS2_PLACEMENT_3D('',#15247,#12149,#12150);
#10107=AXIS2_PLACEMENT_3D('',#15251,#12153,#12154);
#10108=AXIS2_PLACEMENT_3D('',#15255,#12157,#12158);
#10109=AXIS2_PLACEMENT_3D('',#15259,#12161,#12162);
#10110=AXIS2_PLACEMENT_3D('',#15260,#12163,#12164);
#10111=AXIS2_PLACEMENT_3D('',#15275,#12165,#12166);
#10112=AXIS2_PLACEMENT_3D('',#15276,#12167,#12168);
#10113=AXIS2_PLACEMENT_3D('',#15282,#12172,#12173);
#10114=AXIS2_PLACEMENT_3D('',#15286,#12176,#12177);
#10115=AXIS2_PLACEMENT_3D('',#15290,#12180,#12181);
#10116=AXIS2_PLACEMENT_3D('',#15294,#12184,#12185);
#10117=AXIS2_PLACEMENT_3D('',#15298,#12188,#12189);
#10118=AXIS2_PLACEMENT_3D('',#15302,#12192,#12193);
#10119=AXIS2_PLACEMENT_3D('',#15306,#12196,#12197);
#10120=AXIS2_PLACEMENT_3D('',#15315,#12202,#12203);
#10121=AXIS2_PLACEMENT_3D('',#15321,#12207,#12208);
#10122=AXIS2_PLACEMENT_3D('',#15327,#12212,#12213);
#10123=AXIS2_PLACEMENT_3D('',#15333,#12217,#12218);
#10124=AXIS2_PLACEMENT_3D('',#15334,#12219,#12220);
#10125=AXIS2_PLACEMENT_3D('',#15338,#12222,#12223);
#10126=AXIS2_PLACEMENT_3D('',#15339,#12224,#12225);
#10127=AXIS2_PLACEMENT_3D('',#15340,#12226,#12227);
#10128=AXIS2_PLACEMENT_3D('',#15341,#12228,#12229);
#10129=AXIS2_PLACEMENT_3D('',#15342,#12230,#12231);
#10130=AXIS2_PLACEMENT_3D('',#15344,#12233,#12234);
#10131=AXIS2_PLACEMENT_3D('',#15345,#12235,#12236);
#10132=AXIS2_PLACEMENT_3D('',#15346,#12237,#12238);
#10133=AXIS2_PLACEMENT_3D('',#15352,#12242,#12243);
#10134=AXIS2_PLACEMENT_3D('',#15356,#12246,#12247);
#10135=AXIS2_PLACEMENT_3D('',#15360,#12250,#12251);
#10136=AXIS2_PLACEMENT_3D('',#15364,#12254,#12255);
#10137=AXIS2_PLACEMENT_3D('',#15368,#12258,#12259);
#10138=AXIS2_PLACEMENT_3D('',#15372,#12262,#12263);
#10139=AXIS2_PLACEMENT_3D('',#15376,#12266,#12267);
#10140=AXIS2_PLACEMENT_3D('',#15378,#12269,#12270);
#10141=AXIS2_PLACEMENT_3D('',#15379,#12271,#12272);
#10142=AXIS2_PLACEMENT_3D('',#15382,#12274,#12275);
#10143=AXIS2_PLACEMENT_3D('',#15385,#12277,#12278);
#10144=AXIS2_PLACEMENT_3D('',#15388,#12280,#12281);
#10145=AXIS2_PLACEMENT_3D('',#15402,#12283,#12284);
#10146=AXIS2_PLACEMENT_3D('',#15405,#12286,#12287);
#10147=AXIS2_PLACEMENT_3D('',#15406,#12288,#12289);
#10148=AXIS2_PLACEMENT_3D('',#15409,#12291,#12292);
#10149=AXIS2_PLACEMENT_3D('',#15410,#12293,#12294);
#10150=AXIS2_PLACEMENT_3D('',#15413,#12296,#12297);
#10151=AXIS2_PLACEMENT_3D('',#15427,#12299,#12300);
#10152=AXIS2_PLACEMENT_3D('',#15430,#12302,#12303);
#10153=AXIS2_PLACEMENT_3D('',#15431,#12304,#12305);
#10154=AXIS2_PLACEMENT_3D('',#15434,#12307,#12308);
#10155=AXIS2_PLACEMENT_3D('',#15435,#12309,#12310);
#10156=AXIS2_PLACEMENT_3D('',#15439,#12313,#12314);
#10157=AXIS2_PLACEMENT_3D('',#15442,#12316,#12317);
#10158=AXIS2_PLACEMENT_3D('',#15443,#12318,#12319);
#10159=AXIS2_PLACEMENT_3D('',#15446,#12321,#12322);
#10160=AXIS2_PLACEMENT_3D('',#15473,#12325,#12326);
#10161=AXIS2_PLACEMENT_3D('',#15476,#12328,#12329);
#10162=AXIS2_PLACEMENT_3D('',#15477,#12330,#12331);
#10163=AXIS2_PLACEMENT_3D('',#15480,#12333,#12334);
#10164=AXIS2_PLACEMENT_3D('',#15481,#12335,#12336);
#10165=AXIS2_PLACEMENT_3D('',#15485,#12339,#12340);
#10166=AXIS2_PLACEMENT_3D('',#15488,#12342,#12343);
#10167=AXIS2_PLACEMENT_3D('',#15489,#12344,#12345);
#10168=AXIS2_PLACEMENT_3D('',#15492,#12347,#12348);
#10169=AXIS2_PLACEMENT_3D('',#15493,#12349,#12350);
#10170=AXIS2_PLACEMENT_3D('',#15496,#12352,#12353);
#10171=AXIS2_PLACEMENT_3D('',#15497,#12354,#12355);
#10172=AXIS2_PLACEMENT_3D('',#15500,#12357,#12358);
#10173=AXIS2_PLACEMENT_3D('',#15527,#12361,#12362);
#10174=AXIS2_PLACEMENT_3D('',#15530,#12364,#12365);
#10175=AXIS2_PLACEMENT_3D('',#15531,#12366,#12367);
#10176=AXIS2_PLACEMENT_3D('',#15534,#12369,#12370);
#10177=AXIS2_PLACEMENT_3D('',#15535,#12371,#12372);
#10178=AXIS2_PLACEMENT_3D('',#15589,#12378,#12379);
#10179=AXIS2_PLACEMENT_3D('',#15605,#12382,#12383);
#10180=AXIS2_PLACEMENT_3D('',#15608,#12385,#12386);
#10181=AXIS2_PLACEMENT_3D('',#15609,#12387,#12388);
#10182=AXIS2_PLACEMENT_3D('',#15612,#12390,#12391);
#10183=AXIS2_PLACEMENT_3D('',#15613,#12392,#12393);
#10184=AXIS2_PLACEMENT_3D('',#15617,#12396,#12397);
#10185=AXIS2_PLACEMENT_3D('',#15621,#12400,#12401);
#10186=AXIS2_PLACEMENT_3D('',#15677,#12408,#12409);
#10187=AXIS2_PLACEMENT_3D('',#15681,#12412,#12413);
#10188=AXIS2_PLACEMENT_3D('',#15685,#12416,#12417);
#10189=AXIS2_PLACEMENT_3D('',#15713,#12421,#12422);
#10190=AXIS2_PLACEMENT_3D('',#15714,#12423,#12424);
#10191=AXIS2_PLACEMENT_3D('',#15717,#12426,#12427);
#10192=AXIS2_PLACEMENT_3D('',#15720,#12429,#12430);
#10193=AXIS2_PLACEMENT_3D('',#15724,#12433,#12434);
#10194=AXIS2_PLACEMENT_3D('',#15728,#12437,#12438);
#10195=AXIS2_PLACEMENT_3D('',#15732,#12441,#12442);
#10196=AXIS2_PLACEMENT_3D('',#15736,#12445,#12446);
#10197=AXIS2_PLACEMENT_3D('',#15740,#12449,#12450);
#10198=AXIS2_PLACEMENT_3D('',#15744,#12453,#12454);
#10199=AXIS2_PLACEMENT_3D('',#15748,#12457,#12458);
#10200=AXIS2_PLACEMENT_3D('',#15751,#12460,#12461);
#10201=AXIS2_PLACEMENT_3D('',#15752,#12462,#12463);
#10202=AXIS2_PLACEMENT_3D('',#15756,#12466,#12467);
#10203=AXIS2_PLACEMENT_3D('',#15760,#12470,#12471);
#10204=AXIS2_PLACEMENT_3D('',#15764,#12474,#12475);
#10205=AXIS2_PLACEMENT_3D('',#15768,#12478,#12479);
#10206=AXIS2_PLACEMENT_3D('',#15772,#12482,#12483);
#10207=AXIS2_PLACEMENT_3D('',#15776,#12486,#12487);
#10208=AXIS2_PLACEMENT_3D('',#15778,#12489,#12490);
#10209=AXIS2_PLACEMENT_3D('',#15779,#12491,#12492);
#10210=AXIS2_PLACEMENT_3D('',#15785,#12496,#12497);
#10211=AXIS2_PLACEMENT_3D('',#15789,#12500,#12501);
#10212=AXIS2_PLACEMENT_3D('',#15793,#12504,#12505);
#10213=AXIS2_PLACEMENT_3D('',#15797,#12508,#12509);
#10214=AXIS2_PLACEMENT_3D('',#15801,#12512,#12513);
#10215=AXIS2_PLACEMENT_3D('',#15805,#12516,#12517);
#10216=AXIS2_PLACEMENT_3D('',#15809,#12520,#12521);
#10217=AXIS2_PLACEMENT_3D('',#15813,#12524,#12525);
#10218=AXIS2_PLACEMENT_3D('',#15817,#12528,#12529);
#10219=AXIS2_PLACEMENT_3D('',#15821,#12532,#12533);
#10220=AXIS2_PLACEMENT_3D('',#15825,#12536,#12537);
#10221=AXIS2_PLACEMENT_3D('',#15827,#12539,#12540);
#10222=AXIS2_PLACEMENT_3D('',#15828,#12541,#12542);
#10223=AXIS2_PLACEMENT_3D('',#15834,#12546,#12547);
#10224=AXIS2_PLACEMENT_3D('',#15838,#12550,#12551);
#10225=AXIS2_PLACEMENT_3D('',#15842,#12554,#12555);
#10226=AXIS2_PLACEMENT_3D('',#15846,#12558,#12559);
#10227=AXIS2_PLACEMENT_3D('',#15850,#12562,#12563);
#10228=AXIS2_PLACEMENT_3D('',#15854,#12566,#12567);
#10229=AXIS2_PLACEMENT_3D('',#15858,#12570,#12571);
#10230=AXIS2_PLACEMENT_3D('',#15862,#12574,#12575);
#10231=AXIS2_PLACEMENT_3D('',#15866,#12578,#12579);
#10232=AXIS2_PLACEMENT_3D('',#15870,#12582,#12583);
#10233=AXIS2_PLACEMENT_3D('',#15873,#12585,#12586);
#10234=AXIS2_PLACEMENT_3D('',#15874,#12587,#12588);
#10235=AXIS2_PLACEMENT_3D('',#15878,#12591,#12592);
#10236=AXIS2_PLACEMENT_3D('',#15882,#12595,#12596);
#10237=AXIS2_PLACEMENT_3D('',#15886,#12599,#12600);
#10238=AXIS2_PLACEMENT_3D('',#15890,#12603,#12604);
#10239=AXIS2_PLACEMENT_3D('',#15894,#12607,#12608);
#10240=AXIS2_PLACEMENT_3D('',#15897,#12610,#12611);
#10241=AXIS2_PLACEMENT_3D('',#15898,#12612,#12613);
#10242=AXIS2_PLACEMENT_3D('',#15902,#12616,#12617);
#10243=AXIS2_PLACEMENT_3D('',#15906,#12620,#12621);
#10244=AXIS2_PLACEMENT_3D('',#15908,#12623,#12624);
#10245=AXIS2_PLACEMENT_3D('',#15909,#12625,#12626);
#10246=AXIS2_PLACEMENT_3D('',#15910,#12627,#12628);
#10247=AXIS2_PLACEMENT_3D('',#15911,#12629,#12630);
#10248=AXIS2_PLACEMENT_3D('',#15912,#12631,#12632);
#10249=AXIS2_PLACEMENT_3D('',#15913,#12633,#12634);
#10250=AXIS2_PLACEMENT_3D('',#15914,#12635,#12636);
#10251=AXIS2_PLACEMENT_3D('',#15916,#12637,#12638);
#10252=AXIS2_PLACEMENT_3D('',#15917,#12639,#12640);
#10253=AXIS2_PLACEMENT_3D('',#15921,#12642,#12643);
#10254=AXIS2_PLACEMENT_3D('',#15925,#12645,#12646);
#10255=AXIS2_PLACEMENT_3D('',#15926,#12647,#12648);
#10256=AXIS2_PLACEMENT_3D('',#15929,#12651,#12652);
#10257=AXIS2_PLACEMENT_3D('',#15931,#12654,#12655);
#10258=AXIS2_PLACEMENT_3D('',#15933,#12657,#12658);
#10259=AXIS2_PLACEMENT_3D('',#16012,#12659,#12660);
#10260=AXIS2_PLACEMENT_3D('',#16019,#12662,#12663);
#10261=AXIS2_PLACEMENT_3D('',#16020,#12664,#12665);
#10262=AXIS2_PLACEMENT_3D('',#16026,#12666,#12667);
#10263=AXIS2_PLACEMENT_3D('',#16155,#12669,#12670);
#10264=AXIS2_PLACEMENT_3D('',#16182,#12671,#12672);
#10265=AXIS2_PLACEMENT_3D('',#16188,#12673,#12674);
#10266=AXIS2_PLACEMENT_3D('',#16386,#12675,#12676);
#10267=AXIS2_PLACEMENT_3D('',#16477,#12677,#12678);
#10268=AXIS2_PLACEMENT_3D('',#16485,#12679,#12680);
#10269=AXIS2_PLACEMENT_3D('',#16576,#12681,#12682);
#10270=AXIS2_PLACEMENT_3D('',#16669,#12683,#12684);
#10271=AXIS2_PLACEMENT_3D('',#16670,#12685,#12686);
#10272=AXIS2_PLACEMENT_3D('',#16671,#12687,#12688);
#10273=AXIS2_PLACEMENT_3D('',#16672,#12689,#12690);
#10274=AXIS2_PLACEMENT_3D('',#16685,#12691,#12692);
#10275=AXIS2_PLACEMENT_3D('',#16686,#12693,#12694);
#10276=AXIS2_PLACEMENT_3D('',#16687,#12695,#12696);
#10277=DIRECTION('',(0.,0.,1.));
#10278=DIRECTION('',(1.,0.,0.));
#10279=DIRECTION('',(-5.52024666527284E-5,0.999999998476344,-1.77617572770945E-15));
#10280=DIRECTION('',(-0.999999998476344,-5.52024666527284E-5,0.));
#10281=DIRECTION('',(-3.28081325416165E-15,-1.77635683940027E-15,-1.));
#10282=DIRECTION('',(0.999999998476344,5.52024666527284E-5,-3.28091030176576E-15));
#10283=DIRECTION('',(-9.80492813782666E-20,1.77617572500317E-15,1.));
#10284=DIRECTION('',(0.999999998476344,5.52024666527284E-5,-3.28091130844201E-15));
#10285=DIRECTION('',(-5.52024666527284E-5,0.999999998476344,-1.77617572770945E-15));
#10286=DIRECTION('',(-0.999999998476344,-5.52024666527284E-5,0.));
#10287=DIRECTION('',(0.819152042630271,4.52192133873671E-5,0.573576436937464));
#10288=DIRECTION('',(0.999999998476344,5.52024666527284E-5,-3.28091030176576E-15));
#10289=DIRECTION('',(-0.8191520434515,-4.52192134300255E-5,0.573576435764628));
#10290=DIRECTION('',(-2.37013364385571E-31,1.77617573041573E-15,1.));
#10291=DIRECTION('',(0.999999998476344,5.52024666527284E-5,-3.28091130844201E-15));
#10292=DIRECTION('',(-9.80492813782666E-20,1.77617572500317E-15,1.));
#10293=DIRECTION('',(3.28081325416165E-15,1.77635683940027E-15,1.));
#10294=DIRECTION('',(1.,-5.82789506282509E-30,-3.28081325416165E-15));
#10295=DIRECTION('',(3.28081325416165E-15,1.77635683940027E-15,1.));
#10296=DIRECTION('',(1.,0.,-3.28081325416165E-15));
#10297=DIRECTION('',(0.999999998476344,5.52024666527284E-5,-3.28091130844201E-15));
#10298=DIRECTION('',(0.999999221011617,-0.00124818915199325,-3.27859346910923E-15));
#10299=DIRECTION('',(3.28081325416165E-15,1.77635683940027E-15,1.));
#10300=DIRECTION('',(1.,0.,-3.28081325416165E-15));
#10301=DIRECTION('',(1.,4.31775426138038E-16,-3.28081325416165E-15));
#10302=DIRECTION('',(-1.,5.82789506282509E-30,3.28081325416165E-15));
#10303=DIRECTION('',(-5.82789506282509E-30,1.,-1.77635683940027E-15));
#10304=DIRECTION('',(1.,0.,-3.28081325416165E-15));
#10305=DIRECTION('',(-7.63003717700578E-32,-1.,1.77635683940027E-15));
#10306=DIRECTION('',(-5.82789506282509E-30,1.,-1.77635683940027E-15));
#10307=DIRECTION('',(1.,-5.82789506282509E-30,-3.28081325416165E-15));
#10308=DIRECTION('',(5.82789506282509E-30,-1.,1.77635683940027E-15));
#10309=DIRECTION('',(-1.,5.82789506282509E-30,3.28081325416165E-15));
#10310=DIRECTION('',(5.82789506282509E-30,-1.,1.77635683940027E-15));
#10311=DIRECTION('',(-1.,5.82789506282509E-30,3.28081325416165E-15));
#10312=DIRECTION('',(-5.82789506282509E-30,1.,-1.77635683940027E-15));
#10313=DIRECTION('',(-1.,5.82789506282509E-30,3.28081325416165E-15));
#10314=DIRECTION('',(3.28081325416165E-15,1.77635683940027E-15,1.));
#10315=DIRECTION('',(1.,0.,-3.28081325416165E-15));
#10316=DIRECTION('',(-0.774303993623919,0.632813815792647,1.4162436552814E-15));
#10317=DIRECTION('',(3.28081325416165E-15,1.77635683940027E-15,1.));
#10318=DIRECTION('',(1.,0.,-3.28081325416165E-15));
#10319=DIRECTION('',(3.28081325416165E-15,1.77635683940027E-15,1.));
#10320=DIRECTION('',(1.,0.,-3.28081325416165E-15));
#10321=DIRECTION('',(3.28081325416165E-15,1.77635683940027E-15,1.));
#10322=DIRECTION('',(1.,0.,-3.28081325416165E-15));
#10323=DIRECTION('',(3.28081325416165E-15,1.77635683940027E-15,1.));
#10324=DIRECTION('',(1.,0.,-3.28081325416165E-15));
#10325=DIRECTION('',(-0.382351792726292,-0.924016832421894,2.89580844932249E-15));
#10326=DIRECTION('',(3.28081325416165E-15,1.77635683940027E-15,1.));
#10327=DIRECTION('',(1.,0.,-3.28081325416165E-15));
#10328=DIRECTION('',(3.28081325416165E-15,1.77635683940027E-15,1.));
#10329=DIRECTION('',(1.,0.,-3.28081325416165E-15));
#10330=DIRECTION('',(3.28081325416165E-15,1.77635683940027E-15,1.));
#10331=DIRECTION('',(1.,0.,-3.28081325416165E-15));
#10332=DIRECTION('',(3.28081325416165E-15,1.77635683940027E-15,1.));
#10333=DIRECTION('',(1.,0.,-3.28081325416165E-15));
#10334=DIRECTION('',(3.28081325416165E-15,1.77635683940027E-15,1.));
#10335=DIRECTION('',(1.,0.,-3.28081325416165E-15));
#10336=DIRECTION('',(3.28081325416165E-15,1.77635683940027E-15,1.));
#10337=DIRECTION('',(1.,0.,-3.28081325416165E-15));
#10338=DIRECTION('',(3.28081325416165E-15,1.77635683940027E-15,1.));
#10339=DIRECTION('',(1.,0.,-3.28081325416165E-15));
#10340=DIRECTION('',(3.28081325416165E-15,1.77635683940027E-15,1.));
#10341=DIRECTION('',(1.,0.,-3.28081325416165E-15));
#10342=DIRECTION('',(3.28081325416165E-15,1.77635683940027E-15,1.));
#10343=DIRECTION('',(1.,0.,-3.28081325416165E-15));
#10344=DIRECTION('',(3.28081325416165E-15,1.77635683940027E-15,1.));
#10345=DIRECTION('',(1.,0.,-3.28081325416165E-15));
#10346=DIRECTION('',(-5.82789506282509E-30,1.,-1.77635683940027E-15));
#10347=DIRECTION('',(3.28081325416165E-15,1.77635683940027E-15,1.));
#10348=DIRECTION('',(1.,0.,-3.28081325416165E-15));
#10349=DIRECTION('',(3.28081325416165E-15,1.77635683940027E-15,1.));
#10350=DIRECTION('',(1.,0.,-3.28081325416165E-15));
#10351=DIRECTION('',(3.28081325416165E-15,1.77635683940027E-15,1.));
#10352=DIRECTION('',(1.,0.,-3.28081325416165E-15));
#10353=DIRECTION('',(3.28081325416165E-15,1.77635683940027E-15,1.));
#10354=DIRECTION('',(1.,0.,-3.28081325416165E-15));
#10355=DIRECTION('',(3.28081325416165E-15,1.77635683940027E-15,1.));
#10356=DIRECTION('',(1.,0.,-3.28081325416165E-15));
#10357=DIRECTION('',(3.28081325416165E-15,1.77635683940027E-15,1.));
#10358=DIRECTION('',(1.,0.,-3.28081325416165E-15));
#10359=DIRECTION('',(-1.,5.82789506282509E-30,3.28081325416165E-15));
#10360=DIRECTION('',(-5.82789506282509E-30,1.,-1.77635683940027E-15));
#10361=DIRECTION('',(1.,-5.82789506282509E-30,-3.28081325416165E-15));
#10362=DIRECTION('',(5.82789506282509E-30,-1.,1.77635683940027E-15));
#10363=DIRECTION('',(-1.,5.82789506282509E-30,3.28081325416165E-15));
#10364=DIRECTION('',(5.82789506282509E-30,-1.,1.77635683940027E-15));
#10365=DIRECTION('',(1.,-5.82789506282509E-30,-3.28081325416165E-15));
#10366=DIRECTION('',(5.82789506282509E-30,-1.,1.77635683940027E-15));
#10367=DIRECTION('',(-1.,5.82789506282509E-30,3.28081325416165E-15));
#10368=DIRECTION('',(5.82789506282509E-30,-1.,1.77635683940027E-15));
#10369=DIRECTION('',(1.,-5.82789506282509E-30,-3.28081325416165E-15));
#10370=DIRECTION('',(5.82789506282509E-30,-1.,1.77635683940027E-15));
#10371=DIRECTION('',(-5.82789506282509E-30,1.,-1.77635683940027E-15));
#10372=DIRECTION('',(1.,-5.82789506282509E-30,-3.28081325416165E-15));
#10373=DIRECTION('',(5.82789506282509E-30,-1.,1.77635683940027E-15));
#10374=DIRECTION('',(1.,-5.82789506282509E-30,-3.28081325416165E-15));
#10375=DIRECTION('',(5.82789506282509E-30,-1.,1.77635683940027E-15));
#10376=DIRECTION('',(-1.,5.82789506282509E-30,3.28081325416165E-15));
#10377=DIRECTION('',(-1.,5.82789506282509E-30,3.28081325416165E-15));
#10378=DIRECTION('',(-5.82789506282509E-30,1.,-1.77635683940027E-15));
#10379=DIRECTION('',(1.,-5.82789506282509E-30,-3.28081325416165E-15));
#10380=DIRECTION('',(5.82789506282509E-30,-1.,1.77635683940027E-15));
#10381=DIRECTION('',(-1.,5.82789506282509E-30,3.28081325416165E-15));
#10382=DIRECTION('',(5.82789506282509E-30,-1.,1.77635683940027E-15));
#10383=DIRECTION('',(1.,-5.82789506282509E-30,-3.28081325416165E-15));
#10384=DIRECTION('',(5.82789506282509E-30,-1.,1.77635683940027E-15));
#10385=DIRECTION('',(-1.,5.82789506282509E-30,3.28081325416165E-15));
#10386=DIRECTION('',(5.82789506282509E-30,-1.,1.77635683940027E-15));
#10387=DIRECTION('',(1.,-5.82789506282509E-30,-3.28081325416165E-15));
#10388=DIRECTION('',(5.82789506282509E-30,-1.,1.77635683940027E-15));
#10389=DIRECTION('',(0.00333305092315869,0.999994445370345,0.));
#10390=DIRECTION('',(3.28081325416165E-15,1.77635683940027E-15,1.));
#10391=DIRECTION('',(1.,0.,-3.28081325416165E-15));
#10392=DIRECTION('',(3.28081325416165E-15,1.77635683940027E-15,1.));
#10393=DIRECTION('',(1.,0.,-3.28081325416165E-15));
#10394=DIRECTION('',(-0.368133456473167,-0.929772960579689,2.85938568091267E-15));
#10395=DIRECTION('',(3.28081325416165E-15,1.77635683940027E-15,1.));
#10396=DIRECTION('',(1.,0.,-3.28081325416165E-15));
#10397=DIRECTION('',(3.28081325416165E-15,1.77635683940027E-15,1.));
#10398=DIRECTION('',(1.,0.,-3.28081325416165E-15));
#10399=DIRECTION('',(-0.00449631827401151,-0.999989891509899,1.79109046370304E-15));
#10400=DIRECTION('',(5.82789506282509E-30,-1.,1.77635683940027E-15));
#10401=DIRECTION('',(3.28081325416165E-15,1.77635683940027E-15,1.));
#10402=DIRECTION('',(1.,0.,-3.28081325416165E-15));
#10403=DIRECTION('',(-5.82789506282509E-30,1.,-1.77635683940027E-15));
#10404=DIRECTION('',(-1.,5.82789506282509E-30,3.28081325416165E-15));
#10405=DIRECTION('',(-5.82789506282509E-30,1.,-1.77635683940027E-15));
#10406=DIRECTION('',(1.,-5.82789506282509E-30,-3.28081325416165E-15));
#10407=DIRECTION('',(5.82789506282509E-30,-1.,1.77635683940027E-15));
#10408=DIRECTION('',(-1.,5.82789506282509E-30,3.28081325416165E-15));
#10409=DIRECTION('',(5.82789506282509E-30,-1.,1.77635683940027E-15));
#10410=DIRECTION('',(-1.,5.82789506282509E-30,3.28081325416165E-15));
#10411=DIRECTION('',(-0.885714285714292,-0.464230765979186,3.73050266417892E-15));
#10412=DIRECTION('',(-3.28081325416165E-15,-1.77635683940027E-15,-1.));
#10413=DIRECTION('',(1.,0.,-3.28081325416165E-15));
#10414=DIRECTION('',(-0.88571428571429,0.464230765979189,2.0812236717646E-15));
#10415=DIRECTION('',(-3.28081325416165E-15,-1.77635683940027E-15,-1.));
#10416=DIRECTION('',(1.,0.,-3.28081325416165E-15));
#10417=DIRECTION('',(-3.46944695195362E-15,-1.,1.77635683940027E-15));
#10418=DIRECTION('',(-3.28081325416165E-15,-1.77635683940027E-15,-1.));
#10419=DIRECTION('',(1.,0.,-3.28081325416165E-15));
#10420=DIRECTION('',(-1.,3.30423519233678E-15,3.28081325416165E-15));
#10421=DIRECTION('',(-3.28081325416165E-15,-1.77635683940027E-15,-1.));
#10422=DIRECTION('',(1.,0.,-3.28081325416165E-15));
#10423=DIRECTION('',(-5.82789506282509E-30,1.,-1.77635683940027E-15));
#10424=DIRECTION('',(-3.28081325416165E-15,-1.77635683940027E-15,-1.));
#10425=DIRECTION('',(1.,0.,-3.28081325416165E-15));
#10426=DIRECTION('',(3.28081325416165E-15,1.77635683940027E-15,1.));
#10427=DIRECTION('',(1.,0.,-3.28081325416165E-15));
#10428=DIRECTION('',(3.28081325416165E-15,1.77635683940027E-15,1.));
#10429=DIRECTION('',(1.,0.,-3.28081325416165E-15));
#10430=DIRECTION('',(3.28081325416165E-15,1.77635683940027E-15,1.));
#10431=DIRECTION('',(1.,0.,-3.28081325416165E-15));
#10432=DIRECTION('',(3.28081325416165E-15,1.77635683940027E-15,1.));
#10433=DIRECTION('',(1.,0.,-3.28081325416165E-15));
#10434=DIRECTION('',(1.,-4.97376361889478E-15,-3.28081325416164E-15));
#10435=DIRECTION('',(3.28081325416165E-15,1.77635683940027E-15,1.));
#10436=DIRECTION('',(1.,0.,-3.28081325416165E-15));
#10437=DIRECTION('',(0.464230765979192,-0.885714285714289,5.02901791689497E-17));
#10438=DIRECTION('',(3.28081325416165E-15,1.77635683940027E-15,1.));
#10439=DIRECTION('',(1.,0.,-3.28081325416165E-15));
#10440=DIRECTION('',(0.464230765979191,0.88571428571429,-3.09639907919725E-15));
#10441=DIRECTION('',(3.28081325416165E-15,1.77635683940027E-15,1.));
#10442=DIRECTION('',(1.,0.,-3.28081325416165E-15));
#10443=DIRECTION('',(1.,-2.48688180944739E-15,-3.28081325416165E-15));
#10444=DIRECTION('',(3.28081325416165E-15,1.77635683940027E-15,1.));
#10445=DIRECTION('',(1.,0.,-3.28081325416165E-15));
#10446=DIRECTION('',(6.60847043272197E-15,1.,-1.77635683940029E-15));
#10447=DIRECTION('',(3.28081325416165E-15,1.77635683940027E-15,1.));
#10448=DIRECTION('',(1.,0.,-3.28081325416165E-15));
#10449=DIRECTION('',(3.28081325416165E-15,1.77635683940027E-15,1.));
#10450=DIRECTION('',(1.,0.,-3.28081325416165E-15));
#10451=DIRECTION('',(-0.885714285714294,-0.464230765979182,3.73050266417892E-15));
#10452=DIRECTION('',(3.28081325416165E-15,1.77635683940027E-15,1.));
#10453=DIRECTION('',(1.,0.,-3.28081325416165E-15));
#10454=DIRECTION('',(-0.885714285714289,0.464230765979192,2.0812236717646E-15));
#10455=DIRECTION('',(3.28081325416165E-15,1.77635683940027E-15,1.));
#10456=DIRECTION('',(1.,0.,-3.28081325416165E-15));
#10457=DIRECTION('',(3.46944695195363E-15,1.,-1.77635683940027E-15));
#10458=DIRECTION('',(3.28081325416165E-15,1.77635683940027E-15,1.));
#10459=DIRECTION('',(1.,0.,-3.28081325416165E-15));
#10460=DIRECTION('',(-1.,4.95635278850517E-15,3.28081325416164E-15));
#10461=DIRECTION('',(3.28081325416165E-15,1.77635683940027E-15,1.));
#10462=DIRECTION('',(1.,0.,-3.28081325416165E-15));
#10463=DIRECTION('',(6.93889390390723E-15,1.,-1.77635683940029E-15));
#10464=DIRECTION('',(3.28081325416165E-15,1.77635683940027E-15,1.));
#10465=DIRECTION('',(1.,0.,-3.28081325416165E-15));
#10466=DIRECTION('',(3.28081325416165E-15,1.77635683940027E-15,1.));
#10467=DIRECTION('',(1.,0.,-3.28081325416165E-15));
#10468=DIRECTION('',(3.28081325416165E-15,1.77635683940027E-15,1.));
#10469=DIRECTION('',(1.,0.,-3.28081325416165E-15));
#10470=DIRECTION('',(-0.464230765979195,-0.885714285714287,3.09639907919726E-15));
#10471=DIRECTION('',(-3.28081325416165E-15,-1.77635683940027E-15,-1.));
#10472=DIRECTION('',(1.,0.,-3.28081325416165E-15));
#10473=DIRECTION('',(-1.,7.63464724010112E-9,3.28081324059979E-15));
#10474=DIRECTION('',(-3.28081325416165E-15,-1.77635683940027E-15,-1.));
#10475=DIRECTION('',(1.,0.,-3.28081325416165E-15));
#10476=DIRECTION('',(6.60847043272234E-15,1.,-1.77635683940029E-15));
#10477=DIRECTION('',(-3.28081325416165E-15,-1.77635683940027E-15,-1.));
#10478=DIRECTION('',(1.,0.,-3.28081325416165E-15));
#10479=DIRECTION('',(-1.,2.48688180944739E-15,3.28081325416165E-15));
#10480=DIRECTION('',(-3.28081325416165E-15,-1.77635683940027E-15,-1.));
#10481=DIRECTION('',(1.,0.,-3.28081325416165E-15));
#10482=DIRECTION('',(-0.464230765979182,0.885714285714294,-5.02901791689907E-17));
#10483=DIRECTION('',(-3.28081325416165E-15,-1.77635683940027E-15,-1.));
#10484=DIRECTION('',(1.,0.,-3.28081325416165E-15));
#10485=DIRECTION('',(3.66442638617575E-13,-3.11593108294186E-13,-1.));
#10486=DIRECTION('',(0.817927290290508,-0.57532160379915,4.78266253724438E-13));
#10487=DIRECTION('',(3.28081325416165E-15,1.77635683940027E-15,1.));
#10488=DIRECTION('',(1.,0.,-3.28081325416165E-15));
#10489=DIRECTION('',(3.28081325416165E-15,1.77635683940027E-15,1.));
#10490=DIRECTION('',(1.,0.,-3.28081325416165E-15));
#10491=DIRECTION('',(-1.,5.82789506282509E-30,3.28081325416165E-15));
#10492=DIRECTION('',(-0.528387229701105,0.849003495569242,2.25406660503987E-16));
#10493=DIRECTION('',(-1.,5.82789506282509E-30,3.28081325416165E-15));
#10494=DIRECTION('',(5.82789506282509E-30,-1.,1.77635683940027E-15));
#10495=DIRECTION('',(-1.,5.82789506282509E-30,3.28081325416165E-15));
#10496=DIRECTION('',(-5.82789506282509E-30,1.,-1.77635683940027E-15));
#10497=DIRECTION('',(1.,-5.82789506282509E-30,-3.28081325416165E-15));
#10498=DIRECTION('',(3.28081325416165E-15,1.77635683940027E-15,1.));
#10499=DIRECTION('',(1.,0.,-3.28081325416165E-15));
#10500=DIRECTION('',(1.,-5.82789506282509E-30,-3.28081325416165E-15));
#10501=DIRECTION('',(0.33276636104728,-0.943009304808469,5.83376740351557E-16));
#10502=DIRECTION('',(-1.,5.82789506282509E-30,3.28081325416165E-15));
#10503=DIRECTION('',(-0.291056642681999,0.956705822471403,-7.44548440018237E-16));
#10504=DIRECTION('',(-1.,5.82789506282509E-30,3.28081325416165E-15));
#10505=DIRECTION('',(-0.291056642681999,-0.956705822471403,2.65435342206403E-15));
#10506=DIRECTION('',(-1.,5.82789506282509E-30,3.28081325416165E-15));
#10507=DIRECTION('',(0.331669016823166,0.943395814745621,-2.76395171417318E-15));
#10508=DIRECTION('',(-1.,5.82789506282509E-30,3.28081325416165E-15));
#10509=DIRECTION('',(-5.82789506282509E-30,1.,-1.77635683940027E-15));
#10510=DIRECTION('',(-1.,5.82789506282509E-30,3.28081325416165E-15));
#10511=DIRECTION('',(-5.82789506282509E-30,1.,-1.77635683940027E-15));
#10512=DIRECTION('',(1.,-5.82789506282509E-30,-3.28081325416165E-15));
#10513=DIRECTION('',(5.82789506282509E-30,-1.,1.77635683940027E-15));
#10514=DIRECTION('',(-1.,5.82789506282509E-30,3.28081325416165E-15));
#10515=DIRECTION('',(5.82789506282509E-30,-1.,1.77635683940027E-15));
#10516=DIRECTION('',(3.28081325416165E-15,1.77635683940027E-15,1.));
#10517=DIRECTION('',(1.,0.,-3.28081325416165E-15));
#10518=DIRECTION('',(3.28081325416165E-15,1.77635683940027E-15,1.));
#10519=DIRECTION('',(1.,0.,-3.28081325416165E-15));
#10520=DIRECTION('',(-5.82789506282509E-30,1.,-1.77635683940027E-15));
#10521=DIRECTION('',(3.28081325416165E-15,1.77635683940027E-15,1.));
#10522=DIRECTION('',(1.,0.,-3.28081325416165E-15));
#10523=DIRECTION('',(3.28081325416165E-15,1.77635683940027E-15,1.));
#10524=DIRECTION('',(1.,0.,-3.28081325416165E-15));
#10525=DIRECTION('',(3.28081325416165E-15,1.77635683940027E-15,1.));
#10526=DIRECTION('',(1.,0.,-3.28081325416165E-15));
#10527=DIRECTION('',(3.28081325416165E-15,1.77635683940027E-15,1.));
#10528=DIRECTION('',(1.,0.,-3.28081325416165E-15));
#10529=DIRECTION('',(3.28081325416165E-15,1.77635683940027E-15,1.));
#10530=DIRECTION('',(1.,0.,-3.28081325416165E-15));
#10531=DIRECTION('',(3.28081325416165E-15,1.77635683940027E-15,1.));
#10532=DIRECTION('',(1.,0.,-3.28081325416165E-15));
#10533=DIRECTION('',(-0.774303992928771,0.632813816643222,1.41624365148983E-15));
#10534=DIRECTION('',(3.28081325416165E-15,1.77635683940027E-15,1.));
#10535=DIRECTION('',(1.,0.,-3.28081325416165E-15));
#10536=DIRECTION('',(3.28081325416165E-15,1.77635683940027E-15,1.));
#10537=DIRECTION('',(1.,0.,-3.28081325416165E-15));
#10538=DIRECTION('',(3.28081325416165E-15,1.77635683940027E-15,1.));
#10539=DIRECTION('',(1.,0.,-3.28081325416165E-15));
#10540=DIRECTION('',(3.28081325416165E-15,1.77635683940027E-15,1.));
#10541=DIRECTION('',(1.,0.,-3.28081325416165E-15));
#10542=DIRECTION('',(-0.382351792726288,-0.924016832421896,2.89580844932248E-15));
#10543=DIRECTION('',(3.28081325416165E-15,1.77635683940027E-15,1.));
#10544=DIRECTION('',(1.,0.,-3.28081325416165E-15));
#10545=DIRECTION('',(3.28081325416165E-15,1.77635683940027E-15,1.));
#10546=DIRECTION('',(1.,0.,-3.28081325416165E-15));
#10547=DIRECTION('',(3.28081325416165E-15,1.77635683940027E-15,1.));
#10548=DIRECTION('',(1.,0.,-3.28081325416165E-15));
#10549=DIRECTION('',(3.28081325416165E-15,1.77635683940027E-15,1.));
#10550=DIRECTION('',(1.,0.,-3.28081325416165E-15));
#10551=DIRECTION('',(3.28081325416165E-15,1.77635683940027E-15,1.));
#10552=DIRECTION('',(1.,0.,-3.28081325416165E-15));
#10553=DIRECTION('',(3.28081325416165E-15,1.77635683940027E-15,1.));
#10554=DIRECTION('',(1.,0.,-3.28081325416165E-15));
#10555=DIRECTION('',(-5.82789506282509E-30,1.,-1.77635683940027E-15));
#10556=DIRECTION('',(1.,-5.82789506282509E-30,-3.28081325416165E-15));
#10557=DIRECTION('',(5.82789506282509E-30,-1.,1.77635683940027E-15));
#10558=DIRECTION('',(-5.82789506282509E-30,1.,-1.77635683940027E-15));
#10559=DIRECTION('',(1.,-5.82789506282509E-30,-3.28081325416165E-15));
#10560=DIRECTION('',(5.82789506282509E-30,-1.,1.77635683940027E-15));
#10561=DIRECTION('',(3.28081325416165E-15,1.77635683940027E-15,1.));
#10562=DIRECTION('',(1.,0.,-3.28081325416165E-15));
#10563=DIRECTION('',(-1.,5.82789506282509E-30,3.28081325416165E-15));
#10564=DIRECTION('',(3.28081325416165E-15,1.77635683940027E-15,1.));
#10565=DIRECTION('',(1.,0.,-3.28081325416165E-15));
#10566=DIRECTION('',(0.0121705630177846,-0.999925935955174,1.73629593076833E-15));
#10567=DIRECTION('',(5.82789506282509E-30,-1.,1.77635683940027E-15));
#10568=DIRECTION('',(-1.,5.82789506282509E-30,3.28081325416165E-15));
#10569=DIRECTION('',(-5.82789506282509E-30,1.,-1.77635683940027E-15));
#10570=DIRECTION('',(1.,-5.82789506282509E-30,-3.28081325416165E-15));
#10571=DIRECTION('',(0.501574312024281,-0.865114564388654,-1.08819477519704E-16));
#10572=DIRECTION('',(1.,-5.82789506282509E-30,-3.28081325416165E-15));
#10573=DIRECTION('',(3.28081325416165E-15,1.77635683940027E-15,1.));
#10574=DIRECTION('',(1.,0.,-3.28081325416165E-15));
#10575=DIRECTION('',(-0.00748561693948519,0.999971982377024,-1.75174815883343E-15));
#10576=DIRECTION('',(-5.82789506282509E-30,1.,-1.77635683940027E-15));
#10577=DIRECTION('',(1.,-5.82789506282509E-30,-3.28081325416165E-15));
#10578=DIRECTION('',(5.82789506282509E-30,-1.,1.77635683940027E-15));
#10579=DIRECTION('',(-1.,5.82789506282509E-30,3.28081325416165E-15));
#10580=DIRECTION('',(-0.49862191253164,0.866819582348766,9.61044858179238E-17));
#10581=DIRECTION('',(-1.,5.82789506282509E-30,3.28081325416165E-15));
#10582=DIRECTION('',(-5.82789506282509E-30,1.,-1.77635683940027E-15));
#10583=DIRECTION('',(1.,-5.82789506282509E-30,-3.28081325416165E-15));
#10584=DIRECTION('',(5.82789506282509E-30,-1.,1.77635683940027E-15));
#10585=DIRECTION('',(-1.,5.82789506282509E-30,3.28081325416165E-15));
#10586=DIRECTION('',(5.82789506282509E-30,-1.,1.77635683940027E-15));
#10587=DIRECTION('',(1.,-5.82789506282509E-30,-3.28081325416165E-15));
#10588=DIRECTION('',(5.82789506282509E-30,-1.,1.77635683940027E-15));
#10589=DIRECTION('',(-1.,5.82789506282509E-30,3.28081325416165E-15));
#10590=DIRECTION('',(5.82789506282509E-30,-1.,1.77635683940027E-15));
#10591=DIRECTION('',(1.,-5.82789506282509E-30,-3.28081325416165E-15));
#10592=DIRECTION('',(5.82789506282509E-30,-1.,1.77635683940027E-15));
#10593=DIRECTION('',(5.82789506282509E-30,-1.,1.77635683940027E-15));
#10594=DIRECTION('',(-1.,5.82789506282509E-30,3.28081325416165E-15));
#10595=DIRECTION('',(-5.82789506282509E-30,1.,-1.77635683940027E-15));
#10596=DIRECTION('',(0.00664923847159988,0.999977893569527,-1.79813248019901E-15));
#10597=DIRECTION('',(0.0192103365817131,0.999815464457525,-1.83905456530147E-15));
#10598=DIRECTION('',(3.28081325416165E-15,1.77635683940027E-15,1.));
#10599=DIRECTION('',(1.,0.,-3.28081325416165E-15));
#10600=DIRECTION('',(-1.,5.82789506282509E-30,3.28081325416165E-15));
#10601=DIRECTION('',(-0.312721429752429,-0.949844885954331,2.71324407112649E-15));
#10602=DIRECTION('',(-1.,5.82789506282509E-30,3.28081325416165E-15));
#10603=DIRECTION('',(-0.293411002333283,0.955986393056815,-7.35546262308174E-16));
#10604=DIRECTION('',(-1.,5.82789506282509E-30,3.28081325416165E-15));
#10605=DIRECTION('',(3.28081325416165E-15,1.77635683940027E-15,1.));
#10606=DIRECTION('',(1.,0.,-3.28081325416165E-15));
#10607=DIRECTION('',(5.82789506282509E-30,-1.,1.77635683940027E-15));
#10608=DIRECTION('',(-1.,5.82789506282509E-30,3.28081325416165E-15));
#10609=DIRECTION('',(-5.82789506282509E-30,1.,-1.77635683940027E-15));
#10610=DIRECTION('',(1.,-5.82789506282509E-30,-3.28081325416165E-15));
#10611=DIRECTION('',(0.295564909870809,-0.955322659656443,7.27300666545529E-16));
#10612=DIRECTION('',(1.,-5.82789506282509E-30,-3.28081325416165E-15));
#10613=DIRECTION('',(0.31190083467053,0.950114661149815,-2.7110310689191E-15));
#10614=DIRECTION('',(1.,-5.82789506282509E-30,-3.28081325416165E-15));
#10615=DIRECTION('',(0.,1.,-1.77635683940027E-15));
#10616=DIRECTION('',(0.,1.77635683940027E-15,1.));
#10617=DIRECTION('',(-3.28081325416165E-15,-1.77635683940027E-15,-1.));
#10618=DIRECTION('',(1.,-5.82789506282509E-30,-3.28081325416165E-15));
#10619=DIRECTION('',(-3.28081325416165E-15,-1.77635683940027E-15,-1.));
#10620=DIRECTION('',(-1.,5.82789506282509E-30,3.28081325416165E-15));
#10621=DIRECTION('',(-3.28081325416165E-15,-1.77635683940027E-15,-1.));
#10622=DIRECTION('',(-1.,0.,3.28081325416165E-15));
#10623=DIRECTION('',(3.28081325416165E-15,1.77635683940027E-15,1.));
#10624=DIRECTION('',(1.,0.,-3.28081325416165E-15));
#10625=DIRECTION('',(-3.28081325416165E-15,-1.77635683940027E-15,-1.));
#10626=DIRECTION('',(-1.,0.,3.28081325416165E-15));
#10627=DIRECTION('',(-3.28081325416165E-15,-1.77635683940027E-15,-1.));
#10628=DIRECTION('',(0.,-1.,1.77635683940027E-15));
#10629=DIRECTION('',(0.,-1.77635683940027E-15,-1.));
#10630=DIRECTION('',(-3.28081325416165E-15,-1.77635683940027E-15,-1.));
#10631=DIRECTION('',(-1.,5.82789506282509E-30,3.28081325416165E-15));
#10632=DIRECTION('',(1.,-5.82789506282509E-30,-3.28081325416165E-15));
#10633=DIRECTION('',(-3.28081325416165E-15,-1.77635683940027E-15,-1.));
#10634=DIRECTION('',(-1.,0.,3.28081325416165E-15));
#10635=DIRECTION('',(3.28081325416165E-15,1.77635683940027E-15,1.));
#10636=DIRECTION('',(1.,0.,-3.28081325416165E-15));
#10637=DIRECTION('',(-3.28081325416165E-15,-1.77635683940027E-15,-1.));
#10638=DIRECTION('',(-1.,0.,3.28081325416165E-15));
#10639=DIRECTION('',(0.,-1.,1.77635683940027E-15));
#10640=DIRECTION('',(0.,-1.77635683940027E-15,-1.));
#10641=DIRECTION('',(-3.28081325416165E-15,-1.77635683940027E-15,-1.));
#10642=DIRECTION('',(-1.,5.82789506282509E-30,3.28081325416165E-15));
#10643=DIRECTION('',(-3.28081325416165E-15,-1.77635683940027E-15,-1.));
#10644=DIRECTION('',(1.,-5.82789506282509E-30,-3.28081325416165E-15));
#10645=DIRECTION('',(-3.28081325416165E-15,-1.77635683940027E-15,-1.));
#10646=DIRECTION('',(-1.,0.,3.28081325416165E-15));
#10647=DIRECTION('',(3.28081325416165E-15,1.77635683940027E-15,1.));
#10648=DIRECTION('',(1.,0.,-3.28081325416165E-15));
#10649=DIRECTION('',(-3.28081325416165E-15,-1.77635683940027E-15,-1.));
#10650=DIRECTION('',(-1.,0.,3.28081325416165E-15));
#10651=DIRECTION('',(-3.28081325416165E-15,-1.77635683940027E-15,-1.));
#10652=DIRECTION('',(0.,1.,-1.77635683940027E-15));
#10653=DIRECTION('',(0.,1.77635683940027E-15,1.));
#10654=DIRECTION('',(-3.28081325416165E-15,-1.77635683940027E-15,-1.));
#10655=DIRECTION('',(1.,-5.82789506282509E-30,-3.28081325416165E-15));
#10656=DIRECTION('',(-1.,5.82789506282509E-30,3.28081325416165E-15));
#10657=DIRECTION('',(-3.28081325416165E-15,-1.77635683940027E-15,-1.));
#10658=DIRECTION('',(-1.,0.,3.28081325416165E-15));
#10659=DIRECTION('',(3.28081325416165E-15,1.77635683940027E-15,1.));
#10660=DIRECTION('',(1.,0.,-3.28081325416165E-15));
#10661=DIRECTION('',(-3.28081325416165E-15,-1.77635683940027E-15,-1.));
#10662=DIRECTION('',(-1.,0.,3.28081325416165E-15));
#10663=DIRECTION('',(0.,1.,-1.77635683940027E-15));
#10664=DIRECTION('',(0.,1.77635683940027E-15,1.));
#10665=DIRECTION('',(-3.28081325416165E-15,-1.77635683940027E-15,-1.));
#10666=DIRECTION('',(1.,-5.82789506282509E-30,-3.28081325416165E-15));
#10667=DIRECTION('',(-3.28081325416165E-15,-1.77635683940027E-15,-1.));
#10668=DIRECTION('',(-1.,5.82789506282509E-30,3.28081325416165E-15));
#10669=DIRECTION('',(-3.28081325416165E-15,-1.77635683940027E-15,-1.));
#10670=DIRECTION('',(-1.,0.,3.28081325416165E-15));
#10671=DIRECTION('',(3.28081325416165E-15,1.77635683940027E-15,1.));
#10672=DIRECTION('',(1.,0.,-3.28081325416165E-15));
#10673=DIRECTION('',(-3.28081325416165E-15,-1.77635683940027E-15,-1.));
#10674=DIRECTION('',(-1.,0.,3.28081325416165E-15));
#10675=DIRECTION('',(-3.28081325416165E-15,-1.77635683940027E-15,-1.));
#10676=DIRECTION('',(0.,-1.,1.77635683940027E-15));
#10677=DIRECTION('',(0.,-1.77635683940027E-15,-1.));
#10678=DIRECTION('',(-3.28081325416165E-15,-1.77635683940027E-15,-1.));
#10679=DIRECTION('',(-1.,5.82789506282509E-30,3.28081325416165E-15));
#10680=DIRECTION('',(1.,-5.82789506282509E-30,-3.28081325416165E-15));
#10681=DIRECTION('',(-3.28081325416165E-15,-1.77635683940027E-15,-1.));
#10682=DIRECTION('',(-1.,0.,3.28081325416165E-15));
#10683=DIRECTION('',(3.28081325416165E-15,1.77635683940027E-15,1.));
#10684=DIRECTION('',(1.,0.,-3.28081325416165E-15));
#10685=DIRECTION('',(-3.28081325416165E-15,-1.77635683940027E-15,-1.));
#10686=DIRECTION('',(-1.,0.,3.28081325416165E-15));
#10687=DIRECTION('',(0.,1.,-1.77635683940027E-15));
#10688=DIRECTION('',(0.,1.77635683940027E-15,1.));
#10689=DIRECTION('',(1.,-5.82789506282509E-30,-3.28081325416165E-15));
#10690=DIRECTION('',(-3.28081325416165E-15,-1.77635683940027E-15,-1.));
#10691=DIRECTION('',(-1.,5.82789506282509E-30,3.28081325416165E-15));
#10692=DIRECTION('',(-3.28081325416165E-15,-1.77635683940027E-15,-1.));
#10693=DIRECTION('',(-3.28081325416165E-15,-1.77635683940027E-15,-1.));
#10694=DIRECTION('',(-1.,0.,3.28081325416165E-15));
#10695=DIRECTION('',(3.28081325416165E-15,1.77635683940027E-15,1.));
#10696=DIRECTION('',(1.,0.,-3.28081325416165E-15));
#10697=DIRECTION('',(-3.28081325416165E-15,-1.77635683940027E-15,-1.));
#10698=DIRECTION('',(-1.,0.,3.28081325416165E-15));
#10699=DIRECTION('',(-3.28081325416165E-15,-1.77635683940027E-15,-1.));
#10700=DIRECTION('',(0.,1.,-1.77635683940027E-15));
#10701=DIRECTION('',(0.,1.77635683940027E-15,1.));
#10702=DIRECTION('',(-3.28081325416165E-15,-1.77635683940027E-15,-1.));
#10703=DIRECTION('',(1.,-5.82789506282509E-30,-3.28081325416165E-15));
#10704=DIRECTION('',(-1.,5.82789506282509E-30,3.28081325416165E-15));
#10705=DIRECTION('',(-3.28081325416165E-15,-1.77635683940027E-15,-1.));
#10706=DIRECTION('',(-1.,0.,3.28081325416165E-15));
#10707=DIRECTION('',(3.28081325416165E-15,1.77635683940027E-15,1.));
#10708=DIRECTION('',(1.,0.,-3.28081325416165E-15));
#10709=DIRECTION('',(-3.28081325416165E-15,-1.77635683940027E-15,-1.));
#10710=DIRECTION('',(-1.,0.,3.28081325416165E-15));
#10711=DIRECTION('',(0.,-1.,1.77635683940027E-15));
#10712=DIRECTION('',(0.,-1.77635683940027E-15,-1.));
#10713=DIRECTION('',(-3.28081325416165E-15,-1.77635683940027E-15,-1.));
#10714=DIRECTION('',(-1.,5.82789506282509E-30,3.28081325416165E-15));
#10715=DIRECTION('',(-3.28081325416165E-15,-1.77635683940027E-15,-1.));
#10716=DIRECTION('',(1.,-5.82789506282509E-30,-3.28081325416165E-15));
#10717=DIRECTION('',(-3.28081325416165E-15,-1.77635683940027E-15,-1.));
#10718=DIRECTION('',(-1.,0.,3.28081325416165E-15));
#10719=DIRECTION('',(3.28081325416165E-15,1.77635683940027E-15,1.));
#10720=DIRECTION('',(1.,0.,-3.28081325416165E-15));
#10721=DIRECTION('',(-3.28081325416165E-15,-1.77635683940027E-15,-1.));
#10722=DIRECTION('',(-1.,0.,3.28081325416165E-15));
#10723=DIRECTION('',(-3.28081325416165E-15,-1.77635683940027E-15,-1.));
#10724=DIRECTION('',(0.,1.,-1.77635683940027E-15));
#10725=DIRECTION('',(0.,1.77635683940027E-15,1.));
#10726=DIRECTION('',(-3.28081325416165E-15,-1.77635683940027E-15,-1.));
#10727=DIRECTION('',(1.,-5.82789506282509E-30,-3.28081325416165E-15));
#10728=DIRECTION('',(-1.,5.82789506282509E-30,3.28081325416165E-15));
#10729=DIRECTION('',(-3.28081325416165E-15,-1.77635683940027E-15,-1.));
#10730=DIRECTION('',(-1.,0.,3.28081325416165E-15));
#10731=DIRECTION('',(3.28081325416165E-15,1.77635683940027E-15,1.));
#10732=DIRECTION('',(1.,0.,-3.28081325416165E-15));
#10733=DIRECTION('',(-3.28081325416165E-15,-1.77635683940027E-15,-1.));
#10734=DIRECTION('',(-1.,0.,3.28081325416165E-15));
#10735=DIRECTION('',(0.,-1.,1.77635683940027E-15));
#10736=DIRECTION('',(0.,-1.77635683940027E-15,-1.));
#10737=DIRECTION('',(-3.28081325416165E-15,-1.77635683940027E-15,-1.));
#10738=DIRECTION('',(-1.,5.82789506282509E-30,3.28081325416165E-15));
#10739=DIRECTION('',(-3.28081325416165E-15,-1.77635683940027E-15,-1.));
#10740=DIRECTION('',(1.,-5.82789506282509E-30,-3.28081325416165E-15));
#10741=DIRECTION('',(-3.28081325416165E-15,-1.77635683940027E-15,-1.));
#10742=DIRECTION('',(-1.,0.,3.28081325416165E-15));
#10743=DIRECTION('',(3.28081325416165E-15,1.77635683940027E-15,1.));
#10744=DIRECTION('',(1.,0.,-3.28081325416165E-15));
#10745=DIRECTION('',(-3.28081325416165E-15,-1.77635683940027E-15,-1.));
#10746=DIRECTION('',(-1.,0.,3.28081325416165E-15));
#10747=DIRECTION('',(-3.28081325416165E-15,-1.77635683940027E-15,-1.));
#10748=DIRECTION('',(2.16840434497099E-15,1.,-1.77635683940027E-15));
#10749=DIRECTION('',(-1.,2.16840434497099E-15,0.));
#10750=DIRECTION('',(-3.28081325416165E-15,-1.77635683940027E-15,-1.));
#10751=DIRECTION('',(1.,-2.16840434497099E-15,-3.28081325416165E-15));
#10752=DIRECTION('',(-1.,2.16840434497099E-15,3.28081325416165E-15));
#10753=DIRECTION('',(-3.28081325416165E-15,-1.77635683940027E-15,-1.));
#10754=DIRECTION('',(-1.,0.,3.28081325416165E-15));
#10755=DIRECTION('',(3.28081325416165E-15,1.77635683940027E-15,1.));
#10756=DIRECTION('',(1.,0.,-3.28081325416165E-15));
#10757=DIRECTION('',(-3.28081325416165E-15,-1.77635683940027E-15,-1.));
#10758=DIRECTION('',(-1.,0.,3.28081325416165E-15));
#10759=DIRECTION('',(2.16840434497099E-15,1.,-1.77635683940027E-15));
#10760=DIRECTION('',(-1.,2.16840434497099E-15,0.));
#10761=DIRECTION('',(1.,-2.16840434497099E-15,-3.28081325416165E-15));
#10762=DIRECTION('',(-3.28081325416165E-15,-1.77635683940027E-15,-1.));
#10763=DIRECTION('',(-1.,2.16840434497099E-15,3.28081325416165E-15));
#10764=DIRECTION('',(-3.28081325416165E-15,-1.77635683940027E-15,-1.));
#10765=DIRECTION('',(-3.28081325416165E-15,-1.77635683940027E-15,-1.));
#10766=DIRECTION('',(-1.,0.,3.28081325416165E-15));
#10767=DIRECTION('',(3.28081325416165E-15,1.77635683940027E-15,1.));
#10768=DIRECTION('',(1.,0.,-3.28081325416165E-15));
#10769=DIRECTION('',(-3.28081325416165E-15,-1.77635683940027E-15,-1.));
#10770=DIRECTION('',(-1.,0.,3.28081325416165E-15));
#10771=DIRECTION('',(-3.28081325416165E-15,-1.77635683940027E-15,-1.));
#10772=DIRECTION('',(2.16840434497099E-15,1.,-1.77635683940027E-15));
#10773=DIRECTION('',(-1.,2.16840434497099E-15,0.));
#10774=DIRECTION('',(-3.28081325416165E-15,-1.77635683940027E-15,-1.));
#10775=DIRECTION('',(1.,-2.16840434497099E-15,-3.28081325416165E-15));
#10776=DIRECTION('',(-1.,2.16840434497099E-15,3.28081325416165E-15));
#10777=DIRECTION('',(-3.28081325416165E-15,-1.77635683940027E-15,-1.));
#10778=DIRECTION('',(-1.,0.,3.28081325416165E-15));
#10779=DIRECTION('',(3.28081325416165E-15,1.77635683940027E-15,1.));
#10780=DIRECTION('',(1.,0.,-3.28081325416165E-15));
#10781=DIRECTION('',(-3.28081325416165E-15,-1.77635683940027E-15,-1.));
#10782=DIRECTION('',(-1.,0.,3.28081325416165E-15));
#10783=DIRECTION('',(1.62630325872824E-15,1.,-1.77635683940027E-15));
#10784=DIRECTION('',(0.,1.77635683940027E-15,1.));
#10785=DIRECTION('',(1.,-1.62630325872825E-15,-3.28081325416165E-15));
#10786=DIRECTION('',(-3.28081325416165E-15,-1.77635683940027E-15,-1.));
#10787=DIRECTION('',(-1.,1.62630325872825E-15,3.28081325416165E-15));
#10788=DIRECTION('',(-3.28081325416165E-15,-1.77635683940027E-15,-1.));
#10789=DIRECTION('',(-3.28081325416165E-15,-1.77635683940027E-15,-1.));
#10790=DIRECTION('',(-1.,0.,3.28081325416165E-15));
#10791=DIRECTION('',(3.28081325416165E-15,1.77635683940027E-15,1.));
#10792=DIRECTION('',(1.,0.,-3.28081325416165E-15));
#10793=DIRECTION('',(-3.28081325416165E-15,-1.77635683940027E-15,-1.));
#10794=DIRECTION('',(-1.,0.,3.28081325416165E-15));
#10795=DIRECTION('',(-3.28081325416165E-15,-1.77635683940027E-15,-1.));
#10796=DIRECTION('',(2.16840434497099E-15,1.,-1.77635683940027E-15));
#10797=DIRECTION('',(-1.,2.16840434497099E-15,0.));
#10798=DIRECTION('',(-3.28081325416165E-15,-1.77635683940027E-15,-1.));
#10799=DIRECTION('',(1.,-2.16840434497099E-15,-3.28081325416165E-15));
#10800=DIRECTION('',(-1.,2.16840434497099E-15,3.28081325416165E-15));
#10801=DIRECTION('',(-3.28081325416165E-15,-1.77635683940027E-15,-1.));
#10802=DIRECTION('',(-1.,0.,3.28081325416165E-15));
#10803=DIRECTION('',(3.28081325416165E-15,1.77635683940027E-15,1.));
#10804=DIRECTION('',(1.,0.,-3.28081325416165E-15));
#10805=DIRECTION('',(-3.28081325416165E-15,-1.77635683940027E-15,-1.));
#10806=DIRECTION('',(-1.,0.,3.28081325416165E-15));
#10807=DIRECTION('',(2.16840434497099E-15,1.,-1.77635683940027E-15));
#10808=DIRECTION('',(-1.,2.16840434497099E-15,0.));
#10809=DIRECTION('',(-3.28081325416165E-15,-1.77635683940027E-15,-1.));
#10810=DIRECTION('',(1.,-2.16840434497099E-15,-3.28081325416165E-15));
#10811=DIRECTION('',(-3.28081325416165E-15,-1.77635683940027E-15,-1.));
#10812=DIRECTION('',(-1.,2.16840434497099E-15,3.28081325416165E-15));
#10813=DIRECTION('',(-3.28081325416165E-15,-1.77635683940027E-15,-1.));
#10814=DIRECTION('',(-1.,0.,3.28081325416165E-15));
#10815=DIRECTION('',(3.28081325416165E-15,1.77635683940027E-15,1.));
#10816=DIRECTION('',(1.,0.,-3.28081325416165E-15));
#10817=DIRECTION('',(-3.28081325416165E-15,-1.77635683940027E-15,-1.));
#10818=DIRECTION('',(-1.,0.,3.28081325416165E-15));
#10819=DIRECTION('',(-3.28081325416165E-15,-1.77635683940027E-15,-1.));
#10820=DIRECTION('',(-2.16840434497099E-15,-1.,1.77635683940027E-15));
#10821=DIRECTION('',(1.,-2.16840434497099E-15,0.));
#10822=DIRECTION('',(-3.28081325416165E-15,-1.77635683940027E-15,-1.));
#10823=DIRECTION('',(-1.,2.16840434497099E-15,3.28081325416165E-15));
#10824=DIRECTION('',(1.,-2.16840434497099E-15,-3.28081325416165E-15));
#10825=DIRECTION('',(-3.28081325416165E-15,-1.77635683940027E-15,-1.));
#10826=DIRECTION('',(-1.,0.,3.28081325416165E-15));
#10827=DIRECTION('',(3.28081325416165E-15,1.77635683940027E-15,1.));
#10828=DIRECTION('',(1.,0.,-3.28081325416165E-15));
#10829=DIRECTION('',(-3.28081325416165E-15,-1.77635683940027E-15,-1.));
#10830=DIRECTION('',(-1.,0.,3.28081325416165E-15));
#10831=DIRECTION('',(4.3368086899419E-15,1.,-1.77635683940028E-15));
#10832=DIRECTION('',(-1.,4.3368086899419E-15,0.));
#10833=DIRECTION('',(-3.28081325416165E-15,-1.77635683940027E-15,-1.));
#10834=DIRECTION('',(1.,-4.3368086899419E-15,-3.28081325416164E-15));
#10835=DIRECTION('',(-3.28081325416165E-15,-1.77635683940027E-15,-1.));
#10836=DIRECTION('',(-1.,4.3368086899419E-15,3.28081325416164E-15));
#10837=DIRECTION('',(-3.28081325416165E-15,-1.77635683940027E-15,-1.));
#10838=DIRECTION('',(-1.,0.,3.28081325416165E-15));
#10839=DIRECTION('',(3.28081325416165E-15,1.77635683940027E-15,1.));
#10840=DIRECTION('',(1.,0.,-3.28081325416165E-15));
#10841=DIRECTION('',(-3.28081325416165E-15,-1.77635683940027E-15,-1.));
#10842=DIRECTION('',(-1.,0.,3.28081325416165E-15));
#10843=DIRECTION('',(-3.28081325416165E-15,-1.77635683940027E-15,-1.));
#10844=DIRECTION('',(0.,-1.,1.77635683940027E-15));
#10845=DIRECTION('',(0.,-1.77635683940027E-15,-1.));
#10846=DIRECTION('',(-3.28081325416165E-15,-1.77635683940027E-15,-1.));
#10847=DIRECTION('',(-1.,5.82789506282509E-30,3.28081325416165E-15));
#10848=DIRECTION('',(1.,-5.82789506282509E-30,-3.28081325416165E-15));
#10849=DIRECTION('',(-3.28081325416165E-15,-1.77635683940027E-15,-1.));
#10850=DIRECTION('',(-1.,0.,3.28081325416165E-15));
#10851=DIRECTION('',(3.28081325416165E-15,1.77635683940027E-15,1.));
#10852=DIRECTION('',(1.,0.,-3.28081325416165E-15));
#10853=DIRECTION('',(-3.28081325416165E-15,-1.77635683940027E-15,-1.));
#10854=DIRECTION('',(-1.,0.,3.28081325416165E-15));
#10855=DIRECTION('',(0.,-1.,1.77635683940027E-15));
#10856=DIRECTION('',(0.,-1.77635683940027E-15,-1.));
#10857=DIRECTION('',(-3.28081325416165E-15,-1.77635683940027E-15,-1.));
#10858=DIRECTION('',(-1.,5.82789506282509E-30,3.28081325416165E-15));
#10859=DIRECTION('',(-3.28081325416165E-15,-1.77635683940027E-15,-1.));
#10860=DIRECTION('',(1.,-5.82789506282509E-30,-3.28081325416165E-15));
#10861=DIRECTION('',(-3.28081325416165E-15,-1.77635683940027E-15,-1.));
#10862=DIRECTION('',(-1.,0.,3.28081325416165E-15));
#10863=DIRECTION('',(3.28081325416165E-15,1.77635683940027E-15,1.));
#10864=DIRECTION('',(1.,0.,-3.28081325416165E-15));
#10865=DIRECTION('',(-3.28081325416165E-15,-1.77635683940027E-15,-1.));
#10866=DIRECTION('',(-1.,0.,3.28081325416165E-15));
#10867=DIRECTION('',(-3.28081325416165E-15,-1.77635683940027E-15,-1.));
#10868=DIRECTION('',(0.,1.,-1.77635683940027E-15));
#10869=DIRECTION('',(0.,1.77635683940027E-15,1.));
#10870=DIRECTION('',(-3.28081325416165E-15,-1.77635683940027E-15,-1.));
#10871=DIRECTION('',(1.,-5.82789506282509E-30,-3.28081325416165E-15));
#10872=DIRECTION('',(-1.,5.82789506282509E-30,3.28081325416165E-15));
#10873=DIRECTION('',(-3.28081325416165E-15,-1.77635683940027E-15,-1.));
#10874=DIRECTION('',(-1.,0.,3.28081325416165E-15));
#10875=DIRECTION('',(3.28081325416165E-15,1.77635683940027E-15,1.));
#10876=DIRECTION('',(1.,0.,-3.28081325416165E-15));
#10877=DIRECTION('',(-3.28081325416165E-15,-1.77635683940027E-15,-1.));
#10878=DIRECTION('',(-1.,0.,3.28081325416165E-15));
#10879=DIRECTION('',(3.28081325416165E-15,1.77635683940027E-15,1.));
#10880=DIRECTION('',(1.,-5.82789506282509E-30,-3.28081325416165E-15));
#10881=DIRECTION('',(-3.28081325416165E-15,-1.77635683940027E-15,-1.));
#10882=DIRECTION('',(-1.,0.,3.28081325416165E-15));
#10883=DIRECTION('',(-3.28081325416165E-15,-1.77635683940027E-15,-1.));
#10884=DIRECTION('',(-1.,0.,3.28081325416165E-15));
#10885=DIRECTION('',(1.,-5.82789506282509E-30,-3.28081325416165E-15));
#10886=DIRECTION('',(-3.28081325416165E-15,-1.77635683940027E-15,-1.));
#10887=DIRECTION('',(-1.,0.,3.28081325416165E-15));
#10888=DIRECTION('',(-1.,5.82789506282509E-30,3.28081325416165E-15));
#10889=DIRECTION('',(-3.28081325416165E-15,-1.77635683940027E-15,-1.));
#10890=DIRECTION('',(-1.,0.,3.28081325416165E-15));
#10891=DIRECTION('',(1.,-2.16840434497099E-15,-3.28081325416165E-15));
#10892=DIRECTION('',(-3.28081325416165E-15,-1.77635683940027E-15,-1.));
#10893=DIRECTION('',(-1.,0.,3.28081325416165E-15));
#10894=DIRECTION('',(1.,-1.62630325872825E-15,-3.28081325416165E-15));
#10895=DIRECTION('',(-3.28081325416165E-15,-1.77635683940027E-15,-1.));
#10896=DIRECTION('',(-1.,0.,3.28081325416165E-15));
#10897=DIRECTION('',(-3.28081325416165E-15,-1.77635683940027E-15,-1.));
#10898=DIRECTION('',(-1.,0.,3.28081325416165E-15));
#10899=DIRECTION('',(1.,-5.82789506282509E-30,-3.28081325416165E-15));
#10900=DIRECTION('',(-3.28081325416165E-15,-1.77635683940027E-15,-1.));
#10901=DIRECTION('',(-1.,0.,3.28081325416165E-15));
#10902=DIRECTION('',(1.,-5.82789506282509E-30,-3.28081325416165E-15));
#10903=DIRECTION('',(1.,-2.16840434497099E-15,-3.28081325416165E-15));
#10904=DIRECTION('',(-3.28081325416165E-15,-1.77635683940027E-15,-1.));
#10905=DIRECTION('',(-1.,0.,3.28081325416165E-15));
#10906=DIRECTION('',(-1.,5.82789506282509E-30,3.28081325416165E-15));
#10907=DIRECTION('',(-3.28081325416165E-15,-1.77635683940027E-15,-1.));
#10908=DIRECTION('',(-1.,0.,3.28081325416165E-15));
#10909=DIRECTION('',(-1.,5.82789506282509E-30,3.28081325416165E-15));
#10910=DIRECTION('',(-3.28081325416165E-15,-1.77635683940027E-15,-1.));
#10911=DIRECTION('',(-1.,0.,3.28081325416165E-15));
#10912=DIRECTION('',(1.,-5.82789506282509E-30,-3.28081325416165E-15));
#10913=DIRECTION('',(-3.28081325416165E-15,-1.77635683940027E-15,-1.));
#10914=DIRECTION('',(-1.,0.,3.28081325416165E-15));
#10915=DIRECTION('',(1.,-5.82789506282509E-30,-3.28081325416165E-15));
#10916=DIRECTION('',(-3.28081325416165E-15,-1.77635683940027E-15,-1.));
#10917=DIRECTION('',(-1.,0.,3.28081325416165E-15));
#10918=DIRECTION('',(-1.,5.82789506282509E-30,3.28081325416165E-15));
#10919=DIRECTION('',(-3.28081325416165E-15,-1.77635683940027E-15,-1.));
#10920=DIRECTION('',(-1.,0.,3.28081325416165E-15));
#10921=DIRECTION('',(-3.28081325416165E-15,-1.77635683940027E-15,-1.));
#10922=DIRECTION('',(-1.,0.,3.28081325416165E-15));
#10923=DIRECTION('',(-3.28081325416165E-15,-1.77635683940027E-15,-1.));
#10924=DIRECTION('',(-1.,0.,3.28081325416165E-15));
#10925=DIRECTION('',(-3.28081325416165E-15,-1.77635683940027E-15,-1.));
#10926=DIRECTION('',(-1.,0.,3.28081325416165E-15));
#10927=DIRECTION('',(-3.28081325416165E-15,-1.77635683940027E-15,-1.));
#10928=DIRECTION('',(-1.,0.,3.28081325416165E-15));
#10929=DIRECTION('',(3.28081325416165E-15,1.77635683940027E-15,1.));
#10930=DIRECTION('',(1.,0.,-3.28081325416165E-15));
#10931=DIRECTION('',(1.,4.31775426138038E-16,-3.28081325416165E-15));
#10932=DIRECTION('',(4.31775426138044E-16,-1.,1.77635683940027E-15));
#10933=DIRECTION('',(-3.28081325416165E-15,-1.77635683940027E-15,-1.));
#10934=DIRECTION('',(-1.,0.,3.28081325416165E-15));
#10935=DIRECTION('',(1.,4.31775426138038E-16,-3.28081325416165E-15));
#10936=DIRECTION('',(0.,1.,-1.77635683940027E-15));
#10937=DIRECTION('',(1.,-5.82789506282509E-30,-3.28081325416165E-15));
#10938=DIRECTION('',(7.63003717700578E-32,1.,-1.77635683940027E-15));
#10939=DIRECTION('',(-1.,0.,3.28081325416165E-15));
#10940=DIRECTION('',(5.82789506282509E-30,-1.,1.77635683940027E-15));
#10941=DIRECTION('',(1.,-5.82789506282509E-30,-3.28081325416165E-15));
#10942=DIRECTION('',(-4.27284246208915E-32,1.,-1.77635683940027E-15));
#10943=DIRECTION('',(1.,4.31775426138038E-16,-3.28081325416165E-15));
#10944=DIRECTION('',(-3.28081325416165E-15,-1.77635683940027E-15,-1.));
#10945=DIRECTION('',(-1.,0.,3.28081325416165E-15));
#10946=DIRECTION('',(1.,4.31775426138038E-16,-3.28081325416165E-15));
#10947=DIRECTION('',(4.31775426138044E-16,-1.,1.77635683940027E-15));
#10948=DIRECTION('',(1.,4.31775426138038E-16,-3.28081325416165E-15));
#10949=DIRECTION('',(3.28081325416165E-15,1.77635683940027E-15,1.));
#10950=DIRECTION('',(1.,0.,-3.28081325416165E-15));
#10951=DIRECTION('',(3.28081325416165E-15,1.77635683940027E-15,1.));
#10952=DIRECTION('',(1.,0.,-3.28081325416165E-15));
#10953=DIRECTION('',(0.999999221011617,-0.00124818915199325,-3.27859346910923E-15));
#10954=DIRECTION('',(-1.33440267382831E-16,1.,-1.77635683940027E-15));
#10955=DIRECTION('',(-1.,-1.33440267382831E-16,3.28081325416165E-15));
#10956=DIRECTION('',(1.33440267382831E-16,-1.,1.77635683940027E-15));
#10957=DIRECTION('',(1.33440267382831E-16,-1.,1.77635683940027E-15));
#10958=DIRECTION('',(-1.,-1.33440267382831E-16,3.28081325416165E-15));
#10959=DIRECTION('',(1.33440267382831E-16,-1.,1.77635683940027E-15));
#10960=DIRECTION('',(0.999999998476344,5.52024666527284E-5,-3.28091130844201E-15));
#10961=DIRECTION('',(3.28081325416162E-15,1.77635683940025E-15,1.));
#10962=DIRECTION('',(1.,0.,-3.28081325416165E-15));
#10963=DIRECTION('',(1.,-5.82789506282509E-30,-3.28081325416165E-15));
#10964=DIRECTION('',(-3.28081325416165E-15,-1.77635683940027E-15,-1.));
#10965=DIRECTION('',(-1.,0.,3.28081325416165E-15));
#10966=DIRECTION('',(-1.,5.82789506282509E-30,3.28081325416165E-15));
#10967=DIRECTION('',(-3.28081325416165E-15,-1.77635683940027E-15,-1.));
#10968=DIRECTION('',(-1.,0.,3.28081325416165E-15));
#10969=DIRECTION('',(1.,-2.16840434497099E-15,-3.28081325416165E-15));
#10970=DIRECTION('',(-3.28081325416165E-15,-1.77635683940027E-15,-1.));
#10971=DIRECTION('',(-1.,0.,3.28081325416165E-15));
#10972=DIRECTION('',(1.,-2.16840434497099E-15,-3.28081325416165E-15));
#10973=DIRECTION('',(-3.28081325416165E-15,-1.77635683940027E-15,-1.));
#10974=DIRECTION('',(-1.,0.,3.28081325416165E-15));
#10975=DIRECTION('',(1.,-5.82789506282509E-30,-3.28081325416165E-15));
#10976=DIRECTION('',(-3.28081325416165E-15,-1.77635683940027E-15,-1.));
#10977=DIRECTION('',(-1.,0.,3.28081325416165E-15));
#10978=DIRECTION('',(-1.,5.82789506282509E-30,3.28081325416165E-15));
#10979=DIRECTION('',(-3.28081325416165E-15,-1.77635683940027E-15,-1.));
#10980=DIRECTION('',(-1.,0.,3.28081325416165E-15));
#10981=DIRECTION('',(1.,-2.16840434497099E-15,-3.28081325416165E-15));
#10982=DIRECTION('',(-3.28081325416165E-15,-1.77635683940027E-15,-1.));
#10983=DIRECTION('',(-1.,0.,3.28081325416165E-15));
#10984=DIRECTION('',(-1.,2.16840434497099E-15,3.28081325416165E-15));
#10985=DIRECTION('',(-3.28081325416165E-15,-1.77635683940027E-15,-1.));
#10986=DIRECTION('',(-1.,0.,3.28081325416165E-15));
#10987=DIRECTION('',(1.,-2.16840434497099E-15,-3.28081325416165E-15));
#10988=DIRECTION('',(-3.28081325416165E-15,-1.77635683940027E-15,-1.));
#10989=DIRECTION('',(-1.,0.,3.28081325416165E-15));
#10990=DIRECTION('',(-1.,5.82789506282509E-30,3.28081325416165E-15));
#10991=DIRECTION('',(-3.28081325416165E-15,-1.77635683940027E-15,-1.));
#10992=DIRECTION('',(-1.,0.,3.28081325416165E-15));
#10993=DIRECTION('',(-5.52024666527284E-5,0.999999998476344,-1.77617572770945E-15));
#10994=DIRECTION('',(-0.999999998476344,-5.52024666527284E-5,0.));
#10995=DIRECTION('',(-9.80492813782666E-20,1.77617572500317E-15,1.));
#10996=DIRECTION('',(0.999999998476344,5.52024666527284E-5,-3.28091030176576E-15));
#10997=DIRECTION('',(-3.28081325416165E-15,-1.77635683940027E-15,-1.));
#10998=DIRECTION('',(0.,1.,-1.77635683940027E-15));
#10999=DIRECTION('',(0.,1.77635683940027E-15,1.));
#11000=DIRECTION('',(3.28081325416165E-15,3.95861005523029E-45,1.));
#11001=DIRECTION('',(1.,-5.90419543459514E-30,-3.28081325416165E-15));
#11002=DIRECTION('',(3.28081325416165E-15,1.77635683940027E-15,1.));
#11003=DIRECTION('',(3.60822483003115E-12,-1.,1.77635683938843E-15));
#11004=DIRECTION('',(1.,3.60822483003115E-12,0.));
#11005=DIRECTION('',(3.28081325416165E-15,1.77635683940027E-15,1.));
#11006=DIRECTION('',(1.,-5.90419543459514E-30,-3.28081325416165E-15));
#11007=DIRECTION('',(3.28081325416165E-15,1.77635683940027E-15,1.));
#11008=DIRECTION('',(1.,-5.90419543459514E-30,-3.28081325416165E-15));
#11009=DIRECTION('',(-1.,5.90419543459514E-30,3.28081325416165E-15));
#11010=DIRECTION('',(-5.90419543459514E-30,-1.,1.93705626369805E-44));
#11011=DIRECTION('',(3.28081325416165E-15,1.77635683940027E-15,1.));
#11012=DIRECTION('',(7.63003717700578E-32,1.,-1.77635683940027E-15));
#11013=DIRECTION('',(-3.28081325416165E-15,0.,-1.));
#11014=DIRECTION('',(1.13191291798673E-30,-1.,2.14462324048975E-15));
#11015=DIRECTION('',(1.,0.,-3.28081325416165E-15));
#11016=DIRECTION('',(0.,1.,0.));
#11017=DIRECTION('',(3.28081325416165E-15,0.,1.));
#11018=DIRECTION('',(5.82789506282509E-30,-1.,1.77635683940027E-15));
#11019=DIRECTION('',(3.28081325416165E-15,1.77635683940027E-15,1.));
#11020=DIRECTION('',(-4.99336721796134E-30,1.,-1.52199068679918E-15));
#11021=DIRECTION('',(-3.28081325416165E-15,-1.77635683940027E-15,-1.));
#11022=DIRECTION('',(1.,-5.82789506282509E-30,-3.28081325416165E-15));
#11023=DIRECTION('',(-3.28081325416165E-15,-1.77635683940027E-15,-1.));
#11024=DIRECTION('',(-1.,0.,3.28081325416165E-15));
#11025=DIRECTION('',(0.,1.,-1.77635683940027E-15));
#11026=DIRECTION('',(0.,1.,-1.77635683940027E-15));
#11027=DIRECTION('',(0.,1.77635683940027E-15,1.));
#11028=DIRECTION('',(1.,-5.82789506282509E-30,-3.28081325416165E-15));
#11029=DIRECTION('',(-1.,0.,3.28081325416165E-15));
#11030=DIRECTION('',(0.,1.,-1.77635683940027E-15));
#11031=DIRECTION('',(0.,1.77635683940027E-15,1.));
#11032=DIRECTION('',(3.28081325416165E-15,3.95861005523029E-45,1.));
#11033=DIRECTION('',(3.28081325416165E-15,1.77635683940027E-15,1.));
#11034=DIRECTION('',(1.,-5.90419543459514E-30,-3.28081325416165E-15));
#11035=DIRECTION('',(4.31775426138044E-16,-1.,1.77635683940027E-15));
#11036=DIRECTION('',(1.,4.31775426138044E-16,-7.66987231305278E-31));
#11037=DIRECTION('',(-1.,5.7851666382042E-30,3.28081325416165E-15));
#11038=DIRECTION('',(3.28081325416165E-15,1.77635683940027E-15,1.));
#11039=DIRECTION('',(1.,4.31775426138038E-16,-3.28081325416165E-15));
#11040=DIRECTION('',(-0.819152044288988,6.65186702636292E-16,0.573576436351051));
#11041=DIRECTION('',(5.5734610673025E-15,-1.77635683940026E-15,-1.));
#11042=DIRECTION('',(-0.819152044288995,-1.37256614862573E-15,-0.573576436351042));
#11043=DIRECTION('',(-1.,-4.31775426138044E-16,-1.54197642309049E-16));
#11044=DIRECTION('',(0.819152044288992,-6.65186702636281E-16,-0.573576436351046));
#11045=DIRECTION('',(-1.1146922134605E-14,-1.77635683940027E-15,-1.));
#11046=DIRECTION('',(3.28081325416165E-15,1.77635683940027E-15,1.));
#11047=DIRECTION('',(1.,4.31775426138038E-16,-3.28081325416165E-15));
#11048=DIRECTION('',(3.28081325416165E-15,1.77635683940027E-15,1.));
#11049=DIRECTION('',(-1.,-4.31775426138038E-16,3.28081325416165E-15));
#11050=DIRECTION('',(3.28081325416165E-15,1.77635683940027E-15,1.));
#11051=DIRECTION('',(1.,4.31775426138038E-16,-3.28081325416165E-15));
#11052=DIRECTION('',(3.28081325416165E-15,1.77635683940027E-15,1.));
#11053=DIRECTION('',(3.28081325416165E-15,1.77635683940027E-15,1.));
#11054=DIRECTION('',(1.,-5.82789506282509E-30,-3.28081325416165E-15));
#11055=DIRECTION('',(-3.28081325416165E-15,-1.77635683940027E-15,-1.));
#11056=DIRECTION('',(-1.,0.,3.28081325416165E-15));
#11057=DIRECTION('',(3.28081325416165E-15,1.77635683940027E-15,1.));
#11058=DIRECTION('',(1.,0.,-3.28081325416165E-15));
#11059=DIRECTION('',(3.28081325416165E-15,1.77635683940027E-15,1.));
#11060=DIRECTION('',(1.,0.,-3.28081325416165E-15));
#11061=DIRECTION('',(1.,0.,-3.28081325416165E-15));
#11062=DIRECTION('',(-3.28081325416165E-15,0.,-1.));
#11063=DIRECTION('',(-3.28081325416165E-15,-1.77635683940027E-15,-1.));
#11064=DIRECTION('',(-5.82789506282509E-30,1.,-1.77635683940027E-15));
#11065=DIRECTION('',(-3.28081325416165E-15,-1.77635683940027E-15,-1.));
#11066=DIRECTION('',(0.,1.,0.));
#11067=DIRECTION('',(-4.99336721796134E-30,1.,-1.52199068679918E-15));
#11068=DIRECTION('',(0.,1.,0.));
#11069=DIRECTION('',(-1.,5.90419543459514E-30,3.28081325416165E-15));
#11070=DIRECTION('',(3.28081325416165E-15,0.,1.));
#11071=DIRECTION('',(1.13191291798673E-30,-1.,2.14462324048975E-15));
#11072=DIRECTION('',(-5.90419543459514E-30,-1.,1.93705626369805E-44));
#11073=DIRECTION('',(0.,1.,-1.77635683940027E-15));
#11074=DIRECTION('',(0.00124818915199325,0.999999221011617,-1.78045053115249E-15));
#11075=DIRECTION('',(-0.999999221011617,0.00124818915199325,0.));
#11076=DIRECTION('',(-3.28081325416165E-15,-1.77635683940027E-15,-1.));
#11077=DIRECTION('',(0.999999221011617,-0.00124818915199325,-3.27859992869151E-15));
#11078=DIRECTION('',(-3.28081325416165E-15,-1.77635683940027E-15,-1.));
#11079=DIRECTION('',(-3.28081325416165E-15,-1.77635683940027E-15,-1.));
#11080=DIRECTION('',(-3.28081325416165E-15,-1.77635683940027E-15,-1.));
#11081=DIRECTION('',(-1.,0.,3.28081325416165E-15));
#11082=DIRECTION('',(-3.28081325416165E-15,-1.77635683940027E-15,-1.));
#11083=DIRECTION('',(3.28081325416165E-15,1.77635683940027E-15,1.));
#11084=DIRECTION('',(1.,0.,-3.28081325416165E-15));
#11085=DIRECTION('',(3.28081325416165E-15,1.77635683940065E-15,1.));
#11086=DIRECTION('',(1.,0.,-3.28081325416165E-15));
#11087=DIRECTION('',(-3.28081325416165E-15,-1.77635683940027E-15,-1.));
#11088=DIRECTION('',(-3.28081325416165E-15,-1.77635683940027E-15,-1.));
#11089=DIRECTION('',(-4.31775426138044E-16,1.,-1.77635683940027E-15));
#11090=DIRECTION('',(0.,1.77635683940027E-15,1.));
#11091=DIRECTION('',(-3.28081325416165E-15,-1.77635683940027E-15,-1.));
#11092=DIRECTION('',(-1.,-4.31775426138038E-16,3.28081325416165E-15));
#11093=DIRECTION('',(3.28081325416165E-15,1.77635683940027E-15,1.));
#11094=DIRECTION('',(-1.1146922134605E-14,-1.77635683940027E-15,-1.));
#11095=DIRECTION('',(0.819152044288992,-6.65186702636281E-16,-0.573576436351046));
#11096=DIRECTION('',(-1.,-4.31775426138044E-16,-1.54197642309049E-16));
#11097=DIRECTION('',(-0.819152044288995,-1.37256614862573E-15,-0.573576436351042));
#11098=DIRECTION('',(5.5734610673025E-15,-1.77635683940026E-15,-1.));
#11099=DIRECTION('',(-3.28081325416165E-15,-1.77635683940027E-15,-1.));
#11100=DIRECTION('',(-3.28081325416165E-15,-1.77635683940027E-15,-1.));
#11101=DIRECTION('',(-3.28081325416165E-15,-1.77635683940027E-15,-1.));
#11102=DIRECTION('',(-3.28081325416164E-15,-1.77635683939983E-15,-1.));
#11103=DIRECTION('',(-1.,0.,3.28081325416164E-15));
#11104=DIRECTION('',(-3.28081325416165E-15,-1.77635683940027E-15,-1.));
#11105=DIRECTION('',(-3.28081325416165E-15,-1.77635683940027E-15,-1.));
#11106=DIRECTION('',(-1.,0.,3.28081325416165E-15));
#11107=DIRECTION('',(-3.28081325416165E-15,-1.77635683940027E-15,-1.));
#11108=DIRECTION('',(3.28081325416165E-15,1.77635683940027E-15,1.));
#11109=DIRECTION('',(1.,0.,-3.28081325416165E-15));
#11110=DIRECTION('',(-3.28081325416165E-15,-1.77635683940027E-15,-1.));
#11111=DIRECTION('',(3.28081325416165E-15,1.77635683940027E-15,1.));
#11112=DIRECTION('',(1.,-5.82789506282509E-30,-3.28081325416165E-15));
#11113=DIRECTION('',(-3.28081325416165E-15,-1.77635683940027E-15,-1.));
#11114=DIRECTION('',(-1.,0.,3.28081325416165E-15));
#11115=DIRECTION('',(3.28081325416165E-15,1.77635683940027E-15,1.));
#11116=DIRECTION('',(1.,0.,-3.28081325416165E-15));
#11117=DIRECTION('',(3.28081325416165E-15,1.77635683940027E-15,1.));
#11118=DIRECTION('',(1.,0.,-3.28081325416165E-15));
#11119=DIRECTION('',(3.28081325416165E-15,1.77635683940027E-15,1.));
#11120=DIRECTION('',(1.,-5.82789506282509E-30,-3.28081325416165E-15));
#11121=DIRECTION('',(-3.28081325416165E-15,-1.77635683940027E-15,-1.));
#11122=DIRECTION('',(-1.,0.,3.28081325416165E-15));
#11123=DIRECTION('',(3.28081325416165E-15,1.77635683940027E-15,1.));
#11124=DIRECTION('',(1.,0.,-3.28081325416165E-15));
#11125=DIRECTION('',(3.28081325416165E-15,1.77635683940027E-15,1.));
#11126=DIRECTION('',(1.,0.,-3.28081325416165E-15));
#11127=DIRECTION('',(3.28081325416165E-15,1.77635683940027E-15,1.));
#11128=DIRECTION('',(1.,-5.82789506282509E-30,-3.28081325416165E-15));
#11129=DIRECTION('',(-3.28081325416165E-15,-1.77635683940027E-15,-1.));
#11130=DIRECTION('',(-1.,0.,3.28081325416165E-15));
#11131=DIRECTION('',(3.28081325416165E-15,1.77635683940027E-15,1.));
#11132=DIRECTION('',(1.,0.,-3.28081325416165E-15));
#11133=DIRECTION('',(-4.31775426138044E-16,1.,-1.77635683940027E-15));
#11134=DIRECTION('',(3.28081325416165E-15,1.77635683940027E-15,1.));
#11135=DIRECTION('',(1.,0.,-3.28081325416165E-15));
#11136=DIRECTION('',(3.28081325416165E-15,1.77635683940027E-15,1.));
#11137=DIRECTION('',(0.573576436351051,1.70276254660967E-15,0.819152044288988));
#11138=DIRECTION('',(-0.819152044288988,6.65186702636292E-16,0.573576436351051));
#11139=DIRECTION('',(3.28081325416165E-15,1.77635683940027E-15,1.));
#11140=DIRECTION('',(1.,-5.82789506282509E-30,-3.28081325416165E-15));
#11141=DIRECTION('',(-3.28081325416165E-15,-1.77635683940027E-15,-1.));
#11142=DIRECTION('',(-1.,0.,3.28081325416165E-15));
#11143=DIRECTION('',(3.28081325416165E-15,1.77635683940027E-15,1.));
#11144=DIRECTION('',(1.,0.,-3.28081325416165E-15));
#11145=DIRECTION('',(3.28081325416165E-15,1.77635683940027E-15,1.));
#11146=DIRECTION('',(1.,0.,-3.28081325416165E-15));
#11147=DIRECTION('',(3.28081325416165E-15,1.77635683940027E-15,1.));
#11148=DIRECTION('',(1.,-5.82789506282509E-30,-3.28081325416165E-15));
#11149=DIRECTION('',(-3.28081325416165E-15,-1.77635683940027E-15,-1.));
#11150=DIRECTION('',(-1.,0.,3.28081325416165E-15));
#11151=DIRECTION('',(3.28081325416165E-15,1.77635683940027E-15,1.));
#11152=DIRECTION('',(1.,0.,-3.28081325416165E-15));
#11153=DIRECTION('',(3.28081325416165E-15,1.77635683940027E-15,1.));
#11154=DIRECTION('',(1.,0.,-3.28081325416165E-15));
#11155=DIRECTION('',(-3.28081325416165E-15,-1.77635683940027E-15,-1.));
#11156=DIRECTION('',(-1.,0.,3.28081325416165E-15));
#11157=DIRECTION('',(-3.28081325416165E-15,-1.77635683940027E-15,-1.));
#11158=DIRECTION('',(-1.,0.,3.28081325416165E-15));
#11159=DIRECTION('',(-3.28081325416165E-15,-1.77635683940027E-15,-1.));
#11160=DIRECTION('',(1.,-5.82789506282509E-30,-3.28081325416165E-15));
#11161=DIRECTION('',(-3.28081325416165E-15,-1.77635683940027E-15,-1.));
#11162=DIRECTION('',(-1.,0.,3.28081325416165E-15));
#11163=DIRECTION('',(-3.28081325416165E-15,-1.77635683940027E-15,-1.));
#11164=DIRECTION('',(-1.,0.,3.28081325416165E-15));
#11165=DIRECTION('',(-3.28081325416165E-15,-1.77635683940027E-15,-1.));
#11166=DIRECTION('',(1.,-5.82789506282509E-30,-3.28081325416165E-15));
#11167=DIRECTION('',(-3.28081325416165E-15,-1.77635683940027E-15,-1.));
#11168=DIRECTION('',(-1.,0.,3.28081325416165E-15));
#11169=DIRECTION('',(-3.28081325416165E-15,-1.77635683940027E-15,-1.));
#11170=DIRECTION('',(-1.,0.,3.28081325416165E-15));
#11171=DIRECTION('',(-3.28081325416165E-15,-1.77635683940027E-15,-1.));
#11172=DIRECTION('',(-1.,0.,3.28081325416165E-15));
#11173=DIRECTION('',(-3.28081325416165E-15,-1.77635683940027E-15,-1.));
#11174=DIRECTION('',(-1.,0.,3.28081325416165E-15));
#11175=DIRECTION('',(-3.28081325416165E-15,-1.77635683940027E-15,-1.));
#11176=DIRECTION('',(-1.,0.,3.28081325416165E-15));
#11177=DIRECTION('',(-3.28081325416165E-15,-1.77635683940027E-15,-1.));
#11178=DIRECTION('',(-1.,0.,3.28081325416165E-15));
#11179=DIRECTION('',(-3.28081325416165E-15,-1.77635683940027E-15,-1.));
#11180=DIRECTION('',(1.,-5.82789506282509E-30,-3.28081325416165E-15));
#11181=DIRECTION('',(-3.28081325416165E-15,-1.77635683940027E-15,-1.));
#11182=DIRECTION('',(-1.,0.,3.28081325416165E-15));
#11183=DIRECTION('',(-3.28081325416165E-15,-1.77635683940027E-15,-1.));
#11184=DIRECTION('',(-1.,0.,3.28081325416165E-15));
#11185=DIRECTION('',(-3.28081325416165E-15,-1.77635683940027E-15,-1.));
#11186=DIRECTION('',(1.,-5.82789506282509E-30,-3.28081325416165E-15));
#11187=DIRECTION('',(3.28081325416165E-15,0.,1.));
#11188=DIRECTION('',(1.,0.,-3.28081325416165E-15));
#11189=DIRECTION('',(3.28081325416165E-15,0.,1.));
#11190=DIRECTION('',(1.,0.,-3.28081325416165E-15));
#11191=DIRECTION('',(5.82789506282509E-30,1.,-1.91202353659798E-44));
#11192=DIRECTION('',(-1.,5.7851666382042E-30,3.28081325416165E-15));
#11193=DIRECTION('',(5.7851666382042E-30,1.,-1.89800513841541E-44));
#11194=DIRECTION('',(0.,1.,0.));
#11195=DIRECTION('',(-1.,0.,3.28081325416165E-15));
#11196=DIRECTION('',(-5.90419543459514E-30,-1.,1.93705626369805E-44));
#11197=DIRECTION('',(-1.,5.90419543459514E-30,3.28081325416165E-15));
#11198=DIRECTION('',(-5.90419543459514E-30,-1.,1.93705626369805E-44));
#11199=DIRECTION('',(3.28081325416165E-15,2.31296463463589E-15,1.));
#11200=DIRECTION('',(3.28081325416165E-15,2.14462324048975E-15,1.));
#11201=DIRECTION('',(1.,0.,-3.28081325416165E-15));
#11202=DIRECTION('',(-1.,0.,3.28081325416165E-15));
#11203=DIRECTION('',(1.,0.,-3.28081325416165E-15));
#11204=DIRECTION('',(0.,1.,0.));
#11205=DIRECTION('',(-3.28081325416165E-15,-2.31296463463589E-15,-1.));
#11206=DIRECTION('',(-1.,-4.31775426138024E-16,1.1146922134605E-14));
#11207=DIRECTION('',(1.1146922134605E-14,0.,1.));
#11208=DIRECTION('',(4.31775426138044E-16,-1.,1.77635683940027E-15));
#11209=DIRECTION('',(0.573576436351051,1.70276254660967E-15,0.819152044288988));
#11210=DIRECTION('',(0.819152044288988,0.,-0.573576436351051));
#11211=DIRECTION('',(4.31775426138044E-16,-1.,1.77635683940027E-15));
#11212=DIRECTION('',(-1.,-4.31775426138054E-16,-5.5734610673025E-15));
#11213=DIRECTION('',(-5.5734610673025E-15,0.,1.));
#11214=DIRECTION('',(4.31775426138044E-16,-1.,1.77635683940027E-15));
#11215=DIRECTION('',(-0.573576436351042,1.20745012615325E-15,0.819152044288995));
#11216=DIRECTION('',(0.819152044288995,0.,0.573576436351042));
#11217=DIRECTION('',(4.31775426138044E-16,-1.,1.77635683940027E-15));
#11218=DIRECTION('',(-1.5419764230905E-16,1.77635683940027E-15,1.));
#11219=DIRECTION('',(0.,-1.,1.77635683940027E-15));
#11220=DIRECTION('',(4.31775426138044E-16,-1.,1.77635683940027E-15));
#11221=DIRECTION('',(-0.573576436351046,-1.70276254660967E-15,-0.819152044288992));
#11222=DIRECTION('',(-0.819152044288992,0.,0.573576436351046));
#11223=DIRECTION('',(0.,-1.,0.));
#11224=DIRECTION('',(0.,0.,-1.));
#11225=DIRECTION('',(-1.,0.,3.28081325416165E-15));
#11226=DIRECTION('',(-7.58840502972056E-30,1.,-2.31296463463589E-15));
#11227=DIRECTION('',(0.,2.31296463463589E-15,1.));
#11228=DIRECTION('',(1.,-5.7851666382042E-30,-3.28081325416165E-15));
#11229=DIRECTION('',(5.7851666382042E-30,1.,-1.89800513841541E-44));
#11230=DIRECTION('',(1.,-5.82789506282509E-30,-3.28081325416165E-15));
#11231=DIRECTION('',(-3.28081325416165E-15,0.,-1.));
#11232=DIRECTION('',(-1.33440267382831E-16,1.,0.));
#11233=DIRECTION('',(-1.,-1.33440267382831E-16,0.));
#11234=DIRECTION('',(0.,0.,1.));
#11235=DIRECTION('',(-0.819152044288992,-1.09307867817116E-16,0.573576436351046));
#11236=DIRECTION('',(-1.,-1.33440267382831E-16,0.));
#11237=DIRECTION('',(0.,0.,1.));
#11238=DIRECTION('',(-1.,-1.33440267382831E-16,0.));
#11239=DIRECTION('',(1.33440267382831E-16,-1.,0.));
#11240=DIRECTION('',(-1.33440267382831E-16,1.,0.));
#11241=DIRECTION('',(-1.,-1.33440267382831E-16,0.));
#11242=DIRECTION('',(1.33440267382831E-16,-1.,0.));
#11243=DIRECTION('',(-1.33440267382831E-16,1.,0.));
#11244=DIRECTION('',(-1.,-1.33440267382831E-16,0.));
#11245=DIRECTION('',(-1.33440267382831E-16,1.,-5.94341249715067E-11));
#11246=DIRECTION('',(-0.573576436351046,-7.65381930311751E-17,-0.819152044288992));
#11247=DIRECTION('',(-0.819152044288992,0.,0.573576436351046));
#11248=DIRECTION('',(-0.573576436351046,-7.65381930311751E-17,-0.819152044288992));
#11249=DIRECTION('',(0.819152042428951,6.73897684762063E-5,-0.573576435048631));
#11250=DIRECTION('',(-1.33440267382831E-16,1.,0.));
#11251=DIRECTION('',(0.,0.,-1.));
#11252=DIRECTION('',(-1.,0.,0.));
#11253=DIRECTION('',(0.999999998476344,5.52024666527284E-5,-3.28091030176576E-15));
#11254=DIRECTION('',(-1.33440267382831E-16,1.,0.));
#11255=DIRECTION('',(-1.,-1.33440267382831E-16,0.));
#11256=DIRECTION('',(0.,0.,-1.));
#11257=DIRECTION('',(-1.,-1.33440267382831E-16,0.));
#11258=DIRECTION('',(0.819152044288992,1.09307867817116E-16,0.573576436351046));
#11259=DIRECTION('',(0.,0.,1.));
#11260=DIRECTION('',(-1.,-1.33440267382831E-16,0.));
#11261=DIRECTION('',(1.33440267382831E-16,-1.,0.));
#11262=DIRECTION('',(-1.33440267382831E-16,1.,0.));
#11263=DIRECTION('',(1.,1.33440267382831E-16,0.));
#11264=DIRECTION('',(-1.33440267382831E-16,1.,0.));
#11265=DIRECTION('',(1.,1.33440267382831E-16,0.));
#11266=DIRECTION('',(-1.33440267382831E-16,1.,-5.94341249715067E-11));
#11267=DIRECTION('',(-1.33440267382831E-16,1.,0.));
#11268=DIRECTION('',(0.,0.,-1.));
#11269=DIRECTION('',(-1.,0.,0.));
#11270=DIRECTION('',(0.999999998476344,5.52024666527284E-5,-3.28091030176576E-15));
#11271=DIRECTION('',(-1.33440267382831E-16,1.,0.));
#11272=DIRECTION('',(-0.573576436351046,-7.65381930311751E-17,0.819152044288992));
#11273=DIRECTION('',(0.819152044288992,0.,0.573576436351046));
#11274=DIRECTION('',(-0.573576436351046,-7.65381930311751E-17,0.819152044288992));
#11275=DIRECTION('',(0.819152042428951,6.73897684762066E-5,0.573576435048632));
#11276=DIRECTION('',(0.,1.,-1.77635683940027E-15));
#11277=DIRECTION('',(0.,1.77635683940027E-15,1.));
#11278=DIRECTION('',(-3.28081325416165E-15,-1.77635683940027E-15,-1.));
#11279=DIRECTION('',(1.,-5.82789506282509E-30,-3.28081325416165E-15));
#11280=DIRECTION('',(-3.28081325416165E-15,-1.77635683940027E-15,-1.));
#11281=DIRECTION('',(-3.28081325416165E-15,-1.77635683940027E-15,-1.));
#11282=DIRECTION('',(-1.,0.,3.28081325416165E-15));
#11283=DIRECTION('',(-3.28081325416165E-15,-1.77635683940027E-15,-1.));
#11284=DIRECTION('',(-3.28081325416165E-15,-1.77635683940027E-15,-1.));
#11285=DIRECTION('',(-1.,0.,3.28081325416165E-15));
#11286=DIRECTION('',(0.,-1.,1.77635683940027E-15));
#11287=DIRECTION('',(0.,-1.77635683940027E-15,-1.));
#11288=DIRECTION('',(-3.28081325416165E-15,-1.77635683940027E-15,-1.));
#11289=DIRECTION('',(-1.,5.82789506282509E-30,3.28081325416165E-15));
#11290=DIRECTION('',(-3.28081325416165E-15,-1.77635683940027E-15,-1.));
#11291=DIRECTION('',(-1.,0.,3.28081325416165E-15));
#11292=DIRECTION('',(-3.28081325416165E-15,-1.77635683940027E-15,-1.));
#11293=DIRECTION('',(-1.,0.,3.28081325416165E-15));
#11294=DIRECTION('',(-3.28081325416165E-15,-1.77635683940027E-15,-1.));
#11295=DIRECTION('',(1.,-5.82789506282509E-30,-3.28081325416165E-15));
#11296=DIRECTION('',(2.16840434497099E-15,1.,-1.77635683940027E-15));
#11297=DIRECTION('',(-1.,2.16840434497099E-15,0.));
#11298=DIRECTION('',(-3.28081325416165E-15,-1.77635683940027E-15,-1.));
#11299=DIRECTION('',(1.,-2.16840434497099E-15,-3.28081325416165E-15));
#11300=DIRECTION('',(-3.28081325416165E-15,-1.77635683940027E-15,-1.));
#11301=DIRECTION('',(-3.28081325416165E-15,-1.77635683940027E-15,-1.));
#11302=DIRECTION('',(-1.,0.,3.28081325416165E-15));
#11303=DIRECTION('',(-3.28081325416165E-15,-1.77635683940027E-15,-1.));
#11304=DIRECTION('',(-3.28081325416165E-15,-1.77635683940027E-15,-1.));
#11305=DIRECTION('',(-1.,0.,3.28081325416165E-15));
#11306=DIRECTION('',(0.,-1.,1.77635683940027E-15));
#11307=DIRECTION('',(0.,-1.77635683940027E-15,-1.));
#11308=DIRECTION('',(-3.28081325416165E-15,-1.77635683940027E-15,-1.));
#11309=DIRECTION('',(-1.,5.82789506282509E-30,3.28081325416165E-15));
#11310=DIRECTION('',(-3.28081325416165E-15,-1.77635683940027E-15,-1.));
#11311=DIRECTION('',(-1.,0.,3.28081325416165E-15));
#11312=DIRECTION('',(-3.28081325416165E-15,-1.77635683940027E-15,-1.));
#11313=DIRECTION('',(-1.,0.,3.28081325416165E-15));
#11314=DIRECTION('',(-3.28081325416165E-15,-1.77635683940027E-15,-1.));
#11315=DIRECTION('',(1.,-5.82789506282509E-30,-3.28081325416165E-15));
#11316=DIRECTION('',(2.16840434497099E-15,1.,-1.77635683940027E-15));
#11317=DIRECTION('',(-1.,2.16840434497099E-15,0.));
#11318=DIRECTION('',(-3.28081325416165E-15,-1.77635683940027E-15,-1.));
#11319=DIRECTION('',(1.,-2.16840434497099E-15,-3.28081325416165E-15));
#11320=DIRECTION('',(-3.28081325416165E-15,-1.77635683940027E-15,-1.));
#11321=DIRECTION('',(-3.28081325416165E-15,-1.77635683940027E-15,-1.));
#11322=DIRECTION('',(-1.,0.,3.28081325416165E-15));
#11323=DIRECTION('',(-3.28081325416165E-15,-1.77635683940027E-15,-1.));
#11324=DIRECTION('',(-3.28081325416165E-15,-1.77635683940027E-15,-1.));
#11325=DIRECTION('',(-1.,0.,3.28081325416165E-15));
#11326=DIRECTION('',(-2.16840434497099E-15,-1.,1.77635683940027E-15));
#11327=DIRECTION('',(1.,-2.16840434497099E-15,0.));
#11328=DIRECTION('',(-3.28081325416165E-15,-1.77635683940027E-15,-1.));
#11329=DIRECTION('',(-1.,2.16840434497099E-15,3.28081325416165E-15));
#11330=DIRECTION('',(-3.28081325416165E-15,-1.77635683940027E-15,-1.));
#11331=DIRECTION('',(-1.,0.,3.28081325416165E-15));
#11332=DIRECTION('',(-3.28081325416165E-15,-1.77635683940027E-15,-1.));
#11333=DIRECTION('',(-1.,0.,3.28081325416165E-15));
#11334=DIRECTION('',(-3.28081325416165E-15,-1.77635683940027E-15,-1.));
#11335=DIRECTION('',(1.,-5.82789506282509E-30,-3.28081325416165E-15));
#11336=DIRECTION('',(-3.28081325416165E-15,-1.77635683940027E-15,-1.));
#11337=DIRECTION('',(1.,-5.82789506282509E-30,-3.28081325416165E-15));
#11338=DIRECTION('',(1.,-2.16840434497099E-15,-3.28081325416165E-15));
#11339=DIRECTION('',(-3.28081325416165E-15,-1.77635683940027E-15,-1.));
#11340=DIRECTION('',(-1.,0.,3.28081325416165E-15));
#11341=DIRECTION('',(1.,-1.62630325872825E-15,-3.28081325416165E-15));
#11342=DIRECTION('',(-3.28081325416165E-15,-1.77635683940027E-15,-1.));
#11343=DIRECTION('',(-1.,0.,3.28081325416165E-15));
#11344=DIRECTION('',(2.16840434497099E-15,1.,-1.77635683940027E-15));
#11345=DIRECTION('',(-1.,2.16840434497099E-15,0.));
#11346=DIRECTION('',(-3.28081325416165E-15,-1.77635683940027E-15,-1.));
#11347=DIRECTION('',(-3.28081325416165E-15,-1.77635683940027E-15,-1.));
#11348=DIRECTION('',(-3.28081325416165E-15,-1.77635683940027E-15,-1.));
#11349=DIRECTION('',(-1.,0.,3.28081325416165E-15));
#11350=DIRECTION('',(-3.28081325416165E-15,-1.77635683940027E-15,-1.));
#11351=DIRECTION('',(1.62630325872824E-15,1.,-1.77635683940027E-15));
#11352=DIRECTION('',(0.,1.77635683940027E-15,1.));
#11353=DIRECTION('',(-3.28081325416165E-15,-1.77635683940027E-15,-1.));
#11354=DIRECTION('',(-3.28081325416165E-15,-1.77635683940027E-15,-1.));
#11355=DIRECTION('',(-1.,0.,3.28081325416165E-15));
#11356=DIRECTION('',(-3.28081325416165E-15,-1.77635683940027E-15,-1.));
#11357=DIRECTION('',(1.,-5.82789506282509E-30,-3.28081325416165E-15));
#11358=DIRECTION('',(1.,-2.16840434497099E-15,-3.28081325416165E-15));
#11359=DIRECTION('',(-3.28081325416165E-15,-1.77635683940027E-15,-1.));
#11360=DIRECTION('',(-1.,0.,3.28081325416165E-15));
#11361=DIRECTION('',(1.,-2.16840434497099E-15,-3.28081325416165E-15));
#11362=DIRECTION('',(-3.28081325416165E-15,-1.77635683940027E-15,-1.));
#11363=DIRECTION('',(-1.,0.,3.28081325416165E-15));
#11364=DIRECTION('',(2.16840434497099E-15,1.,-1.77635683940027E-15));
#11365=DIRECTION('',(-1.,2.16840434497099E-15,0.));
#11366=DIRECTION('',(-3.28081325416165E-15,-1.77635683940027E-15,-1.));
#11367=DIRECTION('',(-3.28081325416165E-15,-1.77635683940027E-15,-1.));
#11368=DIRECTION('',(-3.28081325416165E-15,-1.77635683940027E-15,-1.));
#11369=DIRECTION('',(-1.,0.,3.28081325416165E-15));
#11370=DIRECTION('',(-3.28081325416165E-15,-1.77635683940027E-15,-1.));
#11371=DIRECTION('',(2.16840434497099E-15,1.,-1.77635683940027E-15));
#11372=DIRECTION('',(-1.,2.16840434497099E-15,0.));
#11373=DIRECTION('',(-3.28081325416165E-15,-1.77635683940027E-15,-1.));
#11374=DIRECTION('',(-3.28081325416165E-15,-1.77635683940027E-15,-1.));
#11375=DIRECTION('',(-1.,0.,3.28081325416165E-15));
#11376=DIRECTION('',(2.16840434497099E-15,1.,-1.77635683940027E-15));
#11377=DIRECTION('',(-1.,2.16840434497099E-15,0.));
#11378=DIRECTION('',(-3.28081325416165E-15,-1.77635683940027E-15,-1.));
#11379=DIRECTION('',(1.,-2.16840434497099E-15,-3.28081325416165E-15));
#11380=DIRECTION('',(-3.28081325416165E-15,-1.77635683940027E-15,-1.));
#11381=DIRECTION('',(-3.28081325416165E-15,-1.77635683940027E-15,-1.));
#11382=DIRECTION('',(-1.,0.,3.28081325416165E-15));
#11383=DIRECTION('',(-3.28081325416165E-15,-1.77635683940027E-15,-1.));
#11384=DIRECTION('',(-3.28081325416165E-15,-1.77635683940027E-15,-1.));
#11385=DIRECTION('',(-1.,0.,3.28081325416165E-15));
#11386=DIRECTION('',(0.,-1.,1.77635683940027E-15));
#11387=DIRECTION('',(0.,-1.77635683940027E-15,-1.));
#11388=DIRECTION('',(-3.28081325416165E-15,-1.77635683940027E-15,-1.));
#11389=DIRECTION('',(-1.,5.82789506282509E-30,3.28081325416165E-15));
#11390=DIRECTION('',(-3.28081325416165E-15,-1.77635683940027E-15,-1.));
#11391=DIRECTION('',(-1.,0.,3.28081325416165E-15));
#11392=DIRECTION('',(-3.28081325416165E-15,-1.77635683940027E-15,-1.));
#11393=DIRECTION('',(-1.,0.,3.28081325416165E-15));
#11394=DIRECTION('',(-3.28081325416165E-15,-1.77635683940027E-15,-1.));
#11395=DIRECTION('',(1.,-5.82789506282509E-30,-3.28081325416165E-15));
#11396=DIRECTION('',(0.,1.,-1.77635683940027E-15));
#11397=DIRECTION('',(0.,1.77635683940027E-15,1.));
#11398=DIRECTION('',(-3.28081325416165E-15,-1.77635683940027E-15,-1.));
#11399=DIRECTION('',(1.,-5.82789506282509E-30,-3.28081325416165E-15));
#11400=DIRECTION('',(-3.28081325416165E-15,-1.77635683940027E-15,-1.));
#11401=DIRECTION('',(-3.28081325416165E-15,-1.77635683940027E-15,-1.));
#11402=DIRECTION('',(-1.,0.,3.28081325416165E-15));
#11403=DIRECTION('',(-3.28081325416165E-15,-1.77635683940027E-15,-1.));
#11404=DIRECTION('',(-3.28081325416165E-15,-1.77635683940027E-15,-1.));
#11405=DIRECTION('',(-1.,0.,3.28081325416165E-15));
#11406=DIRECTION('',(0.,-1.,1.77635683940027E-15));
#11407=DIRECTION('',(0.,-1.77635683940027E-15,-1.));
#11408=DIRECTION('',(-3.28081325416165E-15,-1.77635683940027E-15,-1.));
#11409=DIRECTION('',(-1.,5.82789506282509E-30,3.28081325416165E-15));
#11410=DIRECTION('',(-3.28081325416165E-15,-1.77635683940027E-15,-1.));
#11411=DIRECTION('',(-1.,0.,3.28081325416165E-15));
#11412=DIRECTION('',(-3.28081325416165E-15,-1.77635683940027E-15,-1.));
#11413=DIRECTION('',(-1.,0.,3.28081325416165E-15));
#11414=DIRECTION('',(-3.28081325416165E-15,-1.77635683940027E-15,-1.));
#11415=DIRECTION('',(1.,-5.82789506282509E-30,-3.28081325416165E-15));
#11416=DIRECTION('',(-3.28081325416165E-15,-1.77635683940027E-15,-1.));
#11417=DIRECTION('',(1.,-5.82789506282509E-30,-3.28081325416165E-15));
#11418=DIRECTION('',(1.,-5.82789506282509E-30,-3.28081325416165E-15));
#11419=DIRECTION('',(-3.28081325416165E-15,-1.77635683940027E-15,-1.));
#11420=DIRECTION('',(-1.,0.,3.28081325416165E-15));
#11421=DIRECTION('',(1.,-5.82789506282509E-30,-3.28081325416165E-15));
#11422=DIRECTION('',(-3.28081325416165E-15,-1.77635683940027E-15,-1.));
#11423=DIRECTION('',(-1.,0.,3.28081325416165E-15));
#11424=DIRECTION('',(0.,1.,-1.77635683940027E-15));
#11425=DIRECTION('',(0.,1.77635683940027E-15,1.));
#11426=DIRECTION('',(-3.28081325416165E-15,-1.77635683940027E-15,-1.));
#11427=DIRECTION('',(-3.28081325416165E-15,-1.77635683940027E-15,-1.));
#11428=DIRECTION('',(-3.28081325416165E-15,-1.77635683940027E-15,-1.));
#11429=DIRECTION('',(-1.,0.,3.28081325416165E-15));
#11430=DIRECTION('',(-3.28081325416165E-15,-1.77635683940027E-15,-1.));
#11431=DIRECTION('',(0.,1.,-1.77635683940027E-15));
#11432=DIRECTION('',(0.,1.77635683940027E-15,1.));
#11433=DIRECTION('',(-3.28081325416165E-15,-1.77635683940027E-15,-1.));
#11434=DIRECTION('',(-3.28081325416165E-15,-1.77635683940027E-15,-1.));
#11435=DIRECTION('',(-1.,0.,3.28081325416165E-15));
#11436=DIRECTION('',(0.,1.,-1.77635683940027E-15));
#11437=DIRECTION('',(0.,1.77635683940027E-15,1.));
#11438=DIRECTION('',(-3.28081325416165E-15,-1.77635683940027E-15,-1.));
#11439=DIRECTION('',(1.,-5.82789506282509E-30,-3.28081325416165E-15));
#11440=DIRECTION('',(-3.28081325416165E-15,-1.77635683940027E-15,-1.));
#11441=DIRECTION('',(-3.28081325416165E-15,-1.77635683940027E-15,-1.));
#11442=DIRECTION('',(-1.,0.,3.28081325416165E-15));
#11443=DIRECTION('',(-3.28081325416165E-15,-1.77635683940027E-15,-1.));
#11444=DIRECTION('',(-3.28081325416165E-15,-1.77635683940027E-15,-1.));
#11445=DIRECTION('',(-1.,0.,3.28081325416165E-15));
#11446=DIRECTION('',(0.,-1.,1.77635683940027E-15));
#11447=DIRECTION('',(0.,-1.77635683940027E-15,-1.));
#11448=DIRECTION('',(-3.28081325416165E-15,-1.77635683940027E-15,-1.));
#11449=DIRECTION('',(-1.,5.82789506282509E-30,3.28081325416165E-15));
#11450=DIRECTION('',(-3.28081325416165E-15,-1.77635683940027E-15,-1.));
#11451=DIRECTION('',(-1.,0.,3.28081325416165E-15));
#11452=DIRECTION('',(-3.28081325416165E-15,-1.77635683940027E-15,-1.));
#11453=DIRECTION('',(-1.,0.,3.28081325416165E-15));
#11454=DIRECTION('',(-3.28081325416165E-15,-1.77635683940027E-15,-1.));
#11455=DIRECTION('',(1.,-5.82789506282509E-30,-3.28081325416165E-15));
#11456=DIRECTION('',(0.,-1.,1.77635683940027E-15));
#11457=DIRECTION('',(0.,-1.77635683940027E-15,-1.));
#11458=DIRECTION('',(-3.28081325416165E-15,-1.77635683940027E-15,-1.));
#11459=DIRECTION('',(-1.,5.82789506282509E-30,3.28081325416165E-15));
#11460=DIRECTION('',(-3.28081325416165E-15,-1.77635683940027E-15,-1.));
#11461=DIRECTION('',(-3.28081325416165E-15,-1.77635683940027E-15,-1.));
#11462=DIRECTION('',(-1.,0.,3.28081325416165E-15));
#11463=DIRECTION('',(-3.28081325416165E-15,-1.77635683940027E-15,-1.));
#11464=DIRECTION('',(-3.28081325416165E-15,-1.77635683940027E-15,-1.));
#11465=DIRECTION('',(-1.,0.,3.28081325416165E-15));
#11466=DIRECTION('',(0.,1.,-1.77635683940027E-15));
#11467=DIRECTION('',(0.,1.77635683940027E-15,1.));
#11468=DIRECTION('',(-3.28081325416165E-15,-1.77635683940027E-15,-1.));
#11469=DIRECTION('',(1.,-5.82789506282509E-30,-3.28081325416165E-15));
#11470=DIRECTION('',(-3.28081325416165E-15,-1.77635683940027E-15,-1.));
#11471=DIRECTION('',(-1.,0.,3.28081325416165E-15));
#11472=DIRECTION('',(-3.28081325416165E-15,-1.77635683940027E-15,-1.));
#11473=DIRECTION('',(-1.,0.,3.28081325416165E-15));
#11474=DIRECTION('',(-3.28081325416165E-15,-1.77635683940027E-15,-1.));
#11475=DIRECTION('',(1.,-5.82789506282509E-30,-3.28081325416165E-15));
#11476=DIRECTION('',(0.,1.,-1.77635683940027E-15));
#11477=DIRECTION('',(0.,1.77635683940027E-15,1.));
#11478=DIRECTION('',(-3.28081325416165E-15,-1.77635683940027E-15,-1.));
#11479=DIRECTION('',(1.,-5.82789506282509E-30,-3.28081325416165E-15));
#11480=DIRECTION('',(-3.28081325416165E-15,-1.77635683940027E-15,-1.));
#11481=DIRECTION('',(-3.28081325416165E-15,-1.77635683940027E-15,-1.));
#11482=DIRECTION('',(-1.,0.,3.28081325416165E-15));
#11483=DIRECTION('',(-3.28081325416165E-15,-1.77635683940027E-15,-1.));
#11484=DIRECTION('',(-3.28081325416165E-15,-1.77635683940027E-15,-1.));
#11485=DIRECTION('',(-1.,0.,3.28081325416165E-15));
#11486=DIRECTION('',(0.,-1.,1.77635683940027E-15));
#11487=DIRECTION('',(0.,-1.77635683940027E-15,-1.));
#11488=DIRECTION('',(-3.28081325416165E-15,-1.77635683940027E-15,-1.));
#11489=DIRECTION('',(-1.,5.82789506282509E-30,3.28081325416165E-15));
#11490=DIRECTION('',(-3.28081325416165E-15,-1.77635683940027E-15,-1.));
#11491=DIRECTION('',(-1.,0.,3.28081325416165E-15));
#11492=DIRECTION('',(-3.28081325416165E-15,-1.77635683940027E-15,-1.));
#11493=DIRECTION('',(-1.,0.,3.28081325416165E-15));
#11494=DIRECTION('',(-3.28081325416165E-15,-1.77635683940027E-15,-1.));
#11495=DIRECTION('',(1.,-5.82789506282509E-30,-3.28081325416165E-15));
#11496=DIRECTION('',(3.28081325416165E-15,1.77635683940027E-15,1.));
#11497=DIRECTION('',(1.,0.,-3.28081325416165E-15));
#11498=DIRECTION('',(3.28081325416165E-15,1.77635683940027E-15,1.));
#11499=DIRECTION('',(1.,0.,-3.28081325416165E-15));
#11500=DIRECTION('',(3.28081325416165E-15,1.77635683940027E-15,1.));
#11501=DIRECTION('',(1.,-5.82789506282509E-30,-3.28081325416165E-15));
#11502=DIRECTION('',(-4.97376361889477E-15,-1.,1.77635683940028E-15));
#11503=DIRECTION('',(1.,-4.97376361889477E-15,0.));
#11504=DIRECTION('',(3.28081325416165E-15,1.77635683940027E-15,1.));
#11505=DIRECTION('',(1.,-4.97376361889478E-15,-3.28081325416164E-15));
#11506=DIRECTION('',(3.28081325416165E-15,1.77635683940027E-15,1.));
#11507=DIRECTION('',(3.28081325416165E-15,1.77635683940027E-15,1.));
#11508=DIRECTION('',(1.,0.,-3.28081325416165E-15));
#11509=DIRECTION('',(3.28081325416165E-15,1.77635683940027E-15,1.));
#11510=DIRECTION('',(3.28081325416165E-15,1.77635683940027E-15,1.));
#11511=DIRECTION('',(1.,0.,-3.28081325416165E-15));
#11512=DIRECTION('',(1.,-6.60847043272197E-15,-3.28081325416164E-15));
#11513=DIRECTION('',(6.60847043272197E-15,1.,0.));
#11514=DIRECTION('',(3.28081325416165E-15,1.77635683940027E-15,1.));
#11515=DIRECTION('',(6.60847043272197E-15,1.,-1.77635683940029E-15));
#11516=DIRECTION('',(3.28081325416165E-15,1.77635683940027E-15,1.));
#11517=DIRECTION('',(1.,0.,-3.28081325416165E-15));
#11518=DIRECTION('',(3.28081325416165E-15,1.77635683940027E-15,1.));
#11519=DIRECTION('',(3.28081325416165E-15,1.77635683940027E-15,1.));
#11520=DIRECTION('',(1.,0.,-3.28081325416165E-15));
#11521=DIRECTION('',(-2.48688180944739E-15,-1.,1.77635683940027E-15));
#11522=DIRECTION('',(1.,-2.48688180944739E-15,0.));
#11523=DIRECTION('',(3.28081325416165E-15,1.77635683940027E-15,1.));
#11524=DIRECTION('',(1.,-2.48688180944739E-15,-3.28081325416165E-15));
#11525=DIRECTION('',(3.28081325416165E-15,1.77635683940027E-15,1.));
#11526=DIRECTION('',(1.,0.,-3.28081325416165E-15));
#11527=DIRECTION('',(3.28081325416165E-15,1.77635683940027E-15,1.));
#11528=DIRECTION('',(3.28081325416165E-15,1.77635683940027E-15,1.));
#11529=DIRECTION('',(1.,0.,-3.28081325416165E-15));
#11530=DIRECTION('',(0.88571428571429,-0.464230765979191,-2.0812236717646E-15));
#11531=DIRECTION('',(0.464230765979191,0.88571428571429,0.));
#11532=DIRECTION('',(3.28081325416165E-15,1.77635683940027E-15,1.));
#11533=DIRECTION('',(0.464230765979191,0.88571428571429,-3.09639907919725E-15));
#11534=DIRECTION('',(3.28081325416165E-15,1.77635683940027E-15,1.));
#11535=DIRECTION('',(1.,0.,-3.28081325416165E-15));
#11536=DIRECTION('',(3.28081325416165E-15,1.77635683940027E-15,1.));
#11537=DIRECTION('',(3.28081325416165E-15,1.77635683940027E-15,1.));
#11538=DIRECTION('',(1.,0.,-3.28081325416165E-15));
#11539=DIRECTION('',(-0.885714285714289,-0.464230765979192,3.73050266417892E-15));
#11540=DIRECTION('',(0.464230765979192,-0.885714285714289,0.));
#11541=DIRECTION('',(3.28081325416165E-15,1.77635683940027E-15,1.));
#11542=DIRECTION('',(0.464230765979192,-0.885714285714289,5.02901791689497E-17));
#11543=DIRECTION('',(3.28081325416165E-15,1.77635683940027E-15,1.));
#11544=DIRECTION('',(1.,0.,-3.28081325416165E-15));
#11545=DIRECTION('',(3.28081325416165E-15,1.77635683940027E-15,1.));
#11546=DIRECTION('',(1.,0.,-3.28081325416165E-15));
#11547=DIRECTION('',(3.28081325416165E-15,1.77635683940027E-15,1.));
#11548=DIRECTION('',(1.,-5.82789506282509E-30,-3.28081325416165E-15));
#11549=DIRECTION('',(3.28081325416165E-15,1.77635683940027E-15,1.));
#11550=DIRECTION('',(1.,0.,-3.28081325416165E-15));
#11551=DIRECTION('',(3.28081325416165E-15,1.77635683940027E-15,1.));
#11552=DIRECTION('',(3.28081325416165E-15,1.77635683940027E-15,1.));
#11553=DIRECTION('',(1.,0.,-3.28081325416165E-15));
#11554=DIRECTION('',(3.28081325416165E-15,1.77635683940027E-15,1.));
#11555=DIRECTION('',(1.,-6.93889390390724E-15,-3.28081325416164E-15));
#11556=DIRECTION('',(6.93889390390724E-15,1.,0.));
#11557=DIRECTION('',(3.28081325416165E-15,1.77635683940027E-15,1.));
#11558=DIRECTION('',(6.93889390390723E-15,1.,-1.77635683940029E-15));
#11559=DIRECTION('',(3.28081325416165E-15,1.77635683940027E-15,1.));
#11560=DIRECTION('',(1.,0.,-3.28081325416165E-15));
#11561=DIRECTION('',(3.28081325416165E-15,1.77635683940027E-15,1.));
#11562=DIRECTION('',(3.28081325416165E-15,1.77635683940027E-15,1.));
#11563=DIRECTION('',(1.,0.,-3.28081325416165E-15));
#11564=DIRECTION('',(4.95635278850516E-15,1.,-1.77635683940028E-15));
#11565=DIRECTION('',(-1.,4.95635278850516E-15,0.));
#11566=DIRECTION('',(3.28081325416165E-15,1.77635683940027E-15,1.));
#11567=DIRECTION('',(-1.,4.95635278850517E-15,3.28081325416164E-15));
#11568=DIRECTION('',(3.28081325416165E-15,1.77635683940027E-15,1.));
#11569=DIRECTION('',(1.,0.,-3.28081325416165E-15));
#11570=DIRECTION('',(3.28081325416165E-15,1.77635683940027E-15,1.));
#11571=DIRECTION('',(3.28081325416165E-15,1.77635683940027E-15,1.));
#11572=DIRECTION('',(1.,0.,-3.28081325416165E-15));
#11573=DIRECTION('',(1.,-3.46944695195363E-15,-3.28081325416165E-15));
#11574=DIRECTION('',(3.46944695195363E-15,1.,0.));
#11575=DIRECTION('',(3.28081325416165E-15,1.77635683940027E-15,1.));
#11576=DIRECTION('',(3.46944695195363E-15,1.,-1.77635683940027E-15));
#11577=DIRECTION('',(3.28081325416165E-15,1.77635683940027E-15,1.));
#11578=DIRECTION('',(1.,0.,-3.28081325416165E-15));
#11579=DIRECTION('',(3.28081325416165E-15,1.77635683940027E-15,1.));
#11580=DIRECTION('',(3.28081325416165E-15,1.77635683940027E-15,1.));
#11581=DIRECTION('',(1.,0.,-3.28081325416165E-15));
#11582=DIRECTION('',(0.464230765979192,0.885714285714289,-3.09639907919725E-15));
#11583=DIRECTION('',(-0.885714285714289,0.464230765979192,0.));
#11584=DIRECTION('',(3.28081325416165E-15,1.77635683940027E-15,1.));
#11585=DIRECTION('',(-0.885714285714289,0.464230765979192,2.0812236717646E-15));
#11586=DIRECTION('',(3.28081325416165E-15,1.77635683940027E-15,1.));
#11587=DIRECTION('',(1.,0.,-3.28081325416165E-15));
#11588=DIRECTION('',(3.28081325416165E-15,1.77635683940027E-15,1.));
#11589=DIRECTION('',(3.28081325416165E-15,1.77635683940027E-15,1.));
#11590=DIRECTION('',(1.,0.,-3.28081325416165E-15));
#11591=DIRECTION('',(-0.464230765979182,0.885714285714294,-5.02901791689915E-17));
#11592=DIRECTION('',(-0.885714285714294,-0.464230765979182,0.));
#11593=DIRECTION('',(-0.885714285714294,-0.464230765979182,3.73050266417892E-15));
#11594=DIRECTION('',(3.28081325416165E-15,1.77635683940027E-15,1.));
#11595=DIRECTION('',(1.,-5.82789506282509E-30,-3.28081325416165E-15));
#11596=DIRECTION('',(3.28081325416165E-15,1.77635683940027E-15,1.));
#11597=DIRECTION('',(1.,-5.82789506282509E-30,-3.28081325416165E-15));
#11598=DIRECTION('',(3.28081325416165E-15,1.77635683940027E-15,1.));
#11599=DIRECTION('',(1.,0.,-3.28081325416165E-15));
#11600=DIRECTION('',(3.28081325416165E-15,1.77635683940027E-15,1.));
#11601=DIRECTION('',(1.,0.,-3.28081325416165E-15));
#11602=DIRECTION('',(3.28081325416165E-15,1.77635683940027E-15,1.));
#11603=DIRECTION('',(1.,0.,-3.28081325416165E-15));
#11604=DIRECTION('',(3.28081325416165E-15,1.77635683940027E-15,1.));
#11605=DIRECTION('',(1.,0.,-3.28081325416165E-15));
#11606=DIRECTION('',(3.28081325416165E-15,1.77635683940027E-15,1.));
#11607=DIRECTION('',(1.,-5.82789506282509E-30,-3.28081325416165E-15));
#11608=DIRECTION('',(3.28081325416165E-15,1.77635683940027E-15,1.));
#11609=DIRECTION('',(1.,0.,-3.28081325416165E-15));
#11610=DIRECTION('',(3.28081325416165E-15,1.77635683940027E-15,1.));
#11611=DIRECTION('',(1.,0.,-3.28081325416165E-15));
#11612=DIRECTION('',(3.28081325416165E-15,1.77635683940027E-15,1.));
#11613=DIRECTION('',(1.,-5.82789506282509E-30,-3.28081325416165E-15));
#11614=DIRECTION('',(3.28081325416165E-15,1.77635683940027E-15,1.));
#11615=DIRECTION('',(1.,0.,-3.28081325416165E-15));
#11616=DIRECTION('',(3.28081325416165E-15,1.77635683940027E-15,1.));
#11617=DIRECTION('',(-3.28081325416165E-15,-1.77635683940027E-15,-1.));
#11618=DIRECTION('',(1.,0.,-3.28081325416165E-15));
#11619=DIRECTION('',(3.28081325416165E-15,1.77635683940027E-15,1.));
#11620=DIRECTION('',(-0.885714285714287,0.464230765979195,2.08122367176458E-15));
#11621=DIRECTION('',(-0.464230765979195,-0.885714285714287,0.));
#11622=DIRECTION('',(3.28081325416165E-15,1.77635683940027E-15,1.));
#11623=DIRECTION('',(-0.464230765979195,-0.885714285714287,3.09639907919726E-15));
#11624=DIRECTION('',(3.28081325416165E-15,1.77635683940027E-15,1.));
#11625=DIRECTION('',(1.,0.,-3.28081325416165E-15));
#11626=DIRECTION('',(3.28081325416165E-15,1.77635683940027E-15,1.));
#11627=DIRECTION('',(-3.28081325416165E-15,-1.77635683940027E-15,-1.));
#11628=DIRECTION('',(1.,0.,-3.28081325416165E-15));
#11629=DIRECTION('',(0.885714285714294,0.464230765979182,-3.73050266417892E-15));
#11630=DIRECTION('',(-0.464230765979182,0.885714285714294,0.));
#11631=DIRECTION('',(3.28081325416165E-15,1.77635683940027E-15,1.));
#11632=DIRECTION('',(-0.464230765979182,0.885714285714294,-5.02901791689907E-17));
#11633=DIRECTION('',(3.28081325416165E-15,1.77635683940027E-15,1.));
#11634=DIRECTION('',(1.,0.,-3.28081325416165E-15));
#11635=DIRECTION('',(3.28081325416165E-15,1.77635683940027E-15,1.));
#11636=DIRECTION('',(-3.28081325416165E-15,-1.77635683940027E-15,-1.));
#11637=DIRECTION('',(1.,0.,-3.28081325416165E-15));
#11638=DIRECTION('',(2.48688180944738E-15,1.,-1.77635683940027E-15));
#11639=DIRECTION('',(-1.,2.48688180944738E-15,0.));
#11640=DIRECTION('',(3.28081325416165E-15,1.77635683940027E-15,1.));
#11641=DIRECTION('',(-1.,2.48688180944739E-15,3.28081325416165E-15));
#11642=DIRECTION('',(3.28081325416165E-15,1.77635683940027E-15,1.));
#11643=DIRECTION('',(1.,0.,-3.28081325416165E-15));
#11644=DIRECTION('',(3.28081325416165E-15,1.77635683940027E-15,1.));
#11645=DIRECTION('',(-3.28081325416165E-15,-1.77635683940027E-15,-1.));
#11646=DIRECTION('',(1.,0.,-3.28081325416165E-15));
#11647=DIRECTION('',(1.,-6.60847043272235E-15,-3.28081325416164E-15));
#11648=DIRECTION('',(6.60847043272235E-15,1.,0.));
#11649=DIRECTION('',(3.28081325416165E-15,1.77635683940027E-15,1.));
#11650=DIRECTION('',(6.60847043272234E-15,1.,-1.77635683940029E-15));
#11651=DIRECTION('',(3.28081325416165E-15,1.77635683940027E-15,1.));
#11652=DIRECTION('',(1.,0.,-3.28081325416165E-15));
#11653=DIRECTION('',(3.28081325416165E-15,1.77635683940027E-15,1.));
#11654=DIRECTION('',(-3.28081325416165E-15,-1.77635683940027E-15,-1.));
#11655=DIRECTION('',(1.,0.,-3.28081325416165E-15));
#11656=DIRECTION('',(7.63464724010112E-9,1.,-1.77635686444811E-15));
#11657=DIRECTION('',(-1.,7.63464724010112E-9,0.));
#11658=DIRECTION('',(-1.,7.63464724010112E-9,3.28081324059979E-15));
#11659=DIRECTION('',(3.28081325416165E-15,1.77635683940027E-15,1.));
#11660=DIRECTION('',(1.,-5.82789506282509E-30,-3.28081325416165E-15));
#11661=DIRECTION('',(3.28081325416165E-15,1.77635683940027E-15,1.));
#11662=DIRECTION('',(1.,-5.82789506282509E-30,-3.28081325416165E-15));
#11663=DIRECTION('',(3.28081325416165E-15,1.77635683940027E-15,1.));
#11664=DIRECTION('',(1.,0.,-3.28081325416165E-15));
#11665=DIRECTION('',(3.28081325416165E-15,1.77635683940027E-15,1.));
#11666=DIRECTION('',(1.,0.,-3.28081325416165E-15));
#11667=DIRECTION('',(3.28081325416165E-15,1.77635683940027E-15,1.));
#11668=DIRECTION('',(1.,-5.82789506282509E-30,-3.28081325416165E-15));
#11669=DIRECTION('',(3.28081325416165E-15,1.77635683940027E-15,1.));
#11670=DIRECTION('',(1.,0.,-3.28081325416165E-15));
#11671=DIRECTION('',(3.28081325416165E-15,1.77635683940027E-15,1.));
#11672=DIRECTION('',(1.,0.,-3.28081325416165E-15));
#11673=DIRECTION('',(3.28081325416165E-15,1.77635683940027E-15,1.));
#11674=DIRECTION('',(1.,0.,-3.28081325416165E-15));
#11675=DIRECTION('',(3.28081325416165E-15,1.77635683940027E-15,1.));
#11676=DIRECTION('',(1.,0.,-3.28081325416165E-15));
#11677=DIRECTION('',(3.28081325416165E-15,1.77635683940027E-15,1.));
#11678=DIRECTION('',(1.,-5.82789506282509E-30,-3.28081325416165E-15));
#11679=DIRECTION('',(3.28081325416165E-15,1.77635683940027E-15,1.));
#11680=DIRECTION('',(1.,0.,-3.28081325416165E-15));
#11681=DIRECTION('',(3.28081325416165E-15,1.77635683940027E-15,1.));
#11682=DIRECTION('',(-3.28081325416165E-15,-1.77635683940027E-15,-1.));
#11683=DIRECTION('',(1.,0.,-3.28081325416165E-15));
#11684=DIRECTION('',(3.28081325416165E-15,1.77635683940027E-15,1.));
#11685=DIRECTION('',(-0.464230765979186,0.885714285714292,-5.02901791689766E-17));
#11686=DIRECTION('',(-0.885714285714292,-0.464230765979186,0.));
#11687=DIRECTION('',(3.28081325416165E-15,1.77635683940027E-15,1.));
#11688=DIRECTION('',(-0.885714285714292,-0.464230765979186,3.73050266417892E-15));
#11689=DIRECTION('',(3.28081325416165E-15,1.77635683940027E-15,1.));
#11690=DIRECTION('',(1.,0.,-3.28081325416165E-15));
#11691=DIRECTION('',(3.28081325416165E-15,1.77635683940027E-15,1.));
#11692=DIRECTION('',(-3.28081325416165E-15,-1.77635683940027E-15,-1.));
#11693=DIRECTION('',(1.,0.,-3.28081325416165E-15));
#11694=DIRECTION('',(1.,-6.84227765783602E-46,-3.28081325416165E-15));
#11695=DIRECTION('',(-3.28081325416165E-15,0.,-1.));
#11696=DIRECTION('',(3.28081325416165E-15,1.77635683940027E-15,1.));
#11697=DIRECTION('',(-5.82789506282509E-30,1.,-1.77635683940027E-15));
#11698=DIRECTION('',(3.28081325416165E-15,1.77635683940027E-15,1.));
#11699=DIRECTION('',(1.,0.,-3.28081325416165E-15));
#11700=DIRECTION('',(3.28081325416165E-15,1.77635683940027E-15,1.));
#11701=DIRECTION('',(-3.28081325416165E-15,-1.77635683940027E-15,-1.));
#11702=DIRECTION('',(1.,0.,-3.28081325416165E-15));
#11703=DIRECTION('',(3.30423519233678E-15,1.,-1.77635683940027E-15));
#11704=DIRECTION('',(-1.,3.30423519233678E-15,0.));
#11705=DIRECTION('',(3.28081325416165E-15,1.77635683940027E-15,1.));
#11706=DIRECTION('',(-1.,3.30423519233678E-15,3.28081325416165E-15));
#11707=DIRECTION('',(3.28081325416165E-15,1.77635683940027E-15,1.));
#11708=DIRECTION('',(1.,0.,-3.28081325416165E-15));
#11709=DIRECTION('',(3.28081325416165E-15,1.77635683940027E-15,1.));
#11710=DIRECTION('',(-3.28081325416165E-15,-1.77635683940027E-15,-1.));
#11711=DIRECTION('',(1.,0.,-3.28081325416165E-15));
#11712=DIRECTION('',(-1.,3.46944695195363E-15,3.28081325416165E-15));
#11713=DIRECTION('',(-3.46944695195363E-15,-1.,0.));
#11714=DIRECTION('',(3.28081325416165E-15,1.77635683940027E-15,1.));
#11715=DIRECTION('',(-3.46944695195362E-15,-1.,1.77635683940027E-15));
#11716=DIRECTION('',(3.28081325416165E-15,1.77635683940027E-15,1.));
#11717=DIRECTION('',(1.,0.,-3.28081325416165E-15));
#11718=DIRECTION('',(3.28081325416165E-15,1.77635683940027E-15,1.));
#11719=DIRECTION('',(-3.28081325416165E-15,-1.77635683940027E-15,-1.));
#11720=DIRECTION('',(1.,0.,-3.28081325416165E-15));
#11721=DIRECTION('',(0.464230765979189,0.88571428571429,-3.09639907919724E-15));
#11722=DIRECTION('',(-0.88571428571429,0.464230765979189,0.));
#11723=DIRECTION('',(-0.88571428571429,0.464230765979189,2.0812236717646E-15));
#11724=DIRECTION('',(3.28081325416165E-15,1.77635683940027E-15,1.));
#11725=DIRECTION('',(1.,-5.82789506282509E-30,-3.28081325416165E-15));
#11726=DIRECTION('',(0.,1.,-1.77635683940027E-15));
#11727=DIRECTION('',(0.,1.77635683940027E-15,1.));
#11728=DIRECTION('',(3.28081325416165E-15,1.77635683940027E-15,1.));
#11729=DIRECTION('',(-1.,5.82789506282509E-30,3.28081325416165E-15));
#11730=DIRECTION('',(3.28081325416165E-15,1.77635683940027E-15,1.));
#11731=DIRECTION('',(1.,-6.84227765783602E-46,-3.28081325416165E-15));
#11732=DIRECTION('',(-3.28081325416165E-15,0.,-1.));
#11733=DIRECTION('',(3.28081325416165E-15,1.77635683940027E-15,1.));
#11734=DIRECTION('',(-5.82789506282509E-30,1.,-1.77635683940027E-15));
#11735=DIRECTION('',(0.,1.,-1.77635683940027E-15));
#11736=DIRECTION('',(0.,1.77635683940027E-15,1.));
#11737=DIRECTION('',(3.28081325416165E-15,1.77635683940027E-15,1.));
#11738=DIRECTION('',(-1.,5.82789506282509E-30,3.28081325416165E-15));
#11739=DIRECTION('',(-1.,6.84227765783602E-46,3.28081325416165E-15));
#11740=DIRECTION('',(3.28081325416165E-15,0.,1.));
#11741=DIRECTION('',(3.28081325416165E-15,1.77635683940027E-15,1.));
#11742=DIRECTION('',(5.82789506282509E-30,-1.,1.77635683940027E-15));
#11743=DIRECTION('',(0.,1.,-1.77635683940027E-15));
#11744=DIRECTION('',(0.,1.77635683940027E-15,1.));
#11745=DIRECTION('',(3.28081325416165E-15,1.77635683940027E-15,1.));
#11746=DIRECTION('',(-1.,5.82789506282509E-30,3.28081325416165E-15));
#11747=DIRECTION('',(-1.,6.84227765783602E-46,3.28081325416165E-15));
#11748=DIRECTION('',(3.28081325416165E-15,0.,1.));
#11749=DIRECTION('',(3.28081325416165E-15,1.77635683940027E-15,1.));
#11750=DIRECTION('',(5.82789506282509E-30,-1.,1.77635683940027E-15));
#11751=DIRECTION('',(0.,-1.,1.77635683940027E-15));
#11752=DIRECTION('',(0.,-1.77635683940027E-15,-1.));
#11753=DIRECTION('',(3.28081325416165E-15,1.77635683940027E-15,1.));
#11754=DIRECTION('',(1.,-5.82789506282509E-30,-3.28081325416165E-15));
#11755=DIRECTION('',(1.,-6.84227765783602E-46,-3.28081325416165E-15));
#11756=DIRECTION('',(-3.28081325416165E-15,0.,-1.));
#11757=DIRECTION('',(-5.82789506282509E-30,1.,-1.77635683940027E-15));
#11758=DIRECTION('',(3.28081325416165E-15,1.77635683940027E-15,1.));
#11759=DIRECTION('',(1.,-5.82789506282509E-30,-3.28081325416165E-15));
#11760=DIRECTION('',(0.999994447212291,-0.00333249824981478,-3.27487519739679E-15));
#11761=DIRECTION('',(-0.00333249824981478,-0.999994447212291,-7.34830644077745E-24));
#11762=DIRECTION('',(3.28081325416165E-15,1.77635683940027E-15,1.));
#11763=DIRECTION('',(0.0033330509231572,0.999994445370345,0.));
#11764=DIRECTION('',(3.28081325416165E-15,1.77635683940027E-15,1.));
#11765=DIRECTION('',(3.28081325416165E-15,1.77635683940027E-15,1.));
#11766=DIRECTION('',(3.28081325416165E-15,1.77635683940027E-15,1.));
#11767=DIRECTION('',(3.28081325416165E-15,1.77635683940027E-15,1.));
#11768=DIRECTION('',(0.188257453979653,-0.982119713182206,0.));
#11769=DIRECTION('',(3.28081325416165E-15,1.77635683940027E-15,1.));
#11770=DIRECTION('',(3.28081325416165E-15,1.77635683940027E-15,1.));
#11771=DIRECTION('',(1.,0.,-3.28081325416165E-15));
#11772=DIRECTION('',(-1.,0.,3.28081325416165E-15));
#11773=DIRECTION('',(3.28081325416165E-15,0.,1.));
#11774=DIRECTION('',(3.28081325416165E-15,1.77635683940027E-15,1.));
#11775=DIRECTION('',(5.82789506282509E-30,-1.,1.77635683940027E-15));
#11776=DIRECTION('',(3.28081325416165E-15,1.77635683940027E-15,1.));
#11777=DIRECTION('',(3.28081325416165E-15,1.77635683940027E-15,1.));
#11778=DIRECTION('',(-0.999989891509899,0.00449631827401151,3.27279289130731E-15));
#11779=DIRECTION('',(-0.00449631827401151,-0.999989891509899,-4.15961814354167E-13));
#11780=DIRECTION('',(3.28081325416165E-15,1.77635683940027E-15,1.));
#11781=DIRECTION('',(-0.00449631827401151,-0.999989891509899,-4.15961814354167E-13));
#11782=DIRECTION('',(3.28081325416165E-15,1.77635683940027E-15,1.));
#11783=DIRECTION('',(3.28081325416165E-15,1.77635683940027E-15,1.));
#11784=DIRECTION('',(3.28081325416165E-15,1.77635683940027E-15,1.));
#11785=DIRECTION('',(0.172440396400986,0.985019953954777,0.));
#11786=DIRECTION('',(3.28081325416165E-15,1.77635683940027E-15,1.));
#11787=DIRECTION('',(3.28081325416165E-15,1.77635683940027E-15,1.));
#11788=DIRECTION('',(1.,0.,-3.28081325416165E-15));
#11789=DIRECTION('',(3.28081325416165E-15,1.77635683940027E-15,1.));
#11790=DIRECTION('',(0.380497520901507,0.924781940020353,-2.97870899829365E-15));
#11791=DIRECTION('',(3.28081325416165E-15,1.77635683940027E-15,1.));
#11792=DIRECTION('',(3.28081325416165E-15,1.77635683940027E-15,1.));
#11793=DIRECTION('',(1.,0.,-3.28081325416165E-15));
#11794=DIRECTION('',(-0.929772960579689,0.368133456473167,2.39647506921279E-15));
#11795=DIRECTION('',(-0.368133456473167,-0.929772960579689,0.));
#11796=DIRECTION('',(3.28081325416165E-15,1.77635683940027E-15,1.));
#11797=DIRECTION('',(-0.368133456473167,-0.929772960579689,2.85938568091267E-15));
#11798=DIRECTION('',(3.28081325416165E-15,1.77635683940027E-15,1.));
#11799=DIRECTION('',(0.229193989296631,0.97338076582101,0.));
#11800=DIRECTION('',(3.28081325416165E-15,1.77635683940027E-15,1.));
#11801=DIRECTION('',(3.28081325416165E-15,1.77635683940027E-15,1.));
#11802=DIRECTION('',(1.,0.,-3.28081325416165E-15));
#11803=DIRECTION('',(3.28081325416165E-15,1.77635683940027E-15,1.));
#11804=DIRECTION('',(3.28081325416165E-15,1.77635683940027E-15,1.));
#11805=DIRECTION('',(-0.738552324305332,0.674196161560708,0.));
#11806=DIRECTION('',(3.28081325416165E-15,1.77635683940027E-15,1.));
#11807=DIRECTION('',(3.28081325416165E-15,1.77635683940027E-15,1.));
#11808=DIRECTION('',(1.,0.,-3.28081325416165E-15));
#11809=DIRECTION('',(3.28081325416165E-15,1.77635683940027E-15,1.));
#11810=DIRECTION('',(1.,-5.82789506282509E-30,-3.28081325416165E-15));
#11811=DIRECTION('',(1.,0.,-3.28081325416165E-15));
#11812=DIRECTION('',(-3.28081325416165E-15,0.,-1.));
#11813=DIRECTION('',(3.28081325416165E-15,1.77635683940027E-15,1.));
#11814=DIRECTION('',(-5.82789506282509E-30,1.,-1.77635683940027E-15));
#11815=DIRECTION('',(3.28081325416165E-15,1.77635683940027E-15,1.));
#11816=DIRECTION('',(0.,1.,-1.77635683940027E-15));
#11817=DIRECTION('',(0.,1.77635683940027E-15,1.));
#11818=DIRECTION('',(3.28081325416165E-15,1.77635683940027E-15,1.));
#11819=DIRECTION('',(-1.,5.82789506282509E-30,3.28081325416165E-15));
#11820=DIRECTION('',(-1.,0.,3.28081325416165E-15));
#11821=DIRECTION('',(3.28081325416165E-15,0.,1.));
#11822=DIRECTION('',(3.28081325416165E-15,1.77635683940027E-15,1.));
#11823=DIRECTION('',(5.82789506282509E-30,-1.,1.77635683940027E-15));
#11824=DIRECTION('',(0.,-1.,1.77635683940027E-15));
#11825=DIRECTION('',(0.,-1.77635683940027E-15,-1.));
#11826=DIRECTION('',(3.28081325416165E-15,1.77635683940027E-15,1.));
#11827=DIRECTION('',(1.,-5.82789506282509E-30,-3.28081325416165E-15));
#11828=DIRECTION('',(-1.,0.,3.28081325416165E-15));
#11829=DIRECTION('',(3.28081325416165E-15,0.,1.));
#11830=DIRECTION('',(3.28081325416165E-15,1.77635683940027E-15,1.));
#11831=DIRECTION('',(5.82789506282509E-30,-1.,1.77635683940027E-15));
#11832=DIRECTION('',(0.,1.,-1.77635683940027E-15));
#11833=DIRECTION('',(0.,1.77635683940027E-15,1.));
#11834=DIRECTION('',(3.28081325416165E-15,1.77635683940027E-15,1.));
#11835=DIRECTION('',(-1.,5.82789506282509E-30,3.28081325416165E-15));
#11836=DIRECTION('',(-1.,0.,3.28081325416165E-15));
#11837=DIRECTION('',(3.28081325416165E-15,0.,1.));
#11838=DIRECTION('',(3.28081325416165E-15,1.77635683940027E-15,1.));
#11839=DIRECTION('',(5.82789506282509E-30,-1.,1.77635683940027E-15));
#11840=DIRECTION('',(0.,-1.,1.77635683940027E-15));
#11841=DIRECTION('',(0.,-1.77635683940027E-15,-1.));
#11842=DIRECTION('',(3.28081325416165E-15,1.77635683940027E-15,1.));
#11843=DIRECTION('',(1.,-5.82789506282509E-30,-3.28081325416165E-15));
#11844=DIRECTION('',(-1.,0.,3.28081325416165E-15));
#11845=DIRECTION('',(3.28081325416165E-15,0.,1.));
#11846=DIRECTION('',(3.28081325416165E-15,1.77635683940027E-15,1.));
#11847=DIRECTION('',(5.82789506282509E-30,-1.,1.77635683940027E-15));
#11848=DIRECTION('',(0.,1.,-1.77635683940027E-15));
#11849=DIRECTION('',(0.,1.77635683940027E-15,1.));
#11850=DIRECTION('',(3.28081325416165E-15,1.77635683940027E-15,1.));
#11851=DIRECTION('',(-1.,5.82789506282509E-30,3.28081325416165E-15));
#11852=DIRECTION('',(-1.,0.,3.28081325416165E-15));
#11853=DIRECTION('',(3.28081325416165E-15,0.,1.));
#11854=DIRECTION('',(3.28081325416165E-15,1.77635683940027E-15,1.));
#11855=DIRECTION('',(5.82789506282509E-30,-1.,1.77635683940027E-15));
#11856=DIRECTION('',(0.,-1.,1.77635683940027E-15));
#11857=DIRECTION('',(0.,-1.77635683940027E-15,-1.));
#11858=DIRECTION('',(1.,-5.82789506282509E-30,-3.28081325416165E-15));
#11859=DIRECTION('',(3.28081325416165E-15,1.77635683940027E-15,1.));
#11860=DIRECTION('',(1.,-5.82789506282509E-30,-3.28081325416165E-15));
#11861=DIRECTION('',(0.,-1.,1.77635683940027E-15));
#11862=DIRECTION('',(0.,-1.77635683940027E-15,-1.));
#11863=DIRECTION('',(3.28081325416165E-15,1.77635683940027E-15,1.));
#11864=DIRECTION('',(1.,-5.82789506282509E-30,-3.28081325416165E-15));
#11865=DIRECTION('',(3.28081325416165E-15,1.77635683940027E-15,1.));
#11866=DIRECTION('',(1.,0.,-3.28081325416165E-15));
#11867=DIRECTION('',(-3.28081325416165E-15,0.,-1.));
#11868=DIRECTION('',(3.28081325416165E-15,1.77635683940027E-15,1.));
#11869=DIRECTION('',(-5.82789506282509E-30,1.,-1.77635683940027E-15));
#11870=DIRECTION('',(0.,1.,-1.77635683940027E-15));
#11871=DIRECTION('',(0.,1.77635683940027E-15,1.));
#11872=DIRECTION('',(3.28081325416165E-15,1.77635683940027E-15,1.));
#11873=DIRECTION('',(-1.,5.82789506282509E-30,3.28081325416165E-15));
#11874=DIRECTION('',(-1.,0.,3.28081325416165E-15));
#11875=DIRECTION('',(3.28081325416165E-15,0.,1.));
#11876=DIRECTION('',(3.28081325416165E-15,1.77635683940027E-15,1.));
#11877=DIRECTION('',(5.82789506282509E-30,-1.,1.77635683940027E-15));
#11878=DIRECTION('',(0.,-1.,1.77635683940027E-15));
#11879=DIRECTION('',(0.,-1.77635683940027E-15,-1.));
#11880=DIRECTION('',(3.28081325416165E-15,1.77635683940027E-15,1.));
#11881=DIRECTION('',(1.,-5.82789506282509E-30,-3.28081325416165E-15));
#11882=DIRECTION('',(-1.,0.,3.28081325416165E-15));
#11883=DIRECTION('',(3.28081325416165E-15,0.,1.));
#11884=DIRECTION('',(5.82789506282509E-30,-1.,1.77635683940027E-15));
#11885=DIRECTION('',(3.28081325416165E-15,1.77635683940027E-15,1.));
#11886=DIRECTION('',(1.,-5.82789506282509E-30,-3.28081325416165E-15));
#11887=DIRECTION('',(1.,0.,-3.28081325416165E-15));
#11888=DIRECTION('',(-3.28081325416165E-15,0.,-1.));
#11889=DIRECTION('',(3.28081325416165E-15,1.77635683940027E-15,1.));
#11890=DIRECTION('',(-5.82789506282509E-30,1.,-1.77635683940027E-15));
#11891=DIRECTION('',(3.28081325416165E-15,1.77635683940027E-15,1.));
#11892=DIRECTION('',(0.,1.,-1.77635683940027E-15));
#11893=DIRECTION('',(0.,1.77635683940027E-15,1.));
#11894=DIRECTION('',(3.28081325416165E-15,1.77635683940027E-15,1.));
#11895=DIRECTION('',(-1.,5.82789506282509E-30,3.28081325416165E-15));
#11896=DIRECTION('',(-1.,0.,3.28081325416165E-15));
#11897=DIRECTION('',(3.28081325416165E-15,0.,1.));
#11898=DIRECTION('',(3.28081325416165E-15,1.77635683940027E-15,1.));
#11899=DIRECTION('',(5.82789506282509E-30,-1.,1.77635683940027E-15));
#11900=DIRECTION('',(0.,-1.,1.77635683940027E-15));
#11901=DIRECTION('',(0.,-1.77635683940027E-15,-1.));
#11902=DIRECTION('',(3.28081325416165E-15,1.77635683940027E-15,1.));
#11903=DIRECTION('',(1.,-5.82789506282509E-30,-3.28081325416165E-15));
#11904=DIRECTION('',(-1.,0.,3.28081325416165E-15));
#11905=DIRECTION('',(3.28081325416165E-15,0.,1.));
#11906=DIRECTION('',(3.28081325416165E-15,1.77635683940027E-15,1.));
#11907=DIRECTION('',(5.82789506282509E-30,-1.,1.77635683940027E-15));
#11908=DIRECTION('',(0.,1.,-1.77635683940027E-15));
#11909=DIRECTION('',(0.,1.77635683940027E-15,1.));
#11910=DIRECTION('',(3.28081325416165E-15,1.77635683940027E-15,1.));
#11911=DIRECTION('',(-1.,5.82789506282509E-30,3.28081325416165E-15));
#11912=DIRECTION('',(-1.,0.,3.28081325416165E-15));
#11913=DIRECTION('',(3.28081325416165E-15,0.,1.));
#11914=DIRECTION('',(3.28081325416165E-15,1.77635683940027E-15,1.));
#11915=DIRECTION('',(5.82789506282509E-30,-1.,1.77635683940027E-15));
#11916=DIRECTION('',(0.,-1.,1.77635683940027E-15));
#11917=DIRECTION('',(0.,-1.77635683940027E-15,-1.));
#11918=DIRECTION('',(3.28081325416165E-15,1.77635683940027E-15,1.));
#11919=DIRECTION('',(1.,-5.82789506282509E-30,-3.28081325416165E-15));
#11920=DIRECTION('',(-1.,0.,3.28081325416165E-15));
#11921=DIRECTION('',(3.28081325416165E-15,0.,1.));
#11922=DIRECTION('',(3.28081325416165E-15,1.77635683940027E-15,1.));
#11923=DIRECTION('',(5.82789506282509E-30,-1.,1.77635683940027E-15));
#11924=DIRECTION('',(0.,1.,-1.77635683940027E-15));
#11925=DIRECTION('',(0.,1.77635683940027E-15,1.));
#11926=DIRECTION('',(3.28081325416165E-15,1.77635683940027E-15,1.));
#11927=DIRECTION('',(-1.,5.82789506282509E-30,3.28081325416165E-15));
#11928=DIRECTION('',(-1.,0.,3.28081325416165E-15));
#11929=DIRECTION('',(3.28081325416165E-15,0.,1.));
#11930=DIRECTION('',(3.28081325416165E-15,1.77635683940027E-15,1.));
#11931=DIRECTION('',(5.82789506282509E-30,-1.,1.77635683940027E-15));
#11932=DIRECTION('',(0.,-1.,1.77635683940027E-15));
#11933=DIRECTION('',(0.,-1.77635683940027E-15,-1.));
#11934=DIRECTION('',(1.,-5.82789506282509E-30,-3.28081325416165E-15));
#11935=DIRECTION('',(3.28081325416165E-15,1.77635683940027E-15,1.));
#11936=DIRECTION('',(1.,-5.82789506282509E-30,-3.28081325416165E-15));
#11937=DIRECTION('',(0.632813815792647,0.774303993623919,-3.45158407935562E-15));
#11938=DIRECTION('',(-0.774303993623919,0.632813815792647,9.89516924125666E-14));
#11939=DIRECTION('',(3.28081325416165E-15,1.77635683940027E-15,1.));
#11940=DIRECTION('',(-0.774303993623919,0.632813815792647,9.89516924125666E-14));
#11941=DIRECTION('',(3.28081325416165E-15,1.77635683940027E-15,1.));
#11942=DIRECTION('',(3.28081325416165E-15,1.77635683940027E-15,1.));
#11943=DIRECTION('',(-0.508923421025569,-0.860811797974233,4.88308068750181E-15));
#11944=DIRECTION('',(3.28081325416165E-15,1.77635683940027E-15,1.));
#11945=DIRECTION('',(3.28081325416165E-15,1.77635683940027E-15,1.));
#11946=DIRECTION('',(1.,0.,-3.28081325416165E-15));
#11947=DIRECTION('',(3.28081325416165E-15,1.77635683940027E-15,1.));
#11948=DIRECTION('',(0.470194225627717,0.88256296669776,-2.41512429212345E-15));
#11949=DIRECTION('',(3.28081325416165E-15,1.77635683940027E-15,1.));
#11950=DIRECTION('',(3.28081325416165E-15,1.77635683940027E-15,1.));
#11951=DIRECTION('',(1.,0.,-3.28081325416165E-15));
#11952=DIRECTION('',(3.28081325416165E-15,1.77635683940027E-15,1.));
#11953=DIRECTION('',(0.681284548037218,0.732018691431936,0.));
#11954=DIRECTION('',(3.28081325416165E-15,1.77635683940027E-15,1.));
#11955=DIRECTION('',(3.28081325416165E-15,1.77635683940027E-15,1.));
#11956=DIRECTION('',(1.,0.,-3.28081325416165E-15));
#11957=DIRECTION('',(3.28081325416165E-15,1.77635683940027E-15,1.));
#11958=DIRECTION('',(0.953477892045836,0.301462948602029,0.));
#11959=DIRECTION('',(3.28081325416165E-15,1.77635683940027E-15,1.));
#11960=DIRECTION('',(3.28081325416165E-15,1.77635683940027E-15,1.));
#11961=DIRECTION('',(1.,0.,-3.28081325416165E-15));
#11962=DIRECTION('',(3.28081325416165E-15,1.77635683940027E-15,1.));
#11963=DIRECTION('',(0.89880491815986,-0.438348855469759,0.));
#11964=DIRECTION('',(3.28081325416165E-15,1.77635683940027E-15,1.));
#11965=DIRECTION('',(3.28081325416165E-15,1.77635683940027E-15,1.));
#11966=DIRECTION('',(1.,0.,-3.28081325416165E-15));
#11967=DIRECTION('',(3.28081325416165E-15,1.77635683940027E-15,1.));
#11968=DIRECTION('',(3.28081325416165E-15,1.77635683940027E-15,1.));
#11969=DIRECTION('',(-0.137176492157906,-0.99054662182012,0.));
#11970=DIRECTION('',(3.28081325416165E-15,1.77635683940027E-15,1.));
#11971=DIRECTION('',(3.28081325416165E-15,1.77635683940027E-15,1.));
#11972=DIRECTION('',(1.,0.,-3.28081325416165E-15));
#11973=DIRECTION('',(3.28081325416165E-15,1.77635683940027E-15,1.));
#11974=DIRECTION('',(-0.343475433982425,-0.939161661403714,2.91142705059098E-15));
#11975=DIRECTION('',(3.28081325416165E-15,1.77635683940027E-15,1.));
#11976=DIRECTION('',(3.28081325416165E-15,1.77635683940027E-15,1.));
#11977=DIRECTION('',(1.,0.,-3.28081325416165E-15));
#11978=DIRECTION('',(1.,0.,-3.28081325416165E-15));
#11979=DIRECTION('',(-3.28081325416165E-15,0.,-1.));
#11980=DIRECTION('',(3.28081325416165E-15,1.77635683940027E-15,1.));
#11981=DIRECTION('',(-5.82789506282509E-30,1.,-1.77635683940027E-15));
#11982=DIRECTION('',(3.28081325416165E-15,1.77635683940027E-15,1.));
#11983=DIRECTION('',(-0.214638278657701,-0.976693610778149,0.));
#11984=DIRECTION('',(3.28081325416165E-15,1.77635683940027E-15,1.));
#11985=DIRECTION('',(3.28081325416165E-15,1.77635683940027E-15,1.));
#11986=DIRECTION('',(1.,0.,-3.28081325416165E-15));
#11987=DIRECTION('',(3.28081325416165E-15,1.77635683940027E-15,1.));
#11988=DIRECTION('',(3.28081325416165E-15,1.77635683940027E-15,1.));
#11989=DIRECTION('',(3.28081325416165E-15,1.77635683940027E-15,1.));
#11990=DIRECTION('',(0.951269242108721,0.308361523244875,0.));
#11991=DIRECTION('',(3.28081325416165E-15,1.77635683940027E-15,1.));
#11992=DIRECTION('',(3.28081325416165E-15,1.77635683940027E-15,1.));
#11993=DIRECTION('',(1.,0.,-3.28081325416165E-15));
#11994=DIRECTION('',(3.28081325416165E-15,1.77635683940027E-15,1.));
#11995=DIRECTION('',(0.68705058587458,0.726609587364078,0.));
#11996=DIRECTION('',(3.28081325416165E-15,1.77635683940027E-15,1.));
#11997=DIRECTION('',(3.28081325416165E-15,1.77635683940027E-15,1.));
#11998=DIRECTION('',(1.,0.,-3.28081325416165E-15));
#11999=DIRECTION('',(3.28081325416165E-15,1.77635683940027E-15,1.));
#12000=DIRECTION('',(0.504405893333144,0.863466672646254,-4.14632336803208E-15));
#12001=DIRECTION('',(3.28081325416165E-15,1.77635683940027E-15,1.));
#12002=DIRECTION('',(3.28081325416165E-15,1.77635683940027E-15,1.));
#12003=DIRECTION('',(1.,0.,-3.28081325416165E-15));
#12004=DIRECTION('',(3.28081325416165E-15,1.77635683940027E-15,1.));
#12005=DIRECTION('',(-0.470628446192151,-0.882331494187282,2.32673107896946E-15));
#12006=DIRECTION('',(3.28081325416165E-15,1.77635683940027E-15,1.));
#12007=DIRECTION('',(3.28081325416165E-15,1.77635683940027E-15,1.));
#12008=DIRECTION('',(1.,0.,-3.28081325416165E-15));
#12009=DIRECTION('',(3.28081325416165E-15,1.77635683940027E-15,1.));
#12010=DIRECTION('',(-0.706622827428296,-0.707590403946549,0.));
#12011=DIRECTION('',(3.28081325416165E-15,1.77635683940027E-15,1.));
#12012=DIRECTION('',(3.28081325416165E-15,1.77635683940027E-15,1.));
#12013=DIRECTION('',(1.,0.,-3.28081325416165E-15));
#12014=DIRECTION('',(3.28081325416165E-15,1.77635683940027E-15,1.));
#12015=DIRECTION('',(-0.96467099408108,-0.263457535816723,0.));
#12016=DIRECTION('',(3.28081325416165E-15,1.77635683940027E-15,1.));
#12017=DIRECTION('',(3.28081325416165E-15,1.77635683940027E-15,1.));
#12018=DIRECTION('',(1.,0.,-3.28081325416165E-15));
#12019=DIRECTION('',(3.28081325416165E-15,1.77635683940027E-15,1.));
#12020=DIRECTION('',(-0.913339469754728,0.407198984512674,0.));
#12021=DIRECTION('',(3.28081325416165E-15,1.77635683940027E-15,1.));
#12022=DIRECTION('',(3.28081325416165E-15,1.77635683940027E-15,1.));
#12023=DIRECTION('',(1.,0.,-3.28081325416165E-15));
#12024=DIRECTION('',(3.28081325416165E-15,1.77635683940027E-15,1.));
#12025=DIRECTION('',(3.28081325416165E-15,1.77635683940027E-15,1.));
#12026=DIRECTION('',(0.124292052083199,0.992245678140725,0.));
#12027=DIRECTION('',(3.28081325416165E-15,1.77635683940027E-15,1.));
#12028=DIRECTION('',(3.28081325416165E-15,1.77635683940027E-15,1.));
#12029=DIRECTION('',(1.,0.,-3.28081325416165E-15));
#12030=DIRECTION('',(3.28081325416165E-15,1.77635683940027E-15,1.));
#12031=DIRECTION('',(0.322274856011219,0.9466461414821,-3.29387398940414E-15));
#12032=DIRECTION('',(3.28081325416165E-15,1.77635683940027E-15,1.));
#12033=DIRECTION('',(3.28081325416165E-15,1.77635683940027E-15,1.));
#12034=DIRECTION('',(1.,0.,-3.28081325416165E-15));
#12035=DIRECTION('',(-0.924016832421894,0.382351792726292,2.35233344881192E-15));
#12036=DIRECTION('',(-0.382351792726292,-0.924016832421894,0.));
#12037=DIRECTION('',(3.28081325416165E-15,1.77635683940027E-15,1.));
#12038=DIRECTION('',(-0.382351792726292,-0.924016832421894,2.89580844932249E-15));
#12039=DIRECTION('',(3.28081325416165E-15,1.77635683940027E-15,1.));
#12040=DIRECTION('',(0.328931633612125,0.944353736906494,-3.3389276730516E-15));
#12041=DIRECTION('',(3.28081325416165E-15,1.77635683940027E-15,1.));
#12042=DIRECTION('',(3.28081325416165E-15,1.77635683940027E-15,1.));
#12043=DIRECTION('',(1.,0.,-3.28081325416165E-15));
#12044=DIRECTION('',(3.28081325416165E-15,1.77635683940027E-15,1.));
#12045=DIRECTION('',(0.124022271437198,0.992279434528177,0.));
#12046=DIRECTION('',(3.28081325416165E-15,1.77635683940027E-15,1.));
#12047=DIRECTION('',(3.28081325416165E-15,1.77635683940027E-15,1.));
#12048=DIRECTION('',(1.,0.,-3.28081325416165E-15));
#12049=DIRECTION('',(3.28081325416165E-15,1.77635683940027E-15,1.));
#12050=DIRECTION('',(3.28081325416165E-15,1.77635683940027E-15,1.));
#12051=DIRECTION('',(3.28081325416165E-15,1.77635683940027E-15,1.));
#12052=DIRECTION('',(-0.97460885905135,-0.223914206468966,0.));
#12053=DIRECTION('',(3.28081325416165E-15,1.77635683940027E-15,1.));
#12054=DIRECTION('',(3.28081325416165E-15,1.77635683940027E-15,1.));
#12055=DIRECTION('',(1.,0.,-3.28081325416165E-15));
#12056=DIRECTION('',(3.28081325416165E-15,1.77635683940027E-15,1.));
#12057=DIRECTION('',(-0.784066207944947,-0.620677195939105,0.));
#12058=DIRECTION('',(3.28081325416165E-15,1.77635683940027E-15,1.));
#12059=DIRECTION('',(1.,0.,-3.28081325416165E-15));
#12060=DIRECTION('',(3.28081325416165E-15,1.77635683940027E-15,1.));
#12061=DIRECTION('',(1.,-5.82789506282509E-30,-3.28081325416165E-15));
#12062=DIRECTION('',(0.,-1.,1.77635683940027E-15));
#12063=DIRECTION('',(0.,-1.77635683940027E-15,-1.));
#12064=DIRECTION('',(3.28081325416165E-15,1.77635683940027E-15,1.));
#12065=DIRECTION('',(1.,-5.82789506282509E-30,-3.28081325416165E-15));
#12066=DIRECTION('',(3.28081325416165E-15,1.77635683940027E-15,1.));
#12067=DIRECTION('',(1.,0.,-3.28081325416165E-15));
#12068=DIRECTION('',(-3.28081325416165E-15,0.,-1.));
#12069=DIRECTION('',(3.28081325416165E-15,1.77635683940027E-15,1.));
#12070=DIRECTION('',(-5.82789506282509E-30,1.,-1.77635683940027E-15));
#12071=DIRECTION('',(0.,1.,-1.77635683940027E-15));
#12072=DIRECTION('',(0.,1.77635683940027E-15,1.));
#12073=DIRECTION('',(3.28081325416165E-15,1.77635683940027E-15,1.));
#12074=DIRECTION('',(-1.,5.82789506282509E-30,3.28081325416165E-15));
#12075=DIRECTION('',(1.,0.,-3.28081325416165E-15));
#12076=DIRECTION('',(-3.28081325416165E-15,0.,-1.));
#12077=DIRECTION('',(3.28081325416165E-15,1.77635683940027E-15,1.));
#12078=DIRECTION('',(-5.82789506282509E-30,1.,-1.77635683940027E-15));
#12079=DIRECTION('',(0.,1.,-1.77635683940027E-15));
#12080=DIRECTION('',(0.,1.77635683940027E-15,1.));
#12081=DIRECTION('',(3.28081325416165E-15,1.77635683940027E-15,1.));
#12082=DIRECTION('',(-1.,5.82789506282509E-30,3.28081325416165E-15));
#12083=DIRECTION('',(-1.,0.,3.28081325416165E-15));
#12084=DIRECTION('',(3.28081325416165E-15,0.,1.));
#12085=DIRECTION('',(3.28081325416165E-15,1.77635683940027E-15,1.));
#12086=DIRECTION('',(5.82789506282509E-30,-1.,1.77635683940027E-15));
#12087=DIRECTION('',(0.,1.,-1.77635683940027E-15));
#12088=DIRECTION('',(0.,1.77635683940027E-15,1.));
#12089=DIRECTION('',(3.28081325416165E-15,1.77635683940027E-15,1.));
#12090=DIRECTION('',(-1.,5.82789506282509E-30,3.28081325416165E-15));
#12091=DIRECTION('',(-1.,0.,3.28081325416165E-15));
#12092=DIRECTION('',(3.28081325416165E-15,0.,1.));
#12093=DIRECTION('',(5.82789506282509E-30,-1.,1.77635683940027E-15));
#12094=DIRECTION('',(3.28081325416165E-15,1.77635683940027E-15,1.));
#12095=DIRECTION('',(1.,-5.82789506282509E-30,-3.28081325416165E-15));
#12096=DIRECTION('',(0.,-1.,1.77635683940027E-15));
#12097=DIRECTION('',(0.,-1.77635683940027E-15,-1.));
#12098=DIRECTION('',(1.,-5.82789506282509E-30,-3.28081325416165E-15));
#12099=DIRECTION('',(3.28081325416165E-15,1.77635683940027E-15,1.));
#12100=DIRECTION('',(1.,-5.82789506282509E-30,-3.28081325416165E-15));
#12101=DIRECTION('',(3.28081325416165E-15,1.77635683940027E-15,1.));
#12102=DIRECTION('',(-1.,0.,3.28081325416165E-15));
#12103=DIRECTION('',(3.28081325416165E-15,0.,1.));
#12104=DIRECTION('',(5.82789506282509E-30,-1.,1.77635683940027E-15));
#12105=DIRECTION('',(3.28081325416165E-15,1.77635683940027E-15,1.));
#12106=DIRECTION('',(5.82789506282509E-30,-1.,1.77635683940027E-15));
#12107=DIRECTION('',(0.,1.,-1.77635683940027E-15));
#12108=DIRECTION('',(0.,1.77635683940027E-15,1.));
#12109=DIRECTION('',(-1.,5.82789506282509E-30,3.28081325416165E-15));
#12110=DIRECTION('',(3.28081325416165E-15,1.77635683940027E-15,1.));
#12111=DIRECTION('',(-1.,5.82789506282509E-30,3.28081325416165E-15));
#12112=DIRECTION('',(3.28081325416165E-15,1.77635683940027E-15,1.));
#12113=DIRECTION('',(3.28081325416165E-15,1.77635683940027E-15,1.));
#12114=DIRECTION('',(3.28081325416165E-15,1.77635683940027E-15,1.));
#12115=DIRECTION('',(3.28081325416165E-15,1.77635683940027E-15,1.));
#12116=DIRECTION('',(0.552806396235256,-0.833309719300926,0.));
#12117=DIRECTION('',(3.28081325416165E-15,1.77635683940027E-15,1.));
#12118=DIRECTION('',(3.28081325416165E-15,1.77635683940027E-15,1.));
#12119=DIRECTION('',(1.,0.,-3.28081325416165E-15));
#12120=DIRECTION('',(3.28081325416165E-15,1.77635683940027E-15,1.));
#12121=DIRECTION('',(3.28081325416165E-15,1.77635683940027E-15,1.));
#12122=DIRECTION('',(0.761365276605929,-0.648323156750379,0.));
#12123=DIRECTION('',(3.28081325416165E-15,1.77635683940027E-15,1.));
#12124=DIRECTION('',(3.11973797904919E-13,-2.65277222547741E-13,-1.));
#12125=DIRECTION('',(0.817927290290508,-0.57532160379915,4.03869280922859E-13));
#12126=DIRECTION('',(3.28081325416165E-15,1.77635683940027E-15,1.));
#12127=DIRECTION('',(0.954652601326758,-0.29772203610088,0.));
#12128=DIRECTION('',(3.28081325416165E-15,1.77635683940027E-15,1.));
#12129=DIRECTION('',(3.28081325416165E-15,1.77635683940027E-15,1.));
#12130=DIRECTION('',(1.,0.,-3.28081325416165E-15));
#12131=DIRECTION('',(3.28081325416165E-15,1.77635683940027E-15,1.));
#12132=DIRECTION('',(3.28081325416165E-15,1.77635683940027E-15,1.));
#12133=DIRECTION('',(0.,-1.,1.77635683940027E-15));
#12134=DIRECTION('',(0.,-1.77635683940027E-15,-1.));
#12135=DIRECTION('',(3.28081325416165E-15,1.77635683940027E-15,1.));
#12136=DIRECTION('',(1.,-5.82789506282509E-30,-3.28081325416165E-15));
#12137=DIRECTION('',(1.,0.,-3.28081325416165E-15));
#12138=DIRECTION('',(-3.28081325416165E-15,0.,-1.));
#12139=DIRECTION('',(3.28081325416165E-15,1.77635683940027E-15,1.));
#12140=DIRECTION('',(-5.82789506282509E-30,1.,-1.77635683940027E-15));
#12141=DIRECTION('',(0.,1.,-1.77635683940027E-15));
#12142=DIRECTION('',(0.,1.77635683940027E-15,1.));
#12143=DIRECTION('',(3.28081325416165E-15,1.77635683940027E-15,1.));
#12144=DIRECTION('',(-1.,5.82789506282509E-30,3.28081325416165E-15));
#12145=DIRECTION('',(-1.,6.84227765783602E-46,3.28081325416165E-15));
#12146=DIRECTION('',(3.28081325416165E-15,0.,1.));
#12147=DIRECTION('',(3.28081325416165E-15,1.77635683940027E-15,1.));
#12148=DIRECTION('',(5.82789506282509E-30,-1.,1.77635683940027E-15));
#12149=DIRECTION('',(0.,1.,-1.77635683940027E-15));
#12150=DIRECTION('',(0.,1.77635683940027E-15,1.));
#12151=DIRECTION('',(3.28081325416165E-15,1.77635683940027E-15,1.));
#12152=DIRECTION('',(-1.,5.82789506282509E-30,3.28081325416165E-15));
#12153=DIRECTION('',(0.849003495569242,0.528387229701105,-3.72402619042446E-15));
#12154=DIRECTION('',(-0.528387229701105,0.849003495569242,0.));
#12155=DIRECTION('',(3.28081325416165E-15,1.77635683940027E-15,1.));
#12156=DIRECTION('',(-0.528387229701105,0.849003495569242,2.25406660503987E-16));
#12157=DIRECTION('',(0.,1.,-1.77635683940027E-15));
#12158=DIRECTION('',(0.,1.77635683940027E-15,1.));
#12159=DIRECTION('',(3.28081325416165E-15,1.77635683940027E-15,1.));
#12160=DIRECTION('',(-1.,5.82789506282509E-30,3.28081325416165E-15));
#12161=DIRECTION('',(3.28081325416165E-15,1.77635683940027E-15,1.));
#12162=DIRECTION('',(-0.828304179893494,-0.560278667781459,3.69473579635137E-15));
#12163=DIRECTION('',(3.28081325416165E-15,1.77635683940027E-15,1.));
#12164=DIRECTION('',(1.,0.,-3.28081325416165E-15));
#12165=DIRECTION('',(3.28081325416165E-15,1.77635683940027E-15,1.));
#12166=DIRECTION('',(1.,-5.82789506282509E-30,-3.28081325416165E-15));
#12167=DIRECTION('',(-0.943009304808469,-0.33276636104728,3.68494922738206E-15));
#12168=DIRECTION('',(0.33276636104728,-0.943009304808469,0.));
#12169=DIRECTION('',(3.28081325416165E-15,1.77635683940027E-15,1.));
#12170=DIRECTION('',(0.33276636104728,-0.943009304808469,5.83376740351557E-16));
#12171=DIRECTION('',(3.28081325416165E-15,1.77635683940027E-15,1.));
#12172=DIRECTION('',(0.,-1.,1.77635683940027E-15));
#12173=DIRECTION('',(0.,-1.77635683940027E-15,-1.));
#12174=DIRECTION('',(3.28081325416165E-15,1.77635683940027E-15,1.));
#12175=DIRECTION('',(1.,-5.82789506282509E-30,-3.28081325416165E-15));
#12176=DIRECTION('',(0.943395814745621,-0.331669016823166,-2.50594296648707E-15));
#12177=DIRECTION('',(0.331669016823166,0.943395814745621,0.));
#12178=DIRECTION('',(3.28081325416165E-15,1.77635683940027E-15,1.));
#12179=DIRECTION('',(0.331669016823166,0.943395814745621,-2.76395171417318E-15));
#12180=DIRECTION('',(0.,1.,-1.77635683940027E-15));
#12181=DIRECTION('',(0.,1.77635683940027E-15,1.));
#12182=DIRECTION('',(3.28081325416165E-15,1.77635683940027E-15,1.));
#12183=DIRECTION('',(-1.,5.82789506282509E-30,3.28081325416165E-15));
#12184=DIRECTION('',(-0.956705822471403,0.291056642681999,2.62175268481675E-15));
#12185=DIRECTION('',(-0.291056642681999,-0.956705822471403,0.));
#12186=DIRECTION('',(3.28081325416165E-15,1.77635683940027E-15,1.));
#12187=DIRECTION('',(-0.291056642681999,-0.956705822471403,2.65435342206403E-15));
#12188=DIRECTION('',(0.,1.,-1.77635683940027E-15));
#12189=DIRECTION('',(0.,1.77635683940027E-15,1.));
#12190=DIRECTION('',(3.28081325416165E-15,1.77635683940027E-15,1.));
#12191=DIRECTION('',(-1.,5.82789506282509E-30,3.28081325416165E-15));
#12192=DIRECTION('',(0.956705822471403,0.291056642681999,-3.65579360057885E-15));
#12193=DIRECTION('',(-0.291056642681999,0.956705822471403,0.));
#12194=DIRECTION('',(3.28081325416165E-15,1.77635683940027E-15,1.));
#12195=DIRECTION('',(-0.291056642681999,0.956705822471403,-7.44548440018237E-16));
#12196=DIRECTION('',(0.955439586634091,0.295186714288562,-3.65897566862194E-15));
#12197=DIRECTION('',(0.295186714288562,-0.955439586634091,-7.61428351501425E-16));
#12198=DIRECTION('',(-0.295186714288562,0.955439586634091,-7.28749159660889E-16));
#12199=DIRECTION('',(3.28081325416165E-15,1.77635683940027E-15,1.));
#12200=DIRECTION('',(0.295186714288562,-0.955439586634091,-7.61428351501425E-16));
#12201=DIRECTION('',(3.28081325416165E-15,1.77635683940027E-15,1.));
#12202=DIRECTION('',(0.955039222698019,0.296479481766218,-3.65995856560868E-15));
#12203=DIRECTION('',(0.296479481766217,-0.955039222698018,1.27778962485082E-15));
#12204=DIRECTION('',(-0.296478936421872,0.955039391992893,0.));
#12205=DIRECTION('',(3.28081325416165E-15,1.77635683940027E-15,1.));
#12206=DIRECTION('',(-0.296478936421872,0.955039391992893,0.));
#12207=DIRECTION('',(0.,-1.,1.77635683940027E-15));
#12208=DIRECTION('',(0.,-1.77635683940027E-15,-1.));
#12209=DIRECTION('',(1.,-5.82789506282509E-30,-3.28081325416165E-15));
#12210=DIRECTION('',(3.28081312408158E-15,1.77635683940027E-15,1.));
#12211=DIRECTION('',(1.,-5.82789506282509E-30,-3.28081325416165E-15));
#12212=DIRECTION('',(-0.955776214958158,0.294094928416418,2.6133056121943E-15));
#12213=DIRECTION('',(-0.294094928416418,-0.955776214958157,5.82795348719539E-15));
#12214=DIRECTION('',(-0.294094928416418,-0.955776214958157,2.66267015550733E-15));
#12215=DIRECTION('',(3.28081325416165E-15,1.77635683940027E-15,1.));
#12216=DIRECTION('',(-0.294094928416418,-0.955776214958157,5.82795348719539E-15));
#12217=DIRECTION('',(3.28081325416165E-15,1.77635683940027E-15,1.));
#12218=DIRECTION('',(0.959664058762691,-0.281149238517764,-2.69390260640253E-15));
#12219=DIRECTION('',(3.28081325416165E-15,1.77635683940027E-15,1.));
#12220=DIRECTION('',(1.,0.,-3.28081325416165E-15));
#12221=DIRECTION('',(3.28081325416165E-15,1.77635683940027E-15,1.));
#12222=DIRECTION('',(3.28081325416165E-15,1.77635683940027E-15,1.));
#12223=DIRECTION('',(1.,0.,-3.28081325416165E-15));
#12224=DIRECTION('',(3.28081325416165E-15,1.77635683940027E-15,1.));
#12225=DIRECTION('',(-0.965892069454768,-0.258944994476403,2.80656789734936E-15));
#12226=DIRECTION('',(3.28081325416165E-15,1.77635683940027E-15,1.));
#12227=DIRECTION('',(1.,0.,-3.28081325416165E-15));
#12228=DIRECTION('',(3.28081325416165E-15,1.77635683940027E-15,1.));
#12229=DIRECTION('',(1.,0.,-3.28081325416165E-15));
#12230=DIRECTION('',(0.,1.,-1.77635683940027E-15));
#12231=DIRECTION('',(0.,1.77635683940027E-15,1.));
#12232=DIRECTION('',(-1.,5.82789506282509E-30,3.28081325416165E-15));
#12233=DIRECTION('',(3.28081325416165E-15,1.77635683940027E-15,1.));
#12234=DIRECTION('',(1.,-5.82789506282509E-30,-3.28081325416165E-15));
#12235=DIRECTION('',(3.28081325416165E-15,1.77635683940027E-15,1.));
#12236=DIRECTION('',(1.,-5.82789506282509E-30,-3.28081325416165E-15));
#12237=DIRECTION('',(1.,-6.84227765783602E-46,-3.28081325416165E-15));
#12238=DIRECTION('',(-3.28081325416165E-15,0.,-1.));
#12239=DIRECTION('',(3.28081325416165E-15,1.77635683940027E-15,1.));
#12240=DIRECTION('',(-5.82789506282509E-30,1.,-1.77635683940027E-15));
#12241=DIRECTION('',(3.28081325416165E-15,1.77635683940027E-15,1.));
#12242=DIRECTION('',(0.,1.,-1.77635683940027E-15));
#12243=DIRECTION('',(0.,1.77635683940027E-15,1.));
#12244=DIRECTION('',(3.28081325416165E-15,1.77635683940027E-15,1.));
#12245=DIRECTION('',(-1.,5.82789506282509E-30,3.28081325416165E-15));
#12246=DIRECTION('',(-1.,6.84227765783602E-46,3.28081325416165E-15));
#12247=DIRECTION('',(3.28081325416165E-15,0.,1.));
#12248=DIRECTION('',(3.28081325416165E-15,1.77635683940027E-15,1.));
#12249=DIRECTION('',(5.82789506282509E-30,-1.,1.77635683940027E-15));
#12250=DIRECTION('',(0.,1.,-1.77635683940027E-15));
#12251=DIRECTION('',(0.,1.77635683940027E-15,1.));
#12252=DIRECTION('',(3.28081325416165E-15,1.77635683940027E-15,1.));
#12253=DIRECTION('',(-1.,5.82789506282509E-30,3.28081325416165E-15));
#12254=DIRECTION('',(-1.,0.,3.28081325416165E-15));
#12255=DIRECTION('',(3.28081325416165E-15,0.,1.));
#12256=DIRECTION('',(3.28081325416165E-15,1.77635683940027E-15,1.));
#12257=DIRECTION('',(5.82789506282509E-30,-1.,1.77635683940027E-15));
#12258=DIRECTION('',(0.,-1.,1.77635683940027E-15));
#12259=DIRECTION('',(0.,-1.77635683940027E-15,-1.));
#12260=DIRECTION('',(3.28081325416165E-15,1.77635683940027E-15,1.));
#12261=DIRECTION('',(1.,-5.82789506282509E-30,-3.28081325416165E-15));
#12262=DIRECTION('',(1.,0.,-3.28081325416165E-15));
#12263=DIRECTION('',(-3.28081325416165E-15,0.,-1.));
#12264=DIRECTION('',(3.28081325416165E-15,1.77635683940027E-15,1.));
#12265=DIRECTION('',(-5.82789506282509E-30,1.,-1.77635683940027E-15));
#12266=DIRECTION('',(0.,1.,-1.77635683940027E-15));
#12267=DIRECTION('',(0.,1.77635683940027E-15,1.));
#12268=DIRECTION('',(-1.,5.82789506282509E-30,3.28081325416165E-15));
#12269=DIRECTION('',(3.28081325416165E-15,1.77635683940027E-15,1.));
#12270=DIRECTION('',(1.,-5.82789506282509E-30,-3.28081325416165E-15));
#12271=DIRECTION('',(3.28081325416165E-15,1.77635683940027E-15,1.));
#12272=DIRECTION('',(0.68705058587616,0.726609587362584,0.));
#12273=DIRECTION('',(3.28081325416165E-15,1.77635683940027E-15,1.));
#12274=DIRECTION('',(3.28081325416165E-15,1.77635683940027E-15,1.));
#12275=DIRECTION('',(1.,0.,-3.28081325416165E-15));
#12276=DIRECTION('',(3.28081325416165E-15,1.77635683940027E-15,1.));
#12277=DIRECTION('',(3.28081325416165E-15,1.77635683940027E-15,1.));
#12278=DIRECTION('',(0.50440589333326,0.863466672646186,-3.68037147926485E-15));
#12279=DIRECTION('',(3.28081325416165E-15,1.77635683940027E-15,1.));
#12280=DIRECTION('',(3.28081325416165E-15,1.77635683940027E-15,1.));
#12281=DIRECTION('',(1.,0.,-3.28081325416165E-15));
#12282=DIRECTION('',(3.28081325416165E-15,1.77635683940027E-15,1.));
#12283=DIRECTION('',(3.28081325416165E-15,1.77635683940027E-15,1.));
#12284=DIRECTION('',(-0.706622827427449,-0.707590403947394,0.));
#12285=DIRECTION('',(3.28081325416165E-15,1.77635683940027E-15,1.));
#12286=DIRECTION('',(3.28081325416165E-15,1.77635683940027E-15,1.));
#12287=DIRECTION('',(1.,0.,-3.28081325416165E-15));
#12288=DIRECTION('',(3.28081325416165E-15,1.77635683940027E-15,1.));
#12289=DIRECTION('',(-0.964670994081618,-0.263457535814756,0.));
#12290=DIRECTION('',(3.28081325416165E-15,1.77635683940027E-15,1.));
#12291=DIRECTION('',(3.28081325416165E-15,1.77635683940027E-15,1.));
#12292=DIRECTION('',(1.,0.,-3.28081325416165E-15));
#12293=DIRECTION('',(3.28081325416165E-15,1.77635683940027E-15,1.));
#12294=DIRECTION('',(-0.913339469751737,0.407198984519382,0.));
#12295=DIRECTION('',(3.28081325416165E-15,1.77635683940027E-15,1.));
#12296=DIRECTION('',(3.28081325416165E-15,1.77635683940027E-15,1.));
#12297=DIRECTION('',(1.,0.,-3.28081325416165E-15));
#12298=DIRECTION('',(3.28081325416165E-15,1.77635683940027E-15,1.));
#12299=DIRECTION('',(3.28081325416165E-15,1.77635683940027E-15,1.));
#12300=DIRECTION('',(0.12429205208315,0.992245678140731,0.));
#12301=DIRECTION('',(3.28081325416165E-15,1.77635683940027E-15,1.));
#12302=DIRECTION('',(3.28081325416165E-15,1.77635683940027E-15,1.));
#12303=DIRECTION('',(1.,0.,-3.28081325416165E-15));
#12304=DIRECTION('',(3.28081325416165E-15,1.77635683940027E-15,1.));
#12305=DIRECTION('',(0.322274856011487,0.946646141482009,-2.92371790883751E-15));
#12306=DIRECTION('',(3.28081325416165E-15,1.77635683940027E-15,1.));
#12307=DIRECTION('',(3.28081325416165E-15,1.77635683940027E-15,1.));
#12308=DIRECTION('',(1.,0.,-3.28081325416165E-15));
#12309=DIRECTION('',(-0.924016832421896,0.382351792726288,2.35233344881193E-15));
#12310=DIRECTION('',(-0.382351792726288,-0.924016832421896,0.));
#12311=DIRECTION('',(3.28081325416165E-15,1.77635683940027E-15,1.));
#12312=DIRECTION('',(-0.382351792726288,-0.924016832421896,2.89580844932248E-15));
#12313=DIRECTION('',(3.28081325416165E-15,1.77635683940027E-15,1.));
#12314=DIRECTION('',(0.328931633612286,0.944353736906437,-2.96370858914447E-15));
#12315=DIRECTION('',(3.28081325416165E-15,1.77635683940027E-15,1.));
#12316=DIRECTION('',(3.28081325416165E-15,1.77635683940027E-15,1.));
#12317=DIRECTION('',(1.,0.,-3.28081325416165E-15));
#12318=DIRECTION('',(3.28081325416165E-15,1.77635683940027E-15,1.));
#12319=DIRECTION('',(0.124022271437064,0.992279434528193,0.));
#12320=DIRECTION('',(3.28081325416165E-15,1.77635683940027E-15,1.));
#12321=DIRECTION('',(3.28081325416165E-15,1.77635683940027E-15,1.));
#12322=DIRECTION('',(1.,0.,-3.28081325416165E-15));
#12323=DIRECTION('',(3.28081325416165E-15,1.77635683940027E-15,1.));
#12324=DIRECTION('',(3.28081325416165E-15,1.77635683940027E-15,1.));
#12325=DIRECTION('',(3.28081325416165E-15,1.77635683940027E-15,1.));
#12326=DIRECTION('',(-0.974608859050372,-0.223914206473222,0.));
#12327=DIRECTION('',(3.28081325416165E-15,1.77635683940027E-15,1.));
#12328=DIRECTION('',(3.28081325416165E-15,1.77635683940027E-15,1.));
#12329=DIRECTION('',(1.,0.,-3.28081325416165E-15));
#12330=DIRECTION('',(3.28081325416165E-15,1.77635683940027E-15,1.));
#12331=DIRECTION('',(-0.784066207944891,-0.620677195939176,0.));
#12332=DIRECTION('',(3.28081325416165E-15,1.77635683940027E-15,1.));
#12333=DIRECTION('',(3.28081325416165E-15,1.77635683940027E-15,1.));
#12334=DIRECTION('',(1.,0.,-3.28081325416165E-15));
#12335=DIRECTION('',(0.632813816643222,0.774303992928771,-3.45158405932051E-15));
#12336=DIRECTION('',(-0.774303992928771,0.632813816643222,-8.94778345691534E-14));
#12337=DIRECTION('',(3.28081325416165E-15,1.77635683940027E-15,1.));
#12338=DIRECTION('',(-0.774303992928771,0.632813816643222,-8.94778345691534E-14));
#12339=DIRECTION('',(3.28081325416165E-15,1.77635683940027E-15,1.));
#12340=DIRECTION('',(-0.508923421670801,-0.860811797592763,4.33433414758804E-15));
#12341=DIRECTION('',(3.28081325416165E-15,1.77635683940027E-15,1.));
#12342=DIRECTION('',(3.28081325416165E-15,1.77635683940027E-15,1.));
#12343=DIRECTION('',(1.,0.,-3.28081325416165E-15));
#12344=DIRECTION('',(3.28081325416165E-15,1.77635683940027E-15,1.));
#12345=DIRECTION('',(0.470194225627678,0.882562966697781,-2.14371957386527E-15));
#12346=DIRECTION('',(3.28081325416165E-15,1.77635683940027E-15,1.));
#12347=DIRECTION('',(3.28081325416165E-15,1.77635683940027E-15,1.));
#12348=DIRECTION('',(1.,0.,-3.28081325416165E-15));
#12349=DIRECTION('',(3.28081325416165E-15,1.77635683940027E-15,1.));
#12350=DIRECTION('',(0.681284548037169,0.732018691431981,0.));
#12351=DIRECTION('',(3.28081325416165E-15,1.77635683940027E-15,1.));
#12352=DIRECTION('',(3.28081325416165E-15,1.77635683940027E-15,1.));
#12353=DIRECTION('',(1.,0.,-3.28081325416165E-15));
#12354=DIRECTION('',(3.28081325416165E-15,1.77635683940027E-15,1.));
#12355=DIRECTION('',(0.95347789204601,0.301462948601478,0.));
#12356=DIRECTION('',(3.28081325416165E-15,1.77635683940027E-15,1.));
#12357=DIRECTION('',(3.28081325416165E-15,1.77635683940027E-15,1.));
#12358=DIRECTION('',(1.,0.,-3.28081325416165E-15));
#12359=DIRECTION('',(3.28081325416165E-15,1.77635683940027E-15,1.));
#12360=DIRECTION('',(3.28081325416165E-15,1.77635683940027E-15,1.));
#12361=DIRECTION('',(3.28081325416165E-15,1.77635683940027E-15,1.));
#12362=DIRECTION('',(-0.137176492157938,-0.990546621820116,0.));
#12363=DIRECTION('',(3.28081325416165E-15,1.77635683940027E-15,1.));
#12364=DIRECTION('',(3.28081325416165E-15,1.77635683940027E-15,1.));
#12365=DIRECTION('',(1.,0.,-3.28081325416165E-15));
#12366=DIRECTION('',(3.28081325416165E-15,1.77635683940027E-15,1.));
#12367=DIRECTION('',(-0.343475433982295,-0.939161661403762,2.58424925647755E-15));
#12368=DIRECTION('',(3.28081325416165E-15,1.77635683940027E-15,1.));
#12369=DIRECTION('',(3.28081325416165E-15,1.77635683940027E-15,1.));
#12370=DIRECTION('',(1.,0.,-3.28081325416165E-15));
#12371=DIRECTION('',(1.,0.,-3.28081325416165E-15));
#12372=DIRECTION('',(-3.28081325416165E-15,0.,-1.));
#12373=DIRECTION('',(3.28081325416165E-15,1.77635683940027E-15,1.));
#12374=DIRECTION('',(-5.82789506282509E-30,1.,-1.77635683940027E-15));
#12375=DIRECTION('',(3.28081325416165E-15,1.77635683940027E-15,1.));
#12376=DIRECTION('',(3.28081325416165E-15,1.77635683940027E-15,1.));
#12377=DIRECTION('',(3.28081325416165E-15,1.77635683940027E-15,1.));
#12378=DIRECTION('',(3.28081325416165E-15,1.77635683940027E-15,1.));
#12379=DIRECTION('',(1.,-5.82789506282509E-30,-3.28081325416165E-15));
#12380=DIRECTION('',(3.28081325416165E-15,1.77635683940027E-15,1.));
#12381=DIRECTION('',(3.28081325416165E-15,1.77635683940027E-15,1.));
#12382=DIRECTION('',(3.28081325416165E-15,1.77635683940027E-15,1.));
#12383=DIRECTION('',(0.66852584413674,-0.743688910581071,0.));
#12384=DIRECTION('',(3.28081325416165E-15,1.77635683940027E-15,1.));
#12385=DIRECTION('',(3.28081325416165E-15,1.77635683940027E-15,1.));
#12386=DIRECTION('',(1.,0.,-3.28081325416165E-15));
#12387=DIRECTION('',(3.28081325416165E-15,1.77635683940027E-15,1.));
#12388=DIRECTION('',(0.967374832916508,-0.253349427944407,0.));
#12389=DIRECTION('',(3.28081325416165E-15,1.77635683940027E-15,1.));
#12390=DIRECTION('',(3.28081325416165E-15,1.77635683940027E-15,1.));
#12391=DIRECTION('',(1.,0.,-3.28081325416165E-15));
#12392=DIRECTION('',(-1.,0.,3.28081325416165E-15));
#12393=DIRECTION('',(3.28081325416165E-15,0.,1.));
#12394=DIRECTION('',(3.28081325416165E-15,1.77635683940027E-15,1.));
#12395=DIRECTION('',(5.82789506282509E-30,-1.,1.77635683940027E-15));
#12396=DIRECTION('',(0.,-1.,1.77635683940027E-15));
#12397=DIRECTION('',(0.,-1.77635683940027E-15,-1.));
#12398=DIRECTION('',(3.28081325416165E-15,1.77635683940027E-15,1.));
#12399=DIRECTION('',(1.,-5.82789506282509E-30,-3.28081325416165E-15));
#12400=DIRECTION('',(1.,-6.84227765783602E-46,-3.28081325416165E-15));
#12401=DIRECTION('',(-3.28081325416165E-15,0.,-1.));
#12402=DIRECTION('',(3.28081325416165E-15,1.77635683940027E-15,1.));
#12403=DIRECTION('',(-5.82789506282509E-30,1.,-1.77635683940027E-15));
#12404=DIRECTION('',(3.28081325416165E-15,1.77635683940027E-15,1.));
#12405=DIRECTION('',(3.28081325416165E-15,1.77635683940027E-15,1.));
#12406=DIRECTION('',(3.28081325416165E-15,1.77635683940027E-15,1.));
#12407=DIRECTION('',(3.28081325416165E-15,1.77635683940027E-15,1.));
#12408=DIRECTION('',(-1.,0.,3.28081325416165E-15));
#12409=DIRECTION('',(3.28081325416165E-15,0.,1.));
#12410=DIRECTION('',(3.28081325416165E-15,1.77635683940027E-15,1.));
#12411=DIRECTION('',(5.82789506282509E-30,-1.,1.77635683940027E-15));
#12412=DIRECTION('',(0.,-1.,1.77635683940027E-15));
#12413=DIRECTION('',(0.,-1.77635683940027E-15,-1.));
#12414=DIRECTION('',(3.28081325416165E-15,1.77635683940027E-15,1.));
#12415=DIRECTION('',(1.,-5.82789506282509E-30,-3.28081325416165E-15));
#12416=DIRECTION('',(1.,0.,-3.28081325416165E-15));
#12417=DIRECTION('',(-3.28081325416165E-15,0.,-1.));
#12418=DIRECTION('',(3.28081325416165E-15,1.77635683940027E-15,1.));
#12419=DIRECTION('',(-5.82789506282509E-30,1.,-1.77635683940027E-15));
#12420=DIRECTION('',(3.28081325416165E-15,1.77635683940027E-15,1.));
#12421=DIRECTION('',(3.28081325416165E-15,1.77635683940027E-15,1.));
#12422=DIRECTION('',(1.,-5.82789506282509E-30,-3.28081325416165E-15));
#12423=DIRECTION('',(3.28081325416165E-15,1.77635683940027E-15,1.));
#12424=DIRECTION('',(0.998826338628662,0.0484349590859868,-3.1858510885165E-15));
#12425=DIRECTION('',(3.28081325416165E-15,1.77635683940027E-15,1.));
#12426=DIRECTION('',(3.28081325416165E-15,1.77635683940027E-15,1.));
#12427=DIRECTION('',(1.,0.,-3.28081325416165E-15));
#12428=DIRECTION('',(3.28081325416165E-15,1.77635683940027E-15,1.));
#12429=DIRECTION('',(0.,1.,-1.77635683940027E-15));
#12430=DIRECTION('',(0.,1.77635683940027E-15,1.));
#12431=DIRECTION('',(3.28081325416165E-15,1.77635683940027E-15,1.));
#12432=DIRECTION('',(-1.,5.82789506282509E-30,3.28081325416165E-15));
#12433=DIRECTION('',(0.866819582348766,0.49862191253164,-3.72960361933712E-15));
#12434=DIRECTION('',(-0.49862191253164,0.866819582348766,0.));
#12435=DIRECTION('',(3.28081325416165E-15,1.77635683940027E-15,1.));
#12436=DIRECTION('',(-0.49862191253164,0.866819582348766,9.61044858179238E-17));
#12437=DIRECTION('',(0.,1.,-1.77635683940027E-15));
#12438=DIRECTION('',(0.,1.77635683940027E-15,1.));
#12439=DIRECTION('',(3.28081325416165E-15,1.77635683940027E-15,1.));
#12440=DIRECTION('',(-1.,5.82789506282509E-30,3.28081325416165E-15));
#12441=DIRECTION('',(-1.,0.,3.28081325416165E-15));
#12442=DIRECTION('',(3.28081325416165E-15,0.,1.));
#12443=DIRECTION('',(3.28081325416165E-15,1.77635683940027E-15,1.));
#12444=DIRECTION('',(5.82789506282509E-30,-1.,1.77635683940027E-15));
#12445=DIRECTION('',(0.,-1.,1.77635683940027E-15));
#12446=DIRECTION('',(0.,-1.77635683940027E-15,-1.));
#12447=DIRECTION('',(3.28081325416165E-15,1.77635683940027E-15,1.));
#12448=DIRECTION('',(1.,-5.82789506282509E-30,-3.28081325416165E-15));
#12449=DIRECTION('',(1.,0.,-3.28081325416165E-15));
#12450=DIRECTION('',(-3.28081325416165E-15,0.,-1.));
#12451=DIRECTION('',(3.28081325416165E-15,1.77635683940027E-15,1.));
#12452=DIRECTION('',(-5.82789506282509E-30,1.,-1.77635683940027E-15));
#12453=DIRECTION('',(0.999971982377024,0.00748561693948519,-3.2940183274272E-15));
#12454=DIRECTION('',(0.00748561693948519,-0.999971982377024,-1.24179894128401E-14));
#12455=DIRECTION('',(3.28081325416165E-15,1.77635683940027E-15,1.));
#12456=DIRECTION('',(0.00748561693948519,-0.999971982377024,-1.24179894128401E-14));
#12457=DIRECTION('',(3.28081325416165E-15,1.77635683940027E-15,1.));
#12458=DIRECTION('',(-0.999276367682825,-0.0380360485673715,3.53494199068207E-15));
#12459=DIRECTION('',(3.28081325416165E-15,1.77635683940027E-15,1.));
#12460=DIRECTION('',(3.28081325416165E-15,1.77635683940027E-15,1.));
#12461=DIRECTION('',(1.,0.,-3.28081325416165E-15));
#12462=DIRECTION('',(0.,-1.,1.77635683940027E-15));
#12463=DIRECTION('',(0.,-1.77635683940027E-15,-1.));
#12464=DIRECTION('',(3.28081325416165E-15,1.77635683940027E-15,1.));
#12465=DIRECTION('',(1.,-5.82789506282509E-30,-3.28081325416165E-15));
#12466=DIRECTION('',(-0.865114564388654,-0.50157431202428,3.72925428884639E-15));
#12467=DIRECTION('',(0.501574312024281,-0.865114564388654,0.));
#12468=DIRECTION('',(3.28081325416165E-15,1.77635683940027E-15,1.));
#12469=DIRECTION('',(0.501574312024281,-0.865114564388654,-1.08819477519704E-16));
#12470=DIRECTION('',(0.,-1.,1.77635683940027E-15));
#12471=DIRECTION('',(0.,-1.77635683940027E-15,-1.));
#12472=DIRECTION('',(3.28081325416165E-15,1.77635683940027E-15,1.));
#12473=DIRECTION('',(1.,-5.82789506282509E-30,-3.28081325416165E-15));
#12474=DIRECTION('',(1.,0.,-3.28081325416165E-15));
#12475=DIRECTION('',(-3.28081325416165E-15,0.,-1.));
#12476=DIRECTION('',(3.28081325416165E-15,1.77635683940027E-15,1.));
#12477=DIRECTION('',(-5.82789506282509E-30,1.,-1.77635683940027E-15));
#12478=DIRECTION('',(0.,1.,-1.77635683940027E-15));
#12479=DIRECTION('',(0.,1.77635683940027E-15,1.));
#12480=DIRECTION('',(3.28081325416165E-15,1.77635683940027E-15,1.));
#12481=DIRECTION('',(-1.,5.82789506282509E-30,3.28081325416165E-15));
#12482=DIRECTION('',(-1.,6.84227765783602E-46,3.28081325416165E-15));
#12483=DIRECTION('',(3.28081325416165E-15,0.,1.));
#12484=DIRECTION('',(3.28081325416165E-15,1.77635683940027E-15,1.));
#12485=DIRECTION('',(5.82789506282509E-30,-1.,1.77635683940027E-15));
#12486=DIRECTION('',(-0.999925935955174,-0.0121705630177847,3.30218939372345E-15));
#12487=DIRECTION('',(0.0121705630177847,-0.999925935955174,-7.25908572484147E-14));
#12488=DIRECTION('',(0.0121705630177847,-0.999925935955174,-7.25908572484147E-14));
#12489=DIRECTION('',(3.28081325416165E-15,1.77635683940027E-15,1.));
#12490=DIRECTION('',(1.,-5.82789506282509E-30,-3.28081325416165E-15));
#12491=DIRECTION('',(1.,0.,-3.28081325416165E-15));
#12492=DIRECTION('',(-3.28081325416165E-15,0.,-1.));
#12493=DIRECTION('',(3.28081325416165E-15,1.77635683940027E-15,1.));
#12494=DIRECTION('',(-5.82789506282509E-30,1.,-1.77635683940027E-15));
#12495=DIRECTION('',(3.28081325416165E-15,1.77635683940027E-15,1.));
#12496=DIRECTION('',(0.,1.,-1.77635683940027E-15));
#12497=DIRECTION('',(0.,1.77635683940027E-15,1.));
#12498=DIRECTION('',(3.28081325416165E-15,1.77635683940027E-15,1.));
#12499=DIRECTION('',(-1.,5.82789506282509E-30,3.28081325416165E-15));
#12500=DIRECTION('',(-1.,0.,3.28081325416165E-15));
#12501=DIRECTION('',(3.28081325416165E-15,0.,1.));
#12502=DIRECTION('',(3.28081325416165E-15,1.77635683940027E-15,1.));
#12503=DIRECTION('',(5.82789506282509E-30,-1.,1.77635683940027E-15));
#12504=DIRECTION('',(0.,-1.,1.77635683940027E-15));
#12505=DIRECTION('',(0.,-1.77635683940027E-15,-1.));
#12506=DIRECTION('',(3.28081325416165E-15,1.77635683940027E-15,1.));
#12507=DIRECTION('',(1.,-5.82789506282509E-30,-3.28081325416165E-15));
#12508=DIRECTION('',(-1.,0.,3.28081325416165E-15));
#12509=DIRECTION('',(3.28081325416165E-15,0.,1.));
#12510=DIRECTION('',(3.28081325416165E-15,1.77635683940027E-15,1.));
#12511=DIRECTION('',(5.82789506282509E-30,-1.,1.77635683940027E-15));
#12512=DIRECTION('',(0.,1.,-1.77635683940027E-15));
#12513=DIRECTION('',(0.,1.77635683940027E-15,1.));
#12514=DIRECTION('',(3.28081325416165E-15,1.77635683940027E-15,1.));
#12515=DIRECTION('',(-1.,5.82789506282509E-30,3.28081325416165E-15));
#12516=DIRECTION('',(-1.,0.,3.28081325416165E-15));
#12517=DIRECTION('',(3.28081325416165E-15,0.,1.));
#12518=DIRECTION('',(3.28081325416165E-15,1.77635683940027E-15,1.));
#12519=DIRECTION('',(5.82789506282509E-30,-1.,1.77635683940027E-15));
#12520=DIRECTION('',(0.,-1.,1.77635683940027E-15));
#12521=DIRECTION('',(0.,-1.77635683940027E-15,-1.));
#12522=DIRECTION('',(3.28081325416165E-15,1.77635683940027E-15,1.));
#12523=DIRECTION('',(1.,-5.82789506282509E-30,-3.28081325416165E-15));
#12524=DIRECTION('',(-1.,0.,3.28081325416165E-15));
#12525=DIRECTION('',(3.28081325416165E-15,0.,1.));
#12526=DIRECTION('',(3.28081325416165E-15,1.77635683940027E-15,1.));
#12527=DIRECTION('',(5.82789506282509E-30,-1.,1.77635683940027E-15));
#12528=DIRECTION('',(0.,1.,-1.77635683940027E-15));
#12529=DIRECTION('',(0.,1.77635683940027E-15,1.));
#12530=DIRECTION('',(3.28081325416165E-15,1.77635683940027E-15,1.));
#12531=DIRECTION('',(-1.,5.82789506282509E-30,3.28081325416165E-15));
#12532=DIRECTION('',(-1.,0.,3.28081325416165E-15));
#12533=DIRECTION('',(3.28081325416165E-15,0.,1.));
#12534=DIRECTION('',(3.28081325416165E-15,1.77635683940027E-15,1.));
#12535=DIRECTION('',(5.82789506282509E-30,-1.,1.77635683940027E-15));
#12536=DIRECTION('',(0.,-1.,1.77635683940027E-15));
#12537=DIRECTION('',(0.,-1.77635683940027E-15,-1.));
#12538=DIRECTION('',(1.,-5.82789506282509E-30,-3.28081325416165E-15));
#12539=DIRECTION('',(3.28081325416165E-15,1.77635683940027E-15,1.));
#12540=DIRECTION('',(1.,-5.82789506282509E-30,-3.28081325416165E-15));
#12541=DIRECTION('',(0.,1.,-1.77635683940027E-15));
#12542=DIRECTION('',(0.,1.77635683940027E-15,1.));
#12543=DIRECTION('',(3.28081325416165E-15,1.77635683940027E-15,1.));
#12544=DIRECTION('',(-1.,5.82789506282509E-30,3.28081325416165E-15));
#12545=DIRECTION('',(3.28081325416165E-15,1.77635683940027E-15,1.));
#12546=DIRECTION('',(-1.,0.,3.28081325416165E-15));
#12547=DIRECTION('',(3.28081325416165E-15,0.,1.));
#12548=DIRECTION('',(3.28081325416165E-15,1.77635683940027E-15,1.));
#12549=DIRECTION('',(5.82789506282509E-30,-1.,1.77635683940027E-15));
#12550=DIRECTION('',(0.,-1.,1.77635683940027E-15));
#12551=DIRECTION('',(0.,-1.77635683940027E-15,-1.));
#12552=DIRECTION('',(3.28081325416165E-15,1.77635683940027E-15,1.));
#12553=DIRECTION('',(1.,-5.82789506282509E-30,-3.28081325416165E-15));
#12554=DIRECTION('',(0.950114661149815,-0.31190083467053,-2.56310159239197E-15));
#12555=DIRECTION('',(0.31190083467053,0.950114661149815,0.));
#12556=DIRECTION('',(3.28081325416165E-15,1.77635683940027E-15,1.));
#12557=DIRECTION('',(0.31190083467053,0.950114661149815,-2.7110310689191E-15));
#12558=DIRECTION('',(0.,-1.,1.77635683940027E-15));
#12559=DIRECTION('',(0.,-1.77635683940027E-15,-1.));
#12560=DIRECTION('',(3.28081325416165E-15,1.77635683940027E-15,1.));
#12561=DIRECTION('',(1.,-5.82789506282509E-30,-3.28081325416165E-15));
#12562=DIRECTION('',(-0.955322659656443,-0.295564909870809,3.65926399293756E-15));
#12563=DIRECTION('',(0.295564909870809,-0.955322659656443,0.));
#12564=DIRECTION('',(3.28081325416165E-15,1.77635683940027E-15,1.));
#12565=DIRECTION('',(0.295564909870809,-0.955322659656443,7.27300666545529E-16));
#12566=DIRECTION('',(0.,-1.,1.77635683940027E-15));
#12567=DIRECTION('',(0.,-1.77635683940027E-15,-1.));
#12568=DIRECTION('',(3.28081325416165E-15,1.77635683940027E-15,1.));
#12569=DIRECTION('',(1.,-5.82789506282509E-30,-3.28081325416165E-15));
#12570=DIRECTION('',(1.,0.,-3.28081325416165E-15));
#12571=DIRECTION('',(-3.28081325416165E-15,0.,-1.));
#12572=DIRECTION('',(3.28081325416165E-15,1.77635683940027E-15,1.));
#12573=DIRECTION('',(-5.82789506282509E-30,1.,-1.77635683940027E-15));
#12574=DIRECTION('',(0.,1.,-1.77635683940027E-15));
#12575=DIRECTION('',(0.,1.77635683940027E-15,1.));
#12576=DIRECTION('',(3.28081325416165E-15,1.77635683940027E-15,1.));
#12577=DIRECTION('',(-1.,5.82789506282509E-30,3.28081325416165E-15));
#12578=DIRECTION('',(-1.,0.,3.28081325416165E-15));
#12579=DIRECTION('',(3.28081325416165E-15,0.,1.));
#12580=DIRECTION('',(3.28081325416165E-15,1.77635683940027E-15,1.));
#12581=DIRECTION('',(5.82789506282509E-30,-1.,1.77635683940027E-15));
#12582=DIRECTION('',(3.28081325416165E-15,1.77635683940027E-15,1.));
#12583=DIRECTION('',(0.999281387824828,0.0379039304938998,-3.28024397347351E-15));
#12584=DIRECTION('',(3.28081325416165E-15,1.77635683940027E-15,1.));
#12585=DIRECTION('',(3.28081325416165E-15,1.77635683940027E-15,1.));
#12586=DIRECTION('',(1.,0.,-3.28081325416165E-15));
#12587=DIRECTION('',(0.,1.,-1.77635683940027E-15));
#12588=DIRECTION('',(0.,1.77635683940027E-15,1.));
#12589=DIRECTION('',(3.28081325416165E-15,1.77635683940027E-15,1.));
#12590=DIRECTION('',(-1.,5.82789506282509E-30,3.28081325416165E-15));
#12591=DIRECTION('',(0.955986393056815,0.293411002333283,-3.657615469889E-15));
#12592=DIRECTION('',(-0.293411002333283,0.955986393056815,0.));
#12593=DIRECTION('',(3.28081325416165E-15,1.77635683940027E-15,1.));
#12594=DIRECTION('',(-0.293411002333283,0.955986393056815,-7.35546262308174E-16));
#12595=DIRECTION('',(0.,1.,-1.77635683940027E-15));
#12596=DIRECTION('',(0.,1.77635683940027E-15,1.));
#12597=DIRECTION('',(3.28081325416165E-15,1.77635683940027E-15,1.));
#12598=DIRECTION('',(-1.,5.82789506282509E-30,3.28081325416165E-15));
#12599=DIRECTION('',(-0.949844885954331,0.312721429752429,2.56075884066888E-15));
#12600=DIRECTION('',(-0.312721429752429,-0.949844885954331,0.));
#12601=DIRECTION('',(3.28081325416165E-15,1.77635683940027E-15,1.));
#12602=DIRECTION('',(-0.312721429752429,-0.949844885954331,2.71324407112649E-15));
#12603=DIRECTION('',(0.,1.,-1.77635683940027E-15));
#12604=DIRECTION('',(0.,1.77635683940027E-15,1.));
#12605=DIRECTION('',(3.28081325416165E-15,1.77635683940027E-15,1.));
#12606=DIRECTION('',(-1.,5.82789506282509E-30,3.28081325416165E-15));
#12607=DIRECTION('',(3.28081325416165E-15,1.77635683940027E-15,1.));
#12608=DIRECTION('',(-0.99925862032317,0.0384994767475525,3.23170064720432E-15));
#12609=DIRECTION('',(3.28081325416165E-15,1.77635683940027E-15,1.));
#12610=DIRECTION('',(3.28081325416165E-15,1.77635683940027E-15,1.));
#12611=DIRECTION('',(1.,0.,-3.28081325416165E-15));
#12612=DIRECTION('',(0.999815464457525,-0.0192103365817131,-3.24608328180402E-15));
#12613=DIRECTION('',(-0.0192103365817131,-0.999815464457526,2.06402172373901E-15));
#12614=DIRECTION('',(3.28081325416165E-15,1.77635683940027E-15,1.));
#12615=DIRECTION('',(-0.0192103365817131,-0.999815464457526,2.06402172373901E-15));
#12616=DIRECTION('',(0.999977893569527,-0.00664923847159988,-3.26892917388271E-15));
#12617=DIRECTION('',(-0.00664923847159988,-0.999977893569527,2.97909424889586E-14));
#12618=DIRECTION('',(3.28081325416165E-15,1.77635683940027E-15,1.));
#12619=DIRECTION('',(-0.00664923847159988,-0.999977893569527,2.97909424889586E-14));
#12620=DIRECTION('',(1.,0.,-3.28081325416165E-15));
#12621=DIRECTION('',(-3.28081325416165E-15,0.,-1.));
#12622=DIRECTION('',(-5.82789506282509E-30,1.,-1.77635683940027E-15));
#12623=DIRECTION('',(3.28081325416165E-15,1.77635683940027E-15,1.));
#12624=DIRECTION('',(1.,-5.82789506282509E-30,-3.28081325416165E-15));
#12625=DIRECTION('',(3.28081325416165E-15,1.77635683940027E-15,1.));
#12626=DIRECTION('',(1.,-5.82789506282509E-30,-3.28081325416165E-15));
#12627=DIRECTION('',(-3.28081325416165E-15,-1.77635683940027E-15,-1.));
#12628=DIRECTION('',(-1.,0.,3.28081325416165E-15));
#12629=DIRECTION('',(-3.28081325416165E-15,-1.77635683940027E-15,-1.));
#12630=DIRECTION('',(-1.,0.,3.28081325416165E-15));
#12631=DIRECTION('',(-3.28081325416165E-15,-1.77635683940027E-15,-1.));
#12632=DIRECTION('',(1.,-5.82789506282509E-30,-3.28081325416165E-15));
#12633=DIRECTION('',(-3.28081325416165E-15,-1.77635683940027E-15,-1.));
#12634=DIRECTION('',(-1.,0.,3.28081325416165E-15));
#12635=DIRECTION('',(-3.28081325416165E-15,-1.77635683940027E-15,-1.));
#12636=DIRECTION('',(-1.,0.,3.28081325416165E-15));
#12637=DIRECTION('',(-3.28081325416165E-15,-1.77635683940027E-15,-1.));
#12638=DIRECTION('',(1.,-5.82789506282509E-30,-3.28081325416165E-15));
#12639=DIRECTION('',(3.15590278011657E-15,-0.4226182617407,0.90630778703665));
#12640=DIRECTION('',(-1.,-4.31775426138038E-16,3.28081325416165E-15));
#12641=DIRECTION('',(-1.,-4.31775426138038E-16,3.28081325416165E-15));
#12642=DIRECTION('',(3.15590278011657E-15,-0.4226182617407,0.90630778703665));
#12643=DIRECTION('',(-9.95210163609674E-16,-0.90630778703665,-0.4226182617407));
#12644=DIRECTION('',(1.,4.31775426138038E-16,-3.28081325416165E-15));
#12645=DIRECTION('',(3.15590278011657E-15,-0.4226182617407,0.90630778703665));
#12646=DIRECTION('',(-9.95210163609674E-16,-0.90630778703665,-0.4226182617407));
#12647=DIRECTION('',(0.707106781186549,-1.25607396694703E-15,-0.707106781186547));
#12648=DIRECTION('',(-7.63003717700578E-32,-1.,1.77635683940027E-15));
#12649=DIRECTION('',(0.577350269189624,0.577350269189629,0.577350269189624));
#12650=DIRECTION('',(0.577350269189624,-0.577350269189626,0.577350269189627));
#12651=DIRECTION('',(-2.31988529982441E-15,-0.707106781186549,-0.707106781186546));
#12652=DIRECTION('',(-1.,5.82789506282509E-30,3.28081325416165E-15));
#12653=DIRECTION('',(-0.577350269189624,-0.577350269189624,0.577350269189629));
#12654=DIRECTION('',(-2.31988529982441E-15,0.707106781186546,-0.707106781186549));
#12655=DIRECTION('',(-1.,0.,3.28081325416165E-15));
#12656=DIRECTION('',(0.577350269189624,-0.577350269189627,-0.577350269189626));
#12657=DIRECTION('',(-0.70710678118655,-1.25607396694703E-15,-0.707106781186545));
#12658=DIRECTION('',(-5.82789506282509E-30,1.,-1.77635683940027E-15));
#12659=DIRECTION('',(0.999999221011617,-0.00124818915199325,-3.27859992869151E-15));
#12660=DIRECTION('',(0.00124818915199325,0.999999221011617,0.));
#12661=DIRECTION('',(0.999999221011617,-0.00124818915199325,-3.27859992869151E-15));
#12662=DIRECTION('',(3.28081325416165E-15,1.77635683940027E-15,1.));
#12663=DIRECTION('',(1.,0.,-3.28081325416165E-15));
#12664=DIRECTION('',(-3.28081325416165E-15,-1.77635683940027E-15,-1.));
#12665=DIRECTION('',(-1.,0.,3.28081325416165E-15));
#12666=DIRECTION('',(0.999999998476344,5.52024666527284E-5,-3.28091030176576E-15));
#12667=DIRECTION('',(-5.52024666527284E-5,0.999999998476344,0.));
#12668=DIRECTION('',(0.999999998476344,5.52024666527284E-5,-3.28091030176576E-15));
#12669=DIRECTION('',(1.,4.31775426138038E-16,-3.28081325416165E-15));
#12670=DIRECTION('',(-3.28081325416165E-15,0.,-1.));
#12671=DIRECTION('',(3.28081325416165E-15,1.77635683940027E-15,1.));
#12672=DIRECTION('',(1.,0.,-3.28081325416165E-15));
#12673=DIRECTION('',(-3.28081325416165E-15,-1.77635683940027E-15,-1.));
#12674=DIRECTION('',(-1.,0.,3.28081325416165E-15));
#12675=DIRECTION('',(3.28081325416165E-15,1.77635683940027E-15,1.));
#12676=DIRECTION('',(1.,0.,-3.28081325416165E-15));
#12677=DIRECTION('',(0.999999998476344,5.52024666527284E-5,-3.28091030176576E-15));
#12678=DIRECTION('',(-5.52024666527284E-5,0.999999998476344,0.));
#12679=DIRECTION('',(0.999999221011617,-0.00124818915199325,-3.27859992869151E-15));
#12680=DIRECTION('',(0.00124818915199325,0.999999221011617,0.));
#12681=DIRECTION('',(3.28081325416165E-15,1.77635683940027E-15,1.));
#12682=DIRECTION('',(1.,0.,-3.28081325416165E-15));
#12683=DIRECTION('',(-3.28081325416165E-15,-1.77635683940027E-15,-1.));
#12684=DIRECTION('',(-1.,0.,3.28081325416165E-15));
#12685=DIRECTION('',(-3.2248045112773E-15,0.349517979357331,-0.93692965696789));
#12686=DIRECTION('',(0.,-0.93692965696789,-0.349517979357331));
#12687=DIRECTION('',(-3.28081325416165E-15,-1.77635683940027E-15,-1.));
#12688=DIRECTION('',(-1.,0.,3.28081325416165E-15));
#12689=DIRECTION('',(-3.2248045112773E-15,0.349517979357331,-0.93692965696789));
#12690=DIRECTION('',(0.,-0.93692965696789,-0.349517979357331));
#12691=DIRECTION('',(1.,0.,0.));
#12692=DIRECTION('',(0.,0.,-1.));
#12693=DIRECTION('',(1.,4.31775426138038E-16,-3.28081325416165E-15));
#12694=DIRECTION('',(-3.28081325416165E-15,0.,-1.));
#12695=DIRECTION('',(1.,0.,0.));
#12696=DIRECTION('',(0.,0.,-1.));
#12697=CARTESIAN_POINT('',(0.,0.,0.));
#12698=CARTESIAN_POINT('',(0.00359999719564183,0.0539955065190529,0.0392499999999993));
#12699=CARTESIAN_POINT('',(-0.0778000056098852,0.0539910130381064,0.03925));
#12700=CARTESIAN_POINT('',(-0.0778000056098852,0.0539910130381064,0.0338295374797915));
#12701=CARTESIAN_POINT('',(-0.0778000056098852,0.0539910130381064,0.0282499999999997));
#12702=CARTESIAN_POINT('',(0.00359999719564181,0.0539955065190529,0.0338295374797912));
#12703=CARTESIAN_POINT('',(-0.0729999995185247,0.0539912780102822,0.0338295374797915));
#12704=CARTESIAN_POINT('',(-0.0729999995185247,0.0539912780102822,0.0392499999999993));
#12705=CARTESIAN_POINT('',(-0.0729999997592623,0.0539912780102689,0.0282499999999996));
#12706=CARTESIAN_POINT('',(0.0035999971956418,0.0539955065190528,0.0282499999999993));
#12707=CARTESIAN_POINT('',(0.00359999719564183,0.0539955065190529,0.0392499999999993));
#12708=CARTESIAN_POINT('',(-0.0631915199913041,0.053991819462547,0.0292457643635099));
#12709=CARTESIAN_POINT('',(-0.0631915201799552,0.0539918194625387,0.0292457643104659));
#12710=CARTESIAN_POINT('',(-0.0566452135718771,0.0539921808348094,0.0338295374797914));
#12711=CARTESIAN_POINT('',(0.00359999719564181,0.0539955065190529,0.0338295374797912));
#12712=CARTESIAN_POINT('',(0.00519882952249382,0.0539955947785412,0.0338295374797912));
#12713=CARTESIAN_POINT('',(0.001579212616665,0.0539953949667594,0.0363640205226839));
#12714=CARTESIAN_POINT('',(0.0117451359618692,0.0539959561508047,0.0292457643635099));
#12715=CARTESIAN_POINT('',(0.0117451359618692,0.0539959561508047,0.0392499999999993));
#12716=CARTESIAN_POINT('',(0.0117451359618692,0.0539959561508046,0.0282499999999993));
#12717=CARTESIAN_POINT('',(0.0035999971956418,0.0539955065190528,0.0282499999999993));
#12718=CARTESIAN_POINT('',(-0.063191520217097,0.0539918194625346,0.0282499999999996));
#12719=CARTESIAN_POINT('',(-0.0631915199913041,0.0539918194625471,0.0392499999999993));
#12720=CARTESIAN_POINT('',(-0.000188593150278564,-0.00772399340138567,0.0392499999999995));
#12721=CARTESIAN_POINT('',(0.109115752515488,-0.0425068958117411,0.0392499999999992));
#12722=CARTESIAN_POINT('',(0.110632342301023,-0.0363837831078612,0.0392499999999992));
#12723=CARTESIAN_POINT('',(0.112787371244213,-0.0239465069019777,0.0392499999999992));
#12724=CARTESIAN_POINT('',(0.115077276482089,0.00117280885695622,0.0392499999999991));
#12725=CARTESIAN_POINT('',(0.115324856092599,0.0200967578540003,0.0392499999999991));
#12726=CARTESIAN_POINT('',(0.115161034165829,0.0327043039865654,0.039249999999999));
#12727=CARTESIAN_POINT('',(0.109115749583335,-0.0425068950826407,0.0392499999999992));
#12728=CARTESIAN_POINT('',(0.115161034165829,0.0327043039865654,0.039249999999999));
#12729=CARTESIAN_POINT('',(0.115157859523911,0.0327043546235616,0.0392499999999991));
#12730=CARTESIAN_POINT('',(0.115162179679157,0.0329752029550835,0.0392499999999991));
#12731=CARTESIAN_POINT('',(0.115166391427641,0.0332460529477808,0.0392499999999991));
#12732=CARTESIAN_POINT('',(0.115170310708671,0.0335169074221146,0.0392499999999991));
#12733=CARTESIAN_POINT('',(0.115170310708671,0.0335169074221146,0.039249999999999));
#12734=CARTESIAN_POINT('',(0.107450636617708,0.0336286115617198,0.039249999999999));
#12735=CARTESIAN_POINT('',(0.111433290045203,0.040242557384684,0.039249999999999));
#12736=CARTESIAN_POINT('',(0.111433290045203,0.040242557384684,0.0392499999999991));
#12737=CARTESIAN_POINT('',(0.10888597293493,0.0417732637052723,0.0392499999999991));
#12738=CARTESIAN_POINT('',(0.103310766771686,0.0439151049951123,0.0392499999999991));
#12739=CARTESIAN_POINT('',(0.0974559789281463,0.0449142595749036,0.0392499999999991));
#12740=CARTESIAN_POINT('',(0.0945073122860833,0.045238050902543,0.0392499999999991));
#12741=CARTESIAN_POINT('',(0.0945073120536291,0.0452380487701481,0.0392499999999991));
#12742=CARTESIAN_POINT('',(0.0945073120536291,0.0452380487701481,0.0392499999999991));
#12743=CARTESIAN_POINT('',(0.0913502236996997,0.0455822056919664,0.0392499999999991));
#12744=CARTESIAN_POINT('',(0.0881738093780363,0.0457197233282997,0.0392499999999991));
#12745=CARTESIAN_POINT('',(0.0849981815479365,0.0457204824487548,0.0392499999999991));
#12746=CARTESIAN_POINT('',(0.0849981815479548,0.0457204821184098,0.0392499999999991));
#12747=CARTESIAN_POINT('',(-0.000191543157561015,0.0457157794354655,0.0392499999999994));
#12748=CARTESIAN_POINT('',(-0.0777995485688598,0.0457114882493878,0.03925));
#12749=CARTESIAN_POINT('',(-0.000122016529725412,0.0456145319210151,0.0392499999999994));
#12750=CARTESIAN_POINT('',(-0.0850103344008617,0.045720478892805,0.03925));
#12751=CARTESIAN_POINT('',(-0.0850103344008617,0.045720478892805,0.03925));
#12752=CARTESIAN_POINT('',(-0.0881838483040989,0.0457193763249171,0.03925));
#12753=CARTESIAN_POINT('',(-0.0913577575451688,0.0455816141519372,0.03925));
#12754=CARTESIAN_POINT('',(-0.0945127347799199,0.0452374574292522,0.03925));
#12755=CARTESIAN_POINT('',(-0.0945127345524783,0.0452374553591466,0.03925));
#12756=CARTESIAN_POINT('',(-0.0945127345524783,0.0452374553591466,0.03925));
#12757=CARTESIAN_POINT('',(-0.0974623713198054,0.04491337999264,0.03925));
#12758=CARTESIAN_POINT('',(-0.103326615422113,0.0439107453782363,0.0392499999999995));
#12759=CARTESIAN_POINT('',(-0.108890081080891,0.0417712894281233,0.03925));
#12760=CARTESIAN_POINT('',(-0.111438347574049,0.0402395175035686,0.03925));
#12761=CARTESIAN_POINT('',(-0.111438345227226,0.0402395136129579,0.03925));
#12762=CARTESIAN_POINT('',(-0.107450636617708,0.0336286115617201,0.03925));
#12763=CARTESIAN_POINT('',(-0.115170310708672,0.033516907422183,0.03925));
#12764=CARTESIAN_POINT('',(-0.115170310708672,0.033516907422183,0.03925));
#12765=CARTESIAN_POINT('',(-0.115167238595517,0.0333045991985987,0.03925));
#12766=CARTESIAN_POINT('',(-0.115164021477519,0.0330922930857931,0.03925));
#12767=CARTESIAN_POINT('',(-0.115160658238569,0.0328799892744316,0.03925));
#12768=CARTESIAN_POINT('',(-0.115157311775271,0.0328799451978165,0.03925));
#12769=CARTESIAN_POINT('',(-0.115157311775271,0.0328799451978165,0.03925));
#12770=CARTESIAN_POINT('',(-0.115262544970502,0.0248902430672038,0.03925));
#12771=CARTESIAN_POINT('',(-0.115198961526414,0.00890669982933238,0.0392499999999997));
#12772=CARTESIAN_POINT('',(-0.114098901303638,-0.011038699677992,0.03925));
#12773=CARTESIAN_POINT('',(-0.112229792471603,-0.0269214358172588,0.0392499999999999));
#12774=CARTESIAN_POINT('',(-0.11016968046854,-0.0386999131964493,0.0392499999999999));
#12775=CARTESIAN_POINT('',(-0.107168220720091,-0.0502227219983812,0.0392499999999999));
#12776=CARTESIAN_POINT('',(-0.104149912461352,-0.0577120583469603,0.03925));
#12777=CARTESIAN_POINT('',(-0.102168913906748,-0.0612184440341794,0.03925));
#12778=CARTESIAN_POINT('',(-0.102168913906748,-0.0612184440341794,0.03925));
#12779=CARTESIAN_POINT('',(-0.000188593150278541,-0.0612184440341793,0.03925));
#12780=CARTESIAN_POINT('',(0.102168625470269,-0.0612184440341793,0.0392499999999993));
#12781=CARTESIAN_POINT('',(0.102168625470269,-0.0612184440341793,0.0392499999999993));
#12782=CARTESIAN_POINT('',(0.103815361452014,-0.0583074186439168,0.0392499999999992));
#12783=CARTESIAN_POINT('',(0.106444288638003,-0.0521546137150634,0.0392499999999993));
#12784=CARTESIAN_POINT('',(0.10830999482552,-0.0457473213072396,0.0392499999999992));
#12785=CARTESIAN_POINT('',(0.109115749583335,-0.0425068950826407,0.0392499999999992));
#12786=CARTESIAN_POINT('',(-0.000188593150278564,-0.0554423581828345,0.0392499999999995));
#12787=CARTESIAN_POINT('',(0.0809251155190047,-0.0554423581828345,0.0392499999999993));
#12788=CARTESIAN_POINT('',(-0.0783748844809981,-0.0554423581828345,0.03925));
#12789=CARTESIAN_POINT('',(-0.0783748844809981,-0.00772399340138567,0.03925));
#12790=CARTESIAN_POINT('',(-0.0783748844809981,0.0448576418171663,0.03925));
#12791=CARTESIAN_POINT('',(-0.000188593150278564,0.0448576418171663,0.0392499999999994));
#12792=CARTESIAN_POINT('',(0.0809251155190047,0.0448576418171663,0.0392499999999991));
#12793=CARTESIAN_POINT('',(0.0809251155190047,-0.00772399340138567,0.0392499999999992));
#12794=CARTESIAN_POINT('',(0.108597982496128,0.00321446877412143,0.0392499999999991));
#12795=CARTESIAN_POINT('',(0.108597982496128,0.00301159940588585,0.0392499999999991));
#12796=CARTESIAN_POINT('',(0.108597982496128,0.00341733814235703,0.0392499999999991));
#12797=CARTESIAN_POINT('',(0.109689160447299,0.00341733814235703,0.0392499999999991));
#12798=CARTESIAN_POINT('',(0.110334705375565,0.00341733814235703,0.0392499999999991));
#12799=CARTESIAN_POINT('',(0.110334705375565,0.00321446877412143,0.0392499999999991));
#12800=CARTESIAN_POINT('',(0.110334705375565,0.00301159940588585,0.0392499999999991));
#12801=CARTESIAN_POINT('',(0.110022598655202,0.00301159940588585,0.0392499999999991));
#12802=CARTESIAN_POINT('',(0.10971049193484,0.00301159940588585,0.0392499999999991));
#12803=CARTESIAN_POINT('',(0.10971049193484,0.00206445618917304,0.0392499999999991));
#12804=CARTESIAN_POINT('',(0.10971049193484,0.00111731297246022,0.0392499999999991));
#12805=CARTESIAN_POINT('',(0.109466595634814,0.00111731297246022,0.0392499999999991));
#12806=CARTESIAN_POINT('',(0.109222699334789,0.00111731297246022,0.0392499999999991));
#12807=CARTESIAN_POINT('',(0.109222699334789,0.00206445618917304,0.0392499999999991));
#12808=CARTESIAN_POINT('',(0.109222699334789,0.00301159940588585,0.0392499999999991));
#12809=CARTESIAN_POINT('',(0.109133157426911,0.00301159940588585,0.0392499999999991));
#12810=CARTESIAN_POINT('',(0.101797154568118,-0.0030254934560776,0.0392499999999991));
#12811=CARTESIAN_POINT('',(0.101219364103593,-0.00432425144777102,0.0392499999999991));
#12812=CARTESIAN_POINT('',(0.100963943878327,-0.00417615015712419,0.0392499999999991));
#12813=CARTESIAN_POINT('',(0.0420567950729333,0.0439669968979539,0.0392499999999993));
#12814=CARTESIAN_POINT('',(0.100938957925596,-0.0041553817682824,0.0392499999999991));
#12815=CARTESIAN_POINT('',(0.10134989879894,-0.00367585369027669,0.0392499999999991));
#12816=CARTESIAN_POINT('',(0.100789319642802,-0.00396688392014868,0.0392499999999991));
#12817=CARTESIAN_POINT('',(0.101273283972238,-0.00372939863993117,0.0392499999999991));
#12818=CARTESIAN_POINT('',(0.100733664670061,-0.00371567183252631,0.0392499999999991));
#12819=CARTESIAN_POINT('',(0.100733664670061,-0.00371567183252631,0.0392499999999991));
#12820=CARTESIAN_POINT('',(0.100733664670061,-0.00344444752510897,0.0392499999999991));
#12821=CARTESIAN_POINT('',(0.100917310782661,-0.00328962178784355,0.0392499999999991));
#12822=CARTESIAN_POINT('',(0.100917310782661,-0.00328962178784355,0.0392499999999991));
#12823=CARTESIAN_POINT('',(0.100917310782661,-0.00328962178784355,0.0392499999999991));
#12824=CARTESIAN_POINT('',(0.101100956895262,-0.00313479605057814,0.0392499999999991));
#12825=CARTESIAN_POINT('',(0.101424906850579,-0.00313479605057814,0.0392499999999991));
#12826=CARTESIAN_POINT('',(0.101424906850579,-0.00313479605057814,0.0392499999999991));
#12827=CARTESIAN_POINT('',(0.101431054786972,-0.00433863883403054,0.0392499999999991));
#12828=CARTESIAN_POINT('',(0.10172854548765,-0.0031722567800891,0.0392499999999991));
#12829=CARTESIAN_POINT('',(0.101192790950921,-0.00518010823569705,0.0392499999999992));
#12830=CARTESIAN_POINT('',(0.102030749411399,-0.00327836196202012,0.0392499999999991));
#12831=CARTESIAN_POINT('',(0.10196109988007,-0.00344668166273185,0.0392499999999991));
#12832=CARTESIAN_POINT('',(0.101891260107086,-0.00361546112362366,0.0392499999999992));
#12833=CARTESIAN_POINT('',(0.101063136619627,-0.00555243119360388,0.0392499999999992));
#12834=CARTESIAN_POINT('',(0.101621111281863,-0.00352135768293985,0.0392499999999991));
#12835=CARTESIAN_POINT('',(0.101407356654254,-0.0043622469649379,0.0392499999999991));
#12836=CARTESIAN_POINT('',(0.101411055197317,-0.00349493903538601,0.0392499999999991));
#12837=CARTESIAN_POINT('',(0.101411055197317,-0.00349493903538601,0.0392499999999991));
#12838=CARTESIAN_POINT('',(0.101288177628059,-0.00349493903538601,0.0392499999999991));
#12839=CARTESIAN_POINT('',(0.101222493981946,-0.00355213295853167,0.0392499999999991));
#12840=CARTESIAN_POINT('',(0.101222493981946,-0.00355213295853167,0.0392499999999991));
#12841=CARTESIAN_POINT('',(0.101344969106137,-0.00369460681970179,0.0392499999999991));
#12842=CARTESIAN_POINT('',(0.101156983086704,-0.00370137282525705,0.0392499999999991));
#12843=CARTESIAN_POINT('',(0.101341998888173,-0.0037061758933526,0.0392499999999991));
#12844=CARTESIAN_POINT('',(0.101183250547593,-0.00380134412964232,0.0392499999999991));
#12845=CARTESIAN_POINT('',(0.101426560841541,-0.00363414083629468,0.0392499999999991));
#12846=CARTESIAN_POINT('',(0.101267698536732,-0.00388394652358926,0.0392499999999991));
#12847=CARTESIAN_POINT('',(0.102768842942201,-0.00130797585556187,0.0392499999999991));
#12848=CARTESIAN_POINT('',(0.10154203072265,-0.00402653829214366,0.0392499999999991));
#12849=CARTESIAN_POINT('',(0.100840258022541,-0.00554628347896417,0.0392499999999992));
#12850=CARTESIAN_POINT('',(0.101800158252957,-0.00417587988820674,0.0392499999999991));
#12851=CARTESIAN_POINT('',(0.101420336096188,-0.00472121163126402,0.0392499999999991));
#12852=CARTESIAN_POINT('',(0.101934780975862,-0.00430104610205582,0.0392499999999991));
#12853=CARTESIAN_POINT('',(0.101504775316984,-0.00461932509591466,0.0392499999999991));
#12854=CARTESIAN_POINT('',(0.102040635179444,-0.00463837067077475,0.0392499999999991));
#12855=CARTESIAN_POINT('',(0.102040635179444,-0.00463837067077475,0.0392499999999991));
#12856=CARTESIAN_POINT('',(0.102040635179444,-0.00491495690848699,0.0392499999999991));
#12857=CARTESIAN_POINT('',(0.101841573517246,-0.00507425092099816,0.0392499999999991));
#12858=CARTESIAN_POINT('',(0.101841573517246,-0.00507425092099816,0.0392499999999991));
#12859=CARTESIAN_POINT('',(0.101841573517246,-0.00507425092099816,0.0392499999999991));
#12860=CARTESIAN_POINT('',(0.101642511855047,-0.00523354493350933,0.0392499999999991));
#12861=CARTESIAN_POINT('',(0.101288177628059,-0.00523354493350933,0.0392499999999991));
#12862=CARTESIAN_POINT('',(0.101288177628059,-0.00523354493350933,0.0392499999999991));
#12863=CARTESIAN_POINT('',(0.1012587497456,-0.00393469609717399,0.0392499999999991));
#12864=CARTESIAN_POINT('',(0.100709982811258,-0.00511120830091744,0.0392499999999992));
#12865=CARTESIAN_POINT('',(0.100709982811258,-0.00490914815066751,0.0392499999999991));
#12866=CARTESIAN_POINT('',(0.100709982811258,-0.00470807576460853,0.0392499999999991));
#12867=CARTESIAN_POINT('',(0.101719226201569,-0.00254849615611576,0.0392499999999991));
#12868=CARTESIAN_POINT('',(0.101059588434026,-0.00483822571894611,0.0392499999999991));
#12869=CARTESIAN_POINT('',(0.101340245919054,-0.00383004156397265,0.0392499999999991));
#12870=CARTESIAN_POINT('',(0.101321689692402,-0.00487563608632434,0.0392499999999991));
#12871=CARTESIAN_POINT('',(0.101321689692402,-0.00487563608632434,0.0392499999999991));
#12872=CARTESIAN_POINT('',(0.101463780845217,-0.00487563608632434,0.0392499999999991));
#12873=CARTESIAN_POINT('',(0.101539964938157,-0.00482134654208842,0.0392499999999991));
#12874=CARTESIAN_POINT('',(0.101539964938157,-0.00482134654208842,0.0392499999999991));
#12875=CARTESIAN_POINT('',(0.101430102039899,-0.00467226133819332,0.0392499999999991));
#12876=CARTESIAN_POINT('',(0.101615721188798,-0.00465939566700677,0.0392499999999991));
#12877=CARTESIAN_POINT('',(0.101437163468113,-0.00465667749364891,0.0392499999999991));
#12878=CARTESIAN_POINT('',(0.101582764275687,-0.00455247903548666,0.0392499999999991));
#12879=CARTESIAN_POINT('',(0.101285955940234,-0.00478091732940062,0.0392499999999991));
#12880=CARTESIAN_POINT('',(0.101484227239298,-0.00446233777743376,0.0392499999999991));
#12881=CARTESIAN_POINT('',(0.100034503379997,-0.0069421031014041,0.0392499999999992));
#12882=CARTESIAN_POINT('',(0.102998409978372,-0.00520539479946107,0.0392499999999991));
#12883=CARTESIAN_POINT('',(0.103586211586951,-0.00520539479946107,0.0392499999999991));
#12884=CARTESIAN_POINT('',(0.102410608369793,-0.00520539479946107,0.0392499999999991));
#12885=CARTESIAN_POINT('',(0.102410608369793,-0.00469064949115008,0.0392499999999991));
#12886=CARTESIAN_POINT('',(0.102410608369793,-0.00316383983967555,0.0392499999999991));
#12887=CARTESIAN_POINT('',(0.102998409978372,-0.00316383983967555,0.0392499999999991));
#12888=CARTESIAN_POINT('',(0.103586211586951,-0.00316383983967555,0.0392499999999991));
#12889=CARTESIAN_POINT('',(0.103586211586951,-0.00334123036693203,0.0392499999999991));
#12890=CARTESIAN_POINT('',(0.103586211586951,-0.00351862089418851,0.0392499999999991));
#12891=CARTESIAN_POINT('',(0.103214897914028,-0.00351862089418851,0.0392499999999991));
#12892=CARTESIAN_POINT('',(0.102843584241106,-0.00351862089418851,0.0392499999999991));
#12893=CARTESIAN_POINT('',(0.102843584241106,-0.00374270489776313,0.0392499999999991));
#12894=CARTESIAN_POINT('',(0.102843584241106,-0.00396678890133775,0.0392499999999991));
#12895=CARTESIAN_POINT('',(0.103189205331365,-0.00396678890133775,0.0392499999999991));
#12896=CARTESIAN_POINT('',(0.103534826421625,-0.00396678890133775,0.0392499999999991));
#12897=CARTESIAN_POINT('',(0.103534826421625,-0.00424873706934489,0.0392499999999991));
#12898=CARTESIAN_POINT('',(0.103534826421625,-0.0043215699558507,0.0392499999999991));
#12899=CARTESIAN_POINT('',(0.103189205331365,-0.0043215699558507,0.0392499999999991));
#12900=CARTESIAN_POINT('',(0.102843584241106,-0.0043215699558507,0.0392499999999991));
#12901=CARTESIAN_POINT('',(0.102843584241106,-0.00458475136782568,0.0392499999999991));
#12902=CARTESIAN_POINT('',(0.102843584241106,-0.00484793277980066,0.0392499999999991));
#12903=CARTESIAN_POINT('',(0.103214897914028,-0.00484793277980066,0.0392499999999991));
#12904=CARTESIAN_POINT('',(0.103586211586951,-0.00484793277980066,0.0392499999999991));
#12905=CARTESIAN_POINT('',(0.103586211586951,-0.00502666378963087,0.0392499999999991));
#12906=CARTESIAN_POINT('',(0.104012038217871,-0.00366987201125732,0.0392499999999991));
#12907=CARTESIAN_POINT('',(0.104012038217871,-0.00520539479946107,0.0392499999999991));
#12908=CARTESIAN_POINT('',(0.104012038217871,-0.00316383983967555,0.0392499999999991));
#12909=CARTESIAN_POINT('',(0.104228526153528,-0.00316383983967555,0.0392499999999991));
#12910=CARTESIAN_POINT('',(0.104445014089185,-0.00316383983967555,0.0392499999999991));
#12911=CARTESIAN_POINT('',(0.104445014089185,-0.00366987201125732,0.0392499999999991));
#12912=CARTESIAN_POINT('',(0.104445014089185,-0.00484793277980066,0.0392499999999991));
#12913=CARTESIAN_POINT('',(0.104858999790704,-0.00484793277980066,0.0392499999999991));
#12914=CARTESIAN_POINT('',(0.105272985492223,-0.00484793277980066,0.0392499999999991));
#12915=CARTESIAN_POINT('',(0.105272985492223,-0.00502666378963087,0.0392499999999991));
#12916=CARTESIAN_POINT('',(0.105272985492223,-0.00520539479946107,0.0392499999999991));
#12917=CARTESIAN_POINT('',(0.104642511855047,-0.00520539479946107,0.0392499999999991));
#12918=CARTESIAN_POINT('',(0.106215568155315,-0.00520539479946107,0.0392499999999991));
#12919=CARTESIAN_POINT('',(0.106803369763894,-0.00520539479946107,0.0392499999999991));
#12920=CARTESIAN_POINT('',(0.105627766546736,-0.00520539479946107,0.0392499999999991));
#12921=CARTESIAN_POINT('',(0.105627766546736,-0.00469064949115008,0.0392499999999991));
#12922=CARTESIAN_POINT('',(0.105627766546736,-0.00316383983967555,0.0392499999999991));
#12923=CARTESIAN_POINT('',(0.106215568155315,-0.00316383983967555,0.0392499999999991));
#12924=CARTESIAN_POINT('',(0.106803369763894,-0.00316383983967555,0.0392499999999991));
#12925=CARTESIAN_POINT('',(0.106803369763894,-0.00334123036693203,0.0392499999999991));
#12926=CARTESIAN_POINT('',(0.106803369763894,-0.00351862089418851,0.0392499999999991));
#12927=CARTESIAN_POINT('',(0.106432056090972,-0.00351862089418851,0.0392499999999991));
#12928=CARTESIAN_POINT('',(0.10606074241805,-0.00351862089418851,0.0392499999999991));
#12929=CARTESIAN_POINT('',(0.10606074241805,-0.00374270489776313,0.0392499999999991));
#12930=CARTESIAN_POINT('',(0.10606074241805,-0.00396678890133775,0.0392499999999991));
#12931=CARTESIAN_POINT('',(0.106406363508309,-0.00396678890133775,0.0392499999999991));
#12932=CARTESIAN_POINT('',(0.106751984598568,-0.00396678890133775,0.0392499999999991));
#12933=CARTESIAN_POINT('',(0.106751984598568,-0.00424873706934489,0.0392499999999991));
#12934=CARTESIAN_POINT('',(0.106751984598568,-0.0043215699558507,0.0392499999999991));
#12935=CARTESIAN_POINT('',(0.106406363508309,-0.0043215699558507,0.0392499999999991));
#12936=CARTESIAN_POINT('',(0.10606074241805,-0.0043215699558507,0.0392499999999991));
#12937=CARTESIAN_POINT('',(0.10606074241805,-0.00458475136782568,0.0392499999999991));
#12938=CARTESIAN_POINT('',(0.10606074241805,-0.00484793277980066,0.0392499999999991));
#12939=CARTESIAN_POINT('',(0.106432056090972,-0.00484793277980066,0.0392499999999991));
#12940=CARTESIAN_POINT('',(0.106803369763894,-0.00484793277980066,0.0392499999999991));
#12941=CARTESIAN_POINT('',(0.106803369763894,-0.00502666378963087,0.0392499999999991));
#12942=CARTESIAN_POINT('',(0.107374415340302,-0.00496321428114114,0.0392499999999991));
#12943=CARTESIAN_POINT('',(0.107138490407326,-0.00469288362877296,0.0392499999999991));
#12944=CARTESIAN_POINT('',(0.107138490407326,-0.00418752169847805,0.0392499999999991));
#12945=CARTESIAN_POINT('',(0.107374415340302,-0.00496321428114114,0.0392499999999991));
#12946=CARTESIAN_POINT('',(0.107138490407326,-0.00418752169847805,0.0392499999999991));
#12947=CARTESIAN_POINT('',(0.107138509768331,-0.00418171293701324,0.0392499999999991));
#12948=CARTESIAN_POINT('',(0.107138529129337,-0.00417590417554842,0.0392499999999991));
#12949=CARTESIAN_POINT('',(0.107138529129337,-0.00417590417554842,0.0392499999999991));
#12950=CARTESIAN_POINT('',(0.107140609342106,-0.00386455699121288,0.0392499999999991));
#12951=CARTESIAN_POINT('',(0.107254442149953,-0.00362943412028323,0.0392499999999991));
#12952=CARTESIAN_POINT('',(0.107254442149953,-0.00362943412028323,0.0392499999999991));
#12953=CARTESIAN_POINT('',(0.10801304676976,-0.0039814734955156,0.0392499999999991));
#12954=CARTESIAN_POINT('',(0.107587552069524,-0.00326236530884445,0.0392499999999991));
#12955=CARTESIAN_POINT('',(0.107587552069524,-0.00326236530884445,0.0392499999999991));
#12956=CARTESIAN_POINT('',(0.107804710246468,-0.00313479605057814,0.0392499999999991));
#12957=CARTESIAN_POINT('',(0.108096488620016,-0.00313479605057814,0.0392499999999991));
#12958=CARTESIAN_POINT('',(0.108096488620016,-0.00313479605057814,0.0392499999999991));
#12959=CARTESIAN_POINT('',(0.108078688253415,-0.00451151950845025,0.0392499999999991));
#12960=CARTESIAN_POINT('',(0.108693621448514,-0.00327892368156003,0.0392499999999991));
#12961=CARTESIAN_POINT('',(0.10862419192654,-0.00345427773064963,0.0392499999999991));
#12962=CARTESIAN_POINT('',(0.108554479155018,-0.00363034716644421,0.0392499999999991));
#12963=CARTESIAN_POINT('',(0.107553060882491,-0.00573361040996567,0.0392499999999991));
#12964=CARTESIAN_POINT('',(0.108323898729274,-0.00353544515014409,0.0392499999999991));
#12965=CARTESIAN_POINT('',(0.108090718969796,-0.00418184484769373,0.0392499999999991));
#12966=CARTESIAN_POINT('',(0.108096488620016,-0.00349493903538601,0.0392499999999991));
#12967=CARTESIAN_POINT('',(0.108096488620016,-0.00349493903538601,0.0392499999999991));
#12968=CARTESIAN_POINT('',(0.107852073964073,-0.00349493903538601,0.0392499999999991));
#12969=CARTESIAN_POINT('',(0.107718025706701,-0.00367858514798654,0.0392499999999991));
#12970=CARTESIAN_POINT('',(0.107718025706701,-0.00367858514798654,0.0392499999999991));
#12971=CARTESIAN_POINT('',(0.107718025706701,-0.00367858514798654,0.0392499999999991));
#12972=CARTESIAN_POINT('',(0.10758691363297,-0.00385820868899672,0.0392499999999991));
#12973=CARTESIAN_POINT('',(0.107584041763289,-0.00417590418303232,0.0392499999999991));
#12974=CARTESIAN_POINT('',(0.107584041763289,-0.00417590418283909,0.0392499999999991));
#12975=CARTESIAN_POINT('',(0.107565899544763,-0.00820849679359497,0.0392499999999991));
#12976=CARTESIAN_POINT('',(0.107583977449328,-0.0041902026636255,0.0392499999999991));
#12977=CARTESIAN_POINT('',(0.107583977449328,-0.0041902026636255,0.0392499999999991));
#12978=CARTESIAN_POINT('',(0.107583977449328,-0.00487295512117689,0.0392499999999991));
#12979=CARTESIAN_POINT('',(0.108096488620016,-0.00487295512117689,0.0392499999999991));
#12980=CARTESIAN_POINT('',(0.108096488620016,-0.00487295512117689,0.0392499999999991));
#12981=CARTESIAN_POINT('',(0.108096488620016,-0.00487295512117689,0.0392499999999991));
#12982=CARTESIAN_POINT('',(0.108311412659337,-0.00487295512117689,0.0392499999999991));
#12983=CARTESIAN_POINT('',(0.108617042686146,-0.00476571651527877,0.0392499999999991));
#12984=CARTESIAN_POINT('',(0.108617042686146,-0.00476571651527877,0.0392499999999991));
#12985=CARTESIAN_POINT('',(0.108617042686146,-0.00494712849025643,0.0392499999999991));
#12986=CARTESIAN_POINT('',(0.108617042686146,-0.00512920833647407,0.0392499999999991));
#12987=CARTESIAN_POINT('',(0.108079412617571,-0.00378950981086893,0.0392499999999991));
#12988=CARTESIAN_POINT('',(0.10805582731528,-0.00523354493350933,0.0392499999999991));
#12989=CARTESIAN_POINT('',(0.10805582731528,-0.00523354493350933,0.0392499999999991));
#12990=CARTESIAN_POINT('',(0.107610340273278,-0.00523354493350933,0.0392499999999991));
#12991=CARTESIAN_POINT('',(0.107374415340302,-0.00496321428114114,0.0392499999999991));
#12992=CARTESIAN_POINT('',(0.109406140094547,-0.00436468881197224,0.0392499999999991));
#12993=CARTESIAN_POINT('',(0.109406140094547,-0.00520539479946107,0.0392499999999991));
#12994=CARTESIAN_POINT('',(0.109406140094547,-0.00352398282448341,0.0392499999999991));
#12995=CARTESIAN_POINT('',(0.108965121327791,-0.00352398282448341,0.0392499999999991));
#12996=CARTESIAN_POINT('',(0.108851627136549,-0.00352398282448341,0.0392499999999991));
#12997=CARTESIAN_POINT('',(0.108851627136549,-0.00334391133207948,0.0392499999999991));
#12998=CARTESIAN_POINT('',(0.108851627136549,-0.00316383983967555,0.0392499999999991));
#12999=CARTESIAN_POINT('',(0.108965121327791,-0.00316383983967555,0.0392499999999991));
#13000=CARTESIAN_POINT('',(0.110393182096334,-0.00316383983967555,0.0392499999999991));
#13001=CARTESIAN_POINT('',(0.110393182096334,-0.00334391133207948,0.0392499999999991));
#13002=CARTESIAN_POINT('',(0.110393182096334,-0.00352398282448341,0.0392499999999991));
#13003=CARTESIAN_POINT('',(0.110116149031097,-0.00352398282448341,0.0392499999999991));
#13004=CARTESIAN_POINT('',(0.10983911596586,-0.00352398282448341,0.0392499999999991));
#13005=CARTESIAN_POINT('',(0.10983911596586,-0.00436468881197224,0.0392499999999991));
#13006=CARTESIAN_POINT('',(0.10983911596586,-0.00520539479946107,0.0392499999999991));
#13007=CARTESIAN_POINT('',(0.109622628030204,-0.00520539479946107,0.0392499999999991));
#13008=CARTESIAN_POINT('',(-0.102639115246977,0.0176911124097283,0.03925));
#13009=CARTESIAN_POINT('',(-0.101589115246978,0.0182414504952041,0.03925));
#13010=CARTESIAN_POINT('',(-0.103689115246978,0.0171407743242534,0.03925));
#13011=CARTESIAN_POINT('',(-0.101124884480998,0.0173557362094898,0.03925));
#13012=CARTESIAN_POINT('',(-0.100660653715019,0.0182414504952036,0.03925));
#13013=CARTESIAN_POINT('',(-0.0996106537150194,0.0176911124097282,0.03925));
#13014=CARTESIAN_POINT('',(-0.0985606537150192,0.0171407743242528,0.03925));
#13015=CARTESIAN_POINT('',(-0.0990248844809984,0.0162550600385391,0.03925));
#13016=CARTESIAN_POINT('',(-0.0980248844809985,0.0162550600385391,0.03925));
#13017=CARTESIAN_POINT('',(-0.0980248844809984,0.0128599607866271,0.03925));
#13018=CARTESIAN_POINT('',(-0.0980248844809984,0.0108599607866271,0.03925));
#13019=CARTESIAN_POINT('',(-0.0990248844809984,0.0108599607866271,0.03925));
#13020=CARTESIAN_POINT('',(-0.0990248844809984,0.00985996078662715,0.03925));
#13021=CARTESIAN_POINT('',(-0.101124884480998,0.00985996078662715,0.03925));
#13022=CARTESIAN_POINT('',(-0.103224884480998,0.00985996078662715,0.03925));
#13023=CARTESIAN_POINT('',(-0.103224884480998,0.0108599607866272,0.03925));
#13024=CARTESIAN_POINT('',(-0.104224884480998,0.0108599607866272,0.03925));
#13025=CARTESIAN_POINT('',(-0.104224884480998,0.0155575104125832,0.03925));
#13026=CARTESIAN_POINT('',(-0.104224884480998,0.0162550600385391,0.03925));
#13027=CARTESIAN_POINT('',(-0.103224884480998,0.0162550600385392,0.03925));
#13028=CARTESIAN_POINT('',(-0.0936248844809971,0.0018076418171623,0.03925));
#13029=CARTESIAN_POINT('',(-0.0906248844809971,0.0018076418171623,0.03925));
#13030=CARTESIAN_POINT('',(0.097078615519033,-0.00417590418283909,0.0392499999999991));
#13031=CARTESIAN_POINT('',(0.100078615519033,-0.00417590418283909,0.0392499999999991));
#13032=CARTESIAN_POINT('',(0.097043615519033,0.00227714181716196,0.0392499999999991));
#13033=CARTESIAN_POINT('',(0.100043615519033,0.00227714181716196,0.0392499999999991));
#13034=CARTESIAN_POINT('',(-0.110647565480999,0.022482641786628,0.03925));
#13035=CARTESIAN_POINT('',(-0.110647565488634,0.0234826417866281,0.03925));
#13036=CARTESIAN_POINT('',(-0.111647565480999,0.022482641786628,0.03925));
#13037=CARTESIAN_POINT('',(-0.105950015855043,0.0234826418171654,0.03925));
#13038=CARTESIAN_POINT('',(-0.105252466229087,0.0234826418171654,0.03925));
#13039=CARTESIAN_POINT('',(-0.105252466229087,0.0224826418171654,0.03925));
#13040=CARTESIAN_POINT('',(-0.104366751943373,0.0229468725831446,0.03925));
#13041=CARTESIAN_POINT('',(-0.103816413857898,0.0218968725831446,0.03925));
#13042=CARTESIAN_POINT('',(-0.103266075772422,0.0208468725831445,0.03925));
#13043=CARTESIAN_POINT('',(-0.104151790058136,0.0203826418171654,0.03925));
#13044=CARTESIAN_POINT('',(-0.103266075772422,0.0199184110511862,0.03925));
#13045=CARTESIAN_POINT('',(-0.103816413857898,0.0188684110511862,0.03925));
#13046=CARTESIAN_POINT('',(-0.104366751943373,0.0178184110511861,0.03925));
#13047=CARTESIAN_POINT('',(-0.105252466229087,0.0182826418171654,0.03925));
#13048=CARTESIAN_POINT('',(-0.105252466229087,0.0172826418171654,0.03925));
#13049=CARTESIAN_POINT('',(-0.105950015855043,0.0172826418171654,0.03925));
#13050=CARTESIAN_POINT('',(-0.110647565480999,0.0172826418171651,0.03925));
#13051=CARTESIAN_POINT('',(-0.110647565480999,0.0182826418171651,0.03925));
#13052=CARTESIAN_POINT('',(-0.111647565480999,0.0182826418171652,0.03925));
#13053=CARTESIAN_POINT('',(-0.111647565480999,0.0203826418018966,0.03925));
#13054=CARTESIAN_POINT('',(0.108078615519035,0.0198990958171648,0.0392499999999991));
#13055=CARTESIAN_POINT('',(0.111578615519035,0.0198990958171648,0.0392499999999991));
#13056=CARTESIAN_POINT('',(-0.0990248844809983,0.0245102235652542,0.03925));
#13057=CARTESIAN_POINT('',(-0.0985606537150192,0.02362450927954,0.03925));
#13058=CARTESIAN_POINT('',(-0.0980248844809984,0.0245102235652542,0.03925));
#13059=CARTESIAN_POINT('',(-0.0996106537150192,0.0230741711940646,0.03925));
#13060=CARTESIAN_POINT('',(-0.100660653715019,0.0225238331085893,0.03925));
#13061=CARTESIAN_POINT('',(-0.101124884480998,0.0234095473943036,0.03925));
#13062=CARTESIAN_POINT('',(-0.101589115246978,0.0225238331085893,0.03925));
#13063=CARTESIAN_POINT('',(-0.102639115246978,0.0230741711940646,0.03925));
#13064=CARTESIAN_POINT('',(-0.103689115246977,0.02362450927954,0.03925));
#13065=CARTESIAN_POINT('',(-0.103224884480998,0.0245102235652543,0.03925));
#13066=CARTESIAN_POINT('',(-0.104224884480998,0.0245102235652543,0.03925));
#13067=CARTESIAN_POINT('',(-0.104224884480998,0.0279053228171663,0.03925));
#13068=CARTESIAN_POINT('',(-0.104224884480998,0.0299053228171662,0.03925));
#13069=CARTESIAN_POINT('',(-0.103224884480998,0.0299053228171662,0.03925));
#13070=CARTESIAN_POINT('',(-0.103224884480998,0.0309053228171663,0.03925));
#13071=CARTESIAN_POINT('',(-0.101124884480998,0.0309053228171662,0.03925));
#13072=CARTESIAN_POINT('',(-0.0990248844809983,0.0309053228171662,0.03925));
#13073=CARTESIAN_POINT('',(-0.0990248844809983,0.0299053228171662,0.03925));
#13074=CARTESIAN_POINT('',(-0.0980248844809983,0.0299053228171662,0.03925));
#13075=CARTESIAN_POINT('',(-0.0980248844809983,0.0279053228171662,0.03925));
#13076=CARTESIAN_POINT('',(0.097078615519033,0.0198990958171648,0.0392499999999991));
#13077=CARTESIAN_POINT('',(0.100578615519033,0.0198990958171648,0.0392499999999991));
#13078=CARTESIAN_POINT('',(0.102578615519034,0.0253990958171658,0.0392499999999991));
#13079=CARTESIAN_POINT('',(0.106078615519034,0.0253990958171658,0.0392499999999991));
#13080=CARTESIAN_POINT('',(0.102578615519034,0.0143990958171639,0.0392499999999991));
#13081=CARTESIAN_POINT('',(0.106078615519034,0.0143990958171639,0.0392499999999991));
#13082=CARTESIAN_POINT('',(-0.0984333551040992,0.0218968725831446,0.03925));
#13083=CARTESIAN_POINT('',(-0.0978830170186239,0.0229468725831446,0.03925));
#13084=CARTESIAN_POINT('',(-0.0989836931895745,0.0208468725831445,0.03925));
#13085=CARTESIAN_POINT('',(-0.0969973027329096,0.0224826418171654,0.03925));
#13086=CARTESIAN_POINT('',(-0.0969973027329096,0.0234826418171653,0.03925));
#13087=CARTESIAN_POINT('',(-0.0936022034771803,0.023482641801896,0.03925));
#13088=CARTESIAN_POINT('',(-0.0916022034733629,0.0234826417866268,0.03925));
#13089=CARTESIAN_POINT('',(-0.0916022034809975,0.022482641786628,0.03925));
#13090=CARTESIAN_POINT('',(-0.0906022034809976,0.022482641786628,0.03925));
#13091=CARTESIAN_POINT('',(-0.0906022034809976,0.0203826418018966,0.03925));
#13092=CARTESIAN_POINT('',(-0.0906022034809975,0.0182826418171653,0.03925));
#13093=CARTESIAN_POINT('',(-0.0916022034809975,0.0182826418171653,0.03925));
#13094=CARTESIAN_POINT('',(-0.0916022034809975,0.0172826418171653,0.03925));
#13095=CARTESIAN_POINT('',(-0.0962997531069536,0.0172826418171653,0.03925));
#13096=CARTESIAN_POINT('',(-0.0969973027329096,0.0172826418171654,0.03925));
#13097=CARTESIAN_POINT('',(-0.0969973027329096,0.0182826418171654,0.03925));
#13098=CARTESIAN_POINT('',(-0.0978830170186238,0.0178184110511861,0.03925));
#13099=CARTESIAN_POINT('',(-0.0984333551040992,0.0188684110511861,0.03925));
#13100=CARTESIAN_POINT('',(-0.0989836931895745,0.0199184110511861,0.03925));
#13101=CARTESIAN_POINT('',(-0.0980979789038602,0.0203826418171654,0.03925));
#13102=CARTESIAN_POINT('',(0.107640039010527,0.00274383057501741,0.0392499999999988));
#13103=CARTESIAN_POINT('',(0.108173424938284,0.00236720881520949,0.0392499999999991));
#13104=CARTESIAN_POINT('',(0.108096702116787,0.00227703810017658,0.0392499999999991));
#13105=CARTESIAN_POINT('',(0.107550303204979,0.00284998402818961,0.0392499999999991));
#13106=CARTESIAN_POINT('',(0.107857033758332,0.00211993594067878,0.0392499999999991));
#13107=CARTESIAN_POINT('',(0.201621613017703,0.0646149825674324,0.0392499999999987));
#13108=CARTESIAN_POINT('',(0.108533089919661,0.00111731297246022,0.0392499999999991));
#13109=CARTESIAN_POINT('',(0.108262971169675,0.00111731297246022,0.0392499999999991));
#13110=CARTESIAN_POINT('',(0.107992394779038,0.00111731297246023,0.0392499999999991));
#13111=CARTESIAN_POINT('',(0.107717791204913,0.00155854126342423,0.0392499999999991));
#13112=CARTESIAN_POINT('',(0.107443187630787,0.00199976955438824,0.0392499999999991));
#13113=CARTESIAN_POINT('',(0.10731356266225,0.00199976955438824,0.0392499999999991));
#13114=CARTESIAN_POINT('',(0.107183937693712,0.00199976955438824,0.0392499999999991));
#13115=CARTESIAN_POINT('',(0.107183937693712,0.00155854126342423,0.0392499999999991));
#13116=CARTESIAN_POINT('',(0.107183937693712,0.00111731297246022,0.0392499999999991));
#13117=CARTESIAN_POINT('',(0.106940041393687,0.00111731297246022,0.0392499999999991));
#13118=CARTESIAN_POINT('',(0.106696145093662,0.00111731297246022,0.0392499999999991));
#13119=CARTESIAN_POINT('',(0.106696145093662,0.00169722739481109,0.0392499999999991));
#13120=CARTESIAN_POINT('',(0.106696145093662,0.00341733814235703,0.0392499999999991));
#13121=CARTESIAN_POINT('',(0.107031156420115,0.00341733814235703,0.0392499999999991));
#13122=CARTESIAN_POINT('',(0.107366167746569,0.00341733814235703,0.0392499999999991));
#13123=CARTESIAN_POINT('',(0.107366167746569,0.00341733814235703,0.0392499999999991));
#13124=CARTESIAN_POINT('',(0.107835334622985,0.00341733814235703,0.0392499999999991));
#13125=CARTESIAN_POINT('',(0.108060101801439,0.00324668624202982,0.0392499999999991));
#13126=CARTESIAN_POINT('',(0.108060101801439,0.00324668624202982,0.0392499999999991));
#13127=CARTESIAN_POINT('',(0.108060101801439,0.00324668624202982,0.0392499999999991));
#13128=CARTESIAN_POINT('',(0.108284868979894,0.00307603434170261,0.0392499999999991));
#13129=CARTESIAN_POINT('',(0.108284868979894,0.0027281863678793,0.0392499999999991));
#13130=CARTESIAN_POINT('',(0.108284868979894,0.0027281863678793,0.0392499999999991));
#13131=CARTESIAN_POINT('',(0.107674679145298,0.00271812058815646,0.0392499999999991));
#13132=CARTESIAN_POINT('',(0.105293678443775,0.00342690270314233,0.0392499999999991));
#13133=CARTESIAN_POINT('',(0.104995666865622,0.00342690270314233,0.0392499999999991));
#13134=CARTESIAN_POINT('',(0.105591690021927,0.00342690270314234,0.0392499999999991));
#13135=CARTESIAN_POINT('',(0.106202052777853,0.00169722739481109,0.0392499999999991));
#13136=CARTESIAN_POINT('',(0.106406691280422,0.00111731297246022,0.0392499999999991));
#13137=CARTESIAN_POINT('',(0.106143917557795,0.00111731297246022,0.0392499999999991));
#13138=CARTESIAN_POINT('',(0.105881143835167,0.00111731297246022,0.0392499999999991));
#13139=CARTESIAN_POINT('',(0.105797831476747,0.00139116144968147,0.0392499999999991));
#13140=CARTESIAN_POINT('',(0.105714519118328,0.00166500992690271,0.0392499999999991));
#13141=CARTESIAN_POINT('',(0.105295188637583,0.00166500992690271,0.0392499999999991));
#13142=CARTESIAN_POINT('',(0.104875858156838,0.00166500992690271,0.0392499999999991));
#13143=CARTESIAN_POINT('',(0.104792545798419,0.00139116144968147,0.0392499999999991));
#13144=CARTESIAN_POINT('',(0.104709233439999,0.00111731297246022,0.0392499999999991));
#13145=CARTESIAN_POINT('',(0.104446459717372,0.00111731297246022,0.0392499999999991));
#13146=CARTESIAN_POINT('',(0.104183685994744,0.00111731297246022,0.0392499999999991));
#13147=CARTESIAN_POINT('',(0.104387566108792,0.00169722739481109,0.0392499999999991));
#13148=CARTESIAN_POINT('',(0.103251141318177,0.00111731297246022,0.0392499999999991));
#13149=CARTESIAN_POINT('',(0.103495037618202,0.00111731297246022,0.0392499999999991));
#13150=CARTESIAN_POINT('',(0.103007245018152,0.00111731297246022,0.0392499999999991));
#13151=CARTESIAN_POINT('',(0.103007245018152,0.0026443706115239,0.0392499999999991));
#13152=CARTESIAN_POINT('',(0.103007245018152,0.00301159940588585,0.0392499999999991));
#13153=CARTESIAN_POINT('',(0.102694886598822,0.00301159940588585,0.0392499999999991));
#13154=CARTESIAN_POINT('',(0.102382528179491,0.00301159940588585,0.0392499999999991));
#13155=CARTESIAN_POINT('',(0.102382528179491,0.00321446877412143,0.0392499999999991));
#13156=CARTESIAN_POINT('',(0.102382528179491,0.00341733814235703,0.0392499999999991));
#13157=CARTESIAN_POINT('',(0.103250889619209,0.00341733814235703,0.0392499999999991));
#13158=CARTESIAN_POINT('',(0.104119251058927,0.00341733814235703,0.0392499999999991));
#13159=CARTESIAN_POINT('',(0.104119251058927,0.00321446877412143,0.0392499999999991));
#13160=CARTESIAN_POINT('',(0.104119251058927,0.00301159940588585,0.0392499999999991));
#13161=CARTESIAN_POINT('',(0.103807144338565,0.00301159940588585,0.0392499999999991));
#13162=CARTESIAN_POINT('',(0.103495037618202,0.00301159940588585,0.0392499999999991));
#13163=CARTESIAN_POINT('',(0.103495037618202,0.0026443706115239,0.0392499999999991));
#13164=CARTESIAN_POINT('',(0.100838383162049,0.000733266224547639,0.0392499999999992));
#13165=CARTESIAN_POINT('',(0.101628941469197,0.00244527672780883,0.0392499999999991));
#13166=CARTESIAN_POINT('',(0.101919811158862,0.00227716918760659,0.0392499999999991));
#13167=CARTESIAN_POINT('',(0.101491901777103,0.00166279594774838,0.0392499999999991));
#13168=CARTESIAN_POINT('',(0.102071176556033,0.00213593869609475,0.0392499999999991));
#13169=CARTESIAN_POINT('',(0.102071176556033,0.00213593869609475,0.0392499999999991));
#13170=CARTESIAN_POINT('',(0.102190733565849,0.0019811438307537,0.0392499999999991));
#13171=CARTESIAN_POINT('',(0.102190733565849,0.0017561249533311,0.0392499999999991));
#13172=CARTESIAN_POINT('',(0.102190733565849,0.0017561249533311,0.0392499999999991));
#13173=CARTESIAN_POINT('',(0.102190733565849,0.0017561249533311,0.0392499999999991));
#13174=CARTESIAN_POINT('',(0.102190733565849,0.00144452163090472,0.0392499999999991));
#13175=CARTESIAN_POINT('',(0.10196646978533,0.00126506026669632,0.0392499999999991));
#13176=CARTESIAN_POINT('',(0.10196646978533,0.00126506026669632,0.0392499999999991));
#13177=CARTESIAN_POINT('',(0.10196646978533,0.00126506026669632,0.0392499999999991));
#13178=CARTESIAN_POINT('',(0.101742206004812,0.00108559890248791,0.0392499999999991));
#13179=CARTESIAN_POINT('',(0.10134301144151,0.00108559890248791,0.0392499999999991));
#13180=CARTESIAN_POINT('',(0.10134301144151,0.00108559890248791,0.0392499999999991));
#13181=CARTESIAN_POINT('',(0.10134301144151,0.00108559890248791,0.0392499999999991));
#13182=CARTESIAN_POINT('',(0.100974524152308,0.00108559890248791,0.0392499999999991));
#13183=CARTESIAN_POINT('',(0.100691614512237,0.00122453673284281,0.0392499999999991));
#13184=CARTESIAN_POINT('',(0.100691614512237,0.00122453673284281,0.0392499999999991));
#13185=CARTESIAN_POINT('',(0.100691614512237,0.00145106580407361,0.0392499999999991));
#13186=CARTESIAN_POINT('',(0.100691614512237,0.00167759487530443,0.0392499999999991));
#13187=CARTESIAN_POINT('',(0.101828632739026,0.00411058715509752,0.0392499999999991));
#13188=CARTESIAN_POINT('',(0.101085481808363,0.00153096734054101,0.0392499999999991));
#13189=CARTESIAN_POINT('',(0.101401671816666,0.00266679222794538,0.0392499999999991));
#13190=CARTESIAN_POINT('',(0.101380766286715,0.00148882064927875,0.0392499999999991));
#13191=CARTESIAN_POINT('',(0.101380766286715,0.00148882064927875,0.0392499999999991));
#13192=CARTESIAN_POINT('',(0.101540846830385,0.00148882064927875,0.0392499999999991));
#13193=CARTESIAN_POINT('',(0.101626676178484,0.00154998349851107,0.0392499999999991));
#13194=CARTESIAN_POINT('',(0.101626676178484,0.00154998349851107,0.0392499999999991));
#13195=CARTESIAN_POINT('',(0.101626676178484,0.00154998349851107,0.0392499999999991));
#13196=CARTESIAN_POINT('',(0.101712505526584,0.00161114634774339,0.0392499999999991));
#13197=CARTESIAN_POINT('',(0.101712505526584,0.00173246525033588,0.0392499999999991));
#13198=CARTESIAN_POINT('',(0.101712505526584,0.00173246525033588,0.0392499999999991));
#13199=CARTESIAN_POINT('',(0.101510859571409,0.00173550040281956,0.0392499999999991));
#13200=CARTESIAN_POINT('',(0.101674894108206,0.00185289086310948,0.0392499999999991));
#13201=CARTESIAN_POINT('',(0.101340508477828,0.00159553123472802,0.0392499999999991));
#13202=CARTESIAN_POINT('',(0.10156388183162,0.00195444441736187,0.0392499999999991));
#13203=CARTESIAN_POINT('',(0.0999306162906626,-0.000839270556228445,0.0392499999999992));
#13204=CARTESIAN_POINT('',(0.101265485809619,0.00211001310892786,0.0392499999999991));
#13205=CARTESIAN_POINT('',(0.101916427190856,0.00357319980656914,0.0392499999999991));
#13206=CARTESIAN_POINT('',(0.100977728212766,0.00227686470170494,0.0392499999999991));
#13207=CARTESIAN_POINT('',(0.0452242435198953,0.0478426516988472,0.0392499999999993));
#13208=CARTESIAN_POINT('',(0.10094957853467,0.00230026280932253,0.0392499999999991));
#13209=CARTESIAN_POINT('',(0.101412546795367,0.00284050099277701,0.0392499999999991));
#13210=CARTESIAN_POINT('',(0.10078099575009,0.0025126250026144,0.0392499999999991));
#13211=CARTESIAN_POINT('',(0.101326232180658,0.00278017700721649,0.0392499999999991));
#13212=CARTESIAN_POINT('',(0.100718294602849,0.00279564169131247,0.0392499999999991));
#13213=CARTESIAN_POINT('',(0.100718294602849,0.00279564169131247,0.0392499999999991));
#13214=CARTESIAN_POINT('',(0.100718294602849,0.00310120423850604,0.0392499999999991));
#13215=CARTESIAN_POINT('',(0.100925191154573,0.00327563162335376,0.0392499999999991));
#13216=CARTESIAN_POINT('',(0.100925191154573,0.00327563162335376,0.0392499999999991));
#13217=CARTESIAN_POINT('',(0.100925191154573,0.00327563162335376,0.0392499999999991));
#13218=CARTESIAN_POINT('',(0.101132087706297,0.00345005900820148,0.0392499999999991));
#13219=CARTESIAN_POINT('',(0.101497051209947,0.00345005900820148,0.0392499999999991));
#13220=CARTESIAN_POINT('',(0.101497051209947,0.00345005900820148,0.0392499999999991));
#13221=CARTESIAN_POINT('',(0.101503977503249,0.00209380421365204,0.0392499999999991));
#13222=CARTESIAN_POINT('',(0.101839131889416,0.00340785557872978,0.0392499999999991));
#13223=CARTESIAN_POINT('',(0.101235548374086,0.00114580093102876,0.0392499999999992));
#13224=CARTESIAN_POINT('',(0.102179596214283,0.00328831699470679,0.0392499999999991));
#13225=CARTESIAN_POINT('',(0.102101128733229,0.00309868724882569,0.0392499999999991));
#13226=CARTESIAN_POINT('',(0.102022446919719,0.00290853953284329,0.0392499999999991));
#13227=CARTESIAN_POINT('',(0.101089479210517,0.000726340181082048,0.0392499999999992));
#13228=CARTESIAN_POINT('',(0.101718096021028,0.00301455690237439,0.0392499999999991));
#13229=CARTESIAN_POINT('',(0.10147727907837,0.00206720718522738,0.0392499999999991));
#13230=CARTESIAN_POINT('',(0.101481445873928,0.0030443202717303,0.0392499999999991));
#13231=CARTESIAN_POINT('',(0.101481445873928,0.0030443202717303,0.0392499999999991));
#13232=CARTESIAN_POINT('',(0.10134301144151,0.0030443202717303,0.0392499999999991));
#13233=CARTESIAN_POINT('',(0.101269011944908,0.00297988533591353,0.0392499999999991));
#13234=CARTESIAN_POINT('',(0.101269011944908,0.00297988533591353,0.0392499999999991));
#13235=CARTESIAN_POINT('',(0.101406992980897,0.00281937363124408,0.0392499999999991));
#13236=CARTESIAN_POINT('',(0.101195207070226,0.00281175101840461,0.0392499999999991));
#13237=CARTESIAN_POINT('',(0.101403646719707,0.00280633985988576,0.0392499999999991));
#13238=CARTESIAN_POINT('',(0.101224800111994,0.00269912288892353,0.0392499999999991));
#13239=CARTESIAN_POINT('',(0.10149891460374,0.00288749488515373,0.0392499999999991));
#13240=CARTESIAN_POINT('',(0.101320106835419,0.00260636406735074,0.0392499999999991));
#13241=CARTESIAN_POINT('',(0.101320106835419,0.00260636406735074,0.0392499999999991));
#13242=CARTESIAN_POINT('',(0.101385296868139,0.00256156165104064,0.0392499999999991));
#13243=CARTESIAN_POINT('',(0.101628941469197,0.00244527672780883,0.0392499999999991));
#13244=CARTESIAN_POINT('',(-0.0981001987571025,0.0013885702709106,0.03925));
#13245=CARTESIAN_POINT('',(-0.097453052727756,0.000998966228162164,0.03925));
#13246=CARTESIAN_POINT('',(-0.0977887349674282,0.000699858919056823,0.03925));
#13247=CARTESIAN_POINT('',(-0.0977887349674282,0.000699858919056823,0.03925));
#13248=CARTESIAN_POINT('',(-0.0980081410094149,0.000595660250342025,0.03925));
#13249=CARTESIAN_POINT('',(-0.0983071681471517,0.000595660250342025,0.03925));
#13250=CARTESIAN_POINT('',(-0.0983071681471517,0.000595660250342025,0.03925));
#13251=CARTESIAN_POINT('',(-0.0983071681471517,0.000595660250342025,0.03925));
#13252=CARTESIAN_POINT('',(-0.0987582690176074,0.000595660250342025,0.03925));
#13253=CARTESIAN_POINT('',(-0.0990078849930299,0.000827099062425999,0.03925));
#13254=CARTESIAN_POINT('',(-0.0990078849930299,0.000827099062425999,0.03925));
#13255=CARTESIAN_POINT('',(-0.0990078849930299,0.000827099062425999,0.03925));
#13256=CARTESIAN_POINT('',(-0.0992575009684523,0.00105853787450997,0.03925));
#13257=CARTESIAN_POINT('',(-0.0992575009684523,0.00145997156626624,0.03925));
#13258=CARTESIAN_POINT('',(-0.0992575009684523,0.00145997156626624,0.03925));
#13259=CARTESIAN_POINT('',(-0.0992575009684523,0.00163380669171428,0.03925));
#13260=CARTESIAN_POINT('',(-0.0992575009684523,0.00296739604143266,0.03925));
#13261=CARTESIAN_POINT('',(-0.0990104451568803,0.00296739604143266,0.03925));
#13262=CARTESIAN_POINT('',(-0.0987633893453084,0.00296739604143266,0.03925));
#13263=CARTESIAN_POINT('',(-0.0987633893453084,0.00167144110031643,0.03925));
#13264=CARTESIAN_POINT('',(-0.0987633893453084,0.00153524038347055,0.03925));
#13265=CARTESIAN_POINT('',(-0.0987633893453084,0.00153524038347055,0.03925));
#13266=CARTESIAN_POINT('',(-0.0987633893453084,0.00126488708085918,0.03925));
#13267=CARTESIAN_POINT('',(-0.0986545823816627,0.00113841498664515,0.03925));
#13268=CARTESIAN_POINT('',(-0.0986545823816627,0.00113841498664515,0.03925));
#13269=CARTESIAN_POINT('',(-0.0986545823816627,0.00113841498664515,0.03925));
#13270=CARTESIAN_POINT('',(-0.0985457754180171,0.00101194289243112,0.03925));
#13271=CARTESIAN_POINT('',(-0.0982943673278993,0.00101194289243112,0.03925));
#13272=CARTESIAN_POINT('',(-0.0982943673278993,0.00101194289243112,0.03925));
#13273=CARTESIAN_POINT('',(-0.0982943673278993,0.00101194289243112,0.03925));
#13274=CARTESIAN_POINT('',(-0.0980511517621031,0.00101194289243112,0.03925));
#13275=CARTESIAN_POINT('',(-0.0979415767493022,0.00113918303580029,0.03925));
#13276=CARTESIAN_POINT('',(-0.0979415767493022,0.00113918303580029,0.03925));
#13277=CARTESIAN_POINT('',(-0.0979415767493022,0.00113918303580029,0.03925));
#13278=CARTESIAN_POINT('',(-0.0978320017365014,0.00126642317916947,0.03925));
#13279=CARTESIAN_POINT('',(-0.0978320017365014,0.00153831258009113,0.03925));
#13280=CARTESIAN_POINT('',(-0.0978320017365014,0.00153831258009113,0.03925));
#13281=CARTESIAN_POINT('',(-0.0978320017365014,0.00167297719862672,0.03925));
#13282=CARTESIAN_POINT('',(-0.0978320017365014,0.00296739604143266,0.03925));
#13283=CARTESIAN_POINT('',(-0.0975846899085445,0.00296739604143266,0.03925));
#13284=CARTESIAN_POINT('',(-0.0973373780805875,0.00296739604143266,0.03925));
#13285=CARTESIAN_POINT('',(-0.0973373780805875,0.00163073449509369,0.03925));
#13286=CARTESIAN_POINT('',(-0.0973378005599208,0.00145381649997521,0.03925));
#13287=CARTESIAN_POINT('',(-0.0982116914350948,0.00143173948898705,0.03925));
#13288=CARTESIAN_POINT('',(-0.101485867583916,0.00239750356831437,0.03925));
#13289=CARTESIAN_POINT('',(-0.101478699125134,0.00239750356831437,0.03925));
#13290=CARTESIAN_POINT('',(-0.101493036042697,0.00239750356831437,0.03925));
#13291=CARTESIAN_POINT('',(-0.11670128684518,0.00131859400281316,0.03925));
#13292=CARTESIAN_POINT('',(-0.101463096601521,0.00180764757785314,0.03925));
#13293=CARTESIAN_POINT('',(-0.101332138213871,-0.00895505846808255,0.0392499999999998));
#13294=CARTESIAN_POINT('',(-0.101462245189004,0.00172878960902892,0.03925));
#13295=CARTESIAN_POINT('',(-0.101462314076491,0.00117835354271274,0.03925));
#13296=CARTESIAN_POINT('',(-0.101462314076491,0.000627918314858154,0.03925));
#13297=CARTESIAN_POINT('',(-0.101684024265943,0.000627918314858154,0.03925));
#13298=CARTESIAN_POINT('',(-0.101905734455395,0.000627918314858154,0.03925));
#13299=CARTESIAN_POINT('',(-0.101905734455395,0.00238751892929748,0.03925));
#13300=CARTESIAN_POINT('',(-0.101905734455395,0.00296739604143266,0.03925));
#13301=CARTESIAN_POINT('',(-0.101592882432866,0.00296739604143266,0.03925));
#13302=CARTESIAN_POINT('',(-0.101280030410337,0.00296739604143266,0.03925));
#13303=CARTESIAN_POINT('',(-0.100943830471565,0.00238751892929748,0.03925));
#13304=CARTESIAN_POINT('',(-0.100264157394464,0.00121521990215974,0.03925));
#13305=CARTESIAN_POINT('',(-0.100258525033992,0.00121521990215974,0.03925));
#13306=CARTESIAN_POINT('',(-0.100252892673521,0.00121521990215974,0.03925));
#13307=CARTESIAN_POINT('',(-0.0826156013671875,0.00223440541577439,0.0392499999999999));
#13308=CARTESIAN_POINT('',(-0.100276737349738,0.0018076383520069,0.03925));
#13309=CARTESIAN_POINT('',(-0.100199668055629,-0.00847265897366302,0.0392499999999998));
#13310=CARTESIAN_POINT('',(-0.100276986890424,0.00185986894504336,0.03925));
#13311=CARTESIAN_POINT('',(-0.100276958213716,0.00241363260057244,0.03925));
#13312=CARTESIAN_POINT('',(-0.100276958213716,0.00296739604143266,0.03925));
#13313=CARTESIAN_POINT('',(-0.100053711925954,0.00296739604143266,0.03925));
#13314=CARTESIAN_POINT('',(-0.0998304656381911,0.00296739604143266,0.03925));
#13315=CARTESIAN_POINT('',(-0.0998304656381911,0.00121778006601023,0.03925));
#13316=CARTESIAN_POINT('',(-0.0998304656381911,0.000627918314858154,0.03925));
#13317=CARTESIAN_POINT('',(-0.100145621808186,0.000627918314858154,0.03925));
#13318=CARTESIAN_POINT('',(-0.100460777978181,0.000627918314858154,0.03925));
#13319=CARTESIAN_POINT('',(-0.101309045600642,0.00210257269273834,0.03925));
#13320=CARTESIAN_POINT('',(-0.103067280794361,0.000627918314858154,0.03925));
#13321=CARTESIAN_POINT('',(-0.102393701685298,0.000627918314858154,0.03925));
#13322=CARTESIAN_POINT('',(-0.103740859903424,0.000627918314858154,0.03925));
#13323=CARTESIAN_POINT('',(-0.103740859903424,0.00121778006601023,0.03925));
#13324=CARTESIAN_POINT('',(-0.103740859903424,0.00296739604143266,0.03925));
#13325=CARTESIAN_POINT('',(-0.103067280794361,0.00296739604143266,0.03925));
#13326=CARTESIAN_POINT('',(-0.102393701685298,0.00296739604143266,0.03925));
#13327=CARTESIAN_POINT('',(-0.102393701685298,0.00276411903170403,0.03925));
#13328=CARTESIAN_POINT('',(-0.102393701685298,0.00256084202197541,0.03925));
#13329=CARTESIAN_POINT('',(-0.102819200917249,0.00256084202197541,0.03925));
#13330=CARTESIAN_POINT('',(-0.1032447001492,0.00256084202197541,0.03925));
#13331=CARTESIAN_POINT('',(-0.1032447001492,0.00230405758777162,0.03925));
#13332=CARTESIAN_POINT('',(-0.1032447001492,0.00204727315356783,0.03925));
#13333=CARTESIAN_POINT('',(-0.10284864280153,0.00204727315356783,0.03925));
#13334=CARTESIAN_POINT('',(-0.102452585453859,0.00204727315356783,0.03925));
#13335=CARTESIAN_POINT('',(-0.102452585453859,0.00172418047563645,0.03925));
#13336=CARTESIAN_POINT('',(-0.102452585453859,0.00164071913411058,0.03925));
#13337=CARTESIAN_POINT('',(-0.10284864280153,0.00164071913411058,0.03925));
#13338=CARTESIAN_POINT('',(-0.1032447001492,0.00164071913411058,0.03925));
#13339=CARTESIAN_POINT('',(-0.1032447001492,0.00133913183252328,0.03925));
#13340=CARTESIAN_POINT('',(-0.1032447001492,0.00103754453093598,0.03925));
#13341=CARTESIAN_POINT('',(-0.102819200917249,0.00103754453093598,0.03925));
#13342=CARTESIAN_POINT('',(-0.102393701685298,0.00103754453093598,0.03925));
#13343=CARTESIAN_POINT('',(-0.102393701685298,0.000832731422897069,0.03925));
#13344=CARTESIAN_POINT('',(-0.104329697589036,0.00238751892929748,0.03925));
#13345=CARTESIAN_POINT('',(-0.104329697589036,0.00296739604143266,0.03925));
#13346=CARTESIAN_POINT('',(-0.104329697589036,0.000627918314858154,0.03925));
#13347=CARTESIAN_POINT('',(-0.104560880384735,0.000627918314858154,0.03925));
#13348=CARTESIAN_POINT('',(-0.104792063180434,0.000627918314858154,0.03925));
#13349=CARTESIAN_POINT('',(-0.104792063180434,0.00118168175571837,0.03925));
#13350=CARTESIAN_POINT('',(-0.104792099068882,0.00173544543521471,0.03925));
#13351=CARTESIAN_POINT('',(-0.104850406862368,-0.00702805665846661,0.0392499999999998));
#13352=CARTESIAN_POINT('',(-0.10479163944837,0.00180764280115423,0.0392499999999999));
#13353=CARTESIAN_POINT('',(-0.104936163465453,-0.0057113859219015,0.0392499999999998));
#13354=CARTESIAN_POINT('',(-0.104789598639737,0.00191619606659433,0.03925));
#13355=CARTESIAN_POINT('',(-0.0511442959795692,3.67524833374883E-5,0.0392499999999998));
#13356=CARTESIAN_POINT('',(-0.104767882964716,0.00245997156626625,0.0392499999999999));
#13357=CARTESIAN_POINT('',(-0.104775166099021,0.00245997156626624,0.03925));
#13358=CARTESIAN_POINT('',(-0.104782334557802,0.00245997156626624,0.03925));
#13359=CARTESIAN_POINT('',(-0.104889719192297,0.00213380669171428,0.03925));
#13360=CARTESIAN_POINT('',(-0.105385509160977,0.000627918314858154,0.03925));
#13361=CARTESIAN_POINT('',(-0.10573253937091,0.000627918314858154,0.03925));
#13362=CARTESIAN_POINT('',(-0.105840194260823,0.000627918314858154,0.03925));
#13363=CARTESIAN_POINT('',(-0.106121812284376,0.00154548103887249,0.03925));
#13364=CARTESIAN_POINT('',(-0.10640343030793,0.00246304376288683,0.03925));
#13365=CARTESIAN_POINT('',(-0.106410598766711,0.00246304376288683,0.03925));
#13366=CARTESIAN_POINT('',(-0.106417767225493,0.00246304376288683,0.03925));
#13367=CARTESIAN_POINT('',(-0.125419276447995,0.00127483008617363,0.0392500000000001));
#13368=CARTESIAN_POINT('',(-0.106386661170927,0.00171599685429631,0.03925));
#13369=CARTESIAN_POINT('',(-0.106387045259287,0.00117195313308652,0.03925));
#13370=CARTESIAN_POINT('',(-0.106387045259287,0.000627918314858154,0.03925));
#13371=CARTESIAN_POINT('',(-0.106608755448739,0.000627918314858154,0.03925));
#13372=CARTESIAN_POINT('',(-0.106830465638191,0.000627918314858154,0.03925));
#13373=CARTESIAN_POINT('',(-0.106830465638191,0.0017976571781454,0.03925));
#13374=CARTESIAN_POINT('',(-0.106830465638191,0.00296739604143266,0.03925));
#13375=CARTESIAN_POINT('',(-0.106492780026312,0.00296739604143266,0.03925));
#13376=CARTESIAN_POINT('',(-0.106155094414433,0.00296739604143265,0.03925));
#13377=CARTESIAN_POINT('',(-0.105889989447715,0.00211052577897917,0.03925));
#13378=CARTESIAN_POINT('',(-0.105601586989958,0.00117835354271274,0.03925));
#13379=CARTESIAN_POINT('',(-0.105596722678642,0.00117835354271274,0.03925));
#13380=CARTESIAN_POINT('',(-0.105591858367326,0.00117835354271274,0.03925));
#13381=CARTESIAN_POINT('',(-0.105194917125651,0.00238751892929748,0.03925));
#13382=CARTESIAN_POINT('',(-0.105004556780024,0.00296739604143266,0.03925));
#13383=CARTESIAN_POINT('',(-0.10466712718453,0.00296739604143266,0.03925));
#13384=CARTESIAN_POINT('',(0.102578615519034,0.0232990958171657,0.0532499999999991));
#13385=CARTESIAN_POINT('',(0.102178615519034,0.0232990958171657,0.0532499999999991));
#13386=CARTESIAN_POINT('',(0.102178615519034,0.0232990958171657,0.0382499999999991));
#13387=CARTESIAN_POINT('',(0.102178615519034,0.0232990958171656,0.0307499999999991));
#13388=CARTESIAN_POINT('',(0.102578615519034,0.0232990958171656,0.0382499999999991));
#13389=CARTESIAN_POINT('',(0.102978615519034,0.0232990958171657,0.0382499999999991));
#13390=CARTESIAN_POINT('',(0.102978615519034,0.0232990958171657,0.0532499999999991));
#13391=CARTESIAN_POINT('',(0.102978615519034,0.0232990958171656,0.0307499999999991));
#13392=CARTESIAN_POINT('',(0.102578615519034,0.0232990958171656,0.0307499999999991));
#13393=CARTESIAN_POINT('',(0.102178615519034,0.0253990958171657,0.0532499999999991));
#13394=CARTESIAN_POINT('',(0.102178615519034,0.0253990958171657,0.0382499999999991));
#13395=CARTESIAN_POINT('',(0.102178615519034,0.0274990958171657,0.0382499999999991));
#13396=CARTESIAN_POINT('',(0.102178615519034,0.0253990958171657,0.0307499999999991));
#13397=CARTESIAN_POINT('',(0.102178615519034,0.0274990958171657,0.0307499999999991));
#13398=CARTESIAN_POINT('',(0.102178615519034,0.0274990958171657,0.0532499999999991));
#13399=CARTESIAN_POINT('',(0.102578615519034,0.0274990958171657,0.0532499999999991));
#13400=CARTESIAN_POINT('',(0.102978615519034,0.0274990958171657,0.0532499999999991));
#13401=CARTESIAN_POINT('',(0.102978615519034,0.0274990958171657,0.0382499999999991));
#13402=CARTESIAN_POINT('',(0.102978615519034,0.0274990958171657,0.0307499999999991));
#13403=CARTESIAN_POINT('',(0.102578615519034,0.0274990958171657,0.0382499999999991));
#13404=CARTESIAN_POINT('',(0.102578615519034,0.0274990958171657,0.0307499999999991));
#13405=CARTESIAN_POINT('',(0.102978615519034,0.0253990958171657,0.0532499999999991));
#13406=CARTESIAN_POINT('',(0.102978615519034,0.0253990958171657,0.0382499999999991));
#13407=CARTESIAN_POINT('',(0.102978615519034,0.0253990958171657,0.0307499999999991));
#13408=CARTESIAN_POINT('',(-0.106647565480999,0.0224826418171654,0.05325));
#13409=CARTESIAN_POINT('',(-0.106247565480999,0.0224826418171654,0.05325));
#13410=CARTESIAN_POINT('',(-0.106247565480999,0.0224826418171653,0.03825));
#13411=CARTESIAN_POINT('',(-0.106247565480999,0.0224826418171653,0.03075));
#13412=CARTESIAN_POINT('',(-0.106647565480999,0.0224826418171653,0.03825));
#13413=CARTESIAN_POINT('',(-0.107047565480999,0.0224826418171653,0.03825));
#13414=CARTESIAN_POINT('',(-0.107047565480999,0.0224826418171654,0.05325));
#13415=CARTESIAN_POINT('',(-0.107047565480999,0.0224826418171653,0.03075));
#13416=CARTESIAN_POINT('',(-0.106647565480999,0.0224826418171653,0.03075));
#13417=CARTESIAN_POINT('',(-0.106247565480999,0.0203826418171654,0.05325));
#13418=CARTESIAN_POINT('',(-0.106247565480999,0.0203826418171653,0.03825));
#13419=CARTESIAN_POINT('',(-0.106247565480999,0.0182826418171653,0.03825));
#13420=CARTESIAN_POINT('',(-0.106247565480999,0.0203826418171653,0.03075));
#13421=CARTESIAN_POINT('',(-0.106247565480999,0.0182826418171653,0.03075));
#13422=CARTESIAN_POINT('',(-0.106247565480999,0.0182826418171653,0.05325));
#13423=CARTESIAN_POINT('',(-0.106647565480999,0.0182826418171653,0.05325));
#13424=CARTESIAN_POINT('',(-0.107047565480999,0.0182826418171653,0.05325));
#13425=CARTESIAN_POINT('',(-0.107047565480999,0.0182826418171653,0.03825));
#13426=CARTESIAN_POINT('',(-0.107047565480999,0.0182826418171653,0.03075));
#13427=CARTESIAN_POINT('',(-0.106647565480999,0.0182826418171653,0.03825));
#13428=CARTESIAN_POINT('',(-0.106647565480999,0.0182826418171653,0.03075));
#13429=CARTESIAN_POINT('',(-0.107047565480999,0.0203826418171654,0.05325));
#13430=CARTESIAN_POINT('',(-0.107047565480999,0.0203826418171653,0.03825));
#13431=CARTESIAN_POINT('',(-0.107047565480999,0.0203826418171653,0.03075));
#13432=CARTESIAN_POINT('',(-0.101124884480998,0.0238053228171663,0.05325));
#13433=CARTESIAN_POINT('',(-0.101524884480998,0.0238053228171663,0.05325));
#13434=CARTESIAN_POINT('',(-0.101524884480998,0.0238053228171662,0.03825));
#13435=CARTESIAN_POINT('',(-0.101524884480998,0.0238053228171662,0.03075));
#13436=CARTESIAN_POINT('',(-0.101124884480998,0.0238053228171662,0.03825));
#13437=CARTESIAN_POINT('',(-0.100724884480998,0.0238053228171662,0.03825));
#13438=CARTESIAN_POINT('',(-0.100724884480998,0.0238053228171663,0.05325));
#13439=CARTESIAN_POINT('',(-0.100724884480998,0.0238053228171662,0.03075));
#13440=CARTESIAN_POINT('',(-0.101124884480998,0.0238053228171662,0.03075));
#13441=CARTESIAN_POINT('',(-0.101524884480998,0.0259053228171663,0.05325));
#13442=CARTESIAN_POINT('',(-0.101524884480998,0.0259053228171662,0.03825));
#13443=CARTESIAN_POINT('',(-0.101524884480998,0.0280053228171663,0.03825));
#13444=CARTESIAN_POINT('',(-0.101524884480998,0.0259053228171662,0.03075));
#13445=CARTESIAN_POINT('',(-0.101524884480998,0.0280053228171662,0.03075));
#13446=CARTESIAN_POINT('',(-0.101524884480998,0.0280053228171663,0.05325));
#13447=CARTESIAN_POINT('',(-0.101124884480998,0.0280053228171663,0.05325));
#13448=CARTESIAN_POINT('',(-0.100724884480998,0.0280053228171663,0.05325));
#13449=CARTESIAN_POINT('',(-0.100724884480998,0.0280053228171663,0.03825));
#13450=CARTESIAN_POINT('',(-0.100724884480998,0.0280053228171662,0.03075));
#13451=CARTESIAN_POINT('',(-0.101124884480998,0.0280053228171663,0.03825));
#13452=CARTESIAN_POINT('',(-0.101124884480998,0.0280053228171662,0.03075));
#13453=CARTESIAN_POINT('',(-0.100724884480998,0.0259053228171663,0.05325));
#13454=CARTESIAN_POINT('',(-0.100724884480998,0.0259053228171662,0.03825));
#13455=CARTESIAN_POINT('',(-0.100724884480998,0.0259053228171662,0.03075));
#13456=CARTESIAN_POINT('',(0.0970786155190329,0.0219990958171648,0.0532499999999991));
#13457=CARTESIAN_POINT('',(0.0970786155190329,0.0219990958171647,0.0382499999999991));
#13458=CARTESIAN_POINT('',(0.0966786155190329,0.0219990958171647,0.0382499999999991));
#13459=CARTESIAN_POINT('',(0.0974786155190329,0.0219990958171647,0.0382499999999991));
#13460=CARTESIAN_POINT('',(0.0966786155190329,0.0219990958171648,0.0532499999999991));
#13461=CARTESIAN_POINT('',(0.0966786155190328,0.0219990958171647,0.0307499999999991));
#13462=CARTESIAN_POINT('',(0.0970786155190328,0.0219990958171647,0.0307499999999991));
#13463=CARTESIAN_POINT('',(0.0974786155190329,0.0219990958171647,0.0307499999999991));
#13464=CARTESIAN_POINT('',(0.0974786155190329,0.0219990958171648,0.0532499999999991));
#13465=CARTESIAN_POINT('',(0.0974786155190329,0.0198990958171648,0.0532499999999991));
#13466=CARTESIAN_POINT('',(0.0974786155190329,0.0198990958171648,0.0382499999999991));
#13467=CARTESIAN_POINT('',(0.0974786155190329,0.0177990958171647,0.0382499999999991));
#13468=CARTESIAN_POINT('',(0.0974786155190328,0.0198990958171648,0.0307499999999991));
#13469=CARTESIAN_POINT('',(0.0974786155190329,0.0177990958171647,0.0307499999999991));
#13470=CARTESIAN_POINT('',(0.0974786155190329,0.0177990958171648,0.0532499999999991));
#13471=CARTESIAN_POINT('',(0.0970786155190329,0.0177990958171648,0.0532499999999991));
#13472=CARTESIAN_POINT('',(0.0966786155190329,0.0177990958171648,0.0532499999999991));
#13473=CARTESIAN_POINT('',(0.0966786155190329,0.0177990958171647,0.0382499999999991));
#13474=CARTESIAN_POINT('',(0.0966786155190328,0.0177990958171647,0.0307499999999991));
#13475=CARTESIAN_POINT('',(0.0970786155190329,0.0177990958171647,0.0382499999999991));
#13476=CARTESIAN_POINT('',(0.0970786155190328,0.0177990958171647,0.0307499999999991));
#13477=CARTESIAN_POINT('',(0.0966786155190329,0.0198990958171648,0.0532499999999991));
#13478=CARTESIAN_POINT('',(0.0966786155190329,0.0198990958171648,0.0382499999999991));
#13479=CARTESIAN_POINT('',(0.0966786155190328,0.0198990958171648,0.0307499999999991));
#13480=CARTESIAN_POINT('',(0.108078615519035,0.0219990958171648,0.0532499999999991));
#13481=CARTESIAN_POINT('',(0.108478615519035,0.0219990958171648,0.0532499999999991));
#13482=CARTESIAN_POINT('',(0.108478615519035,0.0219990958171647,0.038249999999999));
#13483=CARTESIAN_POINT('',(0.108478615519034,0.0219990958171647,0.0307499999999991));
#13484=CARTESIAN_POINT('',(0.108078615519035,0.0219990958171647,0.038249999999999));
#13485=CARTESIAN_POINT('',(0.107678615519034,0.0219990958171647,0.038249999999999));
#13486=CARTESIAN_POINT('',(0.107678615519035,0.0219990958171647,0.0532499999999991));
#13487=CARTESIAN_POINT('',(0.107678615519034,0.0219990958171647,0.0307499999999991));
#13488=CARTESIAN_POINT('',(0.108078615519034,0.0219990958171647,0.0307499999999991));
#13489=CARTESIAN_POINT('',(0.108478615519035,0.0198990958171648,0.0532499999999991));
#13490=CARTESIAN_POINT('',(0.108478615519035,0.0198990958171648,0.0382499999999991));
#13491=CARTESIAN_POINT('',(0.108478615519035,0.0177990958171647,0.0382499999999991));
#13492=CARTESIAN_POINT('',(0.108478615519035,0.0198990958171647,0.0307499999999991));
#13493=CARTESIAN_POINT('',(0.108478615519035,0.0177990958171647,0.0307499999999991));
#13494=CARTESIAN_POINT('',(0.108478615519035,0.0177990958171647,0.0532499999999991));
#13495=CARTESIAN_POINT('',(0.108078615519035,0.0177990958171647,0.0532499999999991));
#13496=CARTESIAN_POINT('',(0.107678615519035,0.0177990958171647,0.0532499999999991));
#13497=CARTESIAN_POINT('',(0.107678615519034,0.0177990958171647,0.038249999999999));
#13498=CARTESIAN_POINT('',(0.107678615519034,0.0177990958171647,0.0307499999999991));
#13499=CARTESIAN_POINT('',(0.108078615519035,0.0177990958171647,0.0382499999999991));
#13500=CARTESIAN_POINT('',(0.108078615519034,0.0177990958171647,0.0307499999999991));
#13501=CARTESIAN_POINT('',(0.107678615519035,0.0198990958171648,0.0532499999999991));
#13502=CARTESIAN_POINT('',(0.107678615519034,0.0198990958171648,0.0382499999999991));
#13503=CARTESIAN_POINT('',(0.107678615519034,0.0198990958171647,0.0307499999999991));
#13504=CARTESIAN_POINT('',(0.102578615519034,0.0164990958171639,0.0532499999999991));
#13505=CARTESIAN_POINT('',(0.102978615519034,0.0164990958171639,0.0532499999999991));
#13506=CARTESIAN_POINT('',(0.102978615519034,0.0164990958171638,0.0382499999999991));
#13507=CARTESIAN_POINT('',(0.102978615519034,0.0164990958171638,0.0307499999999991));
#13508=CARTESIAN_POINT('',(0.102578615519034,0.0164990958171638,0.0382499999999991));
#13509=CARTESIAN_POINT('',(0.102178615519034,0.0164990958171638,0.0382499999999991));
#13510=CARTESIAN_POINT('',(0.102178615519034,0.0164990958171639,0.0532499999999991));
#13511=CARTESIAN_POINT('',(0.102178615519034,0.0164990958171638,0.0307499999999991));
#13512=CARTESIAN_POINT('',(0.102578615519034,0.0164990958171638,0.0307499999999991));
#13513=CARTESIAN_POINT('',(0.102978615519034,0.0143990958171639,0.0532499999999991));
#13514=CARTESIAN_POINT('',(0.102978615519034,0.0143990958171638,0.0382499999999991));
#13515=CARTESIAN_POINT('',(0.102978615519034,0.0122990958171638,0.0382499999999991));
#13516=CARTESIAN_POINT('',(0.102978615519034,0.0143990958171638,0.0307499999999991));
#13517=CARTESIAN_POINT('',(0.102978615519034,0.0122990958171638,0.0307499999999991));
#13518=CARTESIAN_POINT('',(0.102978615519034,0.0122990958171639,0.0532499999999991));
#13519=CARTESIAN_POINT('',(0.102578615519034,0.0122990958171639,0.0532499999999991));
#13520=CARTESIAN_POINT('',(0.102178615519034,0.0122990958171639,0.0532499999999991));
#13521=CARTESIAN_POINT('',(0.102178615519034,0.0122990958171638,0.0382499999999991));
#13522=CARTESIAN_POINT('',(0.102178615519034,0.0122990958171638,0.0307499999999991));
#13523=CARTESIAN_POINT('',(0.102578615519034,0.0122990958171638,0.0382499999999991));
#13524=CARTESIAN_POINT('',(0.102578615519034,0.0122990958171638,0.0307499999999991));
#13525=CARTESIAN_POINT('',(0.102178615519034,0.0143990958171639,0.0532499999999991));
#13526=CARTESIAN_POINT('',(0.102178615519034,0.0143990958171638,0.0382499999999991));
#13527=CARTESIAN_POINT('',(0.102178615519034,0.0143990958171638,0.0307499999999991));
#13528=CARTESIAN_POINT('',(0.0970436155190329,0.00437714181716193,0.0532499999999992));
#13529=CARTESIAN_POINT('',(0.0970436155190328,0.0043771418171619,0.0382499999999991));
#13530=CARTESIAN_POINT('',(0.0966436155190328,0.00437714181716189,0.0382499999999991));
#13531=CARTESIAN_POINT('',(0.0974436155190329,0.00437714181716189,0.0382499999999991));
#13532=CARTESIAN_POINT('',(0.0966436155190329,0.00437714181716192,0.0532499999999992));
#13533=CARTESIAN_POINT('',(0.0966436155190328,0.00437714181716188,0.0307499999999992));
#13534=CARTESIAN_POINT('',(0.0970436155190328,0.00437714181716189,0.0307499999999992));
#13535=CARTESIAN_POINT('',(0.0974436155190329,0.00437714181716188,0.0307499999999992));
#13536=CARTESIAN_POINT('',(0.0974436155190329,0.00437714181716193,0.0532499999999992));
#13537=CARTESIAN_POINT('',(0.0974436155190329,0.00227714181716192,0.0532499999999992));
#13538=CARTESIAN_POINT('',(0.0974436155190329,0.00227714181716189,0.0382499999999991));
#13539=CARTESIAN_POINT('',(0.0974436155190329,0.000177141817161881,0.0382499999999991));
#13540=CARTESIAN_POINT('',(0.0974436155190328,0.00227714181716187,0.0307499999999992));
#13541=CARTESIAN_POINT('',(0.0974436155190329,0.000177141817161868,0.0307499999999992));
#13542=CARTESIAN_POINT('',(0.0974436155190329,0.000177141817161908,0.0532499999999992));
#13543=CARTESIAN_POINT('',(0.0970436155190329,0.000177141817161909,0.0532499999999992));
#13544=CARTESIAN_POINT('',(0.0966436155190329,0.000177141817161917,0.0532499999999992));
#13545=CARTESIAN_POINT('',(0.0966436155190328,0.00017714181716189,0.0382499999999991));
#13546=CARTESIAN_POINT('',(0.0966436155190328,0.000177141817161876,0.0307499999999992));
#13547=CARTESIAN_POINT('',(0.0970436155190328,0.000177141817161881,0.0382499999999991));
#13548=CARTESIAN_POINT('',(0.0970436155190328,0.000177141817161869,0.0307499999999992));
#13549=CARTESIAN_POINT('',(0.0966436155190329,0.00227714181716192,0.0532499999999992));
#13550=CARTESIAN_POINT('',(0.0966436155190328,0.00227714181716189,0.0382499999999991));
#13551=CARTESIAN_POINT('',(0.0966436155190328,0.00227714181716187,0.0307499999999992));
#13552=CARTESIAN_POINT('',(0.0970786155190329,-0.00207590418283913,0.0532499999999992));
#13553=CARTESIAN_POINT('',(0.0970786155190329,-0.00207590418283915,0.0382499999999991));
#13554=CARTESIAN_POINT('',(0.0966786155190329,-0.00207590418283916,0.0382499999999991));
#13555=CARTESIAN_POINT('',(0.0974786155190329,-0.00207590418283916,0.0382499999999991));
#13556=CARTESIAN_POINT('',(0.0966786155190329,-0.00207590418283913,0.0532499999999992));
#13557=CARTESIAN_POINT('',(0.0966786155190328,-0.00207590418283917,0.0307499999999992));
#13558=CARTESIAN_POINT('',(0.0970786155190328,-0.00207590418283917,0.0307499999999992));
#13559=CARTESIAN_POINT('',(0.0974786155190329,-0.00207590418283918,0.0307499999999992));
#13560=CARTESIAN_POINT('',(0.0974786155190329,-0.00207590418283913,0.0532499999999992));
#13561=CARTESIAN_POINT('',(0.0974786155190329,-0.00417590418283914,0.0532499999999992));
#13562=CARTESIAN_POINT('',(0.0974786155190329,-0.00417590418283916,0.0382499999999991));
#13563=CARTESIAN_POINT('',(0.0974786155190329,-0.00627590418283917,0.0382499999999991));
#13564=CARTESIAN_POINT('',(0.0974786155190328,-0.00417590418283918,0.0307499999999992));
#13565=CARTESIAN_POINT('',(0.0974786155190329,-0.00627590418283918,0.0307499999999992));
#13566=CARTESIAN_POINT('',(0.0974786155190329,-0.00627590418283914,0.0532499999999992));
#13567=CARTESIAN_POINT('',(0.0970786155190329,-0.00627590418283914,0.0532499999999992));
#13568=CARTESIAN_POINT('',(0.0966786155190329,-0.00627590418283914,0.0532499999999992));
#13569=CARTESIAN_POINT('',(0.0966786155190329,-0.00627590418283916,0.0382499999999991));
#13570=CARTESIAN_POINT('',(0.0966786155190328,-0.00627590418283917,0.0307499999999992));
#13571=CARTESIAN_POINT('',(0.0970786155190329,-0.00627590418283917,0.0382499999999991));
#13572=CARTESIAN_POINT('',(0.0970786155190328,-0.00627590418283918,0.0307499999999992));
#13573=CARTESIAN_POINT('',(0.0966786155190329,-0.00417590418283913,0.0532499999999992));
#13574=CARTESIAN_POINT('',(0.0966786155190329,-0.00417590418283916,0.0382499999999991));
#13575=CARTESIAN_POINT('',(0.0966786155190328,-0.00417590418283917,0.0307499999999992));
#13576=CARTESIAN_POINT('',(-0.0936248844809972,-0.000292358182837752,0.05325));
#13577=CARTESIAN_POINT('',(-0.0940248844809972,-0.000292358182837751,0.05325));
#13578=CARTESIAN_POINT('',(-0.0940248844809972,-0.00029235818283777,0.03825));
#13579=CARTESIAN_POINT('',(-0.0940248844809972,-0.000292358182837784,0.03075));
#13580=CARTESIAN_POINT('',(-0.0936248844809972,-0.000292358182837778,0.03825));
#13581=CARTESIAN_POINT('',(-0.0932248844809972,-0.000292358182837772,0.03825));
#13582=CARTESIAN_POINT('',(-0.0932248844809972,-0.000292358182837753,0.05325));
#13583=CARTESIAN_POINT('',(-0.0932248844809972,-0.000292358182837793,0.03075));
#13584=CARTESIAN_POINT('',(-0.0936248844809972,-0.000292358182837792,0.03075));
#13585=CARTESIAN_POINT('',(-0.0940248844809972,0.00180764181716225,0.05325));
#13586=CARTESIAN_POINT('',(-0.0940248844809972,0.00180764181716223,0.03825));
#13587=CARTESIAN_POINT('',(-0.0940248844809973,0.00390764181716224,0.03825));
#13588=CARTESIAN_POINT('',(-0.0940248844809973,0.00180764181716222,0.03075));
#13589=CARTESIAN_POINT('',(-0.0940248844809973,0.00390764181716222,0.03075));
#13590=CARTESIAN_POINT('',(-0.0940248844809972,0.00390764181716226,0.05325));
#13591=CARTESIAN_POINT('',(-0.0936248844809972,0.00390764181716226,0.05325));
#13592=CARTESIAN_POINT('',(-0.0932248844809972,0.00390764181716226,0.05325));
#13593=CARTESIAN_POINT('',(-0.0932248844809972,0.00390764181716223,0.03825));
#13594=CARTESIAN_POINT('',(-0.0932248844809972,0.00390764181716222,0.03075));
#13595=CARTESIAN_POINT('',(-0.0936248844809972,0.00390764181716224,0.03825));
#13596=CARTESIAN_POINT('',(-0.0936248844809972,0.00390764181716222,0.03075));
#13597=CARTESIAN_POINT('',(-0.0932248844809972,0.00180764181716225,0.05325));
#13598=CARTESIAN_POINT('',(-0.0932248844809972,0.00180764181716223,0.03825));
#13599=CARTESIAN_POINT('',(-0.0932248844809972,0.00180764181716222,0.03075));
#13600=CARTESIAN_POINT('',(-0.101124884480998,0.0127599608171644,0.05325));
#13601=CARTESIAN_POINT('',(-0.101524884480998,0.0127599608171644,0.05325));
#13602=CARTESIAN_POINT('',(-0.101524884480998,0.0127599608171644,0.03825));
#13603=CARTESIAN_POINT('',(-0.101524884480998,0.0127599608171644,0.03075));
#13604=CARTESIAN_POINT('',(-0.101124884480998,0.0127599608171644,0.03825));
#13605=CARTESIAN_POINT('',(-0.100724884480998,0.0127599608171644,0.03825));
#13606=CARTESIAN_POINT('',(-0.100724884480998,0.0127599608171644,0.05325));
#13607=CARTESIAN_POINT('',(-0.100724884480998,0.0127599608171644,0.03075));
#13608=CARTESIAN_POINT('',(-0.101124884480998,0.0127599608171643,0.03075));
#13609=CARTESIAN_POINT('',(-0.101524884480998,0.0148599608171644,0.05325));
#13610=CARTESIAN_POINT('',(-0.101524884480998,0.0148599608171644,0.03825));
#13611=CARTESIAN_POINT('',(-0.101524884480998,0.0169599608171644,0.03825));
#13612=CARTESIAN_POINT('',(-0.101524884480998,0.0148599608171644,0.03075));
#13613=CARTESIAN_POINT('',(-0.101524884480998,0.0169599608171643,0.03075));
#13614=CARTESIAN_POINT('',(-0.101524884480998,0.0169599608171644,0.05325));
#13615=CARTESIAN_POINT('',(-0.101124884480998,0.0169599608171644,0.05325));
#13616=CARTESIAN_POINT('',(-0.100724884480998,0.0169599608171644,0.05325));
#13617=CARTESIAN_POINT('',(-0.100724884480998,0.0169599608171644,0.03825));
#13618=CARTESIAN_POINT('',(-0.100724884480998,0.0169599608171643,0.03075));
#13619=CARTESIAN_POINT('',(-0.101124884480998,0.0169599608171644,0.03825));
#13620=CARTESIAN_POINT('',(-0.101124884480998,0.0169599608171643,0.03075));
#13621=CARTESIAN_POINT('',(-0.100724884480998,0.0148599608171644,0.05325));
#13622=CARTESIAN_POINT('',(-0.100724884480998,0.0148599608171644,0.03825));
#13623=CARTESIAN_POINT('',(-0.100724884480998,0.0148599608171644,0.03075));
#13624=CARTESIAN_POINT('',(-0.0956022034809975,0.0224826418171652,0.05325));
#13625=CARTESIAN_POINT('',(-0.0952022034809975,0.0224826418171652,0.05325));
#13626=CARTESIAN_POINT('',(-0.0952022034809976,0.0224826418171652,0.03825));
#13627=CARTESIAN_POINT('',(-0.0952022034809976,0.0224826418171652,0.03075));
#13628=CARTESIAN_POINT('',(-0.0956022034809976,0.0224826418171652,0.03825));
#13629=CARTESIAN_POINT('',(-0.0960022034809976,0.0224826418171652,0.03825));
#13630=CARTESIAN_POINT('',(-0.0960022034809975,0.0224826418171652,0.05325));
#13631=CARTESIAN_POINT('',(-0.0960022034809976,0.0224826418171652,0.03075));
#13632=CARTESIAN_POINT('',(-0.0956022034809976,0.0224826418171652,0.03075));
#13633=CARTESIAN_POINT('',(-0.0952022034809975,0.0203826418171652,0.05325));
#13634=CARTESIAN_POINT('',(-0.0952022034809976,0.0203826418171652,0.03825));
#13635=CARTESIAN_POINT('',(-0.0952022034809975,0.0182826418171652,0.03825));
#13636=CARTESIAN_POINT('',(-0.0952022034809976,0.0203826418171652,0.03075));
#13637=CARTESIAN_POINT('',(-0.0952022034809975,0.0182826418171652,0.03075));
#13638=CARTESIAN_POINT('',(-0.0952022034809975,0.0182826418171652,0.05325));
#13639=CARTESIAN_POINT('',(-0.0956022034809975,0.0182826418171652,0.05325));
#13640=CARTESIAN_POINT('',(-0.0960022034809975,0.0182826418171653,0.05325));
#13641=CARTESIAN_POINT('',(-0.0960022034809976,0.0182826418171652,0.03825));
#13642=CARTESIAN_POINT('',(-0.0960022034809976,0.0182826418171652,0.03075));
#13643=CARTESIAN_POINT('',(-0.0956022034809976,0.0182826418171652,0.03825));
#13644=CARTESIAN_POINT('',(-0.0956022034809976,0.0182826418171652,0.03075));
#13645=CARTESIAN_POINT('',(-0.0960022034809975,0.0203826418171653,0.05325));
#13646=CARTESIAN_POINT('',(-0.0960022034809976,0.0203826418171652,0.03825));
#13647=CARTESIAN_POINT('',(-0.0960022034809976,0.0203826418171652,0.03075));
#13648=CARTESIAN_POINT('',(-0.000188593150278601,-0.00772399340138569,0.0282499999999995));
#13649=CARTESIAN_POINT('',(-0.0859563844809983,-0.0200328581828343,0.02825));
#13650=CARTESIAN_POINT('',(-0.0909563844809983,-0.0200328581828343,0.02825));
#13651=CARTESIAN_POINT('',(0.0933336155190048,0.0338071418171658,0.0282499999999991));
#13652=CARTESIAN_POINT('',(0.0883336155190048,0.0338071418171658,0.0282499999999991));
#13653=CARTESIAN_POINT('',(-0.0956022034809976,0.0170826418171652,0.02825));
#13654=CARTESIAN_POINT('',(-0.0960022034809976,0.0170826418171652,0.02825));
#13655=CARTESIAN_POINT('',(-0.0952022034809976,0.0170826418171652,0.02825));
#13656=CARTESIAN_POINT('',(-0.0952022034809976,0.0203826418171652,0.02825));
#13657=CARTESIAN_POINT('',(-0.0952022034809976,0.0236826418171652,0.02825));
#13658=CARTESIAN_POINT('',(-0.0956022034809976,0.0236826418171652,0.02825));
#13659=CARTESIAN_POINT('',(-0.0960022034809976,0.0236826418171652,0.02825));
#13660=CARTESIAN_POINT('',(-0.0960022034809976,0.0203826418171652,0.02825));
#13661=CARTESIAN_POINT('',(0.0970786155190328,-0.00727590418283913,0.0282499999999992));
#13662=CARTESIAN_POINT('',(0.0966786155190328,-0.00727590418283913,0.0282499999999992));
#13663=CARTESIAN_POINT('',(0.0974786155190328,-0.00727590418283918,0.0282499999999992));
#13664=CARTESIAN_POINT('',(0.0974786155190328,-0.00417590418283918,0.0282499999999992));
#13665=CARTESIAN_POINT('',(0.0974786155190328,-0.00107590418283918,0.0282499999999992));
#13666=CARTESIAN_POINT('',(0.0970786155190328,-0.00107590418283912,0.0282499999999992));
#13667=CARTESIAN_POINT('',(0.0966786155190328,-0.00107590418283912,0.0282499999999992));
#13668=CARTESIAN_POINT('',(0.0966786155190328,-0.00417590418283918,0.0282499999999992));
#13669=CARTESIAN_POINT('',(0.0974786155190328,0.0198990958171648,0.0282499999999991));
#13670=CARTESIAN_POINT('',(0.0974786155190328,0.0231990958171648,0.0282499999999991));
#13671=CARTESIAN_POINT('',(0.0974786155190328,0.0165990958171648,0.0282499999999991));
#13672=CARTESIAN_POINT('',(0.0970786155190328,0.0231990958171648,0.0282499999999991));
#13673=CARTESIAN_POINT('',(0.0966786155190328,0.0231990958171647,0.0282499999999991));
#13674=CARTESIAN_POINT('',(0.0966786155190328,0.0198990958171648,0.0282499999999991));
#13675=CARTESIAN_POINT('',(0.0966786155190328,0.0165990958171648,0.0282499999999992));
#13676=CARTESIAN_POINT('',(0.0970786155190328,0.0165990958171648,0.0282499999999992));
#13677=CARTESIAN_POINT('',(0.102578615519034,0.0110990958171639,0.0282499999999991));
#13678=CARTESIAN_POINT('',(0.102178615519034,0.0110990958171639,0.0282499999999991));
#13679=CARTESIAN_POINT('',(0.102978615519034,0.0110990958171639,0.0282499999999991));
#13680=CARTESIAN_POINT('',(0.102978615519034,0.0143990958171638,0.0282499999999991));
#13681=CARTESIAN_POINT('',(0.102978615519034,0.0176990958171638,0.0282499999999991));
#13682=CARTESIAN_POINT('',(0.102578615519034,0.0176990958171639,0.0282499999999991));
#13683=CARTESIAN_POINT('',(0.102178615519034,0.0176990958171639,0.0282499999999991));
#13684=CARTESIAN_POINT('',(0.102178615519034,0.0143990958171638,0.0282499999999991));
#13685=CARTESIAN_POINT('',(-0.106647565480999,0.0236826418171654,0.02825));
#13686=CARTESIAN_POINT('',(-0.106247565480999,0.0236826418171654,0.02825));
#13687=CARTESIAN_POINT('',(-0.107047565480999,0.0236826418171653,0.02825));
#13688=CARTESIAN_POINT('',(-0.107047565480999,0.0203826418171653,0.02825));
#13689=CARTESIAN_POINT('',(-0.107047565480999,0.0170826418171653,0.02825));
#13690=CARTESIAN_POINT('',(-0.106647565480999,0.0170826418171654,0.02825));
#13691=CARTESIAN_POINT('',(-0.106247565480999,0.0170826418171654,0.02825));
#13692=CARTESIAN_POINT('',(-0.106247565480999,0.0203826418171653,0.02825));
#13693=CARTESIAN_POINT('',(0.102578615519034,0.0220990958171657,0.0282499999999991));
#13694=CARTESIAN_POINT('',(0.102178615519034,0.0220990958171657,0.0282499999999991));
#13695=CARTESIAN_POINT('',(0.102978615519034,0.0220990958171657,0.0282499999999991));
#13696=CARTESIAN_POINT('',(0.102978615519034,0.0253990958171657,0.0282499999999991));
#13697=CARTESIAN_POINT('',(0.102978615519034,0.0286990958171657,0.0282499999999991));
#13698=CARTESIAN_POINT('',(0.102578615519034,0.0286990958171657,0.0282499999999991));
#13699=CARTESIAN_POINT('',(0.102178615519034,0.0286990958171657,0.0282499999999991));
#13700=CARTESIAN_POINT('',(0.102178615519034,0.0253990958171657,0.0282499999999991));
#13701=CARTESIAN_POINT('',(0.116199016896862,5.01349040448045E-17,0.0282499999999991));
#13702=CARTESIAN_POINT('',(0.111349016896862,5.01349040448045E-17,0.0282499999999991));
#13703=CARTESIAN_POINT('',(0.101795939253951,-0.0458028519523479,0.0282499999999992));
#13704=CARTESIAN_POINT('',(0.096945939253951,-0.0458028519523479,0.0282499999999992));
#13705=CARTESIAN_POINT('',(-0.101342144229185,-0.0488212694450071,0.02825));
#13706=CARTESIAN_POINT('',(-0.106192144229185,-0.0488212694450071,0.02825));
#13707=CARTESIAN_POINT('',(-0.115192256911295,5.01349040448045E-17,0.02825));
#13708=CARTESIAN_POINT('',(-0.120042256911295,5.01349040448045E-17,0.02825));
#13709=CARTESIAN_POINT('',(0.106700018174837,-0.0694979618027713,0.02825));
#13710=CARTESIAN_POINT('',(0.113173645293296,-0.060506813027135,0.02825));
#13711=CARTESIAN_POINT('',(0.117152298256971,-0.0444979618027721,0.02825));
#13712=CARTESIAN_POINT('',(0.10827552976005,-0.0671467859198883,0.02825));
#13713=CARTESIAN_POINT('',(0.117152298256971,-0.0444979618027721,0.02825));
#13714=CARTESIAN_POINT('',(0.104034806850382,-0.0644979618027714,0.0282499999999992));
#13715=CARTESIAN_POINT('',(0.104034806850382,-0.0694979618027713,0.0282499999999992));
#13716=CARTESIAN_POINT('',(-0.106701981825162,-0.0694979618027714,0.02825));
#13717=CARTESIAN_POINT('',(0.0842659538648146,-0.0694979618027714,0.0282499999999993));
#13718=CARTESIAN_POINT('',(0.0842659538648145,-0.00772399340138566,0.0282499999999992));
#13719=CARTESIAN_POINT('',(0.0842659538648146,-0.0671000424026324,0.0282499999999993));
#13720=CARTESIAN_POINT('',(0.0847959392539511,-0.062279086534,0.0282499999999993));
#13721=CARTESIAN_POINT('',(0.0824035363893504,-0.0664979618027713,0.0282499999999993));
#13722=CARTESIAN_POINT('',(-0.000188593150278575,-0.0664979618027714,0.0282499999999996));
#13723=CARTESIAN_POINT('',(0.061795939253951,-0.0664979618027714,0.0282499999999994));
#13724=CARTESIAN_POINT('',(0.061795939253951,-0.0608526695985404,0.0282499999999994));
#13725=CARTESIAN_POINT('',(0.061795939253951,-0.0534423581828345,0.0282499999999994));
#13726=CARTESIAN_POINT('',(-0.0813248844809982,-0.0534423581828345,0.02825));
#13727=CARTESIAN_POINT('',(0.0789251155190047,-0.0534423581828345,0.0282499999999993));
#13728=CARTESIAN_POINT('',(0.0789251155190047,-0.00331735818283446,0.0282499999999992));
#13729=CARTESIAN_POINT('',(0.0789251155190047,0.0428576418171663,0.0282499999999992));
#13730=CARTESIAN_POINT('',(0.0789271155190047,0.0428576418171663,0.0282499999999992));
#13731=CARTESIAN_POINT('',(-0.0763748844809982,0.0428576418171663,0.0282499999999997));
#13732=CARTESIAN_POINT('',(-0.0763748844809982,0.0468326418171663,0.0282499999999997));
#13733=CARTESIAN_POINT('',(-0.0763748844809982,-0.0534423581828345,0.0282499999999995));
#13734=CARTESIAN_POINT('',(-0.0813248844809982,-0.0534423581828345,0.02825));
#13735=CARTESIAN_POINT('',(-0.0612751181242124,-0.0534423581828345,0.02825));
#13736=CARTESIAN_POINT('',(-0.0612751181242124,-0.0608526695985404,0.02825));
#13737=CARTESIAN_POINT('',(-0.0612751181242124,-0.0664979618027714,0.02825));
#13738=CARTESIAN_POINT('',(-0.000188593150278575,-0.0664979618027714,0.0282499999999996));
#13739=CARTESIAN_POINT('',(-0.0720286507481768,-0.0664979618027714,0.02825));
#13740=CARTESIAN_POINT('',(-0.0732748844809948,-0.0618108089907557,0.02825));
#13741=CARTESIAN_POINT('',(-0.0745211182138127,-0.0664979618027714,0.02825));
#13742=CARTESIAN_POINT('',(-0.000188593150278575,-0.0664979618027714,0.0282499999999996));
#13743=CARTESIAN_POINT('',(-0.0842659175151395,-0.0664979618027714,0.0282499999999996));
#13744=CARTESIAN_POINT('',(-0.0842659175151395,-0.00772399340138573,0.02825));
#13745=CARTESIAN_POINT('',(-0.0842659175151395,-0.0694979618027714,0.02825));
#13746=CARTESIAN_POINT('',(-0.106701981825162,-0.0694979618027714,0.02825));
#13747=CARTESIAN_POINT('',(-0.104034770500707,-0.0694979618027714,0.02825));
#13748=CARTESIAN_POINT('',(-0.104034770500707,-0.0644979618027714,0.02825));
#13749=CARTESIAN_POINT('',(-0.108275493410375,-0.0671467859198884,0.02825));
#13750=CARTESIAN_POINT('',(-0.106699981825162,-0.0694979618027714,0.02825));
#13751=CARTESIAN_POINT('',(-0.124699981825162,-0.0444979618027715,0.02825));
#13752=CARTESIAN_POINT('',(-0.123410715890493,0.0347576418171662,0.02825));
#13753=CARTESIAN_POINT('',(-0.12343982849454,0.0327926045179269,0.02825));
#13754=CARTESIAN_POINT('',(-0.123448961819506,0.0333971148284674,0.02825));
#13755=CARTESIAN_POINT('',(-0.122634964115946,-0.0228568106249047,0.02825));
#13756=CARTESIAN_POINT('',(-0.108838680308246,-0.054409905347337,0.02825));
#13757=CARTESIAN_POINT('',(-0.123448961819506,0.0333971148284674,0.02825));
#13758=CARTESIAN_POINT('',(-0.107450636617708,0.0336286115617201,0.02825));
#13759=CARTESIAN_POINT('',(-0.115704327685804,0.0473354194961895,0.02825));
#13760=CARTESIAN_POINT('',(-0.115704327685804,0.0473354194961895,0.02825));
#13761=CARTESIAN_POINT('',(-0.107763171277361,0.0521172660086737,0.02825));
#13762=CARTESIAN_POINT('',(-0.0954107522352091,0.0534681304727179,0.02825));
#13763=CARTESIAN_POINT('',(-0.0954107522584566,0.0534681304701755,0.02825));
#13764=CARTESIAN_POINT('',(-0.0954107522584566,0.0534681304701755,0.02825));
#13765=CARTESIAN_POINT('',(-0.090547292255544,0.054,0.0282499999999997));
#13766=CARTESIAN_POINT('',(-0.085,0.054,0.0282499999999997));
#13767=CARTESIAN_POINT('',(-0.085,0.054,0.0282499999999997));
#13768=CARTESIAN_POINT('',(-0.0814000028043582,0.0539955065190528,0.0282499999999997));
#13769=CARTESIAN_POINT('',(-0.073,-0.0077239934013857,0.02825));
#13770=CARTESIAN_POINT('',(-0.073,0.0515,0.0282499999999996));
#13771=CARTESIAN_POINT('',(-0.000188593150278609,0.0515,0.0282499999999994));
#13772=CARTESIAN_POINT('',(-0.0631915204428899,0.0515,0.0282499999999996));
#13773=CARTESIAN_POINT('',(-0.0631915204428899,-0.0077239934013857,0.02825));
#13774=CARTESIAN_POINT('',(0.0117451359618692,-0.00772399340138569,0.0282499999999994));
#13775=CARTESIAN_POINT('',(0.0117451359618692,0.0515,0.0282499999999993));
#13776=CARTESIAN_POINT('',(-0.000188593150278609,0.0515,0.0282499999999994));
#13777=CARTESIAN_POINT('',(0.0215536155189793,0.0515,0.0282499999999993));
#13778=CARTESIAN_POINT('',(0.0215536155189793,-0.00772399340138569,0.0282499999999994));
#13779=CARTESIAN_POINT('',(0.0215536156156498,0.0539964976030765,0.0282499999999993));
#13780=CARTESIAN_POINT('',(0.0035999971956418,0.0539955065190528,0.0282499999999993));
#13781=CARTESIAN_POINT('',(0.085,0.054,0.0282499999999991));
#13782=CARTESIAN_POINT('',(0.095410752249304,0.0534681304711765,0.0282499999999991));
#13783=CARTESIAN_POINT('',(0.0905472922503243,0.054,0.0282499999999991));
#13784=CARTESIAN_POINT('',(0.085,0.054,0.0282499999999991));
#13785=CARTESIAN_POINT('',(0.095410752249304,0.0534681304711765,0.0282499999999991));
#13786=CARTESIAN_POINT('',(0.115704327685804,0.0473354194961895,0.028249999999999));
#13787=CARTESIAN_POINT('',(0.107763171277361,0.0521172660086737,0.028249999999999));
#13788=CARTESIAN_POINT('',(0.0954107522352092,0.0534681304727179,0.0282499999999991));
#13789=CARTESIAN_POINT('',(0.115704327685804,0.0473354194961895,0.028249999999999));
#13790=CARTESIAN_POINT('',(0.107450636617708,0.0336286115617198,0.0282499999999991));
#13791=CARTESIAN_POINT('',(0.123448961819506,0.0333971148284674,0.028249999999999));
#13792=CARTESIAN_POINT('',(0.123448961819506,0.0333971148284675,0.02825));
#13793=CARTESIAN_POINT('',(0.122634964115946,-0.0228568106249047,0.02825));
#13794=CARTESIAN_POINT('',(0.108838680308246,-0.054409905347337,0.02825));
#13795=CARTESIAN_POINT('',(0.12343984816561,0.0327938536815028,0.02825));
#13796=CARTESIAN_POINT('',(0.117152298256971,-0.0444979618027721,0.02825));
#13797=CARTESIAN_POINT('',(0.124236338901639,-0.0159940048647824,0.02825));
#13798=CARTESIAN_POINT('',(0.123410752240168,0.0347576418171663,0.02825));
#13799=CARTESIAN_POINT('',(-0.101124884480998,0.0226053228171663,0.02825));
#13800=CARTESIAN_POINT('',(-0.101524884480998,0.0226053228171663,0.02825));
#13801=CARTESIAN_POINT('',(-0.100724884480998,0.0226053228171662,0.02825));
#13802=CARTESIAN_POINT('',(-0.100724884480998,0.0259053228171662,0.02825));
#13803=CARTESIAN_POINT('',(-0.100724884480998,0.0292053228171662,0.02825));
#13804=CARTESIAN_POINT('',(-0.101124884480998,0.0292053228171663,0.02825));
#13805=CARTESIAN_POINT('',(-0.101524884480998,0.0292053228171663,0.02825));
#13806=CARTESIAN_POINT('',(-0.101524884480998,0.0259053228171662,0.02825));
#13807=CARTESIAN_POINT('',(0.0970436155190328,-0.000822858182838087,0.0282499999999992));
#13808=CARTESIAN_POINT('',(0.0966436155190328,-0.000822858182838086,0.0282499999999992));
#13809=CARTESIAN_POINT('',(0.0974436155190328,-0.000822858182838129,0.0282499999999992));
#13810=CARTESIAN_POINT('',(0.0974436155190328,0.00227714181716187,0.0282499999999992));
#13811=CARTESIAN_POINT('',(0.0974436155190328,0.00537714181716187,0.0282499999999992));
#13812=CARTESIAN_POINT('',(0.0970436155190328,0.00537714181716193,0.0282499999999992));
#13813=CARTESIAN_POINT('',(0.0966436155190328,0.00537714181716193,0.0282499999999992));
#13814=CARTESIAN_POINT('',(0.0966436155190328,0.00227714181716187,0.0282499999999992));
#13815=CARTESIAN_POINT('',(0.108078615519034,0.0165990958171648,0.0282499999999991));
#13816=CARTESIAN_POINT('',(0.107678615519034,0.0165990958171648,0.0282499999999991));
#13817=CARTESIAN_POINT('',(0.108478615519034,0.0165990958171647,0.0282499999999991));
#13818=CARTESIAN_POINT('',(0.108478615519034,0.0198990958171647,0.0282499999999991));
#13819=CARTESIAN_POINT('',(0.108478615519034,0.0231990958171647,0.0282499999999991));
#13820=CARTESIAN_POINT('',(0.108078615519034,0.0231990958171648,0.0282499999999991));
#13821=CARTESIAN_POINT('',(0.107678615519034,0.0231990958171648,0.0282499999999991));
#13822=CARTESIAN_POINT('',(0.107678615519034,0.0198990958171647,0.0282499999999991));
#13823=CARTESIAN_POINT('',(-0.0936248844809973,-0.00129235818283775,0.02825));
#13824=CARTESIAN_POINT('',(-0.0940248844809973,-0.00129235818283775,0.02825));
#13825=CARTESIAN_POINT('',(-0.0932248844809973,-0.00129235818283779,0.02825));
#13826=CARTESIAN_POINT('',(-0.0932248844809973,0.00180764181716221,0.02825));
#13827=CARTESIAN_POINT('',(-0.0932248844809973,0.00490764181716221,0.02825));
#13828=CARTESIAN_POINT('',(-0.0936248844809973,0.00490764181716227,0.02825));
#13829=CARTESIAN_POINT('',(-0.0940248844809973,0.00490764181716227,0.02825));
#13830=CARTESIAN_POINT('',(-0.0940248844809973,0.00180764181716221,0.02825));
#13831=CARTESIAN_POINT('',(-0.101124884480998,0.0115599608171644,0.02825));
#13832=CARTESIAN_POINT('',(-0.101524884480998,0.0115599608171644,0.02825));
#13833=CARTESIAN_POINT('',(-0.100724884480998,0.0115599608171644,0.02825));
#13834=CARTESIAN_POINT('',(-0.100724884480998,0.0148599608171643,0.02825));
#13835=CARTESIAN_POINT('',(-0.100724884480998,0.0181599608171643,0.02825));
#13836=CARTESIAN_POINT('',(-0.101124884480998,0.0181599608171644,0.02825));
#13837=CARTESIAN_POINT('',(-0.101524884480998,0.0181599608171644,0.02825));
#13838=CARTESIAN_POINT('',(-0.101524884480998,0.0148599608171644,0.02825));
#13839=CARTESIAN_POINT('',(0.00359999719564183,0.0539955065190529,0.0392499999999993));
#13840=CARTESIAN_POINT('',(0.0215536157123202,0.0539964976030818,0.0392499999999993));
#13841=CARTESIAN_POINT('',(0.0215536157123202,0.0539964976030818,0.0338295374797912));
#13842=CARTESIAN_POINT('',(0.00359999719564181,0.0539955065190529,0.0338295374797912));
#13843=CARTESIAN_POINT('',(0.085,0.054,0.033829537479791));
#13844=CARTESIAN_POINT('',(0.085,0.054,0.0392499999999991));
#13845=CARTESIAN_POINT('',(-0.0813248844809982,-0.0534423581828345,0.028248));
#13846=CARTESIAN_POINT('',(0.061795939253951,-0.0534423581828345,0.0317499999999993));
#13847=CARTESIAN_POINT('',(0.061795939253951,-0.0534423581828345,0.0312499999999994));
#13848=CARTESIAN_POINT('',(0.0789251155190047,-0.0534423581828349,0.0312499999999994));
#13849=CARTESIAN_POINT('',(0.0789251155190047,-0.0534423581828349,0.0312499999999994));
#13850=CARTESIAN_POINT('',(0.0789251155190047,-0.0534423581828349,0.0282479999999992));
#13851=CARTESIAN_POINT('',(0.0839001155190047,0.046857641817166,0.0282479999999991));
#13852=CARTESIAN_POINT('',(-0.0813748844809982,0.0468576418171663,0.0282479999999996));
#13853=CARTESIAN_POINT('',(-0.0813748844809982,0.0468576418171663,0.0312499999999995));
#13854=CARTESIAN_POINT('',(-0.0813748844809982,0.0468576418171663,0.03525));
#13855=CARTESIAN_POINT('',(0.0789251155190047,0.0468576418171661,0.0312499999999994));
#13856=CARTESIAN_POINT('',(0.0839251155190047,0.0468576418171661,0.0312499999999994));
#13857=CARTESIAN_POINT('',(0.0839251155190047,0.0468576418171661,0.0282479999999991));
#13858=CARTESIAN_POINT('',(0.0839251155190047,0.0468576418171662,0.0352499999999991));
#13859=CARTESIAN_POINT('',(0.0789251155190047,0.0468576418171662,0.0352499999999991));
#13860=CARTESIAN_POINT('',(0.0789251155190047,-0.00329235818283436,0.0337499999999993));
#13861=CARTESIAN_POINT('',(0.0789251155190047,-0.0534423581828349,0.0282479999999992));
#13862=CARTESIAN_POINT('',(0.0789251155190047,-0.0534423581828345,0.0352499999999993));
#13863=CARTESIAN_POINT('',(0.0789251155190047,-0.0534423581828349,0.0372499999999993));
#13864=CARTESIAN_POINT('',(0.0789251155190047,-0.00329235818283435,0.0372499999999992));
#13865=CARTESIAN_POINT('',(0.0789251155190047,0.0428576418171663,0.0372499999999991));
#13866=CARTESIAN_POINT('',(0.0789251155190047,0.0428576418171663,0.0372499999999991));
#13867=CARTESIAN_POINT('',(0.0789251155190047,0.0428576418171663,0.0352499999999992));
#13868=CARTESIAN_POINT('',(0.0789251155190047,-0.00329235818283436,0.0352499999999992));
#13869=CARTESIAN_POINT('',(-0.0763748844809982,-0.0032923581828341,0.03375));
#13870=CARTESIAN_POINT('',(-0.0763748844809982,0.0428576418171663,0.03725));
#13871=CARTESIAN_POINT('',(-0.0763748844809982,0.0428576418171663,0.03525));
#13872=CARTESIAN_POINT('',(-0.0763748844809982,0.0428576418171663,0.03725));
#13873=CARTESIAN_POINT('',(-0.0763748844809982,-0.00329235818283409,0.03725));
#13874=CARTESIAN_POINT('',(-0.0763748844809982,-0.0534423581828345,0.03725));
#13875=CARTESIAN_POINT('',(-0.0763748844809982,-0.0534423581828345,0.028248));
#13876=CARTESIAN_POINT('',(-0.0763748844809982,-0.0534423581828345,0.03525));
#13877=CARTESIAN_POINT('',(-0.0763748844809982,-0.0032923581828341,0.03525));
#13878=CARTESIAN_POINT('',(-0.000796620007216206,-0.031139543267,0.0312499999999995));
#13879=CARTESIAN_POINT('',(0.0847959392539511,-0.062279086534,0.0312499999999993));
#13880=CARTESIAN_POINT('',(0.0839251155190047,-0.0602044381245932,0.0312499999999993));
#13881=CARTESIAN_POINT('',(0.0839251155190047,-0.0643537349434067,0.0312499999999994));
#13882=CARTESIAN_POINT('',(0.0839251155190047,-0.0694999618027718,0.0312499999999994));
#13883=CARTESIAN_POINT('',(-0.0813248844809982,-0.0534423581828345,0.028248));
#13884=CARTESIAN_POINT('',(-0.0813248844809982,-0.0534423581828345,0.03725));
#13885=CARTESIAN_POINT('',(-0.0763748844809982,-0.0534423581828345,0.03525));
#13886=CARTESIAN_POINT('',(-0.0813248844809982,-0.0534423581828345,0.028248));
#13887=CARTESIAN_POINT('',(-0.0612751181242124,-0.0534423581828345,0.03175));
#13888=CARTESIAN_POINT('',(-0.0612751181242124,-0.0534423581828345,0.03125));
#13889=CARTESIAN_POINT('',(-0.0763748844809982,-0.0534423581828345,0.028248));
#13890=CARTESIAN_POINT('',(-0.0763748844809982,-0.0534423581828349,0.03125));
#13891=CARTESIAN_POINT('',(0.0789251155190047,-0.0534423581828349,0.0312499999999994));
#13892=CARTESIAN_POINT('',(1.81748375525777E-8,-0.0664979618027714,0.0278927669529663));
#13893=CARTESIAN_POINT('',(0.061797939253951,-0.0664979618027714,0.0282499999999994));
#13894=CARTESIAN_POINT('',(0.0824035363893504,-0.0664979618027714,0.0232479999999993));
#13895=CARTESIAN_POINT('',(0.0824035363893504,-0.0664979618027714,0.0232499999999993));
#13896=CARTESIAN_POINT('',(-0.000188593529616876,-0.0664979618027714,0.0232499999999996));
#13897=CARTESIAN_POINT('',(0.0864296481579821,-0.0664979618027714,0.0232499999999993));
#13898=CARTESIAN_POINT('',(0.087132986019826,-0.0664979618027714,0.0227575175272279));
#13899=CARTESIAN_POINT('',(0.0842659538648146,-0.0664979618027714,0.0247650350544566));
#13900=CARTESIAN_POINT('',(0.0842659538648146,-0.0664979618027713,0.0284999999999992));
#13901=CARTESIAN_POINT('',(0.0842659538648145,-0.0664979618027713,0.0322349649455419));
#13902=CARTESIAN_POINT('',(0.087132986019826,-0.0664979618027713,0.0342424824727705));
#13903=CARTESIAN_POINT('',(0.0900000181748375,-0.0664979618027713,0.0362499999999992));
#13904=CARTESIAN_POINT('',(-0.0449999818251624,-0.0664979618027714,0.03625));
#13905=CARTESIAN_POINT('',(-0.0899999818251624,-0.0664979618027714,0.03625));
#13906=CARTESIAN_POINT('',(-0.0871329496701509,-0.0664979618027714,0.0342424824727711));
#13907=CARTESIAN_POINT('',(-0.0842659175151395,-0.0664979618027714,0.0322349649455424));
#13908=CARTESIAN_POINT('',(-0.0842659175151395,-0.0664979618027714,0.0285));
#13909=CARTESIAN_POINT('',(-0.0745211182138127,-0.0664979618027714,0.023248));
#13910=CARTESIAN_POINT('',(-0.0745211182138127,-0.0664979618027714,0.02325));
#13911=CARTESIAN_POINT('',(-0.000188593529616876,-0.0664979618027714,0.0232499999999996));
#13912=CARTESIAN_POINT('',(-0.0720286507481769,-0.0664979618027714,0.02325));
#13913=CARTESIAN_POINT('',(-0.0720286507481768,-0.0664979618027714,0.023248));
#13914=CARTESIAN_POINT('',(-0.0763748844809982,-0.0664979618027714,0.03525));
#13915=CARTESIAN_POINT('',(0.0839251155190047,-0.0664979618027713,0.0352499999999994));
#13916=CARTESIAN_POINT('',(-0.0813748844809982,-0.0664979618027714,0.03525));
#13917=CARTESIAN_POINT('',(0.0839251155190047,-0.0664979618027713,0.0282479999999992));
#13918=CARTESIAN_POINT('',(0.0839251155190047,-0.0664979618027714,0.0312499999999994));
#13919=CARTESIAN_POINT('',(0.0789251155190047,-0.0664979618027713,0.0312499999999994));
#13920=CARTESIAN_POINT('',(-0.0813748844809982,-0.0664979618027714,0.0312499999999995));
#13921=CARTESIAN_POINT('',(-0.0813748844809982,-0.0664979618027714,0.028248));
#13922=CARTESIAN_POINT('',(-0.0001885935296169,-0.010980341749974,0.0232499999999995));
#13923=CARTESIAN_POINT('',(-0.0732748844809948,-0.0618108089907557,0.02325));
#13924=CARTESIAN_POINT('',(-0.0755248844809948,-0.0618108089907557,0.02325));
#13925=CARTESIAN_POINT('',(-0.0732748844809948,-0.0618108089907557,0.02325));
#13926=CARTESIAN_POINT('',(-0.0732748844809948,-0.0618108089907557,0.023248));
#13927=CARTESIAN_POINT('',(-0.0813748844809982,0.0468326418171663,0.0282479999999996));
#13928=CARTESIAN_POINT('',(-0.0813748844809982,-0.022035321103839,0.03325));
#13929=CARTESIAN_POINT('',(-0.0813748844809982,-0.022035321103839,0.03325));
#13930=CARTESIAN_POINT('',(-0.0813748844809982,-0.022035321103839,0.03125));
#13931=CARTESIAN_POINT('',(-0.0813748844809982,0.0468326418171663,0.0332499999999996));
#13932=CARTESIAN_POINT('',(-0.0813748844809982,-0.0180303952618295,0.03325));
#13933=CARTESIAN_POINT('',(-0.0813748844809982,-0.0180303952618295,0.03325));
#13934=CARTESIAN_POINT('',(-0.0813748844809982,-0.0180303952618295,0.03125));
#13935=CARTESIAN_POINT('',(-0.0813748844809982,-0.00329235818283411,0.0312499999999995));
#13936=CARTESIAN_POINT('',(-0.0813748844809982,-0.0032923581828341,0.03525));
#13937=CARTESIAN_POINT('',(-0.0813748844809982,-0.00329235818283411,0.0312499999999995));
#13938=CARTESIAN_POINT('',(0.0839251155190047,-0.00331735818283446,0.0282479999999992));
#13939=CARTESIAN_POINT('',(0.0839251155190047,-0.00329235818283436,0.0352499999999992));
#13940=CARTESIAN_POINT('',(0.0839251155190047,-0.00329235818283429,0.0312499999999994));
#13941=CARTESIAN_POINT('',(0.0839251155190047,-0.0694999618027718,0.0312499999999994));
#13942=CARTESIAN_POINT('',(-0.0814000028043581,0.0539955065190529,0.03925));
#13943=CARTESIAN_POINT('',(-0.085,0.054,0.03925));
#13944=CARTESIAN_POINT('',(-0.085,0.054,0.0338295374466635));
#13945=CARTESIAN_POINT('',(-0.0814000028043582,0.0539955065190529,0.0338295374797915));
#13946=CARTESIAN_POINT('',(-0.0954107522584565,0.0534681304701755,0.0338630453866446));
#13947=CARTESIAN_POINT('',(-0.0954107522584565,0.0534681304701755,0.02825));
#13948=CARTESIAN_POINT('',(-0.0921684455898482,0.0538227101567252,0.0338630453866446));
#13949=CARTESIAN_POINT('',(-0.0921684455898482,0.0538227101567252,0.02825));
#13950=CARTESIAN_POINT('',(-0.0886981948370294,0.054,0.0338630453866446));
#13951=CARTESIAN_POINT('',(-0.0886981948370294,0.054,0.02825));
#13952=CARTESIAN_POINT('',(-0.085,0.054,0.0338630453866446));
#13953=CARTESIAN_POINT('',(-0.085,0.054,0.02825));
#13954=CARTESIAN_POINT('',(-0.0954107522584565,0.0534681304701755,0.03925));
#13955=CARTESIAN_POINT('',(-0.0954107522584565,0.0534681304701755,0.0338295373688143));
#13956=CARTESIAN_POINT('',(-0.0954107522584565,0.0534681304701755,0.0338295374352631));
#13957=CARTESIAN_POINT('',(-0.0919543248208035,0.0538461264720006,0.0338292921363183));
#13958=CARTESIAN_POINT('',(-0.0884770348895973,0.054,0.0338293233195142));
#13959=CARTESIAN_POINT('',(-0.085,0.054,0.0338295374466635));
#13960=CARTESIAN_POINT('',(-0.115704327685804,0.0473354194961895,0.0338634215821253));
#13961=CARTESIAN_POINT('',(-0.115704327685804,0.0473354194961895,0.02825));
#13962=CARTESIAN_POINT('',(-0.110410223413508,0.050523317171179,0.0338634215821253));
#13963=CARTESIAN_POINT('',(-0.110410223413508,0.050523317171179,0.02825));
#13964=CARTESIAN_POINT('',(-0.10364569826331,0.0525675541633551,0.0338634215821253));
#13965=CARTESIAN_POINT('',(-0.10364569826331,0.0525675541633551,0.02825));
#13966=CARTESIAN_POINT('',(-0.095410752235209,0.0534681304727179,0.0338634215821253));
#13967=CARTESIAN_POINT('',(-0.095410752235209,0.0534681304727179,0.02825));
#13968=CARTESIAN_POINT('',(-0.115704327685804,0.0473354194961895,0.03925));
#13969=CARTESIAN_POINT('',(-0.115704327685804,0.0473354194961895,0.0338295374797917));
#13970=CARTESIAN_POINT('',(-0.115704327685804,0.0473354194961895,0.0338295370897172));
#13971=CARTESIAN_POINT('',(-0.11265646792149,0.0491707186434309,0.0338288356772179));
#13972=CARTESIAN_POINT('',(-0.105986616367616,0.051842655879497,0.0338300774897958));
#13973=CARTESIAN_POINT('',(-0.0989474425859461,0.0530813568942929,0.0338291413941617));
#13974=CARTESIAN_POINT('',(-0.095410752235209,0.0534681304727179,0.033829537368817));
#13975=CARTESIAN_POINT('',(-0.107450636617708,0.0336286115617201,0.03925));
#13976=CARTESIAN_POINT('',(-0.123448961819506,0.0333971148284675,0.03925));
#13977=CARTESIAN_POINT('',(-0.123448961819506,0.0333971148284675,0.0338295374797917));
#13978=CARTESIAN_POINT('',(-0.107450636617708,0.0336286115617201,0.0338295374797917));
#13979=CARTESIAN_POINT('',(0.34998794513806,0.0402475770201102,0.0327136299838318));
#13980=CARTESIAN_POINT('',(-0.12343982849454,0.0327926045179269,0.03925));
#13981=CARTESIAN_POINT('',(-0.123439828494514,0.0327926045179224,0.0338295374797771));
#13982=CARTESIAN_POINT('',(-0.123439828726266,0.0327926045142689,0.0338295374797771));
#13983=CARTESIAN_POINT('',(-0.123443001729585,0.0329941059814427,0.033829537479782));
#13984=CARTESIAN_POINT('',(-0.123446046087578,0.0331956094743686,0.0338295374797868));
#13985=CARTESIAN_POINT('',(-0.123448961797763,0.0333971148287822,0.0338295374797917));
#13986=CARTESIAN_POINT('',(-0.108275493410365,-0.0671467859199037,0.0338641951714944));
#13987=CARTESIAN_POINT('',(-0.108275493410365,-0.0671467859199037,0.02825));
#13988=CARTESIAN_POINT('',(-0.119044390968163,-0.0499059618538345,0.0338641951714944));
#13989=CARTESIAN_POINT('',(-0.119044390968163,-0.0499059618538345,0.02825));
#13990=CARTESIAN_POINT('',(-0.124099169329539,-0.0165928317078909,0.0338641951714944));
#13991=CARTESIAN_POINT('',(-0.124099169329539,-0.0165928317078909,0.02825));
#13992=CARTESIAN_POINT('',(-0.123439828494494,0.0327926045179271,0.0338641951714944));
#13993=CARTESIAN_POINT('',(-0.123439828494494,0.0327926045179271,0.02825));
#13994=CARTESIAN_POINT('',(-0.108275493410375,-0.0671467859198884,0.02825));
#13995=CARTESIAN_POINT('',(-0.108275493410375,-0.0671467859198884,0.0338295389101771));
#13996=CARTESIAN_POINT('',(-0.108275493410375,-0.0671467859198883,0.0338295389101772));
#13997=CARTESIAN_POINT('',(-0.109411789852931,-0.0653275944058197,0.0338295418103592));
#13998=CARTESIAN_POINT('',(-0.111436737485523,-0.0615253679227071,0.0338295310016302));
#13999=CARTESIAN_POINT('',(-0.114659927392107,-0.0536797024876666,0.0338295142903537));
#14000=CARTESIAN_POINT('',(-0.117593292496135,-0.0435023871388711,0.0338301591549224));
#14001=CARTESIAN_POINT('',(-0.120014867125563,-0.0309257269090085,0.0338294447324129));
#14002=CARTESIAN_POINT('',(-0.122181176978186,-0.0140040769908705,0.0338296550582084));
#14003=CARTESIAN_POINT('',(-0.123457404784805,0.00723779049543831,0.0338299696018926));
#14004=CARTESIAN_POINT('',(-0.123553562995765,0.0242737510498997,0.0338283413166778));
#14005=CARTESIAN_POINT('',(-0.123439828494494,0.0327926045179271,0.0338292369113718));
#14006=CARTESIAN_POINT('',(-0.106701981825162,-0.0694979618027714,0.03925));
#14007=CARTESIAN_POINT('',(0.104034806850382,-0.0694979618027713,0.0392499999999993));
#14008=CARTESIAN_POINT('',(0.104034806850382,-0.0694979618027713,0.0366129297391917));
#14009=CARTESIAN_POINT('',(-0.104034770500707,-0.0694979618027714,0.0366129297391924));
#14010=CARTESIAN_POINT('',(-0.104034770500707,-0.0694979618027714,0.0366129297391924));
#14011=CARTESIAN_POINT('',(-0.104034770500707,-0.0694979618027714,0.0282499999999996));
#14012=CARTESIAN_POINT('',(-0.0842659175151395,-0.0694979618027714,0.0285));
#14013=CARTESIAN_POINT('',(-0.0842659175151395,-0.0694979618027714,0.0322349649455424));
#14014=CARTESIAN_POINT('',(-0.0871329496701509,-0.0694979618027714,0.0342424824727711));
#14015=CARTESIAN_POINT('',(-0.0899999818251624,-0.0694979618027714,0.03625));
#14016=CARTESIAN_POINT('',(-0.0449999818251624,-0.0694979618027714,0.03625));
#14017=CARTESIAN_POINT('',(0.0900000181748375,-0.0694979618027713,0.0362499999999992));
#14018=CARTESIAN_POINT('',(0.087132986019826,-0.0694979618027713,0.0342424824727705));
#14019=CARTESIAN_POINT('',(0.0842659538648145,-0.0694979618027714,0.0322349649455419));
#14020=CARTESIAN_POINT('',(0.0842659538648146,-0.0694979618027714,0.0284999999999992));
#14021=CARTESIAN_POINT('',(0.108275529760002,-0.0671467859199659,0.033863217659852));
#14022=CARTESIAN_POINT('',(0.108275529760002,-0.0671467859199659,0.02825));
#14023=CARTESIAN_POINT('',(0.111871652756037,-0.0613894534203653,0.033863217659852));
#14024=CARTESIAN_POINT('',(0.111871652756037,-0.0613894534203654,0.02825));
#14025=CARTESIAN_POINT('',(0.11483057558836,-0.0538398453813007,0.033863217659852));
#14026=CARTESIAN_POINT('',(0.11483057558836,-0.0538398453813007,0.02825));
#14027=CARTESIAN_POINT('',(0.117152298256971,-0.044497961802772,0.033863217659852));
#14028=CARTESIAN_POINT('',(0.117152298256971,-0.044497961802772,0.02825));
#14029=CARTESIAN_POINT('',(0.117152298256971,-0.0444979618027721,0.0338295374770047));
#14030=CARTESIAN_POINT('',(0.116169854254634,-0.048451008226595,0.0338294644784926));
#14031=CARTESIAN_POINT('',(0.113855964165368,-0.0562473314432876,0.0338301049900687));
#14032=CARTESIAN_POINT('',(0.110433055992156,-0.0636926226700232,0.033828627626859));
#14033=CARTESIAN_POINT('',(0.10827552976005,-0.0671467859198884,0.0338293896713499));
#14034=CARTESIAN_POINT('',(0.117152298256971,-0.0444979618027721,0.0338295371106034));
#14035=CARTESIAN_POINT('',(0.10827552976005,-0.0671467859198884,0.0338293896713499));
#14036=CARTESIAN_POINT('',(0.10827552976005,-0.0671467859198883,0.0338293896713499));
#14037=CARTESIAN_POINT('',(0.117152298256971,-0.044497961802772,0.03925));
#14038=CARTESIAN_POINT('',(0.117152298256971,-0.044497961802772,0.0338641573942395));
#14039=CARTESIAN_POINT('',(0.117152298256971,-0.044497961802772,0.02825));
#14040=CARTESIAN_POINT('',(0.121783231108117,-0.0258645409638979,0.0338641573942395));
#14041=CARTESIAN_POINT('',(0.121783231108117,-0.0258645409638979,0.02825));
#14042=CARTESIAN_POINT('',(0.123879081077162,-0.000100602433953992,0.0338641573942395));
#14043=CARTESIAN_POINT('',(0.123879081077162,-0.000100602433954002,0.02825));
#14044=CARTESIAN_POINT('',(0.123439848164108,0.0327938537870597,0.0338641573942395));
#14045=CARTESIAN_POINT('',(0.123439848164108,0.0327938537870597,0.02825));
#14046=CARTESIAN_POINT('',(0.12343984816561,0.0327938536815029,0.03925));
#14047=CARTESIAN_POINT('',(0.123439848165077,0.0327938537177212,0.0338295685656697));
#14048=CARTESIAN_POINT('',(0.12343984816455,0.0327938537539488,0.0338295996515631));
#14049=CARTESIAN_POINT('',(0.123612884113437,0.0198350720894775,0.0338283037668632));
#14050=CARTESIAN_POINT('',(0.123343408335877,0.000381573949796803,0.0338295451885003));
#14051=CARTESIAN_POINT('',(0.120950670325815,-0.0254215670415628,0.0338300296647315));
#14052=CARTESIAN_POINT('',(0.118715072998807,-0.0382098407811352,0.0338282019381191));
#14053=CARTESIAN_POINT('',(0.117152298256971,-0.0444979618027721,0.0338295371106034));
#14054=CARTESIAN_POINT('',(-0.349990242054076,0.0402476110767695,0.0327404367816526));
#14055=CARTESIAN_POINT('',(0.123448961819506,0.0333971148284674,0.039249999999999));
#14056=CARTESIAN_POINT('',(0.123448961819506,0.0333971148284674,0.0338295374797909));
#14057=CARTESIAN_POINT('',(0.123448961797898,0.0333971148287803,0.0338295374797909));
#14058=CARTESIAN_POINT('',(0.123446052112638,0.0331960258823373,0.0338295374797861));
#14059=CARTESIAN_POINT('',(0.12344301431134,0.0329949387896876,0.0338295374797813));
#14060=CARTESIAN_POINT('',(0.123439848396471,0.032793853714078,0.0338295374797764));
#14061=CARTESIAN_POINT('',(0.107450636617708,0.0336286115617198,0.039249999999999));
#14062=CARTESIAN_POINT('',(0.115704327685804,0.0473354194961895,0.039249999999999));
#14063=CARTESIAN_POINT('',(0.115704327685804,0.0473354194961895,0.0338295371543462));
#14064=CARTESIAN_POINT('',(0.107450636617708,0.0336286115617198,0.0338295374797909));
#14065=CARTESIAN_POINT('',(0.115704327685804,0.0473354194961895,0.0338633895842392));
#14066=CARTESIAN_POINT('',(0.115704327685804,0.0473354194961895,0.028249999999999));
#14067=CARTESIAN_POINT('',(0.110410223413509,0.050523317171179,0.0338633895842392));
#14068=CARTESIAN_POINT('',(0.110410223413509,0.050523317171179,0.028249999999999));
#14069=CARTESIAN_POINT('',(0.10364569826331,0.0525675541633551,0.0338633895842392));
#14070=CARTESIAN_POINT('',(0.10364569826331,0.0525675541633551,0.028249999999999));
#14071=CARTESIAN_POINT('',(0.0954107522352093,0.0534681304727179,0.0338633895842392));
#14072=CARTESIAN_POINT('',(0.0954107522352093,0.0534681304727179,0.028249999999999));
#14073=CARTESIAN_POINT('',(0.095410752249304,0.0534681304711765,0.039249999999999));
#14074=CARTESIAN_POINT('',(0.095410752249304,0.0534681304711765,0.033829537436039));
#14075=CARTESIAN_POINT('',(0.0954107522352093,0.0534681304727179,0.0338295373625698));
#14076=CARTESIAN_POINT('',(0.0989543436491804,0.0530806009226642,0.0338291299174733));
#14077=CARTESIAN_POINT('',(0.105965147592722,0.0518472229389601,0.0338300575979339));
#14078=CARTESIAN_POINT('',(0.11265051900824,0.0491742972999187,0.0338288959563177));
#14079=CARTESIAN_POINT('',(0.115704327685804,0.0473354194961895,0.0338295371543459));
#14080=CARTESIAN_POINT('',(0.095410752249304,0.0534681304711765,0.0338630451428642));
#14081=CARTESIAN_POINT('',(0.095410752249304,0.0534681304711765,0.0282499999999991));
#14082=CARTESIAN_POINT('',(0.0921684455833175,0.0538227101570588,0.0338630451428643));
#14083=CARTESIAN_POINT('',(0.0921684455833175,0.0538227101570588,0.0282499999999991));
#14084=CARTESIAN_POINT('',(0.0886981948335495,0.054,0.0338630451428643));
#14085=CARTESIAN_POINT('',(0.0886981948335495,0.054,0.0282499999999991));
#14086=CARTESIAN_POINT('',(0.085,0.054,0.0338630451428643));
#14087=CARTESIAN_POINT('',(0.085,0.054,0.0282499999999991));
#14088=CARTESIAN_POINT('',(0.085,0.054,0.0338295374463341));
#14089=CARTESIAN_POINT('',(0.0884767897252039,0.0539999991621707,0.0338293224954395));
#14090=CARTESIAN_POINT('',(0.0919545683889769,0.0538460985970013,0.0338292946139155));
#14091=CARTESIAN_POINT('',(0.095410752249304,0.0534681304711765,0.033829537436039));
#14092=CARTESIAN_POINT('',(-0.0001885935296169,-0.010980341749974,0.0232499999999995));
#14093=CARTESIAN_POINT('',(-0.115192256911295,4.11153470828991E-17,0.02325));
#14094=CARTESIAN_POINT('',(-0.117442256911295,4.11153470828991E-17,0.02325));
#14095=CARTESIAN_POINT('',(-0.115192256911295,4.12531198478032E-17,0.02325));
#14096=CARTESIAN_POINT('',(-0.110342256911295,4.12531198478032E-17,0.02325));
#14097=CARTESIAN_POINT('',(-0.115192256911295,4.12495671341244E-17,0.023248));
#14098=CARTESIAN_POINT('',(-0.0001885935296169,-0.010980341749974,0.0232499999999995));
#14099=CARTESIAN_POINT('',(-0.101342144229185,-0.0488212694450071,0.02325));
#14100=CARTESIAN_POINT('',(-0.103592144229185,-0.0488212694450071,0.02325));
#14101=CARTESIAN_POINT('',(-0.101342144229185,-0.0488212694450071,0.02325));
#14102=CARTESIAN_POINT('',(-0.096492144229185,-0.0488212694450071,0.02325));
#14103=CARTESIAN_POINT('',(-0.101342144229185,-0.0488212694450071,0.023248));
#14104=CARTESIAN_POINT('',(-0.0001885935296169,-0.010980341749974,0.0232499999999995));
#14105=CARTESIAN_POINT('',(0.084795939253951,-0.062279086534,0.0232499999999993));
#14106=CARTESIAN_POINT('',(0.082545939253951,-0.062279086534,0.0232499999999993));
#14107=CARTESIAN_POINT('',(0.084795939253951,-0.062279086534,0.0232499999999993));
#14108=CARTESIAN_POINT('',(0.0864296481579821,-0.0668456492694597,0.0232499999999993));
#14109=CARTESIAN_POINT('',(0.086429648157982,-0.0109803417499739,0.0232499999999992));
#14110=CARTESIAN_POINT('',(0.084795939253951,-0.062279086534,0.0232479999999993));
#14111=CARTESIAN_POINT('',(0.0842659538648146,-0.0671000424026324,0.0232479999999993));
#14112=CARTESIAN_POINT('',(0.0842659538648146,-0.0671000424026324,0.0247650350544566));
#14113=CARTESIAN_POINT('',(0.084795939253951,-0.062279086534,0.0243939352898422));
#14114=CARTESIAN_POINT('',(-0.0001885935296169,-0.010980341749974,0.0232499999999995));
#14115=CARTESIAN_POINT('',(0.101795939253951,-0.0458028519523479,0.0232499999999992));
#14116=CARTESIAN_POINT('',(0.099545939253951,-0.0458028519523479,0.0232499999999992));
#14117=CARTESIAN_POINT('',(0.101795939253951,-0.0458028519523479,0.0232499999999992));
#14118=CARTESIAN_POINT('',(0.106645939253951,-0.0458028519523479,0.0232499999999992));
#14119=CARTESIAN_POINT('',(0.101795939253951,-0.0458028519523479,0.0232479999999992));
#14120=CARTESIAN_POINT('',(-0.0001885935296169,-0.010980341749974,0.0232499999999995));
#14121=CARTESIAN_POINT('',(0.116199016896862,4.11153470828991E-17,0.0232499999999991));
#14122=CARTESIAN_POINT('',(0.113949016896862,4.11153470828991E-17,0.0232499999999991));
#14123=CARTESIAN_POINT('',(0.116199016896862,4.12531198478032E-17,0.0232499999999991));
#14124=CARTESIAN_POINT('',(0.121049016896862,4.12531198478032E-17,0.0232499999999991));
#14125=CARTESIAN_POINT('',(0.116199016896862,4.12495671341244E-17,0.0232479999999991));
#14126=CARTESIAN_POINT('',(0.116199016896862,5.53262017981013E-17,0.0312499999999991));
#14127=CARTESIAN_POINT('',(0.116199016896862,5.53262017981013E-17,0.0312499999999991));
#14128=CARTESIAN_POINT('',(0.113949016896862,5.53262017981013E-17,0.0312499999999991));
#14129=CARTESIAN_POINT('',(-0.000796620007216206,-0.031139543267,0.0312499999999995));
#14130=CARTESIAN_POINT('',(0.101795939253951,-0.0458028519523479,0.0312499999999992));
#14131=CARTESIAN_POINT('',(0.101795939253951,-0.0458028519523479,0.0312499999999992));
#14132=CARTESIAN_POINT('',(0.099545939253951,-0.0458028519523479,0.0312499999999992));
#14133=CARTESIAN_POINT('',(-0.000796620007216206,-0.031139543267,0.0312499999999995));
#14134=CARTESIAN_POINT('',(0.0847959392539511,-0.062279086534,0.0312499999999993));
#14135=CARTESIAN_POINT('',(0.0847959392539511,-0.062279086534,0.0312499999999993));
#14136=CARTESIAN_POINT('',(-0.0732748844809948,-0.0618108089907557,0.03125));
#14137=CARTESIAN_POINT('',(-0.0732748844809948,-0.0618108089907557,0.03125));
#14138=CARTESIAN_POINT('',(-0.0755248844809948,-0.0618108089907557,0.03125));
#14139=CARTESIAN_POINT('',(-0.101342144229185,-0.0488212694450071,0.03125));
#14140=CARTESIAN_POINT('',(-0.101342144229185,-0.0488212694450071,0.03125));
#14141=CARTESIAN_POINT('',(-0.103592144229185,-0.0488212694450071,0.03125));
#14142=CARTESIAN_POINT('',(-0.000796620007216206,-0.031139543267,0.0312499999999995));
#14143=CARTESIAN_POINT('',(-0.115192256911295,5.53262017981013E-17,0.03125));
#14144=CARTESIAN_POINT('',(-0.115192256911295,5.53262017981013E-17,0.03125));
#14145=CARTESIAN_POINT('',(-0.117442256911295,5.53262017981013E-17,0.03125));
#14146=CARTESIAN_POINT('',(-0.000796620007216206,-0.031139543267,0.0312499999999995));
#14147=CARTESIAN_POINT('',(0.0789251155190047,-0.00329235818283429,0.0312499999999994));
#14148=CARTESIAN_POINT('',(-0.0859563844809983,-0.0200328581828343,0.03125));
#14149=CARTESIAN_POINT('',(0.061795939253951,-0.00329235818283429,0.0312499999999994));
#14150=CARTESIAN_POINT('',(0.061795939253951,-0.0660809670470297,0.0312499999999996));
#14151=CARTESIAN_POINT('',(0.000260410564869312,-0.0660809670470298,0.0312499999999996));
#14152=CARTESIAN_POINT('',(-0.0612751181242124,-0.0660809670470298,0.03125));
#14153=CARTESIAN_POINT('',(-0.0612751181242124,-0.00329235818283429,0.03125));
#14154=CARTESIAN_POINT('',(-0.0763748844809982,-0.00329235818283411,0.0312499999999995));
#14155=CARTESIAN_POINT('',(-0.0763748844809982,0.0428576418171663,0.0312499999999995));
#14156=CARTESIAN_POINT('',(0.0789271155190047,0.0428576418171663,0.031249999999999));
#14157=CARTESIAN_POINT('',(0.0789251155190047,0.0428576418171663,0.0312499999999994));
#14158=CARTESIAN_POINT('',(0.0789251155190047,-0.00329235818283429,0.0312499999999994));
#14159=CARTESIAN_POINT('',(0.0789251155190047,-0.00329235818283436,0.0337499999999993));
#14160=CARTESIAN_POINT('',(0.0789251155190047,0.0428576418171663,0.0297499999999991));
#14161=CARTESIAN_POINT('',(0.0789251155190047,-0.00329235818283436,0.0352499999999992));
#14162=CARTESIAN_POINT('',(0.0789271155190047,0.0428576418171663,0.0352499999999992));
#14163=CARTESIAN_POINT('',(-0.0763748844809982,-0.0032923581828341,0.03375));
#14164=CARTESIAN_POINT('',(-0.0763748844809982,0.0428576418171663,0.0297499999999997));
#14165=CARTESIAN_POINT('',(-0.0842659175151395,-0.0664979618027714,0.0285));
#14166=CARTESIAN_POINT('',(-0.0842659175151395,-0.0664979618027714,0.0322349649455424));
#14167=CARTESIAN_POINT('',(0.087132986019826,-0.0664979618027714,0.0227575175272279));
#14168=CARTESIAN_POINT('',(0.0842659538648146,-0.0664979618027714,0.0247650350544566));
#14169=CARTESIAN_POINT('',(0.0842659538648146,-0.0664979618027713,0.0284999999999992));
#14170=CARTESIAN_POINT('',(0.0842659538648145,-0.0664979618027713,0.0322349649455419));
#14171=CARTESIAN_POINT('',(0.087132986019826,-0.0664979618027713,0.0342424824727705));
#14172=CARTESIAN_POINT('',(0.0900000181748375,-0.0664979618027713,0.0362499999999992));
#14173=CARTESIAN_POINT('',(-0.0449999818251624,-0.0664979618027714,0.03625));
#14174=CARTESIAN_POINT('',(-0.0899999818251624,-0.0664979618027714,0.03625));
#14175=CARTESIAN_POINT('',(-0.0871329496701509,-0.0664979618027714,0.0342424824727711));
#14176=CARTESIAN_POINT('',(0.0789271155190047,0.0428576418171663,0.0372499999999991));
#14177=CARTESIAN_POINT('',(0.0789271155190047,0.0428576418171663,0.0372499999999991));
#14178=CARTESIAN_POINT('',(0.0789271155190047,0.0428576418171663,0.0297499999999991));
#14179=CARTESIAN_POINT('',(-0.0612751181242124,-0.0118201599928025,0.03025));
#14180=CARTESIAN_POINT('',(-0.0612751181242124,-0.0664979618027714,0.02825));
#14181=CARTESIAN_POINT('',(-0.0612751181242124,-0.0664979618027714,0.03525));
#14182=CARTESIAN_POINT('',(-0.0612751181242124,-0.0594979618027714,0.03525));
#14183=CARTESIAN_POINT('',(0.061795939253951,-0.0664979618027714,0.0282499999999994));
#14184=CARTESIAN_POINT('',(-0.0612751181242124,-0.0664979618027714,0.0282499999999998));
#14185=CARTESIAN_POINT('',(0.061795939253951,-0.0664979618027714,0.0293889982519151));
#14186=CARTESIAN_POINT('',(-0.0612751181242124,-0.0664979618027714,0.0293889982519155));
#14187=CARTESIAN_POINT('',(0.061795939253951,-0.0663589635508571,0.0303889982519164));
#14188=CARTESIAN_POINT('',(-0.0612751181242124,-0.0663589635508571,0.0303889982519168));
#14189=CARTESIAN_POINT('',(0.061795939253951,-0.0660809670470285,0.0312500000000035));
#14190=CARTESIAN_POINT('',(-0.0612751181242124,-0.0660809670470285,0.0312500000000039));
#14191=CARTESIAN_POINT('',(0.061795939253951,-0.0664979618027714,0.0282499999999994));
#14192=CARTESIAN_POINT('',(0.061795939253951,-0.0664979618027714,0.0352499999999994));
#14193=CARTESIAN_POINT('',(0.061795939253951,-0.0594979618027714,0.0352499999999994));
#14194=CARTESIAN_POINT('',(0.061795939253951,-0.0626504068775596,0.0282499999999993));
#14195=CARTESIAN_POINT('',(-6.87217377021581E-18,0.0515,0.0174907643635102));
#14196=CARTESIAN_POINT('',(0.0117451359618692,0.0515,0.0212457643635098));
#14197=CARTESIAN_POINT('',(0.0117451359618692,0.0515,0.0292457643635099));
#14198=CARTESIAN_POINT('',(0.00764937574042427,0.0515,0.0321136465452651));
#14199=CARTESIAN_POINT('',(0.00355361551897932,0.0515,0.0349815287270203));
#14200=CARTESIAN_POINT('',(0.0125536155189793,0.0515,0.0349815287270203));
#14201=CARTESIAN_POINT('',(0.0215536155189793,0.0515,0.0349815287270203));
#14202=CARTESIAN_POINT('',(0.0215536155189793,0.0515,0.0287457643635099));
#14203=CARTESIAN_POINT('',(0.0117451359618692,0.0515,0.0212457643635098));
#14204=CARTESIAN_POINT('',(0.0117451359618692,0.0515,0.0292457643635099));
#14205=CARTESIAN_POINT('',(0.0215536155189793,0.0515,0.0287457643635099));
#14206=CARTESIAN_POINT('',(0.0215536155189793,0.0515,0.0349815287270203));
#14207=CARTESIAN_POINT('',(0.0215536155189793,0.0538619797132338,0.0349815287270203));
#14208=CARTESIAN_POINT('',(0.0215536155189793,0.0489964975954529,0.0338295374797912));
#14209=CARTESIAN_POINT('',(0.00764937574042427,0.0515,0.0321136465452651));
#14210=CARTESIAN_POINT('',(0.00519882952249382,0.0489955947709229,0.0338295374797912));
#14211=CARTESIAN_POINT('',(0.00355361551897932,0.0538609860688326,0.0349815287270203));
#14212=CARTESIAN_POINT('',(0.00355361551897932,0.0515,0.0349815287270203));
#14213=CARTESIAN_POINT('',(0.0125536155189793,0.0515,0.0349815287270203));
#14214=CARTESIAN_POINT('',(0.00355361551897932,0.0538609860688326,0.0349815287270203));
#14215=CARTESIAN_POINT('',(-6.87217377021581E-18,0.0515,0.0174907643635102));
#14216=CARTESIAN_POINT('',(-0.073,0.0515,0.0287457643635099));
#14217=CARTESIAN_POINT('',(-0.073,0.0515,0.0349815287270203));
#14218=CARTESIAN_POINT('',(-0.064,0.0515,0.0349815287270203));
#14219=CARTESIAN_POINT('',(-0.055,0.0515,0.0349815287270203));
#14220=CARTESIAN_POINT('',(-0.059095760221445,0.0515,0.0321136465452651));
#14221=CARTESIAN_POINT('',(-0.0631915204428899,0.0515,0.0292457643635099));
#14222=CARTESIAN_POINT('',(-0.0631915204428899,0.0515,0.0212457643635098));
#14223=CARTESIAN_POINT('',(-0.0631915204428899,0.0515,0.0212457643635098));
#14224=CARTESIAN_POINT('',(-0.0631915204428899,0.0515,0.0292457643635099));
#14225=CARTESIAN_POINT('',(-0.073,0.0515,0.0287457643635099));
#14226=CARTESIAN_POINT('',(-0.073,0.0489912780026373,0.0338295374797915));
#14227=CARTESIAN_POINT('',(-0.073,0.0538567601204184,0.0349815287270203));
#14228=CARTESIAN_POINT('',(-0.073,0.0515,0.0349815287270203));
#14229=CARTESIAN_POINT('',(-0.064,0.0515,0.0349815287270203));
#14230=CARTESIAN_POINT('',(-0.073,0.0538567601204184,0.0349815287270203));
#14231=CARTESIAN_POINT('',(-0.055,0.0538577537648196,0.0349815287270203));
#14232=CARTESIAN_POINT('',(-0.055,0.0515,0.0349815287270203));
#14233=CARTESIAN_POINT('',(-0.059095760221445,0.0515,0.0321136465452651));
#14234=CARTESIAN_POINT('',(-0.0566452140035142,0.0489921808271673,0.0338295374797914));
#14235=CARTESIAN_POINT('',(-0.0956022034809976,0.0170826418171652,0.03075));
#14236=CARTESIAN_POINT('',(-0.0960022034809976,0.0170826418171652,0.03075));
#14237=CARTESIAN_POINT('',(-0.0960022034809976,0.0170826418171652,0.03075));
#14238=CARTESIAN_POINT('',(-0.0956022034809976,0.0170826418171652,0.03075));
#14239=CARTESIAN_POINT('',(-0.0952022034809976,0.0170826418171652,0.03075));
#14240=CARTESIAN_POINT('',(-0.0952022034809976,0.0170826418171652,0.03075));
#14241=CARTESIAN_POINT('',(-0.0960022034809976,0.0203826418171652,0.03075));
#14242=CARTESIAN_POINT('',(-0.0960022034809976,0.0236826418171652,0.03075));
#14243=CARTESIAN_POINT('',(-0.0960022034809976,0.0236826418171652,0.03075));
#14244=CARTESIAN_POINT('',(-0.0960022034809976,0.0203826418171652,0.03075));
#14245=CARTESIAN_POINT('',(-0.0956022034809976,0.0236826418171652,0.03075));
#14246=CARTESIAN_POINT('',(-0.0952022034809976,0.0236826418171652,0.03075));
#14247=CARTESIAN_POINT('',(-0.0952022034809976,0.0236826418171652,0.03075));
#14248=CARTESIAN_POINT('',(-0.0956022034809976,0.0236826418171652,0.03075));
#14249=CARTESIAN_POINT('',(-0.0952022034809976,0.0203826418171652,0.03075));
#14250=CARTESIAN_POINT('',(-0.0952022034809976,0.0203826418171652,0.03075));
#14251=CARTESIAN_POINT('',(-0.000188593150278898,-0.00774871840138569,0.0307499999999995));
#14252=CARTESIAN_POINT('',(-0.101124884480998,0.0115599608171644,0.03075));
#14253=CARTESIAN_POINT('',(-0.101524884480998,0.0115599608171644,0.03075));
#14254=CARTESIAN_POINT('',(-0.101524884480998,0.0115599608171644,0.03075));
#14255=CARTESIAN_POINT('',(-0.101124884480998,0.0115599608171644,0.03075));
#14256=CARTESIAN_POINT('',(-0.100724884480998,0.0115599608171644,0.03075));
#14257=CARTESIAN_POINT('',(-0.100724884480998,0.0115599608171644,0.03075));
#14258=CARTESIAN_POINT('',(-0.101524884480998,0.0148599608171644,0.03075));
#14259=CARTESIAN_POINT('',(-0.101524884480998,0.0181599608171644,0.03075));
#14260=CARTESIAN_POINT('',(-0.101524884480998,0.0181599608171644,0.03075));
#14261=CARTESIAN_POINT('',(-0.101524884480998,0.0148599608171644,0.03075));
#14262=CARTESIAN_POINT('',(-0.101124884480998,0.0181599608171644,0.03075));
#14263=CARTESIAN_POINT('',(-0.100724884480998,0.0181599608171643,0.03075));
#14264=CARTESIAN_POINT('',(-0.100724884480998,0.0181599608171643,0.03075));
#14265=CARTESIAN_POINT('',(-0.101124884480998,0.0181599608171644,0.03075));
#14266=CARTESIAN_POINT('',(-0.100724884480998,0.0148599608171644,0.03075));
#14267=CARTESIAN_POINT('',(-0.100724884480998,0.0148599608171644,0.03075));
#14268=CARTESIAN_POINT('',(-0.000188593150278898,-0.00774871840138569,0.0307499999999995));
#14269=CARTESIAN_POINT('',(-0.0936248844809972,-0.00129235818283774,0.03075));
#14270=CARTESIAN_POINT('',(-0.0940248844809973,-0.00129235818283774,0.03075));
#14271=CARTESIAN_POINT('',(-0.0940248844809973,-0.00129235818283774,0.03075));
#14272=CARTESIAN_POINT('',(-0.0936248844809972,-0.00129235818283774,0.03075));
#14273=CARTESIAN_POINT('',(-0.0932248844809972,-0.00129235818283779,0.03075));
#14274=CARTESIAN_POINT('',(-0.0932248844809972,-0.00129235818283779,0.03075));
#14275=CARTESIAN_POINT('',(-0.0940248844809973,0.00180764181716222,0.03075));
#14276=CARTESIAN_POINT('',(-0.0940248844809973,0.00490764181716227,0.03075));
#14277=CARTESIAN_POINT('',(-0.0940248844809973,0.00490764181716227,0.03075));
#14278=CARTESIAN_POINT('',(-0.0940248844809973,0.00180764181716222,0.03075));
#14279=CARTESIAN_POINT('',(-0.0936248844809972,0.00490764181716227,0.03075));
#14280=CARTESIAN_POINT('',(-0.0932248844809972,0.00490764181716227,0.03075));
#14281=CARTESIAN_POINT('',(-0.0932248844809972,0.00490764181716227,0.03075));
#14282=CARTESIAN_POINT('',(-0.0936248844809972,0.00490764181716227,0.03075));
#14283=CARTESIAN_POINT('',(-0.0932248844809972,0.00180764181716222,0.03075));
#14284=CARTESIAN_POINT('',(-0.0932248844809972,0.00180764181716222,0.03075));
#14285=CARTESIAN_POINT('',(-0.000188593150278898,-0.00774871840138569,0.0307499999999995));
#14286=CARTESIAN_POINT('',(-0.000188593150278898,-0.00774871840138569,0.0307499999999995));
#14287=CARTESIAN_POINT('',(0.0970786155190328,-0.00727590418283913,0.0307499999999992));
#14288=CARTESIAN_POINT('',(0.0966786155190328,-0.00727590418283913,0.0307499999999992));
#14289=CARTESIAN_POINT('',(0.0974786155190328,-0.00727590418283917,0.0307499999999992));
#14290=CARTESIAN_POINT('',(0.0966786155190328,-0.00417590418283917,0.0307499999999992));
#14291=CARTESIAN_POINT('',(0.0966786155190328,-0.00107590418283911,0.0307499999999992));
#14292=CARTESIAN_POINT('',(0.0970786155190328,-0.00107590418283911,0.0307499999999992));
#14293=CARTESIAN_POINT('',(0.0974786155190328,-0.00107590418283911,0.0307499999999992));
#14294=CARTESIAN_POINT('',(0.0974786155190328,-0.00417590418283918,0.0307499999999992));
#14295=CARTESIAN_POINT('',(0.0970786155190328,-0.00727590418283913,0.0307499999999992));
#14296=CARTESIAN_POINT('',(0.0966786155190328,-0.00727590418283913,0.0307499999999992));
#14297=CARTESIAN_POINT('',(0.0974786155190328,-0.00727590418283917,0.0307499999999992));
#14298=CARTESIAN_POINT('',(0.0966786155190328,-0.00417590418283917,0.0307499999999992));
#14299=CARTESIAN_POINT('',(0.0966786155190328,-0.00107590418283911,0.0307499999999992));
#14300=CARTESIAN_POINT('',(0.0970786155190328,-0.00107590418283911,0.0307499999999992));
#14301=CARTESIAN_POINT('',(0.0974786155190328,-0.00107590418283911,0.0307499999999992));
#14302=CARTESIAN_POINT('',(0.0974786155190328,-0.00417590418283918,0.0307499999999992));
#14303=CARTESIAN_POINT('',(-0.000188593150278898,-0.00774871840138569,0.0307499999999995));
#14304=CARTESIAN_POINT('',(0.0970436155190328,-0.000822858182838082,0.0307499999999992));
#14305=CARTESIAN_POINT('',(0.0966436155190328,-0.000822858182838082,0.0307499999999992));
#14306=CARTESIAN_POINT('',(0.0974436155190328,-0.000822858182838124,0.0307499999999992));
#14307=CARTESIAN_POINT('',(0.0966436155190328,0.00227714181716187,0.0307499999999992));
#14308=CARTESIAN_POINT('',(0.0966436155190328,0.00537714181716194,0.0307499999999992));
#14309=CARTESIAN_POINT('',(0.0970436155190328,0.00537714181716193,0.0307499999999992));
#14310=CARTESIAN_POINT('',(0.0974436155190328,0.00537714181716188,0.0307499999999992));
#14311=CARTESIAN_POINT('',(0.0974436155190328,0.00227714181716187,0.0307499999999992));
#14312=CARTESIAN_POINT('',(0.0970436155190328,-0.000822858182838082,0.0307499999999992));
#14313=CARTESIAN_POINT('',(0.0966436155190328,-0.000822858182838082,0.0307499999999992));
#14314=CARTESIAN_POINT('',(0.0974436155190328,-0.000822858182838124,0.0307499999999992));
#14315=CARTESIAN_POINT('',(0.0966436155190328,0.00227714181716187,0.0307499999999992));
#14316=CARTESIAN_POINT('',(0.0966436155190328,0.00537714181716194,0.0307499999999992));
#14317=CARTESIAN_POINT('',(0.0970436155190328,0.00537714181716193,0.0307499999999992));
#14318=CARTESIAN_POINT('',(0.0974436155190328,0.00537714181716188,0.0307499999999992));
#14319=CARTESIAN_POINT('',(0.0974436155190328,0.00227714181716187,0.0307499999999992));
#14320=CARTESIAN_POINT('',(0.102578615519034,0.0110990958171639,0.0307499999999991));
#14321=CARTESIAN_POINT('',(0.102178615519034,0.0110990958171639,0.0307499999999991));
#14322=CARTESIAN_POINT('',(0.102178615519034,0.0110990958171639,0.0307499999999991));
#14323=CARTESIAN_POINT('',(0.102578615519034,0.0110990958171639,0.0307499999999991));
#14324=CARTESIAN_POINT('',(0.102978615519034,0.0110990958171639,0.0307499999999991));
#14325=CARTESIAN_POINT('',(0.102978615519034,0.0110990958171639,0.0307499999999991));
#14326=CARTESIAN_POINT('',(0.102178615519034,0.0143990958171638,0.0307499999999991));
#14327=CARTESIAN_POINT('',(0.102178615519034,0.0176990958171639,0.0307499999999991));
#14328=CARTESIAN_POINT('',(0.102178615519034,0.0176990958171639,0.0307499999999991));
#14329=CARTESIAN_POINT('',(0.102178615519034,0.0143990958171638,0.0307499999999991));
#14330=CARTESIAN_POINT('',(0.102578615519034,0.0176990958171639,0.0307499999999991));
#14331=CARTESIAN_POINT('',(0.102978615519034,0.0176990958171638,0.0307499999999991));
#14332=CARTESIAN_POINT('',(0.102978615519034,0.0176990958171638,0.0307499999999991));
#14333=CARTESIAN_POINT('',(0.102578615519034,0.0176990958171639,0.0307499999999991));
#14334=CARTESIAN_POINT('',(0.102978615519034,0.0143990958171638,0.0307499999999991));
#14335=CARTESIAN_POINT('',(0.102978615519034,0.0143990958171638,0.0307499999999991));
#14336=CARTESIAN_POINT('',(-0.000188593150278898,-0.00774871840138569,0.0307499999999995));
#14337=CARTESIAN_POINT('',(0.108078615519034,0.0165990958171648,0.0307499999999991));
#14338=CARTESIAN_POINT('',(0.107678615519034,0.0165990958171648,0.0307499999999991));
#14339=CARTESIAN_POINT('',(0.107678615519034,0.0165990958171648,0.0307499999999991));
#14340=CARTESIAN_POINT('',(0.108078615519034,0.0165990958171648,0.0307499999999991));
#14341=CARTESIAN_POINT('',(0.108478615519034,0.0165990958171647,0.0307499999999991));
#14342=CARTESIAN_POINT('',(0.108478615519034,0.0165990958171647,0.0307499999999991));
#14343=CARTESIAN_POINT('',(0.107678615519034,0.0198990958171647,0.0307499999999991));
#14344=CARTESIAN_POINT('',(0.107678615519034,0.0231990958171648,0.0307499999999991));
#14345=CARTESIAN_POINT('',(0.107678615519034,0.0231990958171648,0.0307499999999991));
#14346=CARTESIAN_POINT('',(0.107678615519034,0.0198990958171647,0.0307499999999991));
#14347=CARTESIAN_POINT('',(0.108078615519034,0.0231990958171648,0.0307499999999991));
#14348=CARTESIAN_POINT('',(0.108478615519034,0.0231990958171648,0.0307499999999991));
#14349=CARTESIAN_POINT('',(0.108478615519034,0.0231990958171648,0.0307499999999991));
#14350=CARTESIAN_POINT('',(0.108078615519034,0.0231990958171648,0.0307499999999991));
#14351=CARTESIAN_POINT('',(0.108478615519034,0.0198990958171647,0.0307499999999991));
#14352=CARTESIAN_POINT('',(0.108478615519034,0.0198990958171647,0.0307499999999991));
#14353=CARTESIAN_POINT('',(-0.000188593150278898,-0.00774871840138569,0.0307499999999995));
#14354=CARTESIAN_POINT('',(-0.000188593150278898,-0.00774871840138569,0.0307499999999995));
#14355=CARTESIAN_POINT('',(0.0970786155190328,0.0231990958171648,0.0307499999999991));
#14356=CARTESIAN_POINT('',(0.0966786155190328,0.0231990958171647,0.0307499999999991));
#14357=CARTESIAN_POINT('',(0.0974786155190328,0.0231990958171648,0.0307499999999991));
#14358=CARTESIAN_POINT('',(0.0974786155190328,0.0198990958171648,0.0307499999999991));
#14359=CARTESIAN_POINT('',(0.0974786155190328,0.0165990958171648,0.0307499999999991));
#14360=CARTESIAN_POINT('',(0.0970786155190328,0.0165990958171648,0.0307499999999991));
#14361=CARTESIAN_POINT('',(0.0966786155190328,0.0165990958171648,0.0307499999999991));
#14362=CARTESIAN_POINT('',(0.0966786155190328,0.0198990958171648,0.0307499999999991));
#14363=CARTESIAN_POINT('',(0.0970786155190328,0.0231990958171648,0.0307499999999991));
#14364=CARTESIAN_POINT('',(0.0974786155190328,0.0231990958171648,0.0307499999999991));
#14365=CARTESIAN_POINT('',(0.0966786155190328,0.0231990958171647,0.0307499999999991));
#14366=CARTESIAN_POINT('',(0.0974786155190328,0.0198990958171648,0.0307499999999991));
#14367=CARTESIAN_POINT('',(0.0974786155190328,0.0165990958171648,0.0307499999999991));
#14368=CARTESIAN_POINT('',(0.0970786155190328,0.0165990958171648,0.0307499999999991));
#14369=CARTESIAN_POINT('',(0.0966786155190328,0.0165990958171648,0.0307499999999991));
#14370=CARTESIAN_POINT('',(0.0966786155190328,0.0198990958171648,0.0307499999999991));
#14371=CARTESIAN_POINT('',(-0.101124884480998,0.0226053228171663,0.03075));
#14372=CARTESIAN_POINT('',(-0.101524884480998,0.0226053228171663,0.03075));
#14373=CARTESIAN_POINT('',(-0.101524884480998,0.0226053228171663,0.03075));
#14374=CARTESIAN_POINT('',(-0.101124884480998,0.0226053228171663,0.03075));
#14375=CARTESIAN_POINT('',(-0.100724884480998,0.0226053228171662,0.03075));
#14376=CARTESIAN_POINT('',(-0.100724884480998,0.0226053228171662,0.03075));
#14377=CARTESIAN_POINT('',(-0.101524884480998,0.0259053228171662,0.03075));
#14378=CARTESIAN_POINT('',(-0.101524884480998,0.0292053228171663,0.03075));
#14379=CARTESIAN_POINT('',(-0.101524884480998,0.0292053228171663,0.03075));
#14380=CARTESIAN_POINT('',(-0.101524884480998,0.0259053228171662,0.03075));
#14381=CARTESIAN_POINT('',(-0.101124884480998,0.0292053228171663,0.03075));
#14382=CARTESIAN_POINT('',(-0.100724884480998,0.0292053228171663,0.03075));
#14383=CARTESIAN_POINT('',(-0.100724884480998,0.0292053228171663,0.03075));
#14384=CARTESIAN_POINT('',(-0.101124884480998,0.0292053228171663,0.03075));
#14385=CARTESIAN_POINT('',(-0.100724884480998,0.0259053228171662,0.03075));
#14386=CARTESIAN_POINT('',(-0.100724884480998,0.0259053228171662,0.03075));
#14387=CARTESIAN_POINT('',(-0.000188593150278898,-0.00774871840138569,0.0307499999999995));
#14388=CARTESIAN_POINT('',(-0.106647565480999,0.0236826418171654,0.03075));
#14389=CARTESIAN_POINT('',(-0.106247565480999,0.0236826418171654,0.03075));
#14390=CARTESIAN_POINT('',(-0.106247565480999,0.0236826418171654,0.03075));
#14391=CARTESIAN_POINT('',(-0.106647565480999,0.0236826418171654,0.03075));
#14392=CARTESIAN_POINT('',(-0.107047565480999,0.0236826418171653,0.03075));
#14393=CARTESIAN_POINT('',(-0.107047565480999,0.0236826418171653,0.03075));
#14394=CARTESIAN_POINT('',(-0.106247565480999,0.0203826418171653,0.03075));
#14395=CARTESIAN_POINT('',(-0.106247565480999,0.0170826418171654,0.03075));
#14396=CARTESIAN_POINT('',(-0.106247565480999,0.0170826418171654,0.03075));
#14397=CARTESIAN_POINT('',(-0.106247565480999,0.0203826418171653,0.03075));
#14398=CARTESIAN_POINT('',(-0.106647565480999,0.0170826418171654,0.03075));
#14399=CARTESIAN_POINT('',(-0.107047565480999,0.0170826418171654,0.03075));
#14400=CARTESIAN_POINT('',(-0.107047565480999,0.0170826418171654,0.03075));
#14401=CARTESIAN_POINT('',(-0.106647565480999,0.0170826418171654,0.03075));
#14402=CARTESIAN_POINT('',(-0.107047565480999,0.0203826418171653,0.03075));
#14403=CARTESIAN_POINT('',(-0.107047565480999,0.0203826418171653,0.03075));
#14404=CARTESIAN_POINT('',(-0.000188593150278898,-0.00774871840138569,0.0307499999999995));
#14405=CARTESIAN_POINT('',(0.102578615519034,0.0220990958171657,0.0307499999999991));
#14406=CARTESIAN_POINT('',(0.102178615519034,0.0220990958171657,0.0307499999999991));
#14407=CARTESIAN_POINT('',(0.102178615519034,0.0220990958171657,0.0307499999999991));
#14408=CARTESIAN_POINT('',(0.102578615519034,0.0220990958171657,0.0307499999999991));
#14409=CARTESIAN_POINT('',(0.102978615519034,0.0220990958171657,0.0307499999999991));
#14410=CARTESIAN_POINT('',(0.102978615519034,0.0220990958171657,0.0307499999999991));
#14411=CARTESIAN_POINT('',(0.102178615519034,0.0253990958171657,0.0307499999999991));
#14412=CARTESIAN_POINT('',(0.102178615519034,0.0286990958171658,0.0307499999999991));
#14413=CARTESIAN_POINT('',(0.102178615519034,0.0286990958171658,0.0307499999999991));
#14414=CARTESIAN_POINT('',(0.102178615519034,0.0253990958171657,0.0307499999999991));
#14415=CARTESIAN_POINT('',(0.102578615519034,0.0286990958171658,0.0307499999999991));
#14416=CARTESIAN_POINT('',(0.102978615519034,0.0286990958171657,0.0307499999999991));
#14417=CARTESIAN_POINT('',(0.102978615519034,0.0286990958171657,0.0307499999999991));
#14418=CARTESIAN_POINT('',(0.102578615519034,0.0286990958171658,0.0307499999999991));
#14419=CARTESIAN_POINT('',(0.102978615519034,0.0253990958171657,0.0307499999999991));
#14420=CARTESIAN_POINT('',(0.102978615519034,0.0253990958171657,0.0307499999999991));
#14421=CARTESIAN_POINT('',(-0.000188593150278898,-0.00774871840138569,0.0307499999999995));
#14422=CARTESIAN_POINT('',(0.108078615519035,0.0198990958171648,0.0382499999999991));
#14423=CARTESIAN_POINT('',(0.108078615519035,0.0198990958171648,0.0382499999999991));
#14424=CARTESIAN_POINT('',(0.111578615519035,0.0198990958171648,0.0382499999999991));
#14425=CARTESIAN_POINT('',(-0.000188593150278845,-0.00774871840138568,0.0382499999999995));
#14426=CARTESIAN_POINT('',(-0.105950015855043,0.0234826418171654,0.03825));
#14427=CARTESIAN_POINT('',(-0.110647565488634,0.023482641786628,0.03825));
#14428=CARTESIAN_POINT('',(-0.110647565488634,0.023482641786628,0.03825));
#14429=CARTESIAN_POINT('',(-0.105950015855043,0.0234826418171654,0.03825));
#14430=CARTESIAN_POINT('',(-0.105252466229087,0.0234826418171654,0.03825));
#14431=CARTESIAN_POINT('',(-0.105252466229087,0.0234826418171654,0.03825));
#14432=CARTESIAN_POINT('',(-0.110647565480999,0.022482641786628,0.03825));
#14433=CARTESIAN_POINT('',(-0.111647565480999,0.022482641786628,0.03825));
#14434=CARTESIAN_POINT('',(-0.111647565480999,0.022482641786628,0.03825));
#14435=CARTESIAN_POINT('',(-0.110647565480999,0.022482641786628,0.03825));
#14436=CARTESIAN_POINT('',(-0.111647565480999,0.0203826418018966,0.03825));
#14437=CARTESIAN_POINT('',(-0.111647565480999,0.0182826418171652,0.03825));
#14438=CARTESIAN_POINT('',(-0.111647565480999,0.0182826418171652,0.03825));
#14439=CARTESIAN_POINT('',(-0.111647565480999,0.0203826418018966,0.03825));
#14440=CARTESIAN_POINT('',(-0.110647565480999,0.0182826418171651,0.03825));
#14441=CARTESIAN_POINT('',(-0.110647565480999,0.0172826418171651,0.03825));
#14442=CARTESIAN_POINT('',(-0.110647565480999,0.0172826418171651,0.03825));
#14443=CARTESIAN_POINT('',(-0.110647565480999,0.0182826418171651,0.03825));
#14444=CARTESIAN_POINT('',(-0.105950015855043,0.0172826418171654,0.03825));
#14445=CARTESIAN_POINT('',(-0.105252466229087,0.0172826418171654,0.03825));
#14446=CARTESIAN_POINT('',(-0.105252466229087,0.0172826418171654,0.03825));
#14447=CARTESIAN_POINT('',(-0.105950015855043,0.0172826418171654,0.03825));
#14448=CARTESIAN_POINT('',(-0.105252466229087,0.0182826418171654,0.03825));
#14449=CARTESIAN_POINT('',(-0.104366751943373,0.0178184110511861,0.03825));
#14450=CARTESIAN_POINT('',(-0.104366751943373,0.0178184110511861,0.03825));
#14451=CARTESIAN_POINT('',(-0.105252466229087,0.0182826418171654,0.03825));
#14452=CARTESIAN_POINT('',(-0.103816413857898,0.0188684110511861,0.03825));
#14453=CARTESIAN_POINT('',(-0.103266075772422,0.0199184110511862,0.03825));
#14454=CARTESIAN_POINT('',(-0.103266075772422,0.0199184110511862,0.03825));
#14455=CARTESIAN_POINT('',(-0.103816413857898,0.0188684110511861,0.03825));
#14456=CARTESIAN_POINT('',(-0.104151790058136,0.0203826418171654,0.03825));
#14457=CARTESIAN_POINT('',(-0.103266075772422,0.0208468725831445,0.03825));
#14458=CARTESIAN_POINT('',(-0.103266075772422,0.0208468725831445,0.03825));
#14459=CARTESIAN_POINT('',(-0.104151790058136,0.0203826418171654,0.03825));
#14460=CARTESIAN_POINT('',(-0.103816413857898,0.0218968725831446,0.03825));
#14461=CARTESIAN_POINT('',(-0.104366751943373,0.0229468725831446,0.03825));
#14462=CARTESIAN_POINT('',(-0.104366751943373,0.0229468725831446,0.03825));
#14463=CARTESIAN_POINT('',(-0.103816413857898,0.0218968725831446,0.03825));
#14464=CARTESIAN_POINT('',(-0.105252466229087,0.0224826418171654,0.03825));
#14465=CARTESIAN_POINT('',(-0.105252466229087,0.0224826418171654,0.03825));
#14466=CARTESIAN_POINT('',(-0.000188593150278845,-0.00774871840138568,0.0382499999999995));
#14467=CARTESIAN_POINT('',(-0.0990248844809983,0.0245102235652542,0.03825));
#14468=CARTESIAN_POINT('',(-0.0980248844809984,0.0245102235652542,0.03825));
#14469=CARTESIAN_POINT('',(-0.0980248844809984,0.0245102235652542,0.03825));
#14470=CARTESIAN_POINT('',(-0.0990248844809983,0.0245102235652542,0.03825));
#14471=CARTESIAN_POINT('',(-0.0985606537150192,0.0236245092795399,0.03825));
#14472=CARTESIAN_POINT('',(-0.0985606537150192,0.0236245092795399,0.03825));
#14473=CARTESIAN_POINT('',(-0.0980248844809983,0.0279053228171662,0.03825));
#14474=CARTESIAN_POINT('',(-0.0980248844809983,0.0299053228171662,0.03825));
#14475=CARTESIAN_POINT('',(-0.0980248844809983,0.0299053228171662,0.03825));
#14476=CARTESIAN_POINT('',(-0.0980248844809983,0.0279053228171662,0.03825));
#14477=CARTESIAN_POINT('',(-0.0990248844809983,0.0299053228171662,0.03825));
#14478=CARTESIAN_POINT('',(-0.0990248844809983,0.0309053228171662,0.03825));
#14479=CARTESIAN_POINT('',(-0.0990248844809983,0.0309053228171662,0.03825));
#14480=CARTESIAN_POINT('',(-0.0990248844809983,0.0299053228171662,0.03825));
#14481=CARTESIAN_POINT('',(-0.101124884480998,0.0309053228171662,0.03825));
#14482=CARTESIAN_POINT('',(-0.103224884480998,0.0309053228171662,0.03825));
#14483=CARTESIAN_POINT('',(-0.103224884480998,0.0309053228171662,0.03825));
#14484=CARTESIAN_POINT('',(-0.101124884480998,0.0309053228171662,0.03825));
#14485=CARTESIAN_POINT('',(-0.103224884480998,0.0299053228171662,0.03825));
#14486=CARTESIAN_POINT('',(-0.104224884480998,0.0299053228171662,0.03825));
#14487=CARTESIAN_POINT('',(-0.104224884480998,0.0299053228171662,0.03825));
#14488=CARTESIAN_POINT('',(-0.103224884480998,0.0299053228171662,0.03825));
#14489=CARTESIAN_POINT('',(-0.104224884480998,0.0279053228171663,0.03825));
#14490=CARTESIAN_POINT('',(-0.104224884480998,0.0245102235652543,0.03825));
#14491=CARTESIAN_POINT('',(-0.104224884480998,0.0245102235652543,0.03825));
#14492=CARTESIAN_POINT('',(-0.104224884480998,0.0279053228171663,0.03825));
#14493=CARTESIAN_POINT('',(-0.103224884480998,0.0245102235652543,0.03825));
#14494=CARTESIAN_POINT('',(-0.103689115246977,0.02362450927954,0.03825));
#14495=CARTESIAN_POINT('',(-0.103689115246977,0.02362450927954,0.03825));
#14496=CARTESIAN_POINT('',(-0.103224884480998,0.0245102235652543,0.03825));
#14497=CARTESIAN_POINT('',(-0.102639115246978,0.0230741711940646,0.03825));
#14498=CARTESIAN_POINT('',(-0.101589115246978,0.0225238331085893,0.03825));
#14499=CARTESIAN_POINT('',(-0.101589115246978,0.0225238331085893,0.03825));
#14500=CARTESIAN_POINT('',(-0.102639115246978,0.0230741711940646,0.03825));
#14501=CARTESIAN_POINT('',(-0.101124884480998,0.0234095473943036,0.03825));
#14502=CARTESIAN_POINT('',(-0.100660653715019,0.0225238331085893,0.03825));
#14503=CARTESIAN_POINT('',(-0.100660653715019,0.0225238331085893,0.03825));
#14504=CARTESIAN_POINT('',(-0.101124884480998,0.0234095473943036,0.03825));
#14505=CARTESIAN_POINT('',(-0.0996106537150192,0.0230741711940646,0.03825));
#14506=CARTESIAN_POINT('',(-0.0996106537150192,0.0230741711940646,0.03825));
#14507=CARTESIAN_POINT('',(-0.000188593150278845,-0.00774871840138568,0.0382499999999995));
#14508=CARTESIAN_POINT('',(-0.000188593150278845,-0.00774871840138568,0.0382499999999995));
#14509=CARTESIAN_POINT('',(0.097078615519033,0.0198990958171648,0.0382499999999991));
#14510=CARTESIAN_POINT('',(0.100578615519033,0.0198990958171648,0.0382499999999991));
#14511=CARTESIAN_POINT('',(0.097078615519033,0.0198990958171648,0.0382499999999991));
#14512=CARTESIAN_POINT('',(0.102578615519034,0.0253990958171658,0.0382499999999991));
#14513=CARTESIAN_POINT('',(0.102578615519034,0.0253990958171658,0.0382499999999991));
#14514=CARTESIAN_POINT('',(0.106078615519034,0.0253990958171658,0.0382499999999991));
#14515=CARTESIAN_POINT('',(-0.000188593150278845,-0.00774871840138568,0.0382499999999995));
#14516=CARTESIAN_POINT('',(0.102578615519034,0.0143990958171639,0.0382499999999991));
#14517=CARTESIAN_POINT('',(0.102578615519034,0.0143990958171639,0.0382499999999991));
#14518=CARTESIAN_POINT('',(0.106078615519034,0.0143990958171639,0.0382499999999991));
#14519=CARTESIAN_POINT('',(-0.000188593150278845,-0.00774871840138568,0.0382499999999995));
#14520=CARTESIAN_POINT('',(-0.0969973027329096,0.0224826418171654,0.03825));
#14521=CARTESIAN_POINT('',(-0.0978830170186239,0.0229468725831446,0.03825));
#14522=CARTESIAN_POINT('',(-0.0978830170186239,0.0229468725831446,0.03825));
#14523=CARTESIAN_POINT('',(-0.0969973027329096,0.0224826418171654,0.03825));
#14524=CARTESIAN_POINT('',(-0.0969973027329096,0.0234826418171653,0.03825));
#14525=CARTESIAN_POINT('',(-0.0969973027329096,0.0234826418171653,0.03825));
#14526=CARTESIAN_POINT('',(-0.0984333551040992,0.0218968725831446,0.03825));
#14527=CARTESIAN_POINT('',(-0.0989836931895745,0.0208468725831445,0.03825));
#14528=CARTESIAN_POINT('',(-0.0989836931895745,0.0208468725831445,0.03825));
#14529=CARTESIAN_POINT('',(-0.0984333551040992,0.0218968725831446,0.03825));
#14530=CARTESIAN_POINT('',(-0.0980979789038602,0.0203826418171654,0.03825));
#14531=CARTESIAN_POINT('',(-0.0989836931895745,0.0199184110511861,0.03825));
#14532=CARTESIAN_POINT('',(-0.0989836931895745,0.0199184110511861,0.03825));
#14533=CARTESIAN_POINT('',(-0.0980979789038602,0.0203826418171654,0.03825));
#14534=CARTESIAN_POINT('',(-0.0984333551040992,0.0188684110511861,0.03825));
#14535=CARTESIAN_POINT('',(-0.0978830170186238,0.0178184110511861,0.03825));
#14536=CARTESIAN_POINT('',(-0.0978830170186238,0.0178184110511861,0.03825));
#14537=CARTESIAN_POINT('',(-0.0984333551040992,0.0188684110511861,0.03825));
#14538=CARTESIAN_POINT('',(-0.0969973027329096,0.0182826418171653,0.03825));
#14539=CARTESIAN_POINT('',(-0.0969973027329096,0.0172826418171654,0.03825));
#14540=CARTESIAN_POINT('',(-0.0969973027329096,0.0172826418171654,0.03825));
#14541=CARTESIAN_POINT('',(-0.0969973027329096,0.0182826418171653,0.03825));
#14542=CARTESIAN_POINT('',(-0.0962997531069536,0.0172826418171653,0.03825));
#14543=CARTESIAN_POINT('',(-0.0916022034809975,0.0172826418171653,0.03825));
#14544=CARTESIAN_POINT('',(-0.0916022034809975,0.0172826418171653,0.03825));
#14545=CARTESIAN_POINT('',(-0.0962997531069536,0.0172826418171653,0.03825));
#14546=CARTESIAN_POINT('',(-0.0916022034809975,0.0182826418171653,0.03825));
#14547=CARTESIAN_POINT('',(-0.0906022034809975,0.0182826418171653,0.03825));
#14548=CARTESIAN_POINT('',(-0.0906022034809975,0.0182826418171653,0.03825));
#14549=CARTESIAN_POINT('',(-0.0916022034809975,0.0182826418171653,0.03825));
#14550=CARTESIAN_POINT('',(-0.0906022034809976,0.0203826418018966,0.03825));
#14551=CARTESIAN_POINT('',(-0.0906022034809976,0.022482641786628,0.03825));
#14552=CARTESIAN_POINT('',(-0.0906022034809976,0.022482641786628,0.03825));
#14553=CARTESIAN_POINT('',(-0.0906022034809976,0.0203826418018966,0.03825));
#14554=CARTESIAN_POINT('',(-0.0916022034809975,0.022482641786628,0.03825));
#14555=CARTESIAN_POINT('',(-0.0916022034733629,0.023482641786628,0.03825));
#14556=CARTESIAN_POINT('',(-0.0916022034733629,0.023482641786628,0.03825));
#14557=CARTESIAN_POINT('',(-0.0916022034809975,0.022482641786628,0.03825));
#14558=CARTESIAN_POINT('',(-0.0936022034771803,0.023482641801896,0.03825));
#14559=CARTESIAN_POINT('',(-0.0936022034771803,0.023482641801896,0.03825));
#14560=CARTESIAN_POINT('',(-0.000188593150278845,-0.00774871840138568,0.0382499999999995));
#14561=CARTESIAN_POINT('',(-0.000188593150278845,-0.00774871840138568,0.0382499999999995));
#14562=CARTESIAN_POINT('',(0.097043615519033,0.00227714181716196,0.0382499999999991));
#14563=CARTESIAN_POINT('',(0.100043615519033,0.00227714181716196,0.0382499999999991));
#14564=CARTESIAN_POINT('',(0.097043615519033,0.00227714181716196,0.0382499999999991));
#14565=CARTESIAN_POINT('',(-0.000188593150278845,-0.00774871840138568,0.0382499999999995));
#14566=CARTESIAN_POINT('',(0.097078615519033,-0.00417590418283909,0.0382499999999991));
#14567=CARTESIAN_POINT('',(0.100078615519033,-0.00417590418283909,0.0382499999999991));
#14568=CARTESIAN_POINT('',(0.097078615519033,-0.00417590418283909,0.0382499999999991));
#14569=CARTESIAN_POINT('',(-0.0936248844809971,0.0018076418171623,0.03825));
#14570=CARTESIAN_POINT('',(-0.0936248844809971,0.0018076418171623,0.03825));
#14571=CARTESIAN_POINT('',(-0.0906248844809971,0.0018076418171623,0.03825));
#14572=CARTESIAN_POINT('',(-0.000188593150278845,-0.00774871840138568,0.0382499999999995));
#14573=CARTESIAN_POINT('',(-0.101124884480998,0.0173557362094898,0.03825));
#14574=CARTESIAN_POINT('',(-0.101589115246978,0.0182414504952041,0.03825));
#14575=CARTESIAN_POINT('',(-0.101589115246978,0.0182414504952041,0.03825));
#14576=CARTESIAN_POINT('',(-0.101124884480998,0.0173557362094898,0.03825));
#14577=CARTESIAN_POINT('',(-0.100660653715019,0.0182414504952036,0.03825));
#14578=CARTESIAN_POINT('',(-0.100660653715019,0.0182414504952036,0.03825));
#14579=CARTESIAN_POINT('',(-0.102639115246977,0.0176911124097283,0.03825));
#14580=CARTESIAN_POINT('',(-0.103689115246978,0.0171407743242534,0.03825));
#14581=CARTESIAN_POINT('',(-0.103689115246978,0.0171407743242534,0.03825));
#14582=CARTESIAN_POINT('',(-0.102639115246977,0.0176911124097283,0.03825));
#14583=CARTESIAN_POINT('',(-0.103224884480998,0.0162550600385392,0.03825));
#14584=CARTESIAN_POINT('',(-0.104224884480998,0.0162550600385391,0.03825));
#14585=CARTESIAN_POINT('',(-0.104224884480998,0.0162550600385391,0.03825));
#14586=CARTESIAN_POINT('',(-0.103224884480998,0.0162550600385392,0.03825));
#14587=CARTESIAN_POINT('',(-0.104224884480998,0.0155575104125832,0.03825));
#14588=CARTESIAN_POINT('',(-0.104224884480998,0.0108599607866272,0.03825));
#14589=CARTESIAN_POINT('',(-0.104224884480998,0.0108599607866272,0.03825));
#14590=CARTESIAN_POINT('',(-0.104224884480998,0.0155575104125832,0.03825));
#14591=CARTESIAN_POINT('',(-0.103224884480998,0.0108599607866272,0.03825));
#14592=CARTESIAN_POINT('',(-0.103224884480998,0.00985996078662715,0.03825));
#14593=CARTESIAN_POINT('',(-0.103224884480998,0.00985996078662715,0.03825));
#14594=CARTESIAN_POINT('',(-0.103224884480998,0.0108599607866272,0.03825));
#14595=CARTESIAN_POINT('',(-0.101124884480998,0.00985996078662714,0.03825));
#14596=CARTESIAN_POINT('',(-0.0990248844809984,0.00985996078662714,0.03825));
#14597=CARTESIAN_POINT('',(-0.0990248844809984,0.00985996078662714,0.03825));
#14598=CARTESIAN_POINT('',(-0.101124884480998,0.00985996078662714,0.03825));
#14599=CARTESIAN_POINT('',(-0.0990248844809984,0.0108599607866271,0.03825));
#14600=CARTESIAN_POINT('',(-0.0980248844809984,0.0108599607866271,0.03825));
#14601=CARTESIAN_POINT('',(-0.0980248844809984,0.0108599607866271,0.03825));
#14602=CARTESIAN_POINT('',(-0.0990248844809984,0.0108599607866271,0.03825));
#14603=CARTESIAN_POINT('',(-0.0980248844809984,0.0128599607866271,0.03825));
#14604=CARTESIAN_POINT('',(-0.0980248844809985,0.0162550600385391,0.03825));
#14605=CARTESIAN_POINT('',(-0.0980248844809985,0.0162550600385391,0.03825));
#14606=CARTESIAN_POINT('',(-0.0980248844809984,0.0128599607866271,0.03825));
#14607=CARTESIAN_POINT('',(-0.0990248844809984,0.0162550600385391,0.03825));
#14608=CARTESIAN_POINT('',(-0.0985606537150192,0.0171407743242534,0.03825));
#14609=CARTESIAN_POINT('',(-0.0985606537150192,0.0171407743242534,0.03825));
#14610=CARTESIAN_POINT('',(-0.0990248844809984,0.0162550600385391,0.03825));
#14611=CARTESIAN_POINT('',(-0.0996106537150194,0.0176911124097282,0.03825));
#14612=CARTESIAN_POINT('',(-0.0996106537150194,0.0176911124097282,0.03825));
#14613=CARTESIAN_POINT('',(-0.000188593150278845,-0.00774871840138568,0.0382499999999995));
#14614=CARTESIAN_POINT('',(0.108965121327791,-0.00352398282448341,0.0389999999999991));
#14615=CARTESIAN_POINT('',(0.109406140094547,-0.00352398282448341,0.0389999999999991));
#14616=CARTESIAN_POINT('',(0.109406140094547,-0.00352398282448341,0.0389999999999991));
#14617=CARTESIAN_POINT('',(0.108965121327791,-0.00352398282448341,0.0389999999999991));
#14618=CARTESIAN_POINT('',(0.108851627136549,-0.00352398282448341,0.0389999999999991));
#14619=CARTESIAN_POINT('',(0.108851627136549,-0.00352398282448341,0.0389999999999991));
#14620=CARTESIAN_POINT('',(0.109406140094547,-0.00436468881197224,0.0389999999999991));
#14621=CARTESIAN_POINT('',(0.109406140094547,-0.00520539479946107,0.0389999999999991));
#14622=CARTESIAN_POINT('',(0.109406140094547,-0.00520539479946107,0.0389999999999991));
#14623=CARTESIAN_POINT('',(0.109406140094547,-0.00436468881197224,0.0389999999999991));
#14624=CARTESIAN_POINT('',(0.109622628030204,-0.00520539479946107,0.0389999999999991));
#14625=CARTESIAN_POINT('',(0.10983911596586,-0.00520539479946107,0.0389999999999991));
#14626=CARTESIAN_POINT('',(0.10983911596586,-0.00520539479946107,0.0389999999999991));
#14627=CARTESIAN_POINT('',(0.109622628030204,-0.00520539479946107,0.0389999999999991));
#14628=CARTESIAN_POINT('',(0.10983911596586,-0.00436468881197224,0.0389999999999991));
#14629=CARTESIAN_POINT('',(0.10983911596586,-0.00352398282448341,0.0389999999999991));
#14630=CARTESIAN_POINT('',(0.10983911596586,-0.00352398282448341,0.0389999999999991));
#14631=CARTESIAN_POINT('',(0.10983911596586,-0.00436468881197224,0.0389999999999991));
#14632=CARTESIAN_POINT('',(0.110116149031097,-0.00352398282448341,0.0389999999999991));
#14633=CARTESIAN_POINT('',(0.110393182096334,-0.00352398282448341,0.0389999999999991));
#14634=CARTESIAN_POINT('',(0.110393182096334,-0.00352398282448341,0.0389999999999991));
#14635=CARTESIAN_POINT('',(0.110116149031097,-0.00352398282448341,0.0389999999999991));
#14636=CARTESIAN_POINT('',(0.110393182096334,-0.00334391133207949,0.0389999999999991));
#14637=CARTESIAN_POINT('',(0.110393182096334,-0.00316383983967555,0.0389999999999991));
#14638=CARTESIAN_POINT('',(0.110393182096334,-0.00316383983967555,0.0389999999999991));
#14639=CARTESIAN_POINT('',(0.110393182096334,-0.00334391133207949,0.0389999999999991));
#14640=CARTESIAN_POINT('',(0.108965121327791,-0.00316383983967555,0.0389999999999991));
#14641=CARTESIAN_POINT('',(0.108851627136549,-0.00316383983967555,0.0389999999999991));
#14642=CARTESIAN_POINT('',(0.108851627136549,-0.00316383983967555,0.0389999999999991));
#14643=CARTESIAN_POINT('',(0.108965121327791,-0.00316383983967555,0.0389999999999991));
#14644=CARTESIAN_POINT('',(0.108851627136549,-0.00334391133207949,0.0389999999999991));
#14645=CARTESIAN_POINT('',(0.108851627136549,-0.00334391133207949,0.0389999999999991));
#14646=CARTESIAN_POINT('',(-0.000188593150278843,-0.00774871840138568,0.0389999999999995));
#14647=CARTESIAN_POINT('',(0.10713850365433,-0.00418170876676933,0.0389999999968404));
#14648=CARTESIAN_POINT('',(0.107138490407326,-0.00418752169847806,0.0389999999999991));
#14649=CARTESIAN_POINT('',(0.107138490407326,-0.00418752169847806,0.0389999999999991));
#14650=CARTESIAN_POINT('',(0.107138509768331,-0.00418171293701324,0.0389999999999991));
#14651=CARTESIAN_POINT('',(0.107138529129337,-0.00417590417554842,0.0389999999999991));
#14652=CARTESIAN_POINT('',(0.107138529129337,-0.00417590417554842,0.0389999999999991));
#14653=CARTESIAN_POINT('',(0.107374415340302,-0.00496321428114115,0.0389999999999991));
#14654=CARTESIAN_POINT('',(0.107374415340302,-0.00496321428114115,0.0392499999999991));
#14655=CARTESIAN_POINT('',(0.107217132051651,-0.00478299384622902,0.0389999999999991));
#14656=CARTESIAN_POINT('',(0.107217132051651,-0.00478299384622902,0.0392499999999991));
#14657=CARTESIAN_POINT('',(0.107138490407326,-0.00452442965200799,0.0389999999999991));
#14658=CARTESIAN_POINT('',(0.107138490407326,-0.00452442965200799,0.0392499999999991));
#14659=CARTESIAN_POINT('',(0.107138490407326,-0.00418752169847806,0.0389999999999991));
#14660=CARTESIAN_POINT('',(0.107138490407326,-0.00418752169847805,0.0392499999999991));
#14661=CARTESIAN_POINT('',(0.107374415340302,-0.00496321428114115,0.0389999999999991));
#14662=CARTESIAN_POINT('',(0.107374415340302,-0.00496321428114115,0.0389999999999991));
#14663=CARTESIAN_POINT('',(0.107374415340302,-0.00496321428114115,0.0389999999999991));
#14664=CARTESIAN_POINT('',(0.107138490407326,-0.00469288362877296,0.0389999999999991));
#14665=CARTESIAN_POINT('',(0.107138490407326,-0.00418752169847806,0.0389999999999991));
#14666=CARTESIAN_POINT('',(0.10805582731528,-0.00523354493350933,0.0389999999999991));
#14667=CARTESIAN_POINT('',(0.10805582731528,-0.00523354493350933,0.0392499999999991));
#14668=CARTESIAN_POINT('',(0.107758835953945,-0.00523354493350933,0.0389999999999991));
#14669=CARTESIAN_POINT('',(0.107758835953945,-0.00523354493350933,0.0392499999999991));
#14670=CARTESIAN_POINT('',(0.107531698628953,-0.00514343471605327,0.0389999999999991));
#14671=CARTESIAN_POINT('',(0.107531698628953,-0.00514343471605327,0.0392499999999991));
#14672=CARTESIAN_POINT('',(0.107374415340302,-0.00496321428114115,0.0389999999999991));
#14673=CARTESIAN_POINT('',(0.107374415340302,-0.00496321428114115,0.0392499999999991));
#14674=CARTESIAN_POINT('',(0.10805582731528,-0.00523354493350933,0.0389999999999991));
#14675=CARTESIAN_POINT('',(0.10805582731528,-0.00523354493350933,0.0389999999999991));
#14676=CARTESIAN_POINT('',(0.10805582731528,-0.00523354493350933,0.0389999999999991));
#14677=CARTESIAN_POINT('',(0.107610340273278,-0.00523354493350933,0.0389999999999991));
#14678=CARTESIAN_POINT('',(0.107374415340302,-0.00496321428114115,0.0389999999999991));
#14679=CARTESIAN_POINT('',(0.108079412617571,-0.00378950981086893,0.038999999999999));
#14680=CARTESIAN_POINT('',(0.108617042686146,-0.00512920833647407,0.0389999999999991));
#14681=CARTESIAN_POINT('',(0.108617042686146,-0.00512920833647407,0.0389999999999991));
#14682=CARTESIAN_POINT('',(0.108079412617571,-0.00378950981086893,0.0389999999999991));
#14683=CARTESIAN_POINT('',(0.108617042686146,-0.00494712849025643,0.0389999999999991));
#14684=CARTESIAN_POINT('',(0.108617042686146,-0.00476571651527877,0.0389999999999991));
#14685=CARTESIAN_POINT('',(0.108617042686146,-0.00476571651527877,0.0389999999999991));
#14686=CARTESIAN_POINT('',(0.108617042686146,-0.00494712849025643,0.0389999999999991));
#14687=CARTESIAN_POINT('',(0.108096488620016,-0.00487295512117689,0.0389999999999991));
#14688=CARTESIAN_POINT('',(0.108096488620016,-0.00487295512117689,0.0392499999999991));
#14689=CARTESIAN_POINT('',(0.108239771312897,-0.00487295512117689,0.0389999999999991));
#14690=CARTESIAN_POINT('',(0.108239771312897,-0.00487295512117689,0.0392499999999991));
#14691=CARTESIAN_POINT('',(0.10841328933494,-0.00483720891921085,0.0389999999999991));
#14692=CARTESIAN_POINT('',(0.10841328933494,-0.00483720891921085,0.0392499999999991));
#14693=CARTESIAN_POINT('',(0.108617042686146,-0.00476571651527877,0.0389999999999991));
#14694=CARTESIAN_POINT('',(0.108617042686146,-0.00476571651527877,0.0392499999999991));
#14695=CARTESIAN_POINT('',(0.108096488620016,-0.00487295512117689,0.0389999999999991));
#14696=CARTESIAN_POINT('',(0.108096488620016,-0.00487295512117689,0.0389999999999991));
#14697=CARTESIAN_POINT('',(0.108096488620016,-0.00487295512117689,0.0389999999999991));
#14698=CARTESIAN_POINT('',(0.108311412659337,-0.00487295512117689,0.0389999999999991));
#14699=CARTESIAN_POINT('',(0.108617042686146,-0.00476571651527877,0.0389999999999991));
#14700=CARTESIAN_POINT('',(0.107583977449328,-0.0041902026636255,0.0389999999999991));
#14701=CARTESIAN_POINT('',(0.107583977449328,-0.0041902026636255,0.0392499999999991));
#14702=CARTESIAN_POINT('',(0.107583977449328,-0.00464537096865976,0.0389999999999991));
#14703=CARTESIAN_POINT('',(0.107583977449328,-0.00464537096865976,0.0392499999999991));
#14704=CARTESIAN_POINT('',(0.107754814506224,-0.00487295512117689,0.0389999999999991));
#14705=CARTESIAN_POINT('',(0.107754814506224,-0.00487295512117689,0.0392499999999991));
#14706=CARTESIAN_POINT('',(0.108096488620016,-0.00487295512117689,0.0389999999999991));
#14707=CARTESIAN_POINT('',(0.108096488620016,-0.00487295512117689,0.0392499999999991));
#14708=CARTESIAN_POINT('',(0.107583977449328,-0.0041902026636255,0.0389999999999991));
#14709=CARTESIAN_POINT('',(0.107583977449328,-0.0041902026636255,0.0389999999999991));
#14710=CARTESIAN_POINT('',(0.107583977449328,-0.0041902026636255,0.0389999999999991));
#14711=CARTESIAN_POINT('',(0.107583977449328,-0.00487295512117689,0.0389999999999991));
#14712=CARTESIAN_POINT('',(0.108096488620016,-0.00487295512117689,0.0389999999999991));
#14713=CARTESIAN_POINT('',(0.107583999451472,-0.00418304248995555,0.0389999999968404));
#14714=CARTESIAN_POINT('',(0.107584041763289,-0.00417590418283909,0.0389999999999991));
#14715=CARTESIAN_POINT('',(0.107584041763289,-0.00417590418283909,0.0389999999999991));
#14716=CARTESIAN_POINT('',(0.107583999451472,-0.00418304248995555,0.0389999999999991));
#14717=CARTESIAN_POINT('',(0.107718025706701,-0.00367858514798654,0.0389999999999991));
#14718=CARTESIAN_POINT('',(0.107718025706701,-0.00367858514798654,0.0392499999999991));
#14719=CARTESIAN_POINT('',(0.107630617657574,-0.00379833417529025,0.0389999999999991));
#14720=CARTESIAN_POINT('',(0.107630617657574,-0.00379833417529025,0.0392499999999991));
#14721=CARTESIAN_POINT('',(0.107585956343104,-0.00396410718690777,0.0389999999999991));
#14722=CARTESIAN_POINT('',(0.107585956343104,-0.00396410718690777,0.0392499999999991));
#14723=CARTESIAN_POINT('',(0.107584041763291,-0.00417590418283911,0.0389999999999991));
#14724=CARTESIAN_POINT('',(0.107584041763291,-0.0041759041828391,0.0392499999999991));
#14725=CARTESIAN_POINT('',(0.107718025706701,-0.00367858514798654,0.0389999999999991));
#14726=CARTESIAN_POINT('',(0.107718025706701,-0.00367858514798654,0.0389999999999991));
#14727=CARTESIAN_POINT('',(0.107718025706701,-0.00367858514798654,0.0389999999999991));
#14728=CARTESIAN_POINT('',(0.10758691363297,-0.00385820868899672,0.0389999999999991));
#14729=CARTESIAN_POINT('',(0.107584041763289,-0.00417590418303232,0.0389999999999991));
#14730=CARTESIAN_POINT('',(0.108096488620016,-0.00349493903538601,0.0389999999999991));
#14731=CARTESIAN_POINT('',(0.108096488620016,-0.003494939035386,0.0392499999999991));
#14732=CARTESIAN_POINT('',(0.107933545516054,-0.00349493903538601,0.0389999999999991));
#14733=CARTESIAN_POINT('',(0.107933545516054,-0.003494939035386,0.0392499999999991));
#14734=CARTESIAN_POINT('',(0.107807391211616,-0.00355615440625285,0.0389999999999991));
#14735=CARTESIAN_POINT('',(0.107807391211616,-0.00355615440625285,0.0392499999999991));
#14736=CARTESIAN_POINT('',(0.107718025706701,-0.00367858514798654,0.0389999999999991));
#14737=CARTESIAN_POINT('',(0.107718025706701,-0.00367858514798654,0.0392499999999991));
#14738=CARTESIAN_POINT('',(0.108096488620016,-0.00349493903538601,0.0389999999999991));
#14739=CARTESIAN_POINT('',(0.108096488620016,-0.00349493903538601,0.0389999999999991));
#14740=CARTESIAN_POINT('',(0.108096488620016,-0.00349493903538601,0.0389999999999991));
#14741=CARTESIAN_POINT('',(0.107852073964073,-0.00349493903538601,0.0389999999999991));
#14742=CARTESIAN_POINT('',(0.107718025706701,-0.00367858514798654,0.0389999999999991));
#14743=CARTESIAN_POINT('',(0.108090718969796,-0.00418184484769373,0.0389999999999989));
#14744=CARTESIAN_POINT('',(0.108323923830025,-0.00353537692636009,0.0389999999999991));
#14745=CARTESIAN_POINT('',(0.108323898729274,-0.00353544515014409,0.0389999999999991));
#14746=CARTESIAN_POINT('',(0.108090718969796,-0.00418184484769373,0.0389999999999991));
#14747=CARTESIAN_POINT('',(0.107553060882491,-0.00573361040996567,0.038999999999997));
#14748=CARTESIAN_POINT('',(0.108554479155032,-0.00363034716643876,0.0389999999999991));
#14749=CARTESIAN_POINT('',(0.108554479155018,-0.00363034716644421,0.0389999999999991));
#14750=CARTESIAN_POINT('',(0.107553060882491,-0.00573361040996567,0.0389999999999991));
#14751=CARTESIAN_POINT('',(0.10862419192654,-0.00345427773064963,0.0389999999999991));
#14752=CARTESIAN_POINT('',(0.108693621448514,-0.00327892368156003,0.0389999999999991));
#14753=CARTESIAN_POINT('',(0.108693621448514,-0.00327892368156003,0.0389999999999991));
#14754=CARTESIAN_POINT('',(0.10862419192654,-0.00345427773064963,0.0389999999999991));
#14755=CARTESIAN_POINT('',(0.108078688253415,-0.00451151950845026,0.038999999999999));
#14756=CARTESIAN_POINT('',(0.108096488620016,-0.00313479605057814,0.0389999999999991));
#14757=CARTESIAN_POINT('',(0.108096488620016,-0.00313479605057814,0.0389999999999991));
#14758=CARTESIAN_POINT('',(0.108078688253415,-0.00451151950845026,0.0389999999999991));
#14759=CARTESIAN_POINT('',(0.107587552069524,-0.00326236530884445,0.0389999999999991));
#14760=CARTESIAN_POINT('',(0.107587552069524,-0.00326236530884445,0.0392499999999991));
#14761=CARTESIAN_POINT('',(0.107732324187487,-0.00317731913666691,0.0389999999999991));
#14762=CARTESIAN_POINT('',(0.107732324187487,-0.00317731913666691,0.0392499999999991));
#14763=CARTESIAN_POINT('',(0.107901969704317,-0.00313479605057814,0.0389999999999991));
#14764=CARTESIAN_POINT('',(0.107901969704317,-0.00313479605057814,0.0392499999999991));
#14765=CARTESIAN_POINT('',(0.108096488620016,-0.00313479605057814,0.0389999999999991));
#14766=CARTESIAN_POINT('',(0.108096488620016,-0.00313479605057814,0.0392499999999991));
#14767=CARTESIAN_POINT('',(0.107587552069524,-0.00326236530884445,0.0389999999999991));
#14768=CARTESIAN_POINT('',(0.107587552069524,-0.00326236530884445,0.0389999999999991));
#14769=CARTESIAN_POINT('',(0.107587552069524,-0.00326236530884445,0.0389999999999991));
#14770=CARTESIAN_POINT('',(0.107804710246468,-0.00313479605057814,0.0389999999999991));
#14771=CARTESIAN_POINT('',(0.108096488620016,-0.00313479605057814,0.0389999999999991));
#14772=CARTESIAN_POINT('',(0.10801304676976,-0.0039814734955156,0.038999999999999));
#14773=CARTESIAN_POINT('',(0.107254442149953,-0.00362943412028323,0.0389999999999991));
#14774=CARTESIAN_POINT('',(0.107254442149953,-0.00362943412028323,0.0389999999999991));
#14775=CARTESIAN_POINT('',(0.10801304676976,-0.0039814734955156,0.0389999999999991));
#14776=CARTESIAN_POINT('',(0.107138529129337,-0.00417590417554843,0.0389999999999991));
#14777=CARTESIAN_POINT('',(0.107138529129337,-0.00417590417554842,0.0392499999999991));
#14778=CARTESIAN_POINT('',(0.10713991593785,-0.0039683393859914,0.0389999999999991));
#14779=CARTESIAN_POINT('',(0.10713991593785,-0.00396833938599139,0.0392499999999991));
#14780=CARTESIAN_POINT('',(0.107178553611388,-0.003786182700903,0.0389999999999991));
#14781=CARTESIAN_POINT('',(0.107178553611388,-0.003786182700903,0.0392499999999991));
#14782=CARTESIAN_POINT('',(0.107254442149953,-0.00362943412028324,0.0389999999999991));
#14783=CARTESIAN_POINT('',(0.107254442149953,-0.00362943412028323,0.0392499999999991));
#14784=CARTESIAN_POINT('',(0.107138529129337,-0.00417590417554842,0.0389999999999991));
#14785=CARTESIAN_POINT('',(0.107140609342106,-0.00386455699121288,0.0389999999999991));
#14786=CARTESIAN_POINT('',(0.107254442149953,-0.00362943412028323,0.0389999999999991));
#14787=CARTESIAN_POINT('',(-0.000188593150278843,-0.00774871840138568,0.0389999999999995));
#14788=CARTESIAN_POINT('',(0.105627766546736,-0.00469064949115008,0.0389999999999991));
#14789=CARTESIAN_POINT('',(0.105627766546736,-0.00520539479946107,0.0389999999999991));
#14790=CARTESIAN_POINT('',(0.105627766546736,-0.00520539479946107,0.0389999999999991));
#14791=CARTESIAN_POINT('',(0.105627766546736,-0.00469064949115008,0.0389999999999991));
#14792=CARTESIAN_POINT('',(0.105627766546736,-0.00316383983967555,0.0389999999999991));
#14793=CARTESIAN_POINT('',(0.105627766546736,-0.00316383983967555,0.0389999999999991));
#14794=CARTESIAN_POINT('',(0.106215568155315,-0.00520539479946107,0.0389999999999991));
#14795=CARTESIAN_POINT('',(0.106803369763894,-0.00520539479946107,0.0389999999999991));
#14796=CARTESIAN_POINT('',(0.106803369763894,-0.00520539479946107,0.0389999999999991));
#14797=CARTESIAN_POINT('',(0.106215568155315,-0.00520539479946107,0.0389999999999991));
#14798=CARTESIAN_POINT('',(0.106803369763894,-0.00502666378963087,0.0389999999999991));
#14799=CARTESIAN_POINT('',(0.106803369763894,-0.00484793277980066,0.0389999999999991));
#14800=CARTESIAN_POINT('',(0.106803369763894,-0.00484793277980066,0.0389999999999991));
#14801=CARTESIAN_POINT('',(0.106803369763894,-0.00502666378963087,0.0389999999999991));
#14802=CARTESIAN_POINT('',(0.106432056090972,-0.00484793277980066,0.0389999999999991));
#14803=CARTESIAN_POINT('',(0.10606074241805,-0.00484793277980066,0.0389999999999991));
#14804=CARTESIAN_POINT('',(0.10606074241805,-0.00484793277980066,0.0389999999999991));
#14805=CARTESIAN_POINT('',(0.106432056090972,-0.00484793277980066,0.0389999999999991));
#14806=CARTESIAN_POINT('',(0.10606074241805,-0.00458475136782569,0.0389999999999991));
#14807=CARTESIAN_POINT('',(0.10606074241805,-0.0043215699558507,0.0389999999999991));
#14808=CARTESIAN_POINT('',(0.10606074241805,-0.0043215699558507,0.0389999999999991));
#14809=CARTESIAN_POINT('',(0.10606074241805,-0.00458475136782569,0.0389999999999991));
#14810=CARTESIAN_POINT('',(0.106406363508309,-0.00432156995585071,0.0389999999999991));
#14811=CARTESIAN_POINT('',(0.106751984598568,-0.00432156995585071,0.0389999999999991));
#14812=CARTESIAN_POINT('',(0.106751984598568,-0.00432156995585071,0.0389999999999991));
#14813=CARTESIAN_POINT('',(0.106406363508309,-0.00432156995585071,0.0389999999999991));
#14814=CARTESIAN_POINT('',(0.106751984598568,-0.0042487370693449,0.0389999999999991));
#14815=CARTESIAN_POINT('',(0.106751984598568,-0.00396678890133775,0.0389999999999991));
#14816=CARTESIAN_POINT('',(0.106751984598568,-0.00396678890133775,0.0389999999999991));
#14817=CARTESIAN_POINT('',(0.106751984598568,-0.0042487370693449,0.0389999999999991));
#14818=CARTESIAN_POINT('',(0.106406363508309,-0.00396678890133775,0.0389999999999991));
#14819=CARTESIAN_POINT('',(0.10606074241805,-0.00396678890133775,0.0389999999999991));
#14820=CARTESIAN_POINT('',(0.10606074241805,-0.00396678890133775,0.0389999999999991));
#14821=CARTESIAN_POINT('',(0.106406363508309,-0.00396678890133775,0.0389999999999991));
#14822=CARTESIAN_POINT('',(0.10606074241805,-0.00374270489776313,0.0389999999999991));
#14823=CARTESIAN_POINT('',(0.10606074241805,-0.00351862089418851,0.0389999999999991));
#14824=CARTESIAN_POINT('',(0.10606074241805,-0.00351862089418851,0.0389999999999991));
#14825=CARTESIAN_POINT('',(0.10606074241805,-0.00374270489776313,0.0389999999999991));
#14826=CARTESIAN_POINT('',(0.106432056090972,-0.00351862089418851,0.0389999999999991));
#14827=CARTESIAN_POINT('',(0.106803369763894,-0.00351862089418851,0.0389999999999991));
#14828=CARTESIAN_POINT('',(0.106803369763894,-0.00351862089418851,0.0389999999999991));
#14829=CARTESIAN_POINT('',(0.106432056090972,-0.00351862089418851,0.0389999999999991));
#14830=CARTESIAN_POINT('',(0.106803369763894,-0.00334123036693203,0.0389999999999991));
#14831=CARTESIAN_POINT('',(0.106803369763894,-0.00316383983967555,0.0389999999999991));
#14832=CARTESIAN_POINT('',(0.106803369763894,-0.00316383983967555,0.0389999999999991));
#14833=CARTESIAN_POINT('',(0.106803369763894,-0.00334123036693203,0.0389999999999991));
#14834=CARTESIAN_POINT('',(0.106215568155315,-0.00316383983967555,0.0389999999999991));
#14835=CARTESIAN_POINT('',(0.106215568155315,-0.00316383983967555,0.0389999999999991));
#14836=CARTESIAN_POINT('',(-0.000188593150278843,-0.00774871840138568,0.0389999999999995));
#14837=CARTESIAN_POINT('',(0.104228526153528,-0.00316383983967555,0.0389999999999991));
#14838=CARTESIAN_POINT('',(0.104012038217871,-0.00316383983967555,0.0389999999999991));
#14839=CARTESIAN_POINT('',(0.104012038217871,-0.00316383983967555,0.0389999999999991));
#14840=CARTESIAN_POINT('',(0.104228526153528,-0.00316383983967555,0.0389999999999991));
#14841=CARTESIAN_POINT('',(0.104445014089185,-0.00316383983967555,0.0389999999999991));
#14842=CARTESIAN_POINT('',(0.104445014089185,-0.00316383983967555,0.0389999999999991));
#14843=CARTESIAN_POINT('',(0.104012038217871,-0.00366987201125732,0.0389999999999991));
#14844=CARTESIAN_POINT('',(0.104012038217871,-0.00520539479946107,0.0389999999999991));
#14845=CARTESIAN_POINT('',(0.104012038217871,-0.00520539479946107,0.0389999999999991));
#14846=CARTESIAN_POINT('',(0.104012038217871,-0.00366987201125732,0.0389999999999991));
#14847=CARTESIAN_POINT('',(0.104642511855047,-0.00520539479946107,0.0389999999999991));
#14848=CARTESIAN_POINT('',(0.105272985492223,-0.00520539479946107,0.0389999999999991));
#14849=CARTESIAN_POINT('',(0.105272985492223,-0.00520539479946107,0.0389999999999991));
#14850=CARTESIAN_POINT('',(0.104642511855047,-0.00520539479946107,0.0389999999999991));
#14851=CARTESIAN_POINT('',(0.105272985492223,-0.00502666378963087,0.0389999999999991));
#14852=CARTESIAN_POINT('',(0.105272985492223,-0.00484793277980066,0.0389999999999991));
#14853=CARTESIAN_POINT('',(0.105272985492223,-0.00484793277980066,0.0389999999999991));
#14854=CARTESIAN_POINT('',(0.105272985492223,-0.00502666378963087,0.0389999999999991));
#14855=CARTESIAN_POINT('',(0.104858999790704,-0.00484793277980066,0.0389999999999991));
#14856=CARTESIAN_POINT('',(0.104445014089185,-0.00484793277980066,0.0389999999999991));
#14857=CARTESIAN_POINT('',(0.104445014089185,-0.00484793277980066,0.0389999999999991));
#14858=CARTESIAN_POINT('',(0.104858999790704,-0.00484793277980066,0.0389999999999991));
#14859=CARTESIAN_POINT('',(0.104445014089185,-0.00366987201125732,0.0389999999999991));
#14860=CARTESIAN_POINT('',(0.104445014089185,-0.00366987201125732,0.0389999999999991));
#14861=CARTESIAN_POINT('',(-0.000188593150278843,-0.00774871840138568,0.0389999999999995));
#14862=CARTESIAN_POINT('',(0.102410608369793,-0.00469064949115008,0.0389999999999991));
#14863=CARTESIAN_POINT('',(0.102410608369793,-0.00520539479946107,0.0389999999999991));
#14864=CARTESIAN_POINT('',(0.102410608369793,-0.00520539479946107,0.0389999999999991));
#14865=CARTESIAN_POINT('',(0.102410608369793,-0.00469064949115008,0.0389999999999991));
#14866=CARTESIAN_POINT('',(0.102410608369793,-0.00316383983967555,0.0389999999999991));
#14867=CARTESIAN_POINT('',(0.102410608369793,-0.00316383983967555,0.0389999999999991));
#14868=CARTESIAN_POINT('',(0.102998409978372,-0.00520539479946107,0.0389999999999991));
#14869=CARTESIAN_POINT('',(0.103586211586951,-0.00520539479946107,0.0389999999999991));
#14870=CARTESIAN_POINT('',(0.103586211586951,-0.00520539479946107,0.0389999999999991));
#14871=CARTESIAN_POINT('',(0.102998409978372,-0.00520539479946107,0.0389999999999991));
#14872=CARTESIAN_POINT('',(0.103586211586951,-0.00502666378963087,0.0389999999999991));
#14873=CARTESIAN_POINT('',(0.103586211586951,-0.00484793277980066,0.0389999999999991));
#14874=CARTESIAN_POINT('',(0.103586211586951,-0.00484793277980066,0.0389999999999991));
#14875=CARTESIAN_POINT('',(0.103586211586951,-0.00502666378963087,0.0389999999999991));
#14876=CARTESIAN_POINT('',(0.103214897914028,-0.00484793277980066,0.0389999999999991));
#14877=CARTESIAN_POINT('',(0.102843584241106,-0.00484793277980066,0.0389999999999991));
#14878=CARTESIAN_POINT('',(0.102843584241106,-0.00484793277980066,0.0389999999999991));
#14879=CARTESIAN_POINT('',(0.103214897914028,-0.00484793277980066,0.0389999999999991));
#14880=CARTESIAN_POINT('',(0.102843584241106,-0.00458475136782569,0.0389999999999991));
#14881=CARTESIAN_POINT('',(0.102843584241106,-0.0043215699558507,0.0389999999999991));
#14882=CARTESIAN_POINT('',(0.102843584241106,-0.0043215699558507,0.0389999999999991));
#14883=CARTESIAN_POINT('',(0.102843584241106,-0.00458475136782569,0.0389999999999991));
#14884=CARTESIAN_POINT('',(0.103189205331365,-0.00432156995585071,0.0389999999999991));
#14885=CARTESIAN_POINT('',(0.103534826421625,-0.00432156995585071,0.0389999999999991));
#14886=CARTESIAN_POINT('',(0.103534826421625,-0.00432156995585071,0.0389999999999991));
#14887=CARTESIAN_POINT('',(0.103189205331365,-0.00432156995585071,0.0389999999999991));
#14888=CARTESIAN_POINT('',(0.103534826421625,-0.0042487370693449,0.0389999999999991));
#14889=CARTESIAN_POINT('',(0.103534826421625,-0.00396678890133775,0.0389999999999991));
#14890=CARTESIAN_POINT('',(0.103534826421625,-0.00396678890133775,0.0389999999999991));
#14891=CARTESIAN_POINT('',(0.103534826421625,-0.0042487370693449,0.0389999999999991));
#14892=CARTESIAN_POINT('',(0.103189205331365,-0.00396678890133775,0.0389999999999991));
#14893=CARTESIAN_POINT('',(0.102843584241106,-0.00396678890133775,0.0389999999999991));
#14894=CARTESIAN_POINT('',(0.102843584241106,-0.00396678890133775,0.0389999999999991));
#14895=CARTESIAN_POINT('',(0.103189205331365,-0.00396678890133775,0.0389999999999991));
#14896=CARTESIAN_POINT('',(0.102843584241106,-0.00374270489776313,0.0389999999999991));
#14897=CARTESIAN_POINT('',(0.102843584241106,-0.00351862089418851,0.0389999999999991));
#14898=CARTESIAN_POINT('',(0.102843584241106,-0.00351862089418851,0.0389999999999991));
#14899=CARTESIAN_POINT('',(0.102843584241106,-0.00374270489776313,0.0389999999999991));
#14900=CARTESIAN_POINT('',(0.103214897914028,-0.00351862089418851,0.0389999999999991));
#14901=CARTESIAN_POINT('',(0.103586211586951,-0.00351862089418851,0.0389999999999991));
#14902=CARTESIAN_POINT('',(0.103586211586951,-0.00351862089418851,0.0389999999999991));
#14903=CARTESIAN_POINT('',(0.103214897914028,-0.00351862089418851,0.0389999999999991));
#14904=CARTESIAN_POINT('',(0.103586211586951,-0.00334123036693203,0.0389999999999991));
#14905=CARTESIAN_POINT('',(0.103586211586951,-0.00316383983967555,0.0389999999999991));
#14906=CARTESIAN_POINT('',(0.103586211586951,-0.00316383983967555,0.0389999999999991));
#14907=CARTESIAN_POINT('',(0.103586211586951,-0.00334123036693203,0.0389999999999991));
#14908=CARTESIAN_POINT('',(0.102998409978372,-0.00316383983967555,0.0389999999999991));
#14909=CARTESIAN_POINT('',(0.102998409978372,-0.00316383983967555,0.0389999999999991));
#14910=CARTESIAN_POINT('',(-0.000188593150278843,-0.00774871840138568,0.0389999999999995));
#14911=CARTESIAN_POINT('',(0.100951320027221,-0.00416560912308639,0.0389999999968404));
#14912=CARTESIAN_POINT('',(0.100964127927384,-0.00417590418283909,0.0389999999999991));
#14913=CARTESIAN_POINT('',(0.100963943878327,-0.00417615015712419,0.0389999999999991));
#14914=CARTESIAN_POINT('',(0.100951320027221,-0.00416560912308639,0.0389999999999991));
#14915=CARTESIAN_POINT('',(0.100938957323969,-0.00415538125185571,0.0390000000000025));
#14916=CARTESIAN_POINT('',(0.100938981917603,-0.00415535011670861,0.0389999999999991));
#14917=CARTESIAN_POINT('',(0.101797154568118,-0.0030254934560776,0.0389999999999993));
#14918=CARTESIAN_POINT('',(0.101219366189274,-0.00432425092099816,0.0389999999999991));
#14919=CARTESIAN_POINT('',(0.101219364103593,-0.00432425144777102,0.0389999999999991));
#14920=CARTESIAN_POINT('',(0.101797154568118,-0.0030254934560776,0.0389999999999991));
#14921=CARTESIAN_POINT('',(0.100034503379997,-0.0069421031014041,0.0389999999999991));
#14922=CARTESIAN_POINT('',(0.101484111497585,-0.00446254403985428,0.0389999999999991));
#14923=CARTESIAN_POINT('',(0.101484227239298,-0.00446233777743376,0.0389999999999991));
#14924=CARTESIAN_POINT('',(0.100034503379997,-0.0069421031014041,0.0389999999999992));
#14925=CARTESIAN_POINT('',(0.101285955940234,-0.00478091732940062,0.0389999999999992));
#14926=CARTESIAN_POINT('',(0.101582636966754,-0.00455257978605625,0.0389999999999991));
#14927=CARTESIAN_POINT('',(0.101582764275687,-0.00455247903548666,0.0389999999999991));
#14928=CARTESIAN_POINT('',(0.101285955940234,-0.00478091732940062,0.0389999999999991));
#14929=CARTESIAN_POINT('',(0.101437163468113,-0.00465667749364891,0.0389999999999992));
#14930=CARTESIAN_POINT('',(0.101616149031097,-0.0046593715644298,0.0389999999999991));
#14931=CARTESIAN_POINT('',(0.101615721188798,-0.00465939566700678,0.0389999999999991));
#14932=CARTESIAN_POINT('',(0.101437163468113,-0.00465667749364891,0.0389999999999991));
#14933=CARTESIAN_POINT('',(0.101430102039899,-0.00467226133819332,0.0389999999999992));
#14934=CARTESIAN_POINT('',(0.101539964938157,-0.00482134654208842,0.0389999999999991));
#14935=CARTESIAN_POINT('',(0.101539964938157,-0.00482134654208842,0.0389999999999991));
#14936=CARTESIAN_POINT('',(0.101430102039899,-0.00467226133819332,0.0389999999999991));
#14937=CARTESIAN_POINT('',(0.101321689692402,-0.00487563608632434,0.0389999999999991));
#14938=CARTESIAN_POINT('',(0.101321689692402,-0.00487563608632434,0.0392499999999991));
#14939=CARTESIAN_POINT('',(0.101416417127612,-0.00487563608632434,0.0389999999999991));
#14940=CARTESIAN_POINT('',(0.101416417127612,-0.00487563608632434,0.0392499999999991));
#14941=CARTESIAN_POINT('',(0.101489175542864,-0.00485753957157903,0.0389999999999991));
#14942=CARTESIAN_POINT('',(0.101489175542864,-0.00485753957157903,0.0392499999999991));
#14943=CARTESIAN_POINT('',(0.101539964938157,-0.00482134654208842,0.0389999999999991));
#14944=CARTESIAN_POINT('',(0.101539964938157,-0.00482134654208842,0.0392499999999991));
#14945=CARTESIAN_POINT('',(0.101321689692402,-0.00487563608632434,0.0389999999999991));
#14946=CARTESIAN_POINT('',(0.101321689692402,-0.00487563608632434,0.0389999999999991));
#14947=CARTESIAN_POINT('',(0.101321689692402,-0.00487563608632434,0.0389999999999991));
#14948=CARTESIAN_POINT('',(0.101463780845217,-0.00487563608632434,0.0389999999999991));
#14949=CARTESIAN_POINT('',(0.101539964938157,-0.00482134654208842,0.0389999999999991));
#14950=CARTESIAN_POINT('',(0.101340245919054,-0.00383004156397265,0.0389999999999992));
#14951=CARTESIAN_POINT('',(0.101059625349238,-0.00483810257426,0.0389999999999991));
#14952=CARTESIAN_POINT('',(0.101059588434026,-0.00483822571894611,0.0389999999999991));
#14953=CARTESIAN_POINT('',(0.101340245919054,-0.00383004156397265,0.0389999999999991));
#14954=CARTESIAN_POINT('',(0.101719226201569,-0.00254849615611576,0.0389999999999994));
#14955=CARTESIAN_POINT('',(0.100709982811258,-0.0047075446990502,0.0389999999999991));
#14956=CARTESIAN_POINT('',(0.100709982811258,-0.00470807576460853,0.0389999999999991));
#14957=CARTESIAN_POINT('',(0.101719226201569,-0.00254849615611576,0.0389999999999991));
#14958=CARTESIAN_POINT('',(0.100709982811258,-0.00490914815066751,0.0389999999999991));
#14959=CARTESIAN_POINT('',(0.100709982811258,-0.00511120830091745,0.0389999999999991));
#14960=CARTESIAN_POINT('',(0.100709982811258,-0.00511120830091744,0.0389999999999992));
#14961=CARTESIAN_POINT('',(0.100709982811258,-0.00490914815066751,0.0389999999999991));
#14962=CARTESIAN_POINT('',(0.1012587497456,-0.00393469609717399,0.0389999999999992));
#14963=CARTESIAN_POINT('',(0.101288177628059,-0.00523354493350933,0.0389999999999991));
#14964=CARTESIAN_POINT('',(0.101288177628059,-0.00523354493350933,0.0389999999999991));
#14965=CARTESIAN_POINT('',(0.1012587497456,-0.00393469609717399,0.0389999999999991));
#14966=CARTESIAN_POINT('',(0.101841573517246,-0.00507425092099816,0.0389999999999991));
#14967=CARTESIAN_POINT('',(0.101841573517246,-0.00507425092099816,0.0392499999999991));
#14968=CARTESIAN_POINT('',(0.101708865742447,-0.00518044692933894,0.0389999999999991));
#14969=CARTESIAN_POINT('',(0.101708865742447,-0.00518044692933894,0.0392499999999991));
#14970=CARTESIAN_POINT('',(0.101524400446051,-0.00523354493350933,0.0389999999999991));
#14971=CARTESIAN_POINT('',(0.101524400446051,-0.00523354493350933,0.0392499999999991));
#14972=CARTESIAN_POINT('',(0.101288177628059,-0.00523354493350933,0.0389999999999991));
#14973=CARTESIAN_POINT('',(0.101288177628059,-0.00523354493350933,0.0392499999999991));
#14974=CARTESIAN_POINT('',(0.101841573517246,-0.00507425092099816,0.0389999999999991));
#14975=CARTESIAN_POINT('',(0.101841573517246,-0.00507425092099816,0.0389999999999991));
#14976=CARTESIAN_POINT('',(0.101841573517246,-0.00507425092099816,0.0389999999999991));
#14977=CARTESIAN_POINT('',(0.101642511855047,-0.00523354493350933,0.0389999999999991));
#14978=CARTESIAN_POINT('',(0.101288177628059,-0.00523354493350933,0.0389999999999991));
#14979=CARTESIAN_POINT('',(0.102040635179444,-0.00463837067077475,0.0389999999999991));
#14980=CARTESIAN_POINT('',(0.102040635179444,-0.00463837067077475,0.0392499999999991));
#14981=CARTESIAN_POINT('',(0.102040635179444,-0.00482276149591624,0.0389999999999991));
#14982=CARTESIAN_POINT('',(0.102040635179444,-0.00482276149591624,0.0392499999999991));
#14983=CARTESIAN_POINT('',(0.101974281292045,-0.00496805491265738,0.0389999999999991));
#14984=CARTESIAN_POINT('',(0.101974281292045,-0.00496805491265738,0.0392499999999991));
#14985=CARTESIAN_POINT('',(0.101841573517246,-0.00507425092099816,0.0389999999999991));
#14986=CARTESIAN_POINT('',(0.101841573517246,-0.00507425092099816,0.0392499999999991));
#14987=CARTESIAN_POINT('',(0.102040635179444,-0.00463837067077475,0.0389999999999991));
#14988=CARTESIAN_POINT('',(0.102040635179444,-0.00463837067077475,0.0389999999999991));
#14989=CARTESIAN_POINT('',(0.102040635179444,-0.00463837067077475,0.0389999999999991));
#14990=CARTESIAN_POINT('',(0.102040635179444,-0.00491495690848699,0.0389999999999991));
#14991=CARTESIAN_POINT('',(0.101841573517246,-0.00507425092099816,0.0389999999999991));
#14992=CARTESIAN_POINT('',(0.101504775316984,-0.00461932509591466,0.0389999999999992));
#14993=CARTESIAN_POINT('',(0.101934513642357,-0.00430123930348252,0.0389999999999991));
#14994=CARTESIAN_POINT('',(0.101934780975862,-0.00430104610205583,0.0389999999999991));
#14995=CARTESIAN_POINT('',(0.101504775316984,-0.00461932509591466,0.0389999999999991));
#14996=CARTESIAN_POINT('',(0.101420336096188,-0.00472121163126402,0.0389999999999991));
#14997=CARTESIAN_POINT('',(0.101800140485273,-0.00417590418283909,0.0389999999999991));
#14998=CARTESIAN_POINT('',(0.101800158252957,-0.00417587988820674,0.0389999999999991));
#14999=CARTESIAN_POINT('',(0.101420336096188,-0.00472121163126402,0.0389999999999991));
#15000=CARTESIAN_POINT('',(0.100840258022541,-0.00554628347896417,0.0389999999999991));
#15001=CARTESIAN_POINT('',(0.101541975662018,-0.00402666378963087,0.0389999999999991));
#15002=CARTESIAN_POINT('',(0.10154203072265,-0.00402653829214366,0.0389999999999991));
#15003=CARTESIAN_POINT('',(0.100840258022541,-0.00554628347896417,0.0389999999999992));
#15004=CARTESIAN_POINT('',(0.102768842942201,-0.00130797585556187,0.0389999999999991));
#15005=CARTESIAN_POINT('',(0.101267846975691,-0.00388367898176671,0.0389999999999991));
#15006=CARTESIAN_POINT('',(0.101267698536732,-0.00388394652358926,0.0389999999999991));
#15007=CARTESIAN_POINT('',(0.102768842942201,-0.00130797585556187,0.0389999999999991));
#15008=CARTESIAN_POINT('',(0.101426560841541,-0.00363414083629468,0.0389999999999992));
#15009=CARTESIAN_POINT('',(0.101183396573546,-0.00380123930348252,0.0389999999999991));
#15010=CARTESIAN_POINT('',(0.101183250547593,-0.00380134412964233,0.0389999999999991));
#15011=CARTESIAN_POINT('',(0.101426560841541,-0.00363414083629468,0.0389999999999991));
#15012=CARTESIAN_POINT('',(0.101341998888173,-0.0037061758933526,0.0389999999999992));
#15013=CARTESIAN_POINT('',(0.101156810335834,-0.0037013733517399,0.0389999999999991));
#15014=CARTESIAN_POINT('',(0.101156983086704,-0.00370137282525705,0.0389999999999991));
#15015=CARTESIAN_POINT('',(0.101341998888173,-0.0037061758933526,0.0389999999999991));
#15016=CARTESIAN_POINT('',(0.101344969106137,-0.00369460681970179,0.0389999999999992));
#15017=CARTESIAN_POINT('',(0.101222493981946,-0.00355213295853167,0.0389999999999991));
#15018=CARTESIAN_POINT('',(0.101222493981946,-0.00355213295853167,0.0389999999999991));
#15019=CARTESIAN_POINT('',(0.101344969106137,-0.00369460681970179,0.0389999999999991));
#15020=CARTESIAN_POINT('',(0.101411055197317,-0.00349493903538601,0.0389999999999991));
#15021=CARTESIAN_POINT('',(0.101411055197317,-0.003494939035386,0.0392499999999991));
#15022=CARTESIAN_POINT('',(0.101329136817812,-0.00349493903538601,0.0389999999999991));
#15023=CARTESIAN_POINT('',(0.101329136817812,-0.003494939035386,0.0392499999999991));
#15024=CARTESIAN_POINT('',(0.101266283079355,-0.00351400367643456,0.0389999999999991));
#15025=CARTESIAN_POINT('',(0.101266283079355,-0.00351400367643456,0.0392499999999991));
#15026=CARTESIAN_POINT('',(0.101222493981946,-0.00355213295853167,0.0389999999999991));
#15027=CARTESIAN_POINT('',(0.101222493981946,-0.00355213295853167,0.0392499999999991));
#15028=CARTESIAN_POINT('',(0.101411055197317,-0.00349493903538601,0.0389999999999991));
#15029=CARTESIAN_POINT('',(0.101411055197317,-0.00349493903538601,0.0389999999999991));
#15030=CARTESIAN_POINT('',(0.101411055197317,-0.00349493903538601,0.0389999999999991));
#15031=CARTESIAN_POINT('',(0.101288177628059,-0.00349493903538601,0.0389999999999991));
#15032=CARTESIAN_POINT('',(0.101222493981946,-0.00355213295853167,0.0389999999999991));
#15033=CARTESIAN_POINT('',(0.101407356654254,-0.00436224696493791,0.0389999999999993));
#15034=CARTESIAN_POINT('',(0.101621064133868,-0.00352152527309825,0.0389999999999991));
#15035=CARTESIAN_POINT('',(0.101621111281863,-0.00352135768293985,0.0389999999999991));
#15036=CARTESIAN_POINT('',(0.101407356654254,-0.00436224696493791,0.0389999999999991));
#15037=CARTESIAN_POINT('',(0.101063136619627,-0.00555243119360388,0.0389999999999991));
#15038=CARTESIAN_POINT('',(0.101891260111823,-0.00361546112169206,0.0389999999999991));
#15039=CARTESIAN_POINT('',(0.101891260107086,-0.00361546112362366,0.0389999999999992));
#15040=CARTESIAN_POINT('',(0.101063136619627,-0.00555243119360388,0.0389999999999992));
#15041=CARTESIAN_POINT('',(0.10196109988007,-0.00344668166273185,0.0389999999999991));
#15042=CARTESIAN_POINT('',(0.102030749411399,-0.00327836196202011,0.0389999999999991));
#15043=CARTESIAN_POINT('',(0.102030749411399,-0.00327836196202012,0.0389999999999991));
#15044=CARTESIAN_POINT('',(0.10196109988007,-0.00344668166273185,0.0389999999999991));
#15045=CARTESIAN_POINT('',(0.101192790950921,-0.00518010823569706,0.0389999999999994));
#15046=CARTESIAN_POINT('',(0.101728526153528,-0.00317232956264249,0.0389999999999991));
#15047=CARTESIAN_POINT('',(0.10172854548765,-0.0031722567800891,0.0389999999999991));
#15048=CARTESIAN_POINT('',(0.101192790950921,-0.00518010823569706,0.0389999999999992));
#15049=CARTESIAN_POINT('',(0.101431054786972,-0.00433863883403054,0.0389999999999992));
#15050=CARTESIAN_POINT('',(0.101424906850579,-0.00313479605057814,0.0389999999999991));
#15051=CARTESIAN_POINT('',(0.101424906850579,-0.00313479605057814,0.0389999999999991));
#15052=CARTESIAN_POINT('',(0.101431054786972,-0.00433863883403054,0.0389999999999991));
#15053=CARTESIAN_POINT('',(0.100917310782661,-0.00328962178784356,0.0389999999999991));
#15054=CARTESIAN_POINT('',(0.100917310782661,-0.00328962178784356,0.0392499999999991));
#15055=CARTESIAN_POINT('',(0.101039741524395,-0.00318640462966661,0.0389999999999991));
#15056=CARTESIAN_POINT('',(0.101039741524395,-0.00318640462966661,0.0392499999999991));
#15057=CARTESIAN_POINT('',(0.101208940213701,-0.00313479605057814,0.0389999999999991));
#15058=CARTESIAN_POINT('',(0.101208940213701,-0.00313479605057814,0.0392499999999991));
#15059=CARTESIAN_POINT('',(0.101424906850579,-0.00313479605057814,0.0389999999999991));
#15060=CARTESIAN_POINT('',(0.101424906850579,-0.00313479605057814,0.0392499999999991));
#15061=CARTESIAN_POINT('',(0.100917310782661,-0.00328962178784356,0.0389999999999991));
#15062=CARTESIAN_POINT('',(0.100917310782661,-0.00328962178784356,0.0389999999999991));
#15063=CARTESIAN_POINT('',(0.100917310782661,-0.00328962178784356,0.0389999999999991));
#15064=CARTESIAN_POINT('',(0.101100956895262,-0.00313479605057814,0.0389999999999991));
#15065=CARTESIAN_POINT('',(0.101424906850579,-0.00313479605057814,0.0389999999999991));
#15066=CARTESIAN_POINT('',(0.100733664670061,-0.00371567183252631,0.0389999999999991));
#15067=CARTESIAN_POINT('',(0.100733664670061,-0.00371567183252631,0.0392499999999991));
#15068=CARTESIAN_POINT('',(0.100733664670061,-0.00353485562758142,0.0389999999999991));
#15069=CARTESIAN_POINT('',(0.100733664670061,-0.00353485562758142,0.0392499999999991));
#15070=CARTESIAN_POINT('',(0.100794880040927,-0.0033928389460205,0.0389999999999991));
#15071=CARTESIAN_POINT('',(0.100794880040927,-0.0033928389460205,0.0392499999999991));
#15072=CARTESIAN_POINT('',(0.100917310782661,-0.00328962178784356,0.0389999999999991));
#15073=CARTESIAN_POINT('',(0.100917310782661,-0.00328962178784356,0.0392499999999991));
#15074=CARTESIAN_POINT('',(0.100733664670061,-0.00371567183252631,0.0389999999999991));
#15075=CARTESIAN_POINT('',(0.100733664670061,-0.00371567183252631,0.0389999999999991));
#15076=CARTESIAN_POINT('',(0.100733664670061,-0.00371567183252631,0.0389999999999991));
#15077=CARTESIAN_POINT('',(0.100733664670061,-0.00344444752510897,0.0389999999999991));
#15078=CARTESIAN_POINT('',(0.100917310782661,-0.00328962178784356,0.0389999999999991));
#15079=CARTESIAN_POINT('',(0.101273283972238,-0.00372939863993117,0.0389999999999992));
#15080=CARTESIAN_POINT('',(0.100789518110633,-0.00396678890133775,0.0389999999999991));
#15081=CARTESIAN_POINT('',(0.100789319642802,-0.00396688392014868,0.0389999999999991));
#15082=CARTESIAN_POINT('',(0.101273283972238,-0.00372939863993117,0.0389999999999991));
#15083=CARTESIAN_POINT('',(0.10134989879894,-0.00367585369027669,0.0389999999999992));
#15084=CARTESIAN_POINT('',(0.10134989879894,-0.00367585369027669,0.0389999999999991));
#15085=CARTESIAN_POINT('',(-0.000188593150278843,-0.00774871840138568,0.0389999999999995));
#15086=CARTESIAN_POINT('',(0.109689160447299,0.00341733814235703,0.0389999999999991));
#15087=CARTESIAN_POINT('',(0.108597982496128,0.00341733814235703,0.0389999999999991));
#15088=CARTESIAN_POINT('',(0.108597982496128,0.00341733814235703,0.0389999999999991));
#15089=CARTESIAN_POINT('',(0.109689160447299,0.00341733814235703,0.0389999999999991));
#15090=CARTESIAN_POINT('',(0.110334705375565,0.00341733814235703,0.0389999999999991));
#15091=CARTESIAN_POINT('',(0.110334705375565,0.00341733814235703,0.0389999999999991));
#15092=CARTESIAN_POINT('',(0.108597982496128,0.00321446877412143,0.0389999999999991));
#15093=CARTESIAN_POINT('',(0.108597982496128,0.00301159940588585,0.0389999999999991));
#15094=CARTESIAN_POINT('',(0.108597982496128,0.00301159940588585,0.0389999999999991));
#15095=CARTESIAN_POINT('',(0.108597982496128,0.00321446877412143,0.0389999999999991));
#15096=CARTESIAN_POINT('',(0.109133157426911,0.00301159940588585,0.0389999999999991));
#15097=CARTESIAN_POINT('',(0.109222699334789,0.00301159940588585,0.0389999999999991));
#15098=CARTESIAN_POINT('',(0.109222699334789,0.00301159940588585,0.0389999999999991));
#15099=CARTESIAN_POINT('',(0.109133157426911,0.00301159940588585,0.0389999999999991));
#15100=CARTESIAN_POINT('',(0.109222699334789,0.00206445618917304,0.0389999999999991));
#15101=CARTESIAN_POINT('',(0.109222699334789,0.00111731297246022,0.0389999999999991));
#15102=CARTESIAN_POINT('',(0.109222699334789,0.00111731297246022,0.0389999999999991));
#15103=CARTESIAN_POINT('',(0.109222699334789,0.00206445618917304,0.0389999999999991));
#15104=CARTESIAN_POINT('',(0.109466595634814,0.00111731297246022,0.0389999999999991));
#15105=CARTESIAN_POINT('',(0.10971049193484,0.00111731297246022,0.0389999999999991));
#15106=CARTESIAN_POINT('',(0.10971049193484,0.00111731297246022,0.0389999999999991));
#15107=CARTESIAN_POINT('',(0.109466595634814,0.00111731297246022,0.0389999999999991));
#15108=CARTESIAN_POINT('',(0.10971049193484,0.00206445618917304,0.0389999999999991));
#15109=CARTESIAN_POINT('',(0.10971049193484,0.00301159940588585,0.0389999999999991));
#15110=CARTESIAN_POINT('',(0.10971049193484,0.00301159940588585,0.0389999999999991));
#15111=CARTESIAN_POINT('',(0.10971049193484,0.00206445618917304,0.0389999999999991));
#15112=CARTESIAN_POINT('',(0.110022598655202,0.00301159940588585,0.0389999999999991));
#15113=CARTESIAN_POINT('',(0.110334705375565,0.00301159940588585,0.0389999999999991));
#15114=CARTESIAN_POINT('',(0.110334705375565,0.00301159940588585,0.0389999999999991));
#15115=CARTESIAN_POINT('',(0.110022598655202,0.00301159940588585,0.0389999999999991));
#15116=CARTESIAN_POINT('',(0.110334705375565,0.00321446877412143,0.0389999999999991));
#15117=CARTESIAN_POINT('',(0.110334705375565,0.00321446877412143,0.0389999999999991));
#15118=CARTESIAN_POINT('',(-0.000188593150278843,-0.00774871840138568,0.0389999999999995));
#15119=CARTESIAN_POINT('',(0.107262467771739,0.00239644712801018,0.0389999999999991));
#15120=CARTESIAN_POINT('',(0.107262467771739,0.00239644712801018,0.0392499999999991));
#15121=CARTESIAN_POINT('',(0.107183937693712,0.00239644712801018,0.0392499999999991));
#15122=CARTESIAN_POINT('',(0.107340997849765,0.00239644712801018,0.0392499999999991));
#15123=CARTESIAN_POINT('',(0.107183937693712,0.00239644712801018,0.0389999999999991));
#15124=CARTESIAN_POINT('',(0.107183937693712,0.00239644712801018,0.0389999999999991));
#15125=CARTESIAN_POINT('',(0.107262467771739,0.00239644712801018,0.0389999999999991));
#15126=CARTESIAN_POINT('',(0.107340997849765,0.00239644712801018,0.0389999999999991));
#15127=CARTESIAN_POINT('',(0.107340997849765,0.00239644712801018,0.0389999999999991));
#15128=CARTESIAN_POINT('',(0.107183937693712,0.00270704365456442,0.0389999999999991));
#15129=CARTESIAN_POINT('',(0.107183937693712,0.00270704365456442,0.0392499999999991));
#15130=CARTESIAN_POINT('',(0.107183937693712,0.00301764018111867,0.0392499999999991));
#15131=CARTESIAN_POINT('',(0.107183937693712,0.00301764018111867,0.0389999999999991));
#15132=CARTESIAN_POINT('',(0.107183937693712,0.00301764018111867,0.0389999999999991));
#15133=CARTESIAN_POINT('',(0.107183937693712,0.00270704365456442,0.0389999999999991));
#15134=CARTESIAN_POINT('',(0.107257937190314,0.00301764018111867,0.0389999999999991));
#15135=CARTESIAN_POINT('',(0.107257937190314,0.00301764018111867,0.0392499999999991));
#15136=CARTESIAN_POINT('',(0.107331936686916,0.00301764018111867,0.0392499999999991));
#15137=CARTESIAN_POINT('',(0.107331936686916,0.00301764018111867,0.0389999999999991));
#15138=CARTESIAN_POINT('',(0.107331936686916,0.00301764018111867,0.0389999999999991));
#15139=CARTESIAN_POINT('',(0.107257937190314,0.00301764018111867,0.0389999999999991));
#15140=CARTESIAN_POINT('',(0.107680036359707,0.00294842296490925,0.0389999999999991));
#15141=CARTESIAN_POINT('',(0.107680036359707,0.00294842296490926,0.0392499999999991));
#15142=CARTESIAN_POINT('',(0.107605030067233,0.00299456777571553,0.0389999999999991));
#15143=CARTESIAN_POINT('',(0.107605030067233,0.00299456777571553,0.0392499999999991));
#15144=CARTESIAN_POINT('',(0.10748899684297,0.00301764018111867,0.0389999999999991));
#15145=CARTESIAN_POINT('',(0.10748899684297,0.00301764018111867,0.0392499999999991));
#15146=CARTESIAN_POINT('',(0.107331936686916,0.00301764018111867,0.0389999999999991));
#15147=CARTESIAN_POINT('',(0.107331936686916,0.00301764018111867,0.0392499999999991));
#15148=CARTESIAN_POINT('',(0.107680036359707,0.00294842296490925,0.0392499999999991));
#15149=CARTESIAN_POINT('',(0.107567526920996,0.00301764018111867,0.0392499999999991));
#15150=CARTESIAN_POINT('',(0.107331936686916,0.00301764018111867,0.0392499999999991));
#15151=CARTESIAN_POINT('',(0.107680036359707,0.00294842296490925,0.0392499999999991));
#15152=CARTESIAN_POINT('',(0.107680036359707,0.00294842296490925,0.0389999999999991));
#15153=CARTESIAN_POINT('',(0.107680036359707,0.00294842296490925,0.0389999999999991));
#15154=CARTESIAN_POINT('',(0.107680036359707,0.00294842296490925,0.0389999999999991));
#15155=CARTESIAN_POINT('',(0.107567526920996,0.00301764018111867,0.0389999999999991));
#15156=CARTESIAN_POINT('',(0.107331936686916,0.00301764018111867,0.0389999999999991));
#15157=CARTESIAN_POINT('',(0.107792545798419,0.00271560141947759,0.0389999999999991));
#15158=CARTESIAN_POINT('',(0.107792545798419,0.00271560141947759,0.0392499999999991));
#15159=CARTESIAN_POINT('',(0.107792545798419,0.00282467097229242,0.0389999999999991));
#15160=CARTESIAN_POINT('',(0.107792545798419,0.00282467097229242,0.0392499999999991));
#15161=CARTESIAN_POINT('',(0.107755042652182,0.00290227815410298,0.0389999999999991));
#15162=CARTESIAN_POINT('',(0.107755042652182,0.00290227815410298,0.0392499999999991));
#15163=CARTESIAN_POINT('',(0.107680036359707,0.00294842296490925,0.0389999999999991));
#15164=CARTESIAN_POINT('',(0.107680036359707,0.00294842296490926,0.0392499999999991));
#15165=CARTESIAN_POINT('',(0.107792545798419,0.00271560141947759,0.0392499999999991));
#15166=CARTESIAN_POINT('',(0.107792545798419,0.00287920574869984,0.0392499999999991));
#15167=CARTESIAN_POINT('',(0.107680036359707,0.00294842296490925,0.0392499999999991));
#15168=CARTESIAN_POINT('',(0.107792545798419,0.00271560141947759,0.0392499999999991));
#15169=CARTESIAN_POINT('',(0.107792545798419,0.00271560141947759,0.0389999999999991));
#15170=CARTESIAN_POINT('',(0.107792545798419,0.00271560141947759,0.0389999999999991));
#15171=CARTESIAN_POINT('',(0.107792545798419,0.00271560141947759,0.0389999999999991));
#15172=CARTESIAN_POINT('',(0.107792545798419,0.00287920574869984,0.0389999999999991));
#15173=CARTESIAN_POINT('',(0.107680036359707,0.00294842296490925,0.0389999999999991));
#15174=CARTESIAN_POINT('',(0.107682553349388,0.00247346701222866,0.0389999999999991));
#15175=CARTESIAN_POINT('',(0.107682553349388,0.00247346701222866,0.0392499999999991));
#15176=CARTESIAN_POINT('',(0.107755881648742,0.00252481360170764,0.0389999999999991));
#15177=CARTESIAN_POINT('',(0.107755881648742,0.00252481360170764,0.0392499999999991));
#15178=CARTESIAN_POINT('',(0.107792545798419,0.00260552507079062,0.0389999999999991));
#15179=CARTESIAN_POINT('',(0.107792545798419,0.00260552507079062,0.0392499999999991));
#15180=CARTESIAN_POINT('',(0.107792545798419,0.00271560141947759,0.0389999999999991));
#15181=CARTESIAN_POINT('',(0.107792545798419,0.00271560141947759,0.0392499999999991));
#15182=CARTESIAN_POINT('',(0.107682553349388,0.00247346701222866,0.0392499999999991));
#15183=CARTESIAN_POINT('',(0.107792545798419,0.00255048689644714,0.0392499999999991));
#15184=CARTESIAN_POINT('',(0.107792545798419,0.00271560141947759,0.0392499999999991));
#15185=CARTESIAN_POINT('',(0.107682553349388,0.00247346701222866,0.0392499999999991));
#15186=CARTESIAN_POINT('',(0.107682553349388,0.00247346701222866,0.0389999999999991));
#15187=CARTESIAN_POINT('',(0.107682553349388,0.00247346701222866,0.0389999999999991));
#15188=CARTESIAN_POINT('',(0.107682553349388,0.00247346701222866,0.0389999999999991));
#15189=CARTESIAN_POINT('',(0.107792545798419,0.00255048689644714,0.0389999999999991));
#15190=CARTESIAN_POINT('',(0.107792545798419,0.00271560141947759,0.0389999999999991));
#15191=CARTESIAN_POINT('',(0.107550303204979,0.00284998402818961,0.0389999999999991));
#15192=CARTESIAN_POINT('',(0.10809660579041,0.00227714181564211,0.0389999999999991));
#15193=CARTESIAN_POINT('',(0.108096702116787,0.00227703810017658,0.0389999999999991));
#15194=CARTESIAN_POINT('',(0.107550303204979,0.00284998402818961,0.0389999999999991));
#15195=CARTESIAN_POINT('',(0.107857033758332,0.00211993594067878,0.0389999999999991));
#15196=CARTESIAN_POINT('',(0.107857033758332,0.00211993594067875,0.0389999999999991));
#15197=CARTESIAN_POINT('',(0.107640330109293,0.00274366628949134,0.0389999999999978));
#15198=CARTESIAN_POINT('',(0.108173366337055,0.00236725004771821,0.0389999999999991));
#15199=CARTESIAN_POINT('',(0.108173424938284,0.00236720881520949,0.0389999999999991));
#15200=CARTESIAN_POINT('',(0.107640039010527,0.00274383057501741,0.0389999999999988));
#15201=CARTESIAN_POINT('',(0.107674679145298,0.00271812058815646,0.038999999999999));
#15202=CARTESIAN_POINT('',(0.108284868979894,0.0027281863678793,0.0389999999999991));
#15203=CARTESIAN_POINT('',(0.108284868979894,0.0027281863678793,0.0389999999999991));
#15204=CARTESIAN_POINT('',(0.107674679145298,0.00271812058815646,0.0389999999999991));
#15205=CARTESIAN_POINT('',(0.108060101801439,0.00324668624202982,0.0389999999999991));
#15206=CARTESIAN_POINT('',(0.108060101801439,0.00324668624202982,0.0392499999999991));
#15207=CARTESIAN_POINT('',(0.108209946587076,0.00313291830847835,0.0389999999999991));
#15208=CARTESIAN_POINT('',(0.108209946587076,0.00313291830847835,0.0392499999999991));
#15209=CARTESIAN_POINT('',(0.108284868979894,0.00296008501709484,0.0389999999999991));
#15210=CARTESIAN_POINT('',(0.108284868979894,0.00296008501709484,0.0392499999999991));
#15211=CARTESIAN_POINT('',(0.108284868979894,0.0027281863678793,0.0389999999999991));
#15212=CARTESIAN_POINT('',(0.108284868979894,0.0027281863678793,0.0392499999999991));
#15213=CARTESIAN_POINT('',(0.108060101801439,0.00324668624202982,0.0389999999999991));
#15214=CARTESIAN_POINT('',(0.108060101801439,0.00324668624202982,0.0389999999999991));
#15215=CARTESIAN_POINT('',(0.108060101801439,0.00324668624202982,0.0389999999999991));
#15216=CARTESIAN_POINT('',(0.108284868979894,0.00307603434170261,0.0389999999999991));
#15217=CARTESIAN_POINT('',(0.108284868979894,0.0027281863678793,0.0389999999999991));
#15218=CARTESIAN_POINT('',(0.107366167746569,0.00341733814235703,0.0389999999999991));
#15219=CARTESIAN_POINT('',(0.107366167746569,0.00341733814235703,0.0392499999999991));
#15220=CARTESIAN_POINT('',(0.107678945664179,0.00341733814235703,0.0389999999999991));
#15221=CARTESIAN_POINT('',(0.107678945664179,0.00341733814235703,0.0392499999999991));
#15222=CARTESIAN_POINT('',(0.107910257015803,0.00336045417558129,0.0389999999999991));
#15223=CARTESIAN_POINT('',(0.107910257015803,0.00336045417558129,0.0392499999999991));
#15224=CARTESIAN_POINT('',(0.108060101801439,0.00324668624202982,0.0389999999999991));
#15225=CARTESIAN_POINT('',(0.108060101801439,0.00324668624202982,0.0392499999999991));
#15226=CARTESIAN_POINT('',(0.107366167746569,0.00341733814235703,0.0389999999999991));
#15227=CARTESIAN_POINT('',(0.107366167746569,0.00341733814235703,0.0389999999999991));
#15228=CARTESIAN_POINT('',(0.107366167746569,0.00341733814235703,0.0389999999999991));
#15229=CARTESIAN_POINT('',(0.107835334622985,0.00341733814235703,0.0389999999999991));
#15230=CARTESIAN_POINT('',(0.108060101801439,0.00324668624202982,0.0389999999999991));
#15231=CARTESIAN_POINT('',(0.107031156420115,0.00341733814235703,0.0389999999999991));
#15232=CARTESIAN_POINT('',(0.106696145093662,0.00341733814235703,0.0389999999999991));
#15233=CARTESIAN_POINT('',(0.106696145093662,0.00341733814235703,0.0389999999999991));
#15234=CARTESIAN_POINT('',(0.107031156420115,0.00341733814235703,0.0389999999999991));
#15235=CARTESIAN_POINT('',(0.106696145093662,0.00169722739481109,0.0389999999999991));
#15236=CARTESIAN_POINT('',(0.106696145093662,0.00111731297246022,0.0389999999999991));
#15237=CARTESIAN_POINT('',(0.106696145093662,0.00111731297246022,0.0389999999999991));
#15238=CARTESIAN_POINT('',(0.106696145093662,0.00169722739481109,0.0389999999999991));
#15239=CARTESIAN_POINT('',(0.106940041393687,0.00111731297246022,0.0389999999999991));
#15240=CARTESIAN_POINT('',(0.107183937693712,0.00111731297246022,0.0389999999999991));
#15241=CARTESIAN_POINT('',(0.107183937693712,0.00111731297246022,0.0389999999999991));
#15242=CARTESIAN_POINT('',(0.106940041393687,0.00111731297246022,0.0389999999999991));
#15243=CARTESIAN_POINT('',(0.107183937693712,0.00155854126342423,0.0389999999999991));
#15244=CARTESIAN_POINT('',(0.107183937693712,0.00199976955438824,0.0389999999999991));
#15245=CARTESIAN_POINT('',(0.107183937693712,0.00199976955438824,0.0389999999999991));
#15246=CARTESIAN_POINT('',(0.107183937693712,0.00155854126342423,0.0389999999999991));
#15247=CARTESIAN_POINT('',(0.10731356266225,0.00199976955438824,0.0389999999999991));
#15248=CARTESIAN_POINT('',(0.107443187630787,0.00199976955438824,0.0389999999999991));
#15249=CARTESIAN_POINT('',(0.107443187630787,0.00199976955438824,0.0389999999999991));
#15250=CARTESIAN_POINT('',(0.10731356266225,0.00199976955438824,0.0389999999999991));
#15251=CARTESIAN_POINT('',(0.107717791204913,0.00155854126342423,0.0389999999999991));
#15252=CARTESIAN_POINT('',(0.107992394779038,0.00111731297246023,0.0389999999999991));
#15253=CARTESIAN_POINT('',(0.107992394779038,0.00111731297246023,0.0389999999999991));
#15254=CARTESIAN_POINT('',(0.107717791204913,0.00155854126342423,0.0389999999999991));
#15255=CARTESIAN_POINT('',(0.108262971169675,0.00111731297246022,0.0389999999999991));
#15256=CARTESIAN_POINT('',(0.108533089919661,0.00111731297246022,0.0389999999999991));
#15257=CARTESIAN_POINT('',(0.108533089919661,0.00111731297246022,0.0389999999999991));
#15258=CARTESIAN_POINT('',(0.108262971169675,0.00111731297246022,0.0389999999999991));
#15259=CARTESIAN_POINT('',(0.201621613017703,0.0646149825674324,0.0389999999997985));
#15260=CARTESIAN_POINT('',(0.201621613017703,0.0646149825674324,0.0389999999999987));
#15261=CARTESIAN_POINT('',(0.107340997849765,0.00239644712801018,0.0389999999999991));
#15262=CARTESIAN_POINT('',(0.107340997849765,0.00239644712801019,0.0392499999999991));
#15263=CARTESIAN_POINT('',(0.107495373216826,0.00239644712801018,0.0389999999999991));
#15264=CARTESIAN_POINT('',(0.107495373216826,0.00239644712801019,0.0392499999999991));
#15265=CARTESIAN_POINT('',(0.107609225050034,0.00242212042274968,0.0389999999999991));
#15266=CARTESIAN_POINT('',(0.107609225050034,0.00242212042274968,0.0392499999999991));
#15267=CARTESIAN_POINT('',(0.107682553349388,0.00247346701222866,0.0389999999999991));
#15268=CARTESIAN_POINT('',(0.107682553349388,0.00247346701222866,0.0392499999999991));
#15269=CARTESIAN_POINT('',(0.107340997849765,0.00239644712801018,0.0392499999999991));
#15270=CARTESIAN_POINT('',(0.107572560900357,0.00239644712801018,0.0392499999999991));
#15271=CARTESIAN_POINT('',(0.107682553349388,0.00247346701222866,0.0392499999999991));
#15272=CARTESIAN_POINT('',(0.107340997849765,0.00239644712801018,0.0389999999999991));
#15273=CARTESIAN_POINT('',(0.107572560900357,0.00239644712801018,0.0389999999999991));
#15274=CARTESIAN_POINT('',(0.107682553349388,0.00247346701222866,0.0389999999999991));
#15275=CARTESIAN_POINT('',(-0.000188593150278843,-0.00774871840138568,0.0389999999999995));
#15276=CARTESIAN_POINT('',(0.106202052777853,0.00169722739481109,0.0389999999999991));
#15277=CARTESIAN_POINT('',(0.105591690021927,0.00342690270314233,0.0389999999999991));
#15278=CARTESIAN_POINT('',(0.105591690021927,0.00342690270314233,0.0389999999999991));
#15279=CARTESIAN_POINT('',(0.106202052777853,0.00169722739481109,0.0389999999999991));
#15280=CARTESIAN_POINT('',(0.106406691280422,0.00111731297246022,0.0389999999999991));
#15281=CARTESIAN_POINT('',(0.106406691280422,0.00111731297246022,0.0389999999999991));
#15282=CARTESIAN_POINT('',(0.105293678443775,0.00342690270314233,0.0389999999999991));
#15283=CARTESIAN_POINT('',(0.104995666865622,0.00342690270314233,0.0389999999999991));
#15284=CARTESIAN_POINT('',(0.104995666865622,0.00342690270314233,0.0389999999999991));
#15285=CARTESIAN_POINT('',(0.105293678443775,0.00342690270314233,0.0389999999999991));
#15286=CARTESIAN_POINT('',(0.104387566108792,0.00169722739481109,0.0389999999999991));
#15287=CARTESIAN_POINT('',(0.104183685994744,0.00111731297246022,0.0389999999999991));
#15288=CARTESIAN_POINT('',(0.104183685994744,0.00111731297246022,0.0389999999999991));
#15289=CARTESIAN_POINT('',(0.104387566108792,0.00169722739481109,0.0389999999999991));
#15290=CARTESIAN_POINT('',(0.104446459717372,0.00111731297246022,0.0389999999999991));
#15291=CARTESIAN_POINT('',(0.104709233439999,0.00111731297246022,0.0389999999999991));
#15292=CARTESIAN_POINT('',(0.104709233439999,0.00111731297246022,0.0389999999999991));
#15293=CARTESIAN_POINT('',(0.104446459717372,0.00111731297246022,0.0389999999999991));
#15294=CARTESIAN_POINT('',(0.104792545798419,0.00139116144968147,0.0389999999999991));
#15295=CARTESIAN_POINT('',(0.104875858156838,0.00166500992690271,0.0389999999999991));
#15296=CARTESIAN_POINT('',(0.104875858156838,0.00166500992690271,0.0389999999999991));
#15297=CARTESIAN_POINT('',(0.104792545798419,0.00139116144968147,0.0389999999999991));
#15298=CARTESIAN_POINT('',(0.105295188637583,0.00166500992690271,0.0389999999999991));
#15299=CARTESIAN_POINT('',(0.105714519118328,0.00166500992690271,0.0389999999999991));
#15300=CARTESIAN_POINT('',(0.105714519118328,0.00166500992690271,0.0389999999999991));
#15301=CARTESIAN_POINT('',(0.105295188637583,0.00166500992690271,0.0389999999999991));
#15302=CARTESIAN_POINT('',(0.105797831476747,0.00139116144968147,0.0389999999999991));
#15303=CARTESIAN_POINT('',(0.105881143835167,0.00111731297246023,0.0389999999999991));
#15304=CARTESIAN_POINT('',(0.105881143835167,0.00111731297246023,0.0389999999999991));
#15305=CARTESIAN_POINT('',(0.105797831476747,0.00139116144968147,0.0389999999999991));
#15306=CARTESIAN_POINT('',(0.105412785414152,0.00267074206881537,0.0389999999968404));
#15307=CARTESIAN_POINT('',(0.09914284774438,0.0229648351477208,0.0392499999999991));
#15308=CARTESIAN_POINT('',(0.105534501154655,0.00227711243743381,0.0392499999999991));
#15309=CARTESIAN_POINT('',(0.105337392597257,0.00291542510458127,0.0392499999999991));
#15310=CARTESIAN_POINT('',(0.105534596496837,0.00227714182519836,0.0389999999999991));
#15311=CARTESIAN_POINT('',(0.105534501154655,0.00227711243743382,0.0389999999999991));
#15312=CARTESIAN_POINT('',(0.105412785414152,0.00267074206881537,0.0389999999999991));
#15313=CARTESIAN_POINT('',(0.10533739261727,0.00291542503990593,0.039000000249999));
#15314=CARTESIAN_POINT('',(0.105337474064213,0.00291545040009677,0.0389999999999991));
#15315=CARTESIAN_POINT('',(0.105565484984761,0.00217762851119371,0.0389999999968404));
#15316=CARTESIAN_POINT('',(0.105566163646999,0.00217545543809433,0.0392499999999991));
#15317=CARTESIAN_POINT('',(0.10559773079716,0.0020737690509903,0.0392499999999991));
#15318=CARTESIAN_POINT('',(0.10559773079716,0.0020737690509903,0.0389999999999991));
#15319=CARTESIAN_POINT('',(0.10559773079716,0.0020737690509903,0.0389999999999991));
#15320=CARTESIAN_POINT('',(0.105566163646999,0.00217545543809433,0.0389999999999991));
#15321=CARTESIAN_POINT('',(0.1052982090252,0.0020737690509903,0.0389999999999991));
#15322=CARTESIAN_POINT('',(0.1052982090252,0.0020737690509903,0.0392499999999991));
#15323=CARTESIAN_POINT('',(0.104998717956518,0.0020737690509903,0.0392499999999991));
#15324=CARTESIAN_POINT('',(0.104998717956518,0.0020737690509903,0.0389999999968404));
#15325=CARTESIAN_POINT('',(0.104998717956518,0.0020737690509903,0.0389999999999991));
#15326=CARTESIAN_POINT('',(0.1052982090252,0.0020737690509903,0.0389999999999991));
#15327=CARTESIAN_POINT('',(0.105030530590987,0.00217715661882169,0.0389999999968404));
#15328=CARTESIAN_POINT('',(0.0931468326122478,-0.0364435565467688,0.0392499999999992));
#15329=CARTESIAN_POINT('',(0.105061057960218,0.00227720677409174,0.0392499999999991));
#15330=CARTESIAN_POINT('',(0.105061264837768,0.00227714181905051,0.0389999999999991));
#15331=CARTESIAN_POINT('',(0.105061057960218,0.00227720677409174,0.0389999999999991));
#15332=CARTESIAN_POINT('',(0.105030530590987,0.00217715661882169,0.0389999999999991));
#15333=CARTESIAN_POINT('',(0.0780239620096278,0.0107502511955838,0.0389999999999601));
#15334=CARTESIAN_POINT('',(0.0780239620096278,0.0107502511955838,0.0392499999999992));
#15335=CARTESIAN_POINT('',(0.105296118794671,0.00306865040810166,0.0392499999999991));
#15336=CARTESIAN_POINT('',(0.105295692035519,0.00306949016853372,0.0389999999999991));
#15337=CARTESIAN_POINT('',(0.105296118794671,0.00306865040810168,0.0389999999999991));
#15338=CARTESIAN_POINT('',(0.0780239620096278,0.0107502511955838,0.0389999999999992));
#15339=CARTESIAN_POINT('',(0.107700479348927,0.00364299958928116,0.0389999999999991));
#15340=CARTESIAN_POINT('',(0.107700479348927,0.00364299958928116,0.0392499999999991));
#15341=CARTESIAN_POINT('',(0.107700479348927,0.00364299958928116,0.0389999999999991));
#15342=CARTESIAN_POINT('',(0.106143917557795,0.00111731297246022,0.0389999999999991));
#15343=CARTESIAN_POINT('',(0.106143917557795,0.00111731297246022,0.0389999999999991));
#15344=CARTESIAN_POINT('',(-0.000188593150278843,-0.00774871840138568,0.0389999999999995));
#15345=CARTESIAN_POINT('',(-0.000188593150278564,-0.00772399340138567,0.0392499999999995));
#15346=CARTESIAN_POINT('',(0.103007245018152,0.0026443706115239,0.0389999999999991));
#15347=CARTESIAN_POINT('',(0.103007245018152,0.00111731297246022,0.0389999999999991));
#15348=CARTESIAN_POINT('',(0.103007245018152,0.00111731297246022,0.0389999999999991));
#15349=CARTESIAN_POINT('',(0.103007245018152,0.0026443706115239,0.0389999999999991));
#15350=CARTESIAN_POINT('',(0.103007245018152,0.00301159940588585,0.0389999999999991));
#15351=CARTESIAN_POINT('',(0.103007245018152,0.00301159940588585,0.0389999999999991));
#15352=CARTESIAN_POINT('',(0.103251141318177,0.00111731297246022,0.0389999999999991));
#15353=CARTESIAN_POINT('',(0.103495037618202,0.00111731297246022,0.0389999999999991));
#15354=CARTESIAN_POINT('',(0.103495037618202,0.00111731297246022,0.0389999999999991));
#15355=CARTESIAN_POINT('',(0.103251141318177,0.00111731297246022,0.0389999999999991));
#15356=CARTESIAN_POINT('',(0.103495037618202,0.0026443706115239,0.0389999999999991));
#15357=CARTESIAN_POINT('',(0.103495037618202,0.00301159940588585,0.0389999999999991));
#15358=CARTESIAN_POINT('',(0.103495037618202,0.00301159940588585,0.0389999999999991));
#15359=CARTESIAN_POINT('',(0.103495037618202,0.0026443706115239,0.0389999999999991));
#15360=CARTESIAN_POINT('',(0.103807144338565,0.00301159940588585,0.0389999999999991));
#15361=CARTESIAN_POINT('',(0.104119251058927,0.00301159940588585,0.0389999999999991));
#15362=CARTESIAN_POINT('',(0.104119251058927,0.00301159940588585,0.0389999999999991));
#15363=CARTESIAN_POINT('',(0.103807144338565,0.00301159940588585,0.0389999999999991));
#15364=CARTESIAN_POINT('',(0.104119251058927,0.00321446877412143,0.0389999999999991));
#15365=CARTESIAN_POINT('',(0.104119251058927,0.00341733814235703,0.0389999999999991));
#15366=CARTESIAN_POINT('',(0.104119251058927,0.00341733814235703,0.0389999999999991));
#15367=CARTESIAN_POINT('',(0.104119251058927,0.00321446877412143,0.0389999999999991));
#15368=CARTESIAN_POINT('',(0.103250889619209,0.00341733814235703,0.0389999999999991));
#15369=CARTESIAN_POINT('',(0.102382528179491,0.00341733814235703,0.0389999999999991));
#15370=CARTESIAN_POINT('',(0.102382528179491,0.00341733814235703,0.0389999999999991));
#15371=CARTESIAN_POINT('',(0.103250889619209,0.00341733814235703,0.0389999999999991));
#15372=CARTESIAN_POINT('',(0.102382528179491,0.00321446877412143,0.0389999999999991));
#15373=CARTESIAN_POINT('',(0.102382528179491,0.00301159940588585,0.0389999999999991));
#15374=CARTESIAN_POINT('',(0.102382528179491,0.00301159940588585,0.0389999999999991));
#15375=CARTESIAN_POINT('',(0.102382528179491,0.00321446877412143,0.0389999999999991));
#15376=CARTESIAN_POINT('',(0.102694886598822,0.00301159940588585,0.0389999999999991));
#15377=CARTESIAN_POINT('',(0.102694886598822,0.00301159940588585,0.0389999999999991));
#15378=CARTESIAN_POINT('',(-0.000188593150278843,-0.00774871840138568,0.0389999999999995));
#15379=CARTESIAN_POINT('',(0.101491901777103,0.00166279594774838,0.0389999999999991));
#15380=CARTESIAN_POINT('',(0.101919791141709,0.00227714181716456,0.0389999999999991));
#15381=CARTESIAN_POINT('',(0.101919811158862,0.00227716918760659,0.0389999999999991));
#15382=CARTESIAN_POINT('',(0.101491901777103,0.00166279594774838,0.0389999999999991));
#15383=CARTESIAN_POINT('',(0.102071176556033,0.00213593869609475,0.0389999999999991));
#15384=CARTESIAN_POINT('',(0.102071176556033,0.00213593869609475,0.0389999999999991));
#15385=CARTESIAN_POINT('',(0.100838383162049,0.000733266224547639,0.0389999999999993));
#15386=CARTESIAN_POINT('',(0.101628941469197,0.00244527672780883,0.0389999999999991));
#15387=CARTESIAN_POINT('',(0.101628941469197,0.00244527672780883,0.0389999999999991));
#15388=CARTESIAN_POINT('',(0.100838383162049,0.000733266224547639,0.0389999999999992));
#15389=CARTESIAN_POINT('',(0.101320106835419,0.00260636406735074,0.0389999999999991));
#15390=CARTESIAN_POINT('',(0.101320106835419,0.00260636406735074,0.0392499999999991));
#15391=CARTESIAN_POINT('',(0.101363566857232,0.00257649578981067,0.0389999999999991));
#15392=CARTESIAN_POINT('',(0.101363566857232,0.00257649578981067,0.0392499999999991));
#15393=CARTESIAN_POINT('',(0.101466511735158,0.00252280000996337,0.0389999999999991));
#15394=CARTESIAN_POINT('',(0.101466511735158,0.00252280000996337,0.0392499999999991));
#15395=CARTESIAN_POINT('',(0.101628941469197,0.00244527672780883,0.0389999999999991));
#15396=CARTESIAN_POINT('',(0.101628941469197,0.00244527672780883,0.0392499999999991));
#15397=CARTESIAN_POINT('',(0.101320106835419,0.00260636406735074,0.0389999999999991));
#15398=CARTESIAN_POINT('',(0.101320106835419,0.00260636406735074,0.0389999999999991));
#15399=CARTESIAN_POINT('',(0.101320106835419,0.00260636406735074,0.0389999999999991));
#15400=CARTESIAN_POINT('',(0.101385296868139,0.00256156165104064,0.0389999999999991));
#15401=CARTESIAN_POINT('',(0.101628941469197,0.00244527672780883,0.0389999999999991));
#15402=CARTESIAN_POINT('',(0.10149891460374,0.00288749488515373,0.0389999999999992));
#15403=CARTESIAN_POINT('',(0.101224964625502,0.00269924098655537,0.0389999999999991));
#15404=CARTESIAN_POINT('',(0.101224800111994,0.00269912288892352,0.0389999999999991));
#15405=CARTESIAN_POINT('',(0.10149891460374,0.00288749488515373,0.0389999999999991));
#15406=CARTESIAN_POINT('',(0.101403646719707,0.00280633985988576,0.0389999999999992));
#15407=CARTESIAN_POINT('',(0.101195012448306,0.00281175042526667,0.0389999999999991));
#15408=CARTESIAN_POINT('',(0.101195207070226,0.00281175101840461,0.0389999999999991));
#15409=CARTESIAN_POINT('',(0.101403646719707,0.00280633985988576,0.0389999999999991));
#15410=CARTESIAN_POINT('',(0.101406992980897,0.00281937363124408,0.0389999999999992));
#15411=CARTESIAN_POINT('',(0.101269011944908,0.00297988533591353,0.0389999999999991));
#15412=CARTESIAN_POINT('',(0.101269011944908,0.00297988533591353,0.0389999999999991));
#15413=CARTESIAN_POINT('',(0.101406992980897,0.00281937363124408,0.0389999999999991));
#15414=CARTESIAN_POINT('',(0.101481445873928,0.0030443202717303,0.0389999999999991));
#15415=CARTESIAN_POINT('',(0.101481445873928,0.0030443202717303,0.0392499999999991));
#15416=CARTESIAN_POINT('',(0.101389156252316,0.0030443202717303,0.0389999999999991));
#15417=CARTESIAN_POINT('',(0.101389156252316,0.0030443202717303,0.0392499999999991));
#15418=CARTESIAN_POINT('',(0.101318344942642,0.00302284195979137,0.0389999999999991));
#15419=CARTESIAN_POINT('',(0.101318344942642,0.00302284195979138,0.0392499999999991));
#15420=CARTESIAN_POINT('',(0.101269011944908,0.00297988533591353,0.0389999999999991));
#15421=CARTESIAN_POINT('',(0.101269011944908,0.00297988533591354,0.0392499999999991));
#15422=CARTESIAN_POINT('',(0.101481445873928,0.0030443202717303,0.0389999999999991));
#15423=CARTESIAN_POINT('',(0.101481445873928,0.0030443202717303,0.0389999999999991));
#15424=CARTESIAN_POINT('',(0.101481445873928,0.0030443202717303,0.0389999999999991));
#15425=CARTESIAN_POINT('',(0.10134301144151,0.0030443202717303,0.0389999999999991));
#15426=CARTESIAN_POINT('',(0.101269011944908,0.00297988533591353,0.0389999999999991));
#15427=CARTESIAN_POINT('',(0.10147727907837,0.00206720718522738,0.0389999999999993));
#15428=CARTESIAN_POINT('',(0.101718042903881,0.00301436809453422,0.0389999999999991));
#15429=CARTESIAN_POINT('',(0.101718096021028,0.00301455690237439,0.0389999999999991));
#15430=CARTESIAN_POINT('',(0.10147727907837,0.00206720718522738,0.0389999999999991));
#15431=CARTESIAN_POINT('',(0.101089479210517,0.000726340181082047,0.0389999999999991));
#15432=CARTESIAN_POINT('',(0.102022446919719,0.00290853953284329,0.0389999999999991));
#15433=CARTESIAN_POINT('',(0.102022446919719,0.00290853953284329,0.0389999999999991));
#15434=CARTESIAN_POINT('',(0.101089479210517,0.000726340181082047,0.0389999999999992));
#15435=CARTESIAN_POINT('',(0.102101128733229,0.00309868724882569,0.0389999999999991));
#15436=CARTESIAN_POINT('',(0.102179596214283,0.00328831699470679,0.0389999999999991));
#15437=CARTESIAN_POINT('',(0.102179596214283,0.00328831699470679,0.0389999999999991));
#15438=CARTESIAN_POINT('',(0.102101128733229,0.00309868724882569,0.0389999999999991));
#15439=CARTESIAN_POINT('',(0.101235548374086,0.00114580093102876,0.0389999999999994));
#15440=CARTESIAN_POINT('',(0.101839110107505,0.00340777358157173,0.0389999999999991));
#15441=CARTESIAN_POINT('',(0.101839131889416,0.00340785557872978,0.0389999999999991));
#15442=CARTESIAN_POINT('',(0.101235548374086,0.00114580093102876,0.0389999999999992));
#15443=CARTESIAN_POINT('',(0.101503977503249,0.00209380421365204,0.0389999999999992));
#15444=CARTESIAN_POINT('',(0.101497051209947,0.00345005900820148,0.0389999999999991));
#15445=CARTESIAN_POINT('',(0.101497051209947,0.00345005900820148,0.0389999999999991));
#15446=CARTESIAN_POINT('',(0.101503977503249,0.00209380421365204,0.0389999999999991));
#15447=CARTESIAN_POINT('',(0.100925191154573,0.00327563162335376,0.0389999999999991));
#15448=CARTESIAN_POINT('',(0.100925191154573,0.00327563162335376,0.0392499999999991));
#15449=CARTESIAN_POINT('',(0.101063122189056,0.00339191654658557,0.0389999999999991));
#15450=CARTESIAN_POINT('',(0.101063122189056,0.00339191654658557,0.0392499999999991));
#15451=CARTESIAN_POINT('',(0.101253742207514,0.00345005900820147,0.0389999999999991));
#15452=CARTESIAN_POINT('',(0.101253742207514,0.00345005900820148,0.0392499999999991));
#15453=CARTESIAN_POINT('',(0.101497051209947,0.00345005900820148,0.0389999999999991));
#15454=CARTESIAN_POINT('',(0.101497051209947,0.00345005900820148,0.0392499999999991));
#15455=CARTESIAN_POINT('',(0.100925191154573,0.00327563162335376,0.0389999999999991));
#15456=CARTESIAN_POINT('',(0.100925191154573,0.00327563162335376,0.0389999999999991));
#15457=CARTESIAN_POINT('',(0.100925191154573,0.00327563162335376,0.0389999999999991));
#15458=CARTESIAN_POINT('',(0.101132087706297,0.00345005900820148,0.0389999999999991));
#15459=CARTESIAN_POINT('',(0.101497051209947,0.00345005900820148,0.0389999999999991));
#15460=CARTESIAN_POINT('',(0.100718294602849,0.00279564169131247,0.0389999999999991));
#15461=CARTESIAN_POINT('',(0.100718294602849,0.00279564169131248,0.0392499999999991));
#15462=CARTESIAN_POINT('',(0.100718294602849,0.00299935005610818,0.0389999999999991));
#15463=CARTESIAN_POINT('',(0.100718294602849,0.00299935005610818,0.0392499999999991));
#15464=CARTESIAN_POINT('',(0.10078726012009,0.00315934670012194,0.0389999999999991));
#15465=CARTESIAN_POINT('',(0.10078726012009,0.00315934670012194,0.0392499999999991));
#15466=CARTESIAN_POINT('',(0.100925191154573,0.00327563162335376,0.0389999999999991));
#15467=CARTESIAN_POINT('',(0.100925191154573,0.00327563162335376,0.0392499999999991));
#15468=CARTESIAN_POINT('',(0.100718294602849,0.00279564169131247,0.0389999999999991));
#15469=CARTESIAN_POINT('',(0.100718294602849,0.00279564169131247,0.0389999999999991));
#15470=CARTESIAN_POINT('',(0.100718294602849,0.00279564169131247,0.0389999999999991));
#15471=CARTESIAN_POINT('',(0.100718294602849,0.00310120423850604,0.0389999999999991));
#15472=CARTESIAN_POINT('',(0.100925191154573,0.00327563162335376,0.0389999999999991));
#15473=CARTESIAN_POINT('',(0.101326232180658,0.00278017700721649,0.0389999999999992));
#15474=CARTESIAN_POINT('',(0.100781219344857,0.002512732051242,0.0389999999999991));
#15475=CARTESIAN_POINT('',(0.10078099575009,0.00251262500261439,0.0389999999999991));
#15476=CARTESIAN_POINT('',(0.101326232180658,0.00278017700721649,0.0389999999999991));
#15477=CARTESIAN_POINT('',(0.101412546795367,0.00284050099277701,0.0389999999999992));
#15478=CARTESIAN_POINT('',(0.100949605954472,0.00230029812222111,0.0389999999999991));
#15479=CARTESIAN_POINT('',(0.10094957853467,0.00230026280932253,0.0389999999999991));
#15480=CARTESIAN_POINT('',(0.101412546795367,0.00284050099277701,0.0389999999999991));
#15481=CARTESIAN_POINT('',(0.100963506124684,0.00228874027912422,0.0389999999968404));
#15482=CARTESIAN_POINT('',(0.100977935563032,0.00227714181716196,0.0389999999999991));
#15483=CARTESIAN_POINT('',(0.100977728212766,0.00227686470170494,0.0389999999999991));
#15484=CARTESIAN_POINT('',(0.100963506124684,0.00228874027912422,0.0389999999999991));
#15485=CARTESIAN_POINT('',(0.101916427190856,0.00357319980656914,0.0389999999999994));
#15486=CARTESIAN_POINT('',(0.101265488159355,0.00211001370238723,0.0389999999999991));
#15487=CARTESIAN_POINT('',(0.101265485809619,0.00211001310892786,0.0389999999999991));
#15488=CARTESIAN_POINT('',(0.101916427190856,0.00357319980656914,0.0389999999999991));
#15489=CARTESIAN_POINT('',(0.0999306162906626,-0.000839270556228446,0.0389999999999999));
#15490=CARTESIAN_POINT('',(0.101563751436476,0.00195421204117404,0.0389999999999991));
#15491=CARTESIAN_POINT('',(0.10156388183162,0.00195444441736187,0.0389999999999991));
#15492=CARTESIAN_POINT('',(0.0999306162906626,-0.000839270556228446,0.0389999999999992));
#15493=CARTESIAN_POINT('',(0.101340508477828,0.00159553123472802,0.0389999999999992));
#15494=CARTESIAN_POINT('',(0.101674750681379,0.00185277735705624,0.0389999999999991));
#15495=CARTESIAN_POINT('',(0.101674894108206,0.00185289086310948,0.0389999999999991));
#15496=CARTESIAN_POINT('',(0.101340508477828,0.00159553123472802,0.0389999999999991));
#15497=CARTESIAN_POINT('',(0.101510859571409,0.00173550040281956,0.0389999999999992));
#15498=CARTESIAN_POINT('',(0.101712505526584,0.00173246525033588,0.0389999999999991));
#15499=CARTESIAN_POINT('',(0.101712505526584,0.00173246525033588,0.0389999999999991));
#15500=CARTESIAN_POINT('',(0.101510859571409,0.00173550040281956,0.0389999999999991));
#15501=CARTESIAN_POINT('',(0.101626676178484,0.00154998349851106,0.0389999999999991));
#15502=CARTESIAN_POINT('',(0.101626676178484,0.00154998349851107,0.0392499999999991));
#15503=CARTESIAN_POINT('',(0.101683895743884,0.00159075873133261,0.0389999999999991));
#15504=CARTESIAN_POINT('',(0.101683895743884,0.00159075873133261,0.0392499999999991));
#15505=CARTESIAN_POINT('',(0.101712505526584,0.00165158598194089,0.0389999999999991));
#15506=CARTESIAN_POINT('',(0.101712505526584,0.00165158598194089,0.0392499999999991));
#15507=CARTESIAN_POINT('',(0.101712505526584,0.00173246525033588,0.0389999999999991));
#15508=CARTESIAN_POINT('',(0.101712505526584,0.00173246525033589,0.0392499999999991));
#15509=CARTESIAN_POINT('',(0.101626676178484,0.00154998349851106,0.0389999999999991));
#15510=CARTESIAN_POINT('',(0.101626676178484,0.00154998349851106,0.0389999999999991));
#15511=CARTESIAN_POINT('',(0.101626676178484,0.00154998349851106,0.0389999999999991));
#15512=CARTESIAN_POINT('',(0.101712505526584,0.00161114634774339,0.0389999999999991));
#15513=CARTESIAN_POINT('',(0.101712505526584,0.00173246525033588,0.0389999999999991));
#15514=CARTESIAN_POINT('',(0.101380766286715,0.00148882064927875,0.0389999999999991));
#15515=CARTESIAN_POINT('',(0.101380766286715,0.00148882064927875,0.0392499999999991));
#15516=CARTESIAN_POINT('',(0.101487486649161,0.00148882064927875,0.0389999999999991));
#15517=CARTESIAN_POINT('',(0.101487486649161,0.00148882064927875,0.0392499999999991));
#15518=CARTESIAN_POINT('',(0.101569456613084,0.00150920826568952,0.0389999999999991));
#15519=CARTESIAN_POINT('',(0.101569456613084,0.00150920826568952,0.0392499999999991));
#15520=CARTESIAN_POINT('',(0.101626676178484,0.00154998349851106,0.0389999999999991));
#15521=CARTESIAN_POINT('',(0.101626676178484,0.00154998349851107,0.0392499999999991));
#15522=CARTESIAN_POINT('',(0.101380766286715,0.00148882064927875,0.0389999999999991));
#15523=CARTESIAN_POINT('',(0.101380766286715,0.00148882064927875,0.0389999999999991));
#15524=CARTESIAN_POINT('',(0.101380766286715,0.00148882064927875,0.0389999999999991));
#15525=CARTESIAN_POINT('',(0.101540846830385,0.00148882064927875,0.0389999999999991));
#15526=CARTESIAN_POINT('',(0.101626676178484,0.00154998349851106,0.0389999999999991));
#15527=CARTESIAN_POINT('',(0.101401671816666,0.00266679222794538,0.0389999999999992));
#15528=CARTESIAN_POINT('',(0.101085523397211,0.0015311060759085,0.0389999999999991));
#15529=CARTESIAN_POINT('',(0.101085481808363,0.00153096734054101,0.0389999999999991));
#15530=CARTESIAN_POINT('',(0.101401671816666,0.00266679222794538,0.0389999999999991));
#15531=CARTESIAN_POINT('',(0.101828632739026,0.00411058715509752,0.0389999999999994));
#15532=CARTESIAN_POINT('',(0.100691614512237,0.0016781931761952,0.0389999999999991));
#15533=CARTESIAN_POINT('',(0.100691614512237,0.00167759487530442,0.0389999999999991));
#15534=CARTESIAN_POINT('',(0.101828632739026,0.00411058715509752,0.0389999999999991));
#15535=CARTESIAN_POINT('',(0.100691614512237,0.00145106580407361,0.0389999999999991));
#15536=CARTESIAN_POINT('',(0.100691614512237,0.00122453673284281,0.0389999999999991));
#15537=CARTESIAN_POINT('',(0.100691614512237,0.00122453673284281,0.0389999999999991));
#15538=CARTESIAN_POINT('',(0.100691614512237,0.00145106580407361,0.0389999999999991));
#15539=CARTESIAN_POINT('',(0.10134301144151,0.00108559890248791,0.0389999999999991));
#15540=CARTESIAN_POINT('',(0.10134301144151,0.00108559890248791,0.0392499999999991));
#15541=CARTESIAN_POINT('',(0.101097353248708,0.00108559890248791,0.0389999999999991));
#15542=CARTESIAN_POINT('',(0.101097353248708,0.00108559890248791,0.0392499999999991));
#15543=CARTESIAN_POINT('',(0.100880220938951,0.00113191151260621,0.0389999999999991));
#15544=CARTESIAN_POINT('',(0.100880220938951,0.00113191151260621,0.0392499999999991));
#15545=CARTESIAN_POINT('',(0.100691614512237,0.00122453673284281,0.0389999999999991));
#15546=CARTESIAN_POINT('',(0.100691614512237,0.00122453673284281,0.0392499999999991));
#15547=CARTESIAN_POINT('',(0.10134301144151,0.00108559890248791,0.0389999999999991));
#15548=CARTESIAN_POINT('',(0.10134301144151,0.00108559890248791,0.0389999999999991));
#15549=CARTESIAN_POINT('',(0.10134301144151,0.00108559890248791,0.0389999999999991));
#15550=CARTESIAN_POINT('',(0.100974524152308,0.00108559890248791,0.0389999999999991));
#15551=CARTESIAN_POINT('',(0.100691614512237,0.00122453673284281,0.0389999999999991));
#15552=CARTESIAN_POINT('',(0.10196646978533,0.00126506026669632,0.0389999999999991));
#15553=CARTESIAN_POINT('',(0.10196646978533,0.00126506026669632,0.0392499999999991));
#15554=CARTESIAN_POINT('',(0.101816960598318,0.00114541935722405,0.0389999999999991));
#15555=CARTESIAN_POINT('',(0.101816960598318,0.00114541935722405,0.0392499999999991));
#15556=CARTESIAN_POINT('',(0.101609141150378,0.00108559890248791,0.0389999999999991));
#15557=CARTESIAN_POINT('',(0.101609141150378,0.00108559890248791,0.0392499999999991));
#15558=CARTESIAN_POINT('',(0.10134301144151,0.00108559890248791,0.0389999999999991));
#15559=CARTESIAN_POINT('',(0.10134301144151,0.00108559890248791,0.0392499999999991));
#15560=CARTESIAN_POINT('',(0.10196646978533,0.00126506026669632,0.0389999999999991));
#15561=CARTESIAN_POINT('',(0.10196646978533,0.00126506026669632,0.0389999999999991));
#15562=CARTESIAN_POINT('',(0.10196646978533,0.00126506026669632,0.0389999999999991));
#15563=CARTESIAN_POINT('',(0.101742206004812,0.00108559890248791,0.0389999999999991));
#15564=CARTESIAN_POINT('',(0.10134301144151,0.00108559890248791,0.0389999999999991));
#15565=CARTESIAN_POINT('',(0.102190733565849,0.0017561249533311,0.0389999999999991));
#15566=CARTESIAN_POINT('',(0.102190733565849,0.0017561249533311,0.0392499999999991));
#15567=CARTESIAN_POINT('',(0.102190733565849,0.00154838940504685,0.0389999999999991));
#15568=CARTESIAN_POINT('',(0.102190733565849,0.00154838940504685,0.0392499999999991));
#15569=CARTESIAN_POINT('',(0.102115978972343,0.00138470117616859,0.0389999999999991));
#15570=CARTESIAN_POINT('',(0.102115978972343,0.00138470117616859,0.0392499999999991));
#15571=CARTESIAN_POINT('',(0.10196646978533,0.00126506026669632,0.0389999999999991));
#15572=CARTESIAN_POINT('',(0.10196646978533,0.00126506026669632,0.0392499999999991));
#15573=CARTESIAN_POINT('',(0.102190733565849,0.0017561249533311,0.0389999999999991));
#15574=CARTESIAN_POINT('',(0.102190733565849,0.0017561249533311,0.0389999999999991));
#15575=CARTESIAN_POINT('',(0.102190733565849,0.0017561249533311,0.0389999999999991));
#15576=CARTESIAN_POINT('',(0.102190733565849,0.00144452163090472,0.0389999999999991));
#15577=CARTESIAN_POINT('',(0.10196646978533,0.00126506026669632,0.0389999999999991));
#15578=CARTESIAN_POINT('',(0.102071176556033,0.00213593869609475,0.0389999999999991));
#15579=CARTESIAN_POINT('',(0.102071176556033,0.00213593869609476,0.0392499999999991));
#15580=CARTESIAN_POINT('',(0.102150881229244,0.00203274211920072,0.0389999999999991));
#15581=CARTESIAN_POINT('',(0.102150881229244,0.00203274211920072,0.0392499999999991));
#15582=CARTESIAN_POINT('',(0.102190733565849,0.0019061375382795,0.0389999999999991));
#15583=CARTESIAN_POINT('',(0.102190733565849,0.0019061375382795,0.0392499999999991));
#15584=CARTESIAN_POINT('',(0.102190733565849,0.0017561249533311,0.0389999999999991));
#15585=CARTESIAN_POINT('',(0.102190733565849,0.0017561249533311,0.0392499999999991));
#15586=CARTESIAN_POINT('',(0.102071176556033,0.00213593869609475,0.0389999999999991));
#15587=CARTESIAN_POINT('',(0.102190733565849,0.0019811438307537,0.0389999999999991));
#15588=CARTESIAN_POINT('',(0.102190733565849,0.0017561249533311,0.0389999999999991));
#15589=CARTESIAN_POINT('',(-0.000188593150278843,-0.00774871840138568,0.0389999999999995));
#15590=CARTESIAN_POINT('',(-0.0977887349674282,0.000699858919056822,0.039));
#15591=CARTESIAN_POINT('',(-0.0977887349674282,0.000699858919056822,0.03925));
#15592=CARTESIAN_POINT('',(-0.097935005662086,0.000630393139913624,0.039));
#15593=CARTESIAN_POINT('',(-0.097935005662086,0.000630393139913624,0.03925));
#15594=CARTESIAN_POINT('',(-0.0981078167219938,0.000595660250342025,0.039));
#15595=CARTESIAN_POINT('',(-0.0981078167219938,0.000595660250342025,0.03925));
#15596=CARTESIAN_POINT('',(-0.0983071681471517,0.000595660250342025,0.039));
#15597=CARTESIAN_POINT('',(-0.0983071681471517,0.000595660250342025,0.03925));
#15598=CARTESIAN_POINT('',(-0.0977887349674282,0.000699858919056822,0.039));
#15599=CARTESIAN_POINT('',(-0.0977887349674282,0.000699858919056822,0.039));
#15600=CARTESIAN_POINT('',(-0.0977887349674282,0.000699858919056822,0.039));
#15601=CARTESIAN_POINT('',(-0.0980081410094149,0.000595660250342025,0.039));
#15602=CARTESIAN_POINT('',(-0.0983071681471517,0.000595660250342025,0.039));
#15603=CARTESIAN_POINT('',(-0.0983071681471517,0.000595660250342025,0.039));
#15604=CARTESIAN_POINT('',(-0.0983071681471517,0.000595660250342025,0.039));
#15605=CARTESIAN_POINT('',(-0.0981001987571025,0.0013885702709106,0.039));
#15606=CARTESIAN_POINT('',(-0.0974533535030145,0.000999142073178686,0.039));
#15607=CARTESIAN_POINT('',(-0.097453052727756,0.000998966228162164,0.039));
#15608=CARTESIAN_POINT('',(-0.0981001987571025,0.0013885702709106,0.039));
#15609=CARTESIAN_POINT('',(-0.0982116914350948,0.00143173948898705,0.039));
#15610=CARTESIAN_POINT('',(-0.0973373780805875,0.00145382717302508,0.039));
#15611=CARTESIAN_POINT('',(-0.0973378005599208,0.00145381649997521,0.0390000002499999));
#15612=CARTESIAN_POINT('',(-0.0982116914350948,0.00143173948898705,0.039));
#15613=CARTESIAN_POINT('',(-0.0973373780805875,0.00163073449509369,0.039));
#15614=CARTESIAN_POINT('',(-0.0973373780805875,0.00296739604143266,0.039));
#15615=CARTESIAN_POINT('',(-0.0973373780805875,0.00296739604143266,0.039));
#15616=CARTESIAN_POINT('',(-0.0973373780805875,0.00163073449509369,0.039));
#15617=CARTESIAN_POINT('',(-0.0975846899085445,0.00296739604143266,0.039));
#15618=CARTESIAN_POINT('',(-0.0978320017365014,0.00296739604143266,0.039));
#15619=CARTESIAN_POINT('',(-0.0978320017365014,0.00296739604143266,0.039));
#15620=CARTESIAN_POINT('',(-0.0975846899085445,0.00296739604143266,0.039));
#15621=CARTESIAN_POINT('',(-0.0978320017365014,0.00167297719862672,0.039));
#15622=CARTESIAN_POINT('',(-0.0978320017365014,0.00153831258009113,0.039));
#15623=CARTESIAN_POINT('',(-0.0978320017365014,0.00153831258009113,0.039));
#15624=CARTESIAN_POINT('',(-0.0978320017365014,0.00167297719862672,0.039));
#15625=CARTESIAN_POINT('',(-0.0979415767493022,0.00113918303580029,0.039));
#15626=CARTESIAN_POINT('',(-0.0979415767493022,0.00113918303580029,0.03925));
#15627=CARTESIAN_POINT('',(-0.0978685267407683,0.00122400979804641,0.039));
#15628=CARTESIAN_POINT('',(-0.0978685267407683,0.00122400979804641,0.03925));
#15629=CARTESIAN_POINT('',(-0.0978320017365014,0.00135705297947669,0.039));
#15630=CARTESIAN_POINT('',(-0.0978320017365014,0.00135705297947669,0.03925));
#15631=CARTESIAN_POINT('',(-0.0978320017365014,0.00153831258009113,0.039));
#15632=CARTESIAN_POINT('',(-0.0978320017365014,0.00153831258009113,0.03925));
#15633=CARTESIAN_POINT('',(-0.0979415767493022,0.00113918303580029,0.039));
#15634=CARTESIAN_POINT('',(-0.0979415767493022,0.00113918303580029,0.039));
#15635=CARTESIAN_POINT('',(-0.0979415767493022,0.00113918303580029,0.039));
#15636=CARTESIAN_POINT('',(-0.0978320017365014,0.00126642317916947,0.039));
#15637=CARTESIAN_POINT('',(-0.0978320017365014,0.00153831258009113,0.039));
#15638=CARTESIAN_POINT('',(-0.0982943673278993,0.00101194289243112,0.039));
#15639=CARTESIAN_POINT('',(-0.0982943673278993,0.00101194289243112,0.03925));
#15640=CARTESIAN_POINT('',(-0.0981322236173685,0.00101194289243112,0.039));
#15641=CARTESIAN_POINT('',(-0.0981322236173685,0.00101194289243112,0.03925));
#15642=CARTESIAN_POINT('',(-0.0980146267578361,0.00105435627355418,0.039));
#15643=CARTESIAN_POINT('',(-0.0980146267578361,0.00105435627355418,0.03925));
#15644=CARTESIAN_POINT('',(-0.0979415767493022,0.00113918303580029,0.039));
#15645=CARTESIAN_POINT('',(-0.0979415767493022,0.00113918303580029,0.03925));
#15646=CARTESIAN_POINT('',(-0.0982943673278993,0.00101194289243112,0.039));
#15647=CARTESIAN_POINT('',(-0.0982943673278993,0.00101194289243112,0.039));
#15648=CARTESIAN_POINT('',(-0.0982943673278993,0.00101194289243112,0.039));
#15649=CARTESIAN_POINT('',(-0.0980511517621031,0.00101194289243112,0.039));
#15650=CARTESIAN_POINT('',(-0.0979415767493022,0.00113918303580029,0.039));
#15651=CARTESIAN_POINT('',(-0.0986545823816627,0.00113841498664515,0.039));
#15652=CARTESIAN_POINT('',(-0.0986545823816627,0.00113841498664515,0.03925));
#15653=CARTESIAN_POINT('',(-0.098582044405899,0.00105410025716913,0.039));
#15654=CARTESIAN_POINT('',(-0.098582044405899,0.00105410025716913,0.03925));
#15655=CARTESIAN_POINT('',(-0.0984619727213111,0.00101194289243112,0.039));
#15656=CARTESIAN_POINT('',(-0.0984619727213111,0.00101194289243112,0.03925));
#15657=CARTESIAN_POINT('',(-0.0982943673278993,0.00101194289243112,0.039));
#15658=CARTESIAN_POINT('',(-0.0982943673278993,0.00101194289243112,0.03925));
#15659=CARTESIAN_POINT('',(-0.0986545823816627,0.00113841498664515,0.039));
#15660=CARTESIAN_POINT('',(-0.0986545823816627,0.00113841498664515,0.039));
#15661=CARTESIAN_POINT('',(-0.0986545823816627,0.00113841498664515,0.039));
#15662=CARTESIAN_POINT('',(-0.0985457754180171,0.00101194289243112,0.039));
#15663=CARTESIAN_POINT('',(-0.0982943673278993,0.00101194289243112,0.039));
#15664=CARTESIAN_POINT('',(-0.0987633893453084,0.00153524038347055,0.039));
#15665=CARTESIAN_POINT('',(-0.0987633893453084,0.00153524038347055,0.03925));
#15666=CARTESIAN_POINT('',(-0.0987633893453084,0.0013550048483963,0.039));
#15667=CARTESIAN_POINT('',(-0.0987633893453084,0.0013550048483963,0.03925));
#15668=CARTESIAN_POINT('',(-0.0987271203574265,0.00122272971612117,0.039));
#15669=CARTESIAN_POINT('',(-0.0987271203574265,0.00122272971612117,0.03925));
#15670=CARTESIAN_POINT('',(-0.0986545823816627,0.00113841498664515,0.039));
#15671=CARTESIAN_POINT('',(-0.0986545823816627,0.00113841498664515,0.03925));
#15672=CARTESIAN_POINT('',(-0.0987633893453084,0.00153524038347055,0.039));
#15673=CARTESIAN_POINT('',(-0.0987633893453084,0.00153524038347055,0.039));
#15674=CARTESIAN_POINT('',(-0.0987633893453084,0.00153524038347055,0.039));
#15675=CARTESIAN_POINT('',(-0.0987633893453084,0.00126488708085918,0.039));
#15676=CARTESIAN_POINT('',(-0.0986545823816627,0.00113841498664515,0.039));
#15677=CARTESIAN_POINT('',(-0.0987633893453084,0.00167144110031643,0.039));
#15678=CARTESIAN_POINT('',(-0.0987633893453084,0.00296739604143266,0.039));
#15679=CARTESIAN_POINT('',(-0.0987633893453084,0.00296739604143266,0.039));
#15680=CARTESIAN_POINT('',(-0.0987633893453084,0.00167144110031643,0.039));
#15681=CARTESIAN_POINT('',(-0.0990104451568803,0.00296739604143266,0.039));
#15682=CARTESIAN_POINT('',(-0.0992575009684523,0.00296739604143266,0.039));
#15683=CARTESIAN_POINT('',(-0.0992575009684523,0.00296739604143266,0.039));
#15684=CARTESIAN_POINT('',(-0.0990104451568803,0.00296739604143266,0.039));
#15685=CARTESIAN_POINT('',(-0.0992575009684523,0.00163380669171428,0.039));
#15686=CARTESIAN_POINT('',(-0.0992575009684523,0.00145997156626624,0.039));
#15687=CARTESIAN_POINT('',(-0.0992575009684523,0.00145997156626624,0.039));
#15688=CARTESIAN_POINT('',(-0.0992575009684523,0.00163380669171428,0.039));
#15689=CARTESIAN_POINT('',(-0.0990078849930299,0.000827099062425998,0.039));
#15690=CARTESIAN_POINT('',(-0.0990078849930299,0.000827099062425998,0.03925));
#15691=CARTESIAN_POINT('',(-0.0991742956433115,0.000981391603815313,0.039));
#15692=CARTESIAN_POINT('',(-0.0991742956433115,0.000981391603815313,0.03925));
#15693=CARTESIAN_POINT('',(-0.0992575009684523,0.00119234910509539,0.039));
#15694=CARTESIAN_POINT('',(-0.0992575009684523,0.0011923491050954,0.03925));
#15695=CARTESIAN_POINT('',(-0.0992575009684523,0.00145997156626624,0.039));
#15696=CARTESIAN_POINT('',(-0.0992575009684523,0.00145997156626624,0.03925));
#15697=CARTESIAN_POINT('',(-0.0990078849930299,0.000827099062425998,0.039));
#15698=CARTESIAN_POINT('',(-0.0990078849930299,0.000827099062425998,0.039));
#15699=CARTESIAN_POINT('',(-0.0990078849930299,0.000827099062425998,0.039));
#15700=CARTESIAN_POINT('',(-0.0992575009684523,0.00105853787450997,0.039));
#15701=CARTESIAN_POINT('',(-0.0992575009684523,0.00145997156626624,0.039));
#15702=CARTESIAN_POINT('',(-0.0983071681471517,0.000595660250342025,0.039));
#15703=CARTESIAN_POINT('',(-0.0983071681471517,0.000595660250342025,0.03925));
#15704=CARTESIAN_POINT('',(-0.0986079020607888,0.000595660250342025,0.039));
#15705=CARTESIAN_POINT('',(-0.0986079020607888,0.000595660250342025,0.03925));
#15706=CARTESIAN_POINT('',(-0.0988414743427482,0.000672806521036683,0.039));
#15707=CARTESIAN_POINT('',(-0.0988414743427482,0.000672806521036683,0.03925));
#15708=CARTESIAN_POINT('',(-0.0990078849930299,0.000827099062425998,0.039));
#15709=CARTESIAN_POINT('',(-0.0990078849930299,0.000827099062425998,0.03925));
#15710=CARTESIAN_POINT('',(-0.0983071681471517,0.000595660250342025,0.039));
#15711=CARTESIAN_POINT('',(-0.0987582690176074,0.000595660250342025,0.039));
#15712=CARTESIAN_POINT('',(-0.0990078849930299,0.000827099062425998,0.039));
#15713=CARTESIAN_POINT('',(-0.000188593150278843,-0.00774871840138568,0.0389999999999995));
#15714=CARTESIAN_POINT('',(-0.11670128684518,0.00131859400281316,0.039));
#15715=CARTESIAN_POINT('',(-0.101493303005752,0.00239750356831437,0.039));
#15716=CARTESIAN_POINT('',(-0.101493036042697,0.00239750356831437,0.039));
#15717=CARTESIAN_POINT('',(-0.11670128684518,0.00131859400281316,0.039));
#15718=CARTESIAN_POINT('',(-0.101463096647655,0.00180764729354778,0.0389999999999999));
#15719=CARTESIAN_POINT('',(-0.101463267248888,0.0018076418171623,0.039));
#15720=CARTESIAN_POINT('',(-0.101485867583916,0.00239750356831437,0.039));
#15721=CARTESIAN_POINT('',(-0.101478699125134,0.00239750356831437,0.039));
#15722=CARTESIAN_POINT('',(-0.101478699125134,0.00239750356831437,0.039));
#15723=CARTESIAN_POINT('',(-0.101485867583916,0.00239750356831437,0.039));
#15724=CARTESIAN_POINT('',(-0.101309045600642,0.00210257269273834,0.039));
#15725=CARTESIAN_POINT('',(-0.100460777978181,0.000627918314858154,0.039));
#15726=CARTESIAN_POINT('',(-0.100460777978181,0.000627918314858154,0.039));
#15727=CARTESIAN_POINT('',(-0.101309045600642,0.00210257269273834,0.039));
#15728=CARTESIAN_POINT('',(-0.100145621808186,0.000627918314858154,0.039));
#15729=CARTESIAN_POINT('',(-0.0998304656381911,0.000627918314858154,0.039));
#15730=CARTESIAN_POINT('',(-0.0998304656381911,0.000627918314858154,0.039));
#15731=CARTESIAN_POINT('',(-0.100145621808186,0.000627918314858154,0.039));
#15732=CARTESIAN_POINT('',(-0.0998304656381911,0.00121778006601023,0.039));
#15733=CARTESIAN_POINT('',(-0.0998304656381911,0.00296739604143266,0.039));
#15734=CARTESIAN_POINT('',(-0.0998304656381911,0.00296739604143266,0.039));
#15735=CARTESIAN_POINT('',(-0.0998304656381911,0.00121778006601023,0.039));
#15736=CARTESIAN_POINT('',(-0.100053711925954,0.00296739604143266,0.039));
#15737=CARTESIAN_POINT('',(-0.100276958213716,0.00296739604143266,0.039));
#15738=CARTESIAN_POINT('',(-0.100276958213716,0.00296739604143266,0.039));
#15739=CARTESIAN_POINT('',(-0.100053711925954,0.00296739604143266,0.039));
#15740=CARTESIAN_POINT('',(-0.100276958213716,0.00241363260057244,0.039));
#15741=CARTESIAN_POINT('',(-0.100276958213716,0.00185986915971222,0.039));
#15742=CARTESIAN_POINT('',(-0.100276986890424,0.00185986894504336,0.039));
#15743=CARTESIAN_POINT('',(-0.100276958213716,0.00241363260057244,0.039));
#15744=CARTESIAN_POINT('',(-0.100276825201729,0.00183443861945766,0.0389999999968404));
#15745=CARTESIAN_POINT('',(-0.100276569409445,0.00180764181716231,0.039));
#15746=CARTESIAN_POINT('',(-0.100276737349738,0.0018076383520069,0.039));
#15747=CARTESIAN_POINT('',(-0.100276825201729,0.00183443861945766,0.039));
#15748=CARTESIAN_POINT('',(-0.0826156013671875,0.00223440541577439,0.039));
#15749=CARTESIAN_POINT('',(-0.100252637688497,0.00121521990215974,0.039));
#15750=CARTESIAN_POINT('',(-0.100252892673521,0.00121521990215974,0.039));
#15751=CARTESIAN_POINT('',(-0.0826156013671875,0.00223440541577439,0.0389999999999999));
#15752=CARTESIAN_POINT('',(-0.100258525033992,0.00121521990215974,0.039));
#15753=CARTESIAN_POINT('',(-0.100264157394464,0.00121521990215974,0.039));
#15754=CARTESIAN_POINT('',(-0.100264157394464,0.00121521990215974,0.039));
#15755=CARTESIAN_POINT('',(-0.100258525033992,0.00121521990215974,0.039));
#15756=CARTESIAN_POINT('',(-0.100943830471565,0.00238751892929748,0.039));
#15757=CARTESIAN_POINT('',(-0.101280030410337,0.00296739604143266,0.039));
#15758=CARTESIAN_POINT('',(-0.101280030410337,0.00296739604143266,0.039));
#15759=CARTESIAN_POINT('',(-0.100943830471565,0.00238751892929748,0.039));
#15760=CARTESIAN_POINT('',(-0.101592882432866,0.00296739604143266,0.039));
#15761=CARTESIAN_POINT('',(-0.101905734455395,0.00296739604143266,0.039));
#15762=CARTESIAN_POINT('',(-0.101905734455395,0.00296739604143266,0.039));
#15763=CARTESIAN_POINT('',(-0.101592882432866,0.00296739604143266,0.039));
#15764=CARTESIAN_POINT('',(-0.101905734455395,0.00238751892929748,0.039));
#15765=CARTESIAN_POINT('',(-0.101905734455395,0.000627918314858154,0.039));
#15766=CARTESIAN_POINT('',(-0.101905734455395,0.000627918314858154,0.039));
#15767=CARTESIAN_POINT('',(-0.101905734455395,0.00238751892929748,0.039));
#15768=CARTESIAN_POINT('',(-0.101684024265943,0.000627918314858154,0.039));
#15769=CARTESIAN_POINT('',(-0.101462314076491,0.000627918314858154,0.039));
#15770=CARTESIAN_POINT('',(-0.101462314076491,0.000627918314858154,0.039));
#15771=CARTESIAN_POINT('',(-0.101684024265943,0.000627918314858154,0.039));
#15772=CARTESIAN_POINT('',(-0.101462314076491,0.00117835354271274,0.039));
#15773=CARTESIAN_POINT('',(-0.101462314076491,0.00172878877056732,0.039));
#15774=CARTESIAN_POINT('',(-0.101462245189004,0.00172878960902892,0.039));
#15775=CARTESIAN_POINT('',(-0.101462314076491,0.00117835354271274,0.039));
#15776=CARTESIAN_POINT('',(-0.101462640161785,0.00176690092041965,0.0389999999968404));
#15777=CARTESIAN_POINT('',(-0.101462640161785,0.00176690092041965,0.039));
#15778=CARTESIAN_POINT('',(-0.000188593150278843,-0.00774871840138568,0.0389999999999995));
#15779=CARTESIAN_POINT('',(-0.103740859903424,0.00121778006601023,0.039));
#15780=CARTESIAN_POINT('',(-0.103740859903424,0.000627918314858154,0.039));
#15781=CARTESIAN_POINT('',(-0.103740859903424,0.000627918314858154,0.039));
#15782=CARTESIAN_POINT('',(-0.103740859903424,0.00121778006601023,0.039));
#15783=CARTESIAN_POINT('',(-0.103740859903424,0.00296739604143266,0.039));
#15784=CARTESIAN_POINT('',(-0.103740859903424,0.00296739604143266,0.039));
#15785=CARTESIAN_POINT('',(-0.103067280794361,0.000627918314858154,0.039));
#15786=CARTESIAN_POINT('',(-0.102393701685298,0.000627918314858154,0.039));
#15787=CARTESIAN_POINT('',(-0.102393701685298,0.000627918314858154,0.039));
#15788=CARTESIAN_POINT('',(-0.103067280794361,0.000627918314858154,0.039));
#15789=CARTESIAN_POINT('',(-0.102393701685298,0.000832731422897068,0.039));
#15790=CARTESIAN_POINT('',(-0.102393701685298,0.00103754453093598,0.039));
#15791=CARTESIAN_POINT('',(-0.102393701685298,0.00103754453093598,0.039));
#15792=CARTESIAN_POINT('',(-0.102393701685298,0.000832731422897068,0.039));
#15793=CARTESIAN_POINT('',(-0.102819200917249,0.00103754453093598,0.039));
#15794=CARTESIAN_POINT('',(-0.1032447001492,0.00103754453093598,0.039));
#15795=CARTESIAN_POINT('',(-0.1032447001492,0.00103754453093598,0.039));
#15796=CARTESIAN_POINT('',(-0.102819200917249,0.00103754453093598,0.039));
#15797=CARTESIAN_POINT('',(-0.1032447001492,0.00133913183252328,0.039));
#15798=CARTESIAN_POINT('',(-0.1032447001492,0.00164071913411058,0.039));
#15799=CARTESIAN_POINT('',(-0.1032447001492,0.00164071913411058,0.039));
#15800=CARTESIAN_POINT('',(-0.1032447001492,0.00133913183252328,0.039));
#15801=CARTESIAN_POINT('',(-0.10284864280153,0.00164071913411058,0.039));
#15802=CARTESIAN_POINT('',(-0.102452585453859,0.00164071913411058,0.039));
#15803=CARTESIAN_POINT('',(-0.102452585453859,0.00164071913411058,0.039));
#15804=CARTESIAN_POINT('',(-0.10284864280153,0.00164071913411058,0.039));
#15805=CARTESIAN_POINT('',(-0.102452585453859,0.00172418047563645,0.039));
#15806=CARTESIAN_POINT('',(-0.102452585453859,0.00204727315356783,0.039));
#15807=CARTESIAN_POINT('',(-0.102452585453859,0.00204727315356783,0.039));
#15808=CARTESIAN_POINT('',(-0.102452585453859,0.00172418047563645,0.039));
#15809=CARTESIAN_POINT('',(-0.10284864280153,0.00204727315356783,0.039));
#15810=CARTESIAN_POINT('',(-0.1032447001492,0.00204727315356783,0.039));
#15811=CARTESIAN_POINT('',(-0.1032447001492,0.00204727315356783,0.039));
#15812=CARTESIAN_POINT('',(-0.10284864280153,0.00204727315356783,0.039));
#15813=CARTESIAN_POINT('',(-0.1032447001492,0.00230405758777162,0.039));
#15814=CARTESIAN_POINT('',(-0.1032447001492,0.00256084202197541,0.039));
#15815=CARTESIAN_POINT('',(-0.1032447001492,0.00256084202197541,0.039));
#15816=CARTESIAN_POINT('',(-0.1032447001492,0.00230405758777162,0.039));
#15817=CARTESIAN_POINT('',(-0.102819200917249,0.00256084202197541,0.039));
#15818=CARTESIAN_POINT('',(-0.102393701685298,0.00256084202197541,0.039));
#15819=CARTESIAN_POINT('',(-0.102393701685298,0.00256084202197541,0.039));
#15820=CARTESIAN_POINT('',(-0.102819200917249,0.00256084202197541,0.039));
#15821=CARTESIAN_POINT('',(-0.102393701685298,0.00276411903170403,0.039));
#15822=CARTESIAN_POINT('',(-0.102393701685298,0.00296739604143266,0.039));
#15823=CARTESIAN_POINT('',(-0.102393701685298,0.00296739604143266,0.039));
#15824=CARTESIAN_POINT('',(-0.102393701685298,0.00276411903170403,0.039));
#15825=CARTESIAN_POINT('',(-0.103067280794361,0.00296739604143266,0.039));
#15826=CARTESIAN_POINT('',(-0.103067280794361,0.00296739604143266,0.039));
#15827=CARTESIAN_POINT('',(-0.000188593150278843,-0.00774871840138568,0.0389999999999995));
#15828=CARTESIAN_POINT('',(-0.104560880384735,0.000627918314858154,0.039));
#15829=CARTESIAN_POINT('',(-0.104329697589036,0.000627918314858154,0.039));
#15830=CARTESIAN_POINT('',(-0.104329697589036,0.000627918314858154,0.039));
#15831=CARTESIAN_POINT('',(-0.104560880384735,0.000627918314858154,0.039));
#15832=CARTESIAN_POINT('',(-0.104792063180434,0.000627918314858154,0.039));
#15833=CARTESIAN_POINT('',(-0.104792063180434,0.000627918314858154,0.039));
#15834=CARTESIAN_POINT('',(-0.104329697589036,0.00238751892929748,0.039));
#15835=CARTESIAN_POINT('',(-0.104329697589036,0.00296739604143266,0.039));
#15836=CARTESIAN_POINT('',(-0.104329697589036,0.00296739604143266,0.039));
#15837=CARTESIAN_POINT('',(-0.104329697589036,0.00238751892929748,0.039));
#15838=CARTESIAN_POINT('',(-0.10466712718453,0.00296739604143266,0.039));
#15839=CARTESIAN_POINT('',(-0.105004556780024,0.00296739604143266,0.039));
#15840=CARTESIAN_POINT('',(-0.105004556780024,0.00296739604143266,0.039));
#15841=CARTESIAN_POINT('',(-0.10466712718453,0.00296739604143266,0.039));
#15842=CARTESIAN_POINT('',(-0.105194917125651,0.00238751892929748,0.039));
#15843=CARTESIAN_POINT('',(-0.105591858367326,0.00117835354271274,0.039));
#15844=CARTESIAN_POINT('',(-0.105591858367326,0.00117835354271274,0.039));
#15845=CARTESIAN_POINT('',(-0.105194917125651,0.00238751892929748,0.039));
#15846=CARTESIAN_POINT('',(-0.105596722678642,0.00117835354271274,0.039));
#15847=CARTESIAN_POINT('',(-0.105601586989958,0.00117835354271274,0.039));
#15848=CARTESIAN_POINT('',(-0.105601586989958,0.00117835354271274,0.039));
#15849=CARTESIAN_POINT('',(-0.105596722678642,0.00117835354271274,0.039));
#15850=CARTESIAN_POINT('',(-0.105889989447715,0.00211052577897917,0.039));
#15851=CARTESIAN_POINT('',(-0.106155094414433,0.00296739604143265,0.039));
#15852=CARTESIAN_POINT('',(-0.106155094414433,0.00296739604143265,0.039));
#15853=CARTESIAN_POINT('',(-0.105889989447715,0.00211052577897917,0.039));
#15854=CARTESIAN_POINT('',(-0.106492780026312,0.00296739604143266,0.039));
#15855=CARTESIAN_POINT('',(-0.106830465638191,0.00296739604143266,0.039));
#15856=CARTESIAN_POINT('',(-0.106830465638191,0.00296739604143266,0.039));
#15857=CARTESIAN_POINT('',(-0.106492780026312,0.00296739604143266,0.039));
#15858=CARTESIAN_POINT('',(-0.106830465638191,0.0017976571781454,0.039));
#15859=CARTESIAN_POINT('',(-0.106830465638191,0.000627918314858154,0.039));
#15860=CARTESIAN_POINT('',(-0.106830465638191,0.000627918314858154,0.039));
#15861=CARTESIAN_POINT('',(-0.106830465638191,0.0017976571781454,0.039));
#15862=CARTESIAN_POINT('',(-0.106608755448739,0.000627918314858154,0.039));
#15863=CARTESIAN_POINT('',(-0.106387045259287,0.000627918314858154,0.039));
#15864=CARTESIAN_POINT('',(-0.106387045259287,0.000627918314858154,0.039));
#15865=CARTESIAN_POINT('',(-0.106608755448739,0.000627918314858154,0.039));
#15866=CARTESIAN_POINT('',(-0.106387045259287,0.00117195313308652,0.039));
#15867=CARTESIAN_POINT('',(-0.106387045259287,0.00171598795131489,0.039));
#15868=CARTESIAN_POINT('',(-0.106386661170927,0.00171599685429631,0.039));
#15869=CARTESIAN_POINT('',(-0.106387045259287,0.00117195313308652,0.039));
#15870=CARTESIAN_POINT('',(-0.125419276447995,0.00127483008617363,0.039));
#15871=CARTESIAN_POINT('',(-0.106418280445795,0.00246304376288682,0.039));
#15872=CARTESIAN_POINT('',(-0.106417767225493,0.00246304376288682,0.039));
#15873=CARTESIAN_POINT('',(-0.125419276447995,0.00127483008617363,0.0390000000000001));
#15874=CARTESIAN_POINT('',(-0.106410598766711,0.00246304376288682,0.039));
#15875=CARTESIAN_POINT('',(-0.10640343030793,0.00246304376288682,0.039));
#15876=CARTESIAN_POINT('',(-0.10640343030793,0.00246304376288682,0.039));
#15877=CARTESIAN_POINT('',(-0.106410598766711,0.00246304376288682,0.039));
#15878=CARTESIAN_POINT('',(-0.106121812284376,0.00154548103887249,0.039));
#15879=CARTESIAN_POINT('',(-0.105840194260823,0.000627918314858154,0.039));
#15880=CARTESIAN_POINT('',(-0.105840194260823,0.000627918314858154,0.039));
#15881=CARTESIAN_POINT('',(-0.106121812284376,0.00154548103887249,0.039));
#15882=CARTESIAN_POINT('',(-0.10573253937091,0.000627918314858154,0.039));
#15883=CARTESIAN_POINT('',(-0.105385509160977,0.000627918314858154,0.039));
#15884=CARTESIAN_POINT('',(-0.105385509160977,0.000627918314858154,0.039));
#15885=CARTESIAN_POINT('',(-0.10573253937091,0.000627918314858154,0.039));
#15886=CARTESIAN_POINT('',(-0.104889719192297,0.00213380669171428,0.039));
#15887=CARTESIAN_POINT('',(-0.104782334557802,0.00245997156626624,0.039));
#15888=CARTESIAN_POINT('',(-0.104782334557802,0.00245997156626624,0.039));
#15889=CARTESIAN_POINT('',(-0.104889719192297,0.00213380669171428,0.039));
#15890=CARTESIAN_POINT('',(-0.104775166099021,0.00245997156626624,0.039));
#15891=CARTESIAN_POINT('',(-0.104767882964716,0.00245997156626624,0.039));
#15892=CARTESIAN_POINT('',(-0.104767882964716,0.00245997156626624,0.0389999999999999));
#15893=CARTESIAN_POINT('',(-0.104775166099021,0.00245997156626624,0.039));
#15894=CARTESIAN_POINT('',(-0.0511442959795692,3.67524833374878E-5,0.039));
#15895=CARTESIAN_POINT('',(-0.104789503016583,0.00191619276442292,0.039));
#15896=CARTESIAN_POINT('',(-0.104789598639737,0.00191619606659433,0.039));
#15897=CARTESIAN_POINT('',(-0.0511442959795692,3.67524833374878E-5,0.0389999999999998));
#15898=CARTESIAN_POINT('',(-0.104790674455255,0.00186069183349103,0.0389999999968404));
#15899=CARTESIAN_POINT('',(-0.10479158515836,0.0018076418171623,0.039));
#15900=CARTESIAN_POINT('',(-0.104791639448376,0.00180764280111291,0.039));
#15901=CARTESIAN_POINT('',(-0.104790674455255,0.00186069183349103,0.039));
#15902=CARTESIAN_POINT('',(-0.104791899646567,0.00177083402134101,0.0389999999968404));
#15903=CARTESIAN_POINT('',(-0.104792063180434,0.00173544519657858,0.039));
#15904=CARTESIAN_POINT('',(-0.104792099068613,0.00173544568520874,0.0390000000500174));
#15905=CARTESIAN_POINT('',(-0.104791899646567,0.00177083402134101,0.039));
#15906=CARTESIAN_POINT('',(-0.104792063180434,0.00118168175571837,0.039));
#15907=CARTESIAN_POINT('',(-0.104792063180434,0.00118168175571837,0.039));
#15908=CARTESIAN_POINT('',(-0.000188593150278843,-0.00774871840138568,0.0389999999999995));
#15909=CARTESIAN_POINT('',(-0.000188593150278564,-0.00772399340138567,0.0392499999999995));
#15910=CARTESIAN_POINT('',(-0.0859563844809983,-0.0200328581828343,0.03325));
#15911=CARTESIAN_POINT('',(-0.0859563844809983,-0.0200328581828343,0.03325));
#15912=CARTESIAN_POINT('',(-0.00018859315027889,-0.00774871840138569,0.0332499999999995));
#15913=CARTESIAN_POINT('',(0.0933336155190048,0.0338071418171658,0.0332499999999991));
#15914=CARTESIAN_POINT('',(0.0933336155190048,0.0338071418171658,0.0332499999999991));
#15915=CARTESIAN_POINT('',(0.0883336155190048,0.0338071418171658,0.0332499999999991));
#15916=CARTESIAN_POINT('',(-0.00018859315027889,-0.00774871840138569,0.0332499999999995));
#15917=CARTESIAN_POINT('',(-0.00018859315027854,-0.0652089479617523,0.03925));
#15918=CARTESIAN_POINT('',(0.104034806850382,-0.068920580064512,0.0375192375262284));
#15919=CARTESIAN_POINT('',(-0.104034770500707,-0.0689205800645121,0.0375192375262291));
#15920=CARTESIAN_POINT('',(0.104034806850382,-0.068920580064512,0.0375192375262284));
#15921=CARTESIAN_POINT('',(0.104034806850382,-0.0649205800645119,0.0393844681588484));
#15922=CARTESIAN_POINT('',(0.104901427967905,-0.0688255727455119,0.0375635401666589));
#15923=CARTESIAN_POINT('',(-0.000188593150278544,-0.068825572745512,0.0375635401666592));
#15924=CARTESIAN_POINT('',(-0.10490139161823,-0.068825572745512,0.0375635401666596));
#15925=CARTESIAN_POINT('',(-0.104034770500707,-0.0649205800645121,0.0393844681588491));
#15926=CARTESIAN_POINT('',(0.0809251155190047,-0.00772399340138567,0.0392499999999992));
#15927=CARTESIAN_POINT('',(0.0633979037794873,0.0273304300776488,0.0217227882604818));
#15928=CARTESIAN_POINT('',(0.0538872126292438,-0.0284044552930736,0.0122120971102383));
#15929=CARTESIAN_POINT('',(-0.000188593150278564,-0.0554423581828345,0.0392499999999995));
#15930=CARTESIAN_POINT('',(-0.0624687628871819,-0.0395362365890183,0.0233438784061834));
#15931=CARTESIAN_POINT('',(0.0789271155190047,0.0428576418171663,0.0372499999999991));
#15932=CARTESIAN_POINT('',(-0.0608476727414809,0.0273304300776489,0.0217227882604823));
#15933=CARTESIAN_POINT('',(-0.0783748844809981,-0.00772399340138567,0.03925));
#15934=CARTESIAN_POINT('',(-0.0849476186095372,0.0502885520875163,0.038660710807979));
#15935=CARTESIAN_POINT('',(-0.0849470843534232,0.0480425331934454,0.0392499999999997));
#15936=CARTESIAN_POINT('',(-0.0849465320146841,0.0457204947345245,0.0392499999999997));
#15937=CARTESIAN_POINT('',(-0.0851472942633097,0.0502885135858057,0.0386607084480281));
#15938=CARTESIAN_POINT('',(-0.0851467600078171,0.0480424904239503,0.0392500000000087));
#15939=CARTESIAN_POINT('',(-0.0851462076562702,0.0457204472380624,0.0392499999999997));
#15940=CARTESIAN_POINT('',(-0.0855721328108241,0.0502876280327531,0.038660703350934));
#15941=CARTESIAN_POINT('',(-0.0855590625822057,0.0480416140758117,0.0392499999999956));
#15942=CARTESIAN_POINT('',(-0.0855455499427561,0.0457195797267135,0.0392499999999997));
#15943=CARTESIAN_POINT('',(-0.0864008911267613,0.0502808869621627,0.038660701341883));
#15944=CARTESIAN_POINT('',(-0.0863730029565828,0.0480350058216616,0.039250000000002));
#15945=CARTESIAN_POINT('',(-0.0863441708576325,0.0457131085164727,0.0392499999999997));
#15946=CARTESIAN_POINT('',(-0.0878640463558228,0.0502566095076955,0.0386607075791492));
#15947=CARTESIAN_POINT('',(-0.0878038645895636,0.0480112442832801,0.0392499999999985));
#15948=CARTESIAN_POINT('',(-0.0877416460966053,0.0456898811835778,0.0392499999999997));
#15949=CARTESIAN_POINT('',(-0.0899573431955735,0.0501833065579499,0.03866072167949));
#15950=CARTESIAN_POINT('',(-0.0898491384683876,0.0479396709508881,0.0392499999999966));
#15951=CARTESIAN_POINT('',(-0.0897372715508301,0.0456200978809531,0.0392499999999997));
#15952=CARTESIAN_POINT('',(-0.0924761824754545,0.0500268041694712,0.0386607071184215));
#15953=CARTESIAN_POINT('',(-0.0923053217559408,0.0477868963460802,0.0392500000000129));
#15954=CARTESIAN_POINT('',(-0.0921286774038323,0.0454711753730617,0.0392499999999997));
#15955=CARTESIAN_POINT('',(-0.0941708787477925,0.0498699557194347,0.0386606973473173));
#15956=CARTESIAN_POINT('',(-0.0939485924348938,0.0476348368996708,0.039249999999971));
#15957=CARTESIAN_POINT('',(-0.0937187826295115,0.0453240655817842,0.0392499999999997));
#15958=CARTESIAN_POINT('',(-0.0950081824468922,0.0497785698841933,0.0386607101890818));
#15959=CARTESIAN_POINT('',(-0.0947646229760654,0.0475457947119666,0.0392499999999997));
#15960=CARTESIAN_POINT('',(-0.0945128198946706,0.0452374481446173,0.0392499999999997));
#15961=CARTESIAN_POINT('',(-0.085004666542,0.0502613532111296,0.0386678218269348));
#15962=CARTESIAN_POINT('',(-0.0850065146921057,0.048780689272455,0.039053834779757));
#15963=CARTESIAN_POINT('',(-0.085008424481068,0.0472506427474462,0.0392499999999997));
#15964=CARTESIAN_POINT('',(-0.0850103344042623,0.0457204886810562,0.0392499999999997));
#15965=CARTESIAN_POINT('',(-0.0850048338871387,0.0502613532720441,0.0386678212465003));
#15966=CARTESIAN_POINT('',(-0.0850050012322852,0.050261353326814,0.0386678206676677));
#15967=CARTESIAN_POINT('',(-0.0883448629893546,0.0502615164894793,0.0386675277794627));
#15968=CARTESIAN_POINT('',(-0.091684975519396,0.0501149986119695,0.0386674916616341));
#15969=CARTESIAN_POINT('',(-0.0950052340220214,0.0497515408804507,0.0386678211926597));
#15970=CARTESIAN_POINT('',(-0.0950055304786087,0.0497515085141289,0.0386678210311823));
#15971=CARTESIAN_POINT('',(-0.0950052340234972,0.0497515408939793,0.038667821189112));
#15972=CARTESIAN_POINT('',(-0.0948446699237176,0.0482796066090105,0.0390538345625201));
#15973=CARTESIAN_POINT('',(-0.0946787507401336,0.0467585808306044,0.0392499999999997));
#15974=CARTESIAN_POINT('',(-0.0945128198946706,0.0452374481446173,0.0392499999999997));
#15975=CARTESIAN_POINT('',(-0.0950088570843771,0.0497790647363859,0.0386605615741728));
#15976=CARTESIAN_POINT('',(-0.0947636142726044,0.0475462034778288,0.0392499999999997));
#15977=CARTESIAN_POINT('',(-0.0945100687110151,0.0452377482058491,0.0392499999999997));
#15978=CARTESIAN_POINT('',(-0.0965736924829826,0.0496074400957192,0.0386604972520455));
#15979=CARTESIAN_POINT('',(-0.0962843068573028,0.0473793101907428,0.0392500000000029));
#15980=CARTESIAN_POINT('',(-0.0959851203618584,0.0450757382234378,0.0392499999999997));
#15981=CARTESIAN_POINT('',(-0.0997213832589579,0.0491671802549653,0.0386608022871805));
#15982=CARTESIAN_POINT('',(-0.0993286572531588,0.046953518314428,0.0392499999999975));
#15983=CARTESIAN_POINT('',(-0.0989226405470777,0.0446649449816251,0.0392499999999996));
#15984=CARTESIAN_POINT('',(-0.104465616025815,0.0481151608626409,0.0386604357448882));
#15985=CARTESIAN_POINT('',(-0.103876954787847,0.0459434943293001,0.0392500000000025));
#15986=CARTESIAN_POINT('',(-0.103268359083248,0.0436982885108057,0.0392499999999998));
#15987=CARTESIAN_POINT('',(-0.10840792581315,0.0468199609715019,0.0386607919721631));
#15988=CARTESIAN_POINT('',(-0.107616770670354,0.0447134850300902,0.0392499999999928));
#15989=CARTESIAN_POINT('',(-0.106798842594558,0.0425357227229423,0.0392499999999997));
#15990=CARTESIAN_POINT('',(-0.1111326057461,0.0456048827120334,0.0386606087001584));
#15991=CARTESIAN_POINT('',(-0.110163766698959,0.0435769837489269,0.0392500000000093));
#15992=CARTESIAN_POINT('',(-0.109162127755538,0.041480436559188,0.0392499999999999));
#15993=CARTESIAN_POINT('',(-0.11265754347833,0.0448152870130159,0.0386604945115481));
#15994=CARTESIAN_POINT('',(-0.111584852657605,0.0428407142545945,0.0392499999999832));
#15995=CARTESIAN_POINT('',(-0.110475841109382,0.0407992842506092,0.0392499999999997));
#15996=CARTESIAN_POINT('',(-0.11342506145432,0.0443759930155829,0.0386605138948769));
#15997=CARTESIAN_POINT('',(-0.112291641083716,0.0424363192457875,0.0392500000000364));
#15998=CARTESIAN_POINT('',(-0.111119845637643,0.0404309716099841,0.0392499999999998));
#15999=CARTESIAN_POINT('',(-0.113792143682924,0.0441551263563982,0.0386605614842933));
#16000=CARTESIAN_POINT('',(-0.112634875776553,0.0422298873687168,0.0392499999999998));
#16001=CARTESIAN_POINT('',(-0.111438428302216,0.0402394689775852,0.0392499999999998));
#16002=CARTESIAN_POINT('',(-0.0950058269561683,0.0497514763400656,0.0386678208192853));
#16003=CARTESIAN_POINT('',(-0.0982794541370288,0.0493939766446384,0.0386672885349461));
#16004=CARTESIAN_POINT('',(-0.104781433770407,0.0482608454097583,0.0386685461112));
#16005=CARTESIAN_POINT('',(-0.110954483504039,0.0458325980216753,0.038666898642189));
#16006=CARTESIAN_POINT('',(-0.113777843152537,0.0441313358939706,0.0386678216222129));
#16007=CARTESIAN_POINT('',(-0.113778451938356,0.044130969216096,0.0386678214322578));
#16008=CARTESIAN_POINT('',(-0.111438345226954,0.0402395136131216,0.0392499999999998));
#16009=CARTESIAN_POINT('',(-0.112227702273909,0.0415503510650689,0.0392499999999998));
#16010=CARTESIAN_POINT('',(-0.113016412047568,0.0428614530580515,0.039053834532408));
#16011=CARTESIAN_POINT('',(-0.113779061003992,0.0441306030037545,0.0386678211007006));
#16012=CARTESIAN_POINT('',(-0.000122016529725472,0.0456145319210151,0.0212499999999994));
#16013=CARTESIAN_POINT('',(-0.0777995485600816,0.0457114952821287,0.0392499999999983));
#16014=CARTESIAN_POINT('',(-0.077799645023146,0.0474589364750946,0.0392499993172594));
#16015=CARTESIAN_POINT('',(-0.0777997113481262,0.0489819562313914,0.0389990191131039));
#16016=CARTESIAN_POINT('',(-0.0777997827236433,0.0502523628354731,0.0386678211258614));
#16017=CARTESIAN_POINT('',(-0.0777997909754131,0.0502523629367447,0.0386678215160966));
#16018=CARTESIAN_POINT('',(-0.000116348664106533,0.0501553991402416,0.0386678211258651));
#16019=CARTESIAN_POINT('',(-0.107450636617708,0.03362861156172,0.0212499999999998));
#16020=CARTESIAN_POINT('',(-0.107450636617708,0.0336286115617201,0.0386678211258654));
#16021=CARTESIAN_POINT('',(-0.119710706149973,0.03345120762018,0.0386678211258647));
#16022=CARTESIAN_POINT('',(-0.119710706149994,0.0334512076216499,0.0386678211258647));
#16023=CARTESIAN_POINT('',(-0.118230195209688,0.0334726307071275,0.0390538345409786));
#16024=CARTESIAN_POINT('',(-0.116700306724456,0.0334947682873387,0.0392499999999998));
#16025=CARTESIAN_POINT('',(-0.115170310708672,0.033516907422183,0.0392499999999998));
#16026=CARTESIAN_POINT('',(-0.000191543157561074,0.0457157794354654,0.0212499999999994));
#16027=CARTESIAN_POINT('',(0.0849981815479366,0.0457204824487547,0.0392499999999991));
#16028=CARTESIAN_POINT('',(0.0849985331739495,0.0472506385450936,0.0392499999719169));
#16029=CARTESIAN_POINT('',(0.0849988848058992,0.0487806870960811,0.0390538345131989));
#16030=CARTESIAN_POINT('',(0.0849992391638961,0.0502613529402309,0.0386678211258629));
#16031=CARTESIAN_POINT('',(0.0849992530938977,0.0502613529414147,0.0386678211431914));
#16032=CARTESIAN_POINT('',(-0.000191793824827527,0.0502566501850588,0.0386678211258651));
#16033=CARTESIAN_POINT('',(-0.119737409005251,0.0334508212267388,0.0386608370207795));
#16034=CARTESIAN_POINT('',(-0.117491853384723,0.0334833145557587,0.0392499999999998));
#16035=CARTESIAN_POINT('',(-0.115170310708672,0.0335169074221821,0.0392499999999998));
#16036=CARTESIAN_POINT('',(-0.119734287633466,0.0332351088205265,0.0386608370207553));
#16037=CARTESIAN_POINT('',(-0.117488746899471,0.0332686309322347,0.039249999999998));
#16038=CARTESIAN_POINT('',(-0.115167219613729,0.0333032873941942,0.0392499999999998));
#16039=CARTESIAN_POINT('',(-0.119731017903726,0.0330193904460972,0.0386608370207716));
#16040=CARTESIAN_POINT('',(-0.11748549282108,0.0330539453250201,0.0392499999999932));
#16041=CARTESIAN_POINT('',(-0.115163981716278,0.0330896695018566,0.0392499999999998));
#16042=CARTESIAN_POINT('',(-0.119727598645937,0.032803666309059,0.0386608370207789));
#16043=CARTESIAN_POINT('',(-0.117482089995889,0.0328392579356146,0.0392499999999998));
#16044=CARTESIAN_POINT('',(-0.115160595879746,0.0328760539424485,0.0392499999999998));
#16045=CARTESIAN_POINT('',(-0.119710706149949,0.0334512076187101,0.0386678211258655));
#16046=CARTESIAN_POINT('',(-0.119707628843132,0.0332385404399129,0.0386678211257503));
#16047=CARTESIAN_POINT('',(-0.119704407443685,0.0330258753951103,0.0386678211258181));
#16048=CARTESIAN_POINT('',(-0.119701040861853,0.0328132125988001,0.0386678211258469));
#16049=CARTESIAN_POINT('',(-0.119701034799202,0.0328122432058306,0.0386676181114328));
#16050=CARTESIAN_POINT('',(-0.119701099515994,0.0328132116436632,0.0386678058324304));
#16051=CARTESIAN_POINT('',(-0.118213645516216,0.0328374337195827,0.0390556456381779));
#16052=CARTESIAN_POINT('',(-0.116683507658254,0.0328598951749633,0.0392499999999998));
#16053=CARTESIAN_POINT('',(-0.115160656445527,0.0328798760898929,0.0392499999999998));
#16054=CARTESIAN_POINT('',(0.0950052011304213,0.0497787310030536,0.0386607529756255));
#16055=CARTESIAN_POINT('',(0.0947617277851486,0.0475460242736544,0.0392499999999991));
#16056=CARTESIAN_POINT('',(0.0945100143629292,0.0452377541382129,0.0392499999999991));
#16057=CARTESIAN_POINT('',(0.0916497867050759,0.050144834531545,0.0386607006613353));
#16058=CARTESIAN_POINT('',(0.0915033883925733,0.0479014467435738,0.039249999999984));
#16059=CARTESIAN_POINT('',(0.0913520393749562,0.0455821266093392,0.0392499999999991));
#16060=CARTESIAN_POINT('',(0.0883066683743569,0.0502877679353873,0.0386607058886385));
#16061=CARTESIAN_POINT('',(0.0882417921385051,0.0480417555236198,0.0392500000001377));
#16062=CARTESIAN_POINT('',(0.0881747159619294,0.045719723111499,0.0392499999999991));
#16063=CARTESIAN_POINT('',(0.084999273484335,0.0502883788766997,0.0386607530288386));
#16064=CARTESIAN_POINT('',(0.0849987366012323,0.0480424363376213,0.0392499999999991));
#16065=CARTESIAN_POINT('',(0.0849981815479366,0.0457204824487547,0.0392499999999991));
#16066=CARTESIAN_POINT('',(0.0945100143629292,0.0452377541382129,0.0392499999999991));
#16067=CARTESIAN_POINT('',(0.0946758922719904,0.0467588928214002,0.0392499999999991));
#16068=CARTESIAN_POINT('',(0.0948417585228862,0.0482799245965229,0.0390538345052152));
#16069=CARTESIAN_POINT('',(0.0950022713968496,0.0497518646705044,0.0386678210208619));
#16070=CARTESIAN_POINT('',(0.0950026173027493,0.049751826975937,0.038667821119836));
#16071=CARTESIAN_POINT('',(0.0950022714499777,0.0497518651577022,0.0386678208930952));
#16072=CARTESIAN_POINT('',(0.091681247959115,0.0501153256792003,0.0386674819416473));
#16073=CARTESIAN_POINT('',(0.088339939312777,0.0502616479649009,0.0386675360572657));
#16074=CARTESIAN_POINT('',(0.0849992670238902,0.0502613529043253,0.0386678211704977));
#16075=CARTESIAN_POINT('',(-0.119719439825583,0.0335333265272981,0.0386600609157422));
#16076=CARTESIAN_POINT('',(-0.11747246076905,0.0335022565907935,0.0392499999999998));
#16077=CARTESIAN_POINT('',(-0.115149342934291,0.0334701338509715,0.0392499999999998));
#16078=CARTESIAN_POINT('',(-0.119777104945714,0.0293651235848105,0.0386600531451725));
#16079=CARTESIAN_POINT('',(-0.117529972401165,0.0293441381705588,0.0392500000001193));
#16080=CARTESIAN_POINT('',(-0.115206694828038,0.0293224425677626,0.0392499999999998));
#16081=CARTESIAN_POINT('',(-0.119825634993957,0.0209992323095313,0.0386600672540996));
#16082=CARTESIAN_POINT('',(-0.117578271896499,0.0210121239812305,0.0392499999999444));
#16083=CARTESIAN_POINT('',(-0.115254758029409,0.0210254576464883,0.0392499999999998));
#16084=CARTESIAN_POINT('',(-0.119608574270497,0.00844981319203706,0.0386600243173996));
#16085=CARTESIAN_POINT('',(-0.117362074171305,0.00851670363438383,0.0392500000000146));
#16086=CARTESIAN_POINT('',(-0.115039446246612,0.00858585145810218,0.0392499999999999));
#16087=CARTESIAN_POINT('',(-0.119059948567215,-0.00412063745395888,0.038660178711433));
#16088=CARTESIAN_POINT('',(-0.116816458238855,-0.00398735013282691,0.0392499999999966));
#16089=CARTESIAN_POINT('',(-0.114496962650843,-0.00384955406240866,0.0392499999999998));
#16090=CARTESIAN_POINT('',(-0.118066726428838,-0.0167006628880414,0.0386600785412958));
#16091=CARTESIAN_POINT('',(-0.1158299936617,-0.0164775511463383,0.0392499999999983));
#16092=CARTESIAN_POINT('',(-0.113517473487179,-0.0162468622416243,0.03925));
#16093=CARTESIAN_POINT('',(-0.116514043828224,-0.0292914240960528,0.0386600379203597));
#16094=CARTESIAN_POINT('',(-0.114290456297357,-0.0289562780983428,0.0392500000000098));
#16095=CARTESIAN_POINT('',(-0.111991517258582,-0.0286097887460845,0.0392499999999999));
#16096=CARTESIAN_POINT('',(-0.114178865534085,-0.0418177040384479,0.0386601888262495));
#16097=CARTESIAN_POINT('',(-0.11198561202748,-0.0413186025942981,0.0392499999999622));
#16098=CARTESIAN_POINT('',(-0.109718057185761,-0.0408025933343723,0.0392499999999998));
#16099=CARTESIAN_POINT('',(-0.111286553241058,-0.0521526703753412,0.0386600606653888));
#16100=CARTESIAN_POINT('',(-0.109145072596139,-0.0514526189981191,0.0392500000001112));
#16101=CARTESIAN_POINT('',(-0.106931029604135,-0.050728840978592,0.0392500000000001));
#16102=CARTESIAN_POINT('',(-0.107874308789069,-0.0604290660741059,0.0386600589782914));
#16103=CARTESIAN_POINT('',(-0.105838719542493,-0.0594666274270722,0.0392499999998075));
#16104=CARTESIAN_POINT('',(-0.103734153844679,-0.0584715776352216,0.0392499999999999));
#16105=CARTESIAN_POINT('',(-0.10568428786338,-0.0643977931862814,0.0386600624712194));
#16106=CARTESIAN_POINT('',(-0.103744885534337,-0.0632548748191363,0.0392500000004254));
#16107=CARTESIAN_POINT('',(-0.101739766834018,-0.0620732288133503,0.0392499999999999));
#16108=CARTESIAN_POINT('',(-0.10438893879516,-0.0663256701868301,0.0386600622564622));
#16109=CARTESIAN_POINT('',(-0.102523684285648,-0.0650723964951742,0.0392499999999999));
#16110=CARTESIAN_POINT('',(-0.100595225864499,-0.0637766557839983,0.0392499999999999));
#16111=CARTESIAN_POINT('',(-0.119701027652592,0.0328112738533751,0.0386674153807292));
#16112=CARTESIAN_POINT('',(-0.119815489706786,0.0244074762379623,0.0386661093356728));
#16113=CARTESIAN_POINT('',(-0.11972270843465,0.00760116746268276,0.0386683981624349));
#16114=CARTESIAN_POINT('',(-0.11848073141396,-0.0133542062298216,0.0386680782555899));
#16115=CARTESIAN_POINT('',(-0.116366573405881,-0.0300496935556393,0.0386676776652326));
#16116=CARTESIAN_POINT('',(-0.113995416820034,-0.0424612325606007,0.0386687164130736));
#16117=CARTESIAN_POINT('',(-0.111114064377474,-0.0525058026149731,0.0386677953207994));
#16118=CARTESIAN_POINT('',(-0.10791328307618,-0.0602426905568016,0.0386678117073353));
#16119=CARTESIAN_POINT('',(-0.105880969051362,-0.0639795269507384,0.0386678216454377));
#16120=CARTESIAN_POINT('',(-0.104727170159292,-0.0657593148631772,0.0386678211069673));
#16121=CARTESIAN_POINT('',(-0.104727170159288,-0.0657593148631794,0.0386678211069678));
#16122=CARTESIAN_POINT('',(-0.104727170159289,-0.0657593148631793,0.0386678211069678));
#16123=CARTESIAN_POINT('',(-0.104321436618335,-0.0650127530068876,0.0388624517059653));
#16124=CARTESIAN_POINT('',(-0.103493732713468,-0.0635156814549164,0.0391524462153727));
#16125=CARTESIAN_POINT('',(-0.102607978434703,-0.061970937836314,0.03925));
#16126=CARTESIAN_POINT('',(-0.102168913906748,-0.0612184440341803,0.03925));
#16127=CARTESIAN_POINT('',(0.113789431179554,0.0441573548136759,0.0386604270079213));
#16128=CARTESIAN_POINT('',(0.112632110679492,0.042231863760024,0.0392499999999991));
#16129=CARTESIAN_POINT('',(0.111435599589234,0.0402411693933687,0.0392499999999991));
#16130=CARTESIAN_POINT('',(0.112289254069251,0.0450599176083777,0.0386602294833334));
#16131=CARTESIAN_POINT('',(0.111243258218839,0.0430670979900721,0.0392499999998712));
#16132=CARTESIAN_POINT('',(0.110161835352519,0.0410067681008546,0.0392499999999991));
#16133=CARTESIAN_POINT('',(0.109189944956626,0.0465639843312511,0.0386607580136448));
#16134=CARTESIAN_POINT('',(0.108357767788471,0.0444706449710628,0.0392500000000612));
#16135=CARTESIAN_POINT('',(0.107497416363099,0.0423064651130142,0.039249999999999));
#16136=CARTESIAN_POINT('',(0.102877133792652,0.048636212171658,0.0386602667493076));
#16137=CARTESIAN_POINT('',(0.102370232142362,0.0464381437762149,0.0392499999999438));
#16138=CARTESIAN_POINT('',(0.101846199821049,0.0441656074694486,0.0392499999999991));
#16139=CARTESIAN_POINT('',(0.0981347781976538,0.0494368209238418,0.0386602976597877));
#16140=CARTESIAN_POINT('',(0.0978012580934506,0.047213173324667,0.0392500000000892));
#16141=CARTESIAN_POINT('',(0.0974564310725845,0.0449142099259844,0.039249999999999));
#16142=CARTESIAN_POINT('',(0.0950060486072571,0.0497798870417369,0.0386604275239473));
#16143=CARTESIAN_POINT('',(0.094760832348078,0.0475467790434331,0.039249999999999));
#16144=CARTESIAN_POINT('',(0.0945073122860833,0.0452380509025429,0.039249999999999));
#16145=CARTESIAN_POINT('',(0.113775725427109,0.0441326123492038,0.0386678210844471));
#16146=CARTESIAN_POINT('',(0.113011915454604,0.0428641620879586,0.0390538345268717));
#16147=CARTESIAN_POINT('',(0.11222263112527,0.0415534068611617,0.039249999999999));
#16148=CARTESIAN_POINT('',(0.111433291319881,0.040242559505932,0.039249999999999));
#16149=CARTESIAN_POINT('',(0.113775297223448,0.0441328696910748,0.0386678209830161));
#16150=CARTESIAN_POINT('',(0.113774869412319,0.0441331276851188,0.0386678206831409));
#16151=CARTESIAN_POINT('',(0.110946535585926,0.0458372617099739,0.0386668916014323));
#16152=CARTESIAN_POINT('',(0.104755875814211,0.0482668979414911,0.0386685447376715));
#16153=CARTESIAN_POINT('',(0.098278158819721,0.0493941460155082,0.0386673018891269));
#16154=CARTESIAN_POINT('',(0.0950029631834403,0.0497517890492694,0.0386678212796751));
#16155=CARTESIAN_POINT('',(-0.000188593150278601,-0.0612184440341794,0.0212499999999996));
#16156=CARTESIAN_POINT('',(0.105123716663371,-0.0687805827732705,0.0375844439051567));
#16157=CARTESIAN_POINT('',(0.105050043855393,-0.0687972633359359,0.0375767215284505));
#16158=CARTESIAN_POINT('',(0.104975737645197,-0.0688114543111251,0.0375701237007347));
#16159=CARTESIAN_POINT('',(0.104901427967905,-0.0688255727455121,0.0375635401666589));
#16160=CARTESIAN_POINT('',(0.105123716663371,-0.0687805827732704,0.0375844439051568));
#16161=CARTESIAN_POINT('',(0.105123716663371,-0.0687805827732704,0.0375844439051568));
#16162=CARTESIAN_POINT('',(0.105158955111042,-0.0682853536162925,0.0378137135157082));
#16163=CARTESIAN_POINT('',(0.105165012662978,-0.0672879508655159,0.0382228893330809));
#16164=CARTESIAN_POINT('',(0.104985325536536,-0.0662336841610939,0.0385441599684454));
#16165=CARTESIAN_POINT('',(0.104727295435842,-0.0657590344161734,0.0386678942178128));
#16166=CARTESIAN_POINT('',(0.104727295435842,-0.0657590344161734,0.0386678942178128));
#16167=CARTESIAN_POINT('',(0.104727295435842,-0.0657590344161734,0.0386678942178128));
#16168=CARTESIAN_POINT('',(0.104322282781422,-0.0650140083413377,0.0388621116236272));
#16169=CARTESIAN_POINT('',(0.103492343477085,-0.0635159857102478,0.0391525593352431));
#16170=CARTESIAN_POINT('',(0.102606845716193,-0.061969963356363,0.0392499999999992));
#16171=CARTESIAN_POINT('',(0.102168625470269,-0.06121844403418,0.0392499999999993));
#16172=CARTESIAN_POINT('',(-0.104727170159292,-0.0657593148631772,0.0386678211069673));
#16173=CARTESIAN_POINT('',(-0.104985917320521,-0.06623541738244,0.0385436999538072));
#16174=CARTESIAN_POINT('',(-0.105163583176003,-0.0672763141661284,0.0382269591531791));
#16175=CARTESIAN_POINT('',(-0.105159118851204,-0.068285242535465,0.0378137643645179));
#16176=CARTESIAN_POINT('',(-0.105123749492609,-0.0687805671096408,0.0375844511567292));
#16177=CARTESIAN_POINT('',(-0.105123749492609,-0.0687805671096408,0.0375844511567292));
#16178=CARTESIAN_POINT('',(-0.105123749492609,-0.068780567109641,0.0375844511567291));
#16179=CARTESIAN_POINT('',(-0.10505005390356,-0.0687972539425622,0.0375767258965977));
#16180=CARTESIAN_POINT('',(-0.104975724554549,-0.0688114498920377,0.0375701257613897));
#16181=CARTESIAN_POINT('',(-0.104901391618233,-0.0688255727455115,0.0375635401666599));
#16182=CARTESIAN_POINT('',(0.107450636617708,0.0336286115617197,0.0212499999999991));
#16183=CARTESIAN_POINT('',(0.115170310708671,0.0335169074221145,0.039249999999999));
#16184=CARTESIAN_POINT('',(0.116700306725657,0.0334947682872526,0.039249999999999));
#16185=CARTESIAN_POINT('',(0.11823019521209,0.0334726307070318,0.0390538345406681));
#16186=CARTESIAN_POINT('',(0.119710706153483,0.0334512076215543,0.0386678211249542));
#16187=CARTESIAN_POINT('',(0.119710706153462,0.0334512076200934,0.0386678211249542));
#16188=CARTESIAN_POINT('',(0.107450636617708,0.0336286115617198,0.0386678211258648));
#16189=CARTESIAN_POINT('',(0.109116544034095,-0.0425036999389557,0.0392499999999992));
#16190=CARTESIAN_POINT('',(0.11137011467564,-0.0430640038054388,0.0392499999999992));
#16191=CARTESIAN_POINT('',(0.113549898413317,-0.043605962079922,0.0386606400548857));
#16192=CARTESIAN_POINT('',(0.10866224326988,-0.0443309207131599,0.0392499999999992));
#16193=CARTESIAN_POINT('',(0.110907482021783,-0.0449247856232814,0.0392500000001171));
#16194=CARTESIAN_POINT('',(0.113079205999059,-0.0454992055893436,0.0386606340604876));
#16195=CARTESIAN_POINT('',(0.107673048128921,-0.0479593358200428,0.0392499999999992));
#16196=CARTESIAN_POINT('',(0.109897906760611,-0.0486291834210274,0.0392499999999439));
#16197=CARTESIAN_POINT('',(0.112049918655724,-0.0492770996516122,0.0386606424632887));
#16198=CARTESIAN_POINT('',(0.105878787237976,-0.0533133667721728,0.0392499999999992));
#16199=CARTESIAN_POINT('',(0.108055670987559,-0.0541271141334507,0.0392500000000159));
#16200=CARTESIAN_POINT('',(0.11016128027687,-0.0549142186937021,0.0386606546889422));
#16201=CARTESIAN_POINT('',(0.104053426717704,-0.0576525693575278,0.0392499999999993));
#16202=CARTESIAN_POINT('',(0.10616838753008,-0.0586183464089344,0.0392499999999928));
#16203=CARTESIAN_POINT('',(0.108214101593285,-0.0595525010718707,0.038660649626793));
#16204=CARTESIAN_POINT('',(0.102326249153475,-0.0609981446391706,0.0392499999999992));
#16205=CARTESIAN_POINT('',(0.104356314841957,-0.0621284788550595,0.0392500000000076));
#16206=CARTESIAN_POINT('',(0.106319909760576,-0.0632218029375595,0.0386606254348052));
#16207=CARTESIAN_POINT('',(0.101357799037216,-0.062616163187981,0.0392499999999993));
#16208=CARTESIAN_POINT('',(0.103338195221745,-0.0638306533208651,0.0392499999999815));
#16209=CARTESIAN_POINT('',(0.105253750817049,-0.0650053792677325,0.038660656768038));
#16210=CARTESIAN_POINT('',(0.100843283810441,-0.0634027223549655,0.0392499999999993));
#16211=CARTESIAN_POINT('',(0.102786612417993,-0.064673919980882,0.0392499999999992));
#16212=CARTESIAN_POINT('',(0.104666312732983,-0.065903496167104,0.0386606455996869));
#16213=CARTESIAN_POINT('',(0.104727295435842,-0.0657590344161734,0.0386678942178127));
#16214=CARTESIAN_POINT('',(0.106903464241161,-0.0624027757625363,0.0386675668900286));
#16215=CARTESIAN_POINT('',(0.110289448952811,-0.0551115791952037,0.0386680910267647));
#16216=CARTESIAN_POINT('',(0.112560060593616,-0.0474749595133188,0.0386677196991543));
#16217=CARTESIAN_POINT('',(0.113523253544634,-0.0435993373827992,0.038667821042867));
#16218=CARTESIAN_POINT('',(0.113523343447159,-0.0435989699929401,0.0386678215605012));
#16219=CARTESIAN_POINT('',(0.113523252150925,-0.0435993370362821,0.0386678214172726));
#16220=CARTESIAN_POINT('',(0.112086333332837,-0.0432420768045615,0.0390538346402293));
#16221=CARTESIAN_POINT('',(0.110601490865616,-0.0428729013457742,0.0392499999999992));
#16222=CARTESIAN_POINT('',(0.109116544034095,-0.0425036999389558,0.0392499999999992));
#16223=CARTESIAN_POINT('',(0.119725045734588,0.0326266293965862,0.0386607665735994));
#16224=CARTESIAN_POINT('',(0.117479413272587,0.0326624482654155,0.0392499999999991));
#16225=CARTESIAN_POINT('',(0.115157781761123,0.0326994793539779,0.0392499999999991));
#16226=CARTESIAN_POINT('',(0.1197293918104,0.0328991027961043,0.0386607665735927));
#16227=CARTESIAN_POINT('',(0.117483759348392,0.0329349216650791,0.0392499999999917));
#16228=CARTESIAN_POINT('',(0.115162127836933,0.0329719527537951,0.0392499999999991));
#16229=CARTESIAN_POINT('',(0.119733696084383,0.0331756687491405,0.038660766573603));
#16230=CARTESIAN_POINT('',(0.117488032057498,0.0332094762428854,0.0392500000000007));
#16231=CARTESIAN_POINT('',(0.115166367912886,0.0332444278852963,0.0392499999999991));
#16232=CARTESIAN_POINT('',(0.119737677501574,0.0334508173415534,0.0386607665735975));
#16233=CARTESIAN_POINT('',(0.11749199448531,0.0334833125139775,0.039249999999999));
#16234=CARTESIAN_POINT('',(0.115170310708671,0.0335169074221145,0.0392499999999991));
#16235=CARTESIAN_POINT('',(0.115161684164827,0.0327450551048832,0.0392499997199736));
#16236=CARTESIAN_POINT('',(0.116691252160586,0.0327553039823455,0.0392497299804346));
#16237=CARTESIAN_POINT('',(0.118220676081046,0.0327653431711658,0.0390535386112935));
#16238=CARTESIAN_POINT('',(0.119700788470464,0.0327767829473396,0.0386677362139441));
#16239=CARTESIAN_POINT('',(0.11970087096403,0.0327700392275839,0.0386678527324124));
#16240=CARTESIAN_POINT('',(0.119700462697512,0.0327767804294677,0.0386678211258557));
#16241=CARTESIAN_POINT('',(0.119704039059148,0.0330015870050769,0.0386678211257695));
#16242=CARTESIAN_POINT('',(0.119707453114268,0.0332263961320494,0.0386678211257437));
#16243=CARTESIAN_POINT('',(0.119710706149949,0.033451207618683,0.0386678211258647));
#16244=CARTESIAN_POINT('',(0.113551771135194,-0.0436056213868603,0.0386601849765064));
#16245=CARTESIAN_POINT('',(0.111370706427976,-0.0430654091424472,0.0392499999999991));
#16246=CARTESIAN_POINT('',(0.109115752515488,-0.0425068958117411,0.0392499999999991));
#16247=CARTESIAN_POINT('',(0.115120840698999,-0.0372729392492251,0.0386600389715427));
#16248=CARTESIAN_POINT('',(0.112913985575954,-0.0368357561186849,0.0392500000002767));
#16249=CARTESIAN_POINT('',(0.110632342301113,-0.0363837831070745,0.0392499999999991));
#16250=CARTESIAN_POINT('',(0.117326160329459,-0.0245117570716539,0.0386602441287669));
#16251=CARTESIAN_POINT('',(0.115094281910533,-0.0242336386121793,0.0392499999998584));
#16252=CARTESIAN_POINT('',(0.112786807626435,-0.0239460629466974,0.0392499999999992));
#16253=CARTESIAN_POINT('',(0.119070054910874,-0.00538989715137779,0.0386601751250542));
#16254=CARTESIAN_POINT('',(0.116826420328705,-0.00525156900399885,0.0392500000000756));
#16255=CARTESIAN_POINT('',(0.114506772834708,-0.00510857392743849,0.039249999999999));
#16256=CARTESIAN_POINT('',(0.119805465543949,0.0137125228021943,0.0386601761452635));
#16257=CARTESIAN_POINT('',(0.117558298528986,0.0137528487636297,0.039249999999834));
#16258=CARTESIAN_POINT('',(0.115235002525188,0.0137945462783505,0.0392499999999991));
#16259=CARTESIAN_POINT('',(0.119813171681547,0.0264194554547267,0.0386601782852691));
#16260=CARTESIAN_POINT('',(0.117566121182639,0.0264101500753646,0.0392500000003334));
#16261=CARTESIAN_POINT('',(0.11524294512737,0.026400530919671,0.0392499999999991));
#16262=CARTESIAN_POINT('',(0.119730703567894,0.0327636820795168,0.0386601865526443));
#16263=CARTESIAN_POINT('',(0.11748392645319,0.032734487551725,0.039249999999999));
#16264=CARTESIAN_POINT('',(0.115161034165829,0.0327043039865654,0.039249999999999));
#16265=CARTESIAN_POINT('',(0.11352343505006,-0.0435986030255539,0.0386678216213655));
#16266=CARTESIAN_POINT('',(0.115070826733122,-0.0373802553975912,0.0386659961156953));
#16267=CARTESIAN_POINT('',(0.117263146586933,-0.0247533316135761,0.0386684930500152));
#16268=CARTESIAN_POINT('',(0.119611372035995,0.000744625465265424,0.0386678202017674));
#16269=CARTESIAN_POINT('',(0.119874413152462,0.0199610617558694,0.0386661164821572));
#16270=CARTESIAN_POINT('',(0.119701180803625,0.0327632984619535,0.0386679099825194));
#16271=CARTESIAN_POINT('',(0.113561516705387,-0.0434453610955423,0.0386678250040205));
#16272=CARTESIAN_POINT('',(0.117189798219924,-0.0443470737174561,0.0376931524488688));
#16273=CARTESIAN_POINT('',(0.117189815015861,-0.0443470061358768,0.0338295402806812));
#16274=CARTESIAN_POINT('',(0.113429701087867,-0.0439758060425849,0.0386678113635081));
#16275=CARTESIAN_POINT('',(0.117057968650553,-0.0448775145430361,0.0376931306033637));
#16276=CARTESIAN_POINT('',(0.117057985293653,-0.0448774475764939,0.0338295304292068));
#16277=CARTESIAN_POINT('',(0.113157284592579,-0.0450516557717174,0.0386678170242264));
#16278=CARTESIAN_POINT('',(0.116773482254218,-0.0460013768040764,0.0376931396681645));
#16279=CARTESIAN_POINT('',(0.116773454902657,-0.0460014844601037,0.0338295345174936));
#16280=CARTESIAN_POINT('',(0.112584407067,-0.0471825327624908,0.0386678876571825));
#16281=CARTESIAN_POINT('',(0.11618449068689,-0.0481919521705803,0.0376932527884944));
#16282=CARTESIAN_POINT('',(0.11618448754953,-0.0481919560861983,0.0338295855301888));
#16283=CARTESIAN_POINT('',(0.111810333604761,-0.049834748582933,0.038667770957907));
#16284=CARTESIAN_POINT('',(0.115382498978769,-0.050940302051739,0.0376930658907411));
#16285=CARTESIAN_POINT('',(0.115382529852719,-0.0509402117174024,0.0338295012473765));
#16286=CARTESIAN_POINT('',(0.110775561930578,-0.0529862301082539,0.0386679485068008));
#16287=CARTESIAN_POINT('',(0.114306970961284,-0.0542167029004341,0.0376933502463335));
#16288=CARTESIAN_POINT('',(0.114306928285624,-0.0542168159519461,0.0338296294771337));
#16289=CARTESIAN_POINT('',(0.109618109257374,-0.056105863628494,0.0386678086768339));
#16290=CARTESIAN_POINT('',(0.113096087833326,-0.0574809245940753,0.0376931262908731));
#16291=CARTESIAN_POINT('',(0.11309614972578,-0.0574807820754987,0.0338295284888244));
#16292=CARTESIAN_POINT('',(0.108314602682115,-0.059187161154972,0.0386677869018639));
#16293=CARTESIAN_POINT('',(0.111721309669839,-0.0607309607345955,0.0376930914637022));
#16294=CARTESIAN_POINT('',(0.111721244378754,-0.0607310674192271,0.0338295127624564));
#16295=CARTESIAN_POINT('',(0.106847356188613,-0.0621989910741514,0.0386679817036997));
#16296=CARTESIAN_POINT('',(0.110161927649473,-0.0639352177685555,0.0376934032653667));
#16297=CARTESIAN_POINT('',(0.110162198595686,-0.0639347786999807,0.0338296534526744));
#16298=CARTESIAN_POINT('',(0.105455205881848,-0.0646449290798794,0.0386673666821959));
#16299=CARTESIAN_POINT('',(0.108653667835952,-0.066582802313975,0.0376924188861728));
#16300=CARTESIAN_POINT('',(0.108652885141287,-0.0665840552503726,0.033829209270467));
#16301=CARTESIAN_POINT('',(0.104383754673936,-0.0662941271152334,0.0386678695433154));
#16302=CARTESIAN_POINT('',(0.107496726858809,-0.0683668241742741,0.0376932237363899));
#16303=CARTESIAN_POINT('',(0.107496852420233,-0.0683666325281702,0.0338295724479603));
#16304=CARTESIAN_POINT('',(0.103729602954818,-0.0672291305310212,0.0386677903660582));
#16305=CARTESIAN_POINT('',(0.106758559585606,-0.069421050766581,0.0376930969911182));
#16306=CARTESIAN_POINT('',(0.106758480056744,-0.0694211657678013,0.0338295152643568));
#16307=CARTESIAN_POINT('',(0.103410191113441,-0.0676686820928024,0.0386678374578318));
#16308=CARTESIAN_POINT('',(0.106444205766211,-0.0698532568147468,0.037693172394156));
#16309=CARTESIAN_POINT('',(0.106444047613075,-0.0698534764718854,0.0338295492751413));
#16310=CARTESIAN_POINT('',(0.103250355153834,-0.0678906747541345,0.0386678384079482));
#16311=CARTESIAN_POINT('',(0.106284409108098,-0.0700751966176871,0.0376931739137402));
#16312=CARTESIAN_POINT('',(0.106284403438049,-0.0700752044927548,0.0338295499612958));
#16313=CARTESIAN_POINT('',(0.105123716663371,-0.0687805827732705,0.0375844439051567));
#16314=CARTESIAN_POINT('',(0.105114448971483,-0.0689754168976765,0.0374909645876568));
#16315=CARTESIAN_POINT('',(0.105303812694549,-0.0692735125563469,0.0371764004123378));
#16316=CARTESIAN_POINT('',(0.105625345739582,-0.0692412685452525,0.0368631542060388));
#16317=CARTESIAN_POINT('',(0.105784249442889,-0.0691819185292499,0.0367308284581929));
#16318=CARTESIAN_POINT('',(0.105784249442889,-0.0691819185292499,0.0367308284581929));
#16319=CARTESIAN_POINT('',(0.105784249442889,-0.0691819185292498,0.0367308284581929));
#16320=CARTESIAN_POINT('',(0.106858270209712,-0.0687807752684473,0.0358364465261524));
#16321=CARTESIAN_POINT('',(0.107716000932188,-0.0680425821728742,0.0348272213909224));
#16322=CARTESIAN_POINT('',(0.10827552976005,-0.0671467859198886,0.0338293896713499));
#16323=CARTESIAN_POINT('',(0.117152006294246,-0.0444991365462155,0.0338295374553377));
#16324=CARTESIAN_POINT('',(0.11715200138037,-0.0444991563173373,0.0349260126961616));
#16325=CARTESIAN_POINT('',(0.116425773988048,-0.0443187030920997,0.0371149098789752));
#16326=CARTESIAN_POINT('',(0.1145534065857,-0.0438533730036282,0.038391212620559));
#16327=CARTESIAN_POINT('',(0.113523719630361,-0.0435974619220319,0.0386678210920064));
#16328=CARTESIAN_POINT('',(0.119694602758209,0.0332365716354392,0.0386679810496732));
#16329=CARTESIAN_POINT('',(0.123433047323961,0.0332893816386382,0.0376934024447367));
#16330=CARTESIAN_POINT('',(0.12343304100419,0.0332898299784132,0.0338296529803192));
#16331=CARTESIAN_POINT('',(0.119786794216682,0.0267743127773295,0.0386669443732287));
#16332=CARTESIAN_POINT('',(0.123524640982331,0.0267911981138223,0.0376917419173622));
#16333=CARTESIAN_POINT('',(0.123524658339161,0.0267902754876637,0.0338289042696473));
#16334=CARTESIAN_POINT('',(0.11978083301428,0.0138378458863554,0.0386683147487936));
#16335=CARTESIAN_POINT('',(0.123520311608866,0.0137723112022774,0.0376939369955549));
#16336=CARTESIAN_POINT('',(0.12352027290428,0.0137727303581696,0.033829893985195));
#16337=CARTESIAN_POINT('',(0.119161792678123,-0.00232096240260459,0.0386671886395203));
#16338=CARTESIAN_POINT('',(0.122895263750465,-0.0025251121787647,0.0376921332279331));
#16339=CARTESIAN_POINT('',(0.122895320651548,-0.00252469732243834,0.0338290806841033));
#16340=CARTESIAN_POINT('',(0.118139752958871,-0.0152411949995127,0.0386689536909241));
#16341=CARTESIAN_POINT('',(0.121863671651922,-0.0155933150226473,0.0376949604402935));
#16342=CARTESIAN_POINT('',(0.121863644542955,-0.0155934193733172,0.0338303554434438));
#16343=CARTESIAN_POINT('',(0.117235619835507,-0.0232883151359655,0.038667353669674));
#16344=CARTESIAN_POINT('',(0.120945218217622,-0.0237548956012619,0.0376923975384146));
#16345=CARTESIAN_POINT('',(0.120945262233553,-0.0237546486925282,0.0338291998725424));
#16346=CARTESIAN_POINT('',(0.116306508752911,-0.0297045856758503,0.0386683306546384));
#16347=CARTESIAN_POINT('',(0.120001043353217,-0.0302829308205402,0.0376939624113589));
#16348=CARTESIAN_POINT('',(0.120000980116707,-0.0302833255941688,0.0338299054727938));
#16349=CARTESIAN_POINT('',(0.115493508567972,-0.0345063720113974,0.038668597392998));
#16350=CARTESIAN_POINT('',(0.119172659224439,-0.0351783287199763,0.0376943896297935));
#16351=CARTESIAN_POINT('',(0.119172688084985,-0.0351781358755445,0.0338300981171663));
#16352=CARTESIAN_POINT('',(0.114702738917828,-0.0384995241030089,0.038667853719082));
#16353=CARTESIAN_POINT('',(0.118362214784012,-0.0392663541069749,0.0376931985781));
#16354=CARTESIAN_POINT('',(0.118362308708035,-0.0392658964314291,0.0338295610193328));
#16355=CARTESIAN_POINT('',(0.113995120473916,-0.0416747246544234,0.0386674257271597));
#16356=CARTESIAN_POINT('',(0.117637548599359,-0.0425169162429898,0.0376925129348817));
#16357=CARTESIAN_POINT('',(0.117637598031446,-0.0425167365405035,0.0338292519140664));
#16358=CARTESIAN_POINT('',(0.11360738851615,-0.0432612421705494,0.0386677216891829));
#16359=CARTESIAN_POINT('',(0.117235506663759,-0.0441631572804869,0.0376929872215172));
#16360=CARTESIAN_POINT('',(0.11723531699493,-0.0441639204483371,0.0338294656643945));
#16361=CARTESIAN_POINT('',(0.113412524048813,-0.0440442907605338,0.0386679536602643));
#16362=CARTESIAN_POINT('',(0.1170408859517,-0.0449462499635982,0.0376933587463926));
#16363=CARTESIAN_POINT('',(0.117040692471623,-0.0449470284667238,0.0338296331990795));
#16364=CARTESIAN_POINT('',(0.123439848165601,0.0327938536752294,0.0338295996515552));
#16365=CARTESIAN_POINT('',(0.123440069994236,0.032777240775318,0.0348885199829207));
#16366=CARTESIAN_POINT('',(0.122742181379607,0.0327568288205547,0.0370489673559374));
#16367=CARTESIAN_POINT('',(0.120798659592819,0.0327640083181396,0.038381839710081));
#16368=CARTESIAN_POINT('',(0.119700997960179,0.0327768004985076,0.0386679118778637));
#16369=CARTESIAN_POINT('',(0.123438571795326,0.0327132323094055,0.0338295374797856));
#16370=CARTESIAN_POINT('',(0.123438571795345,0.0327132323105667,0.037693146236072));
#16371=CARTESIAN_POINT('',(0.119700398304888,0.0327727338746377,0.0386678211258573));
#16372=CARTESIAN_POINT('',(0.123442200420503,0.0329411999388466,0.0338295374797144));
#16373=CARTESIAN_POINT('',(0.123442200421469,0.0329411999353633,0.0376931462362318));
#16374=CARTESIAN_POINT('',(0.119703998117035,0.0329988913249355,0.0386678211257625));
#16375=CARTESIAN_POINT('',(0.123445663315236,0.0331691610977538,0.0338295374797048));
#16376=CARTESIAN_POINT('',(0.123445663316573,0.0331691610976192,0.0376931462362881));
#16377=CARTESIAN_POINT('',(0.119707433629488,0.033225049572508,0.0386678211257387));
#16378=CARTESIAN_POINT('',(0.1234489618196,0.0333971148349386,0.0338295374797909));
#16379=CARTESIAN_POINT('',(0.123448961819578,0.0333971148334322,0.0376931462360839));
#16380=CARTESIAN_POINT('',(0.119710706149949,0.0334512076186821,0.0386678211258647));
#16381=CARTESIAN_POINT('',(0.119710706149991,0.0334512076216049,0.0386678211258647));
#16382=CARTESIAN_POINT('',(0.120771606739569,0.0334358563253085,0.0383912126601499));
#16383=CARTESIAN_POINT('',(0.122700728982271,0.0334079418077649,0.0371149099208703));
#16384=CARTESIAN_POINT('',(0.12344896181953,0.0333971148301002,0.0349260127264659));
#16385=CARTESIAN_POINT('',(0.123448961819506,0.0333971148284675,0.0338295374797909));
#16386=CARTESIAN_POINT('',(0.107450636617708,0.0336286115617198,0.0338295374797909));
#16387=CARTESIAN_POINT('',(0.115704327685804,0.0473354194961894,0.0338295371543461));
#16388=CARTESIAN_POINT('',(0.115704141563522,0.0473355316548858,0.0349260124213056));
#16389=CARTESIAN_POINT('',(0.115317749862506,0.0466946954142801,0.0371149097045891));
#16390=CARTESIAN_POINT('',(0.114322266964838,0.0450420291675231,0.0383912125604021));
#16391=CARTESIAN_POINT('',(0.113774869464939,0.044133127772521,0.0386678210744677));
#16392=CARTESIAN_POINT('',(0.0948883039827619,0.0497643084125664,0.0386678397552999));
#16393=CARTESIAN_POINT('',(0.0952946304888258,0.0534808295837307,0.037693176148161));
#16394=CARTESIAN_POINT('',(0.0952941861676736,0.0534808781748328,0.033829550934383));
#16395=CARTESIAN_POINT('',(0.0952912036740279,0.0497203167609152,0.0386677748346076));
#16396=CARTESIAN_POINT('',(0.0956975204227508,0.053436769412777,0.0376930721763096));
#16397=CARTESIAN_POINT('',(0.0956970783048884,0.0534368177629289,0.0338295040472124));
#16398=CARTESIAN_POINT('',(0.0961167166551921,0.0496254656706362,0.0386677206917605));
#16399=CARTESIAN_POINT('',(0.0965853308516949,0.0533348224352275,0.0376929853443045));
#16400=CARTESIAN_POINT('',(0.0965855795217622,0.0533347964852821,0.0338294649440508));
#16401=CARTESIAN_POINT('',(0.0977472455589429,0.0494072181491233,0.0386679258645432));
#16402=CARTESIAN_POINT('',(0.0982928445813587,0.0531062743730675,0.0376933141028988));
#16403=CARTESIAN_POINT('',(0.0982933069457569,0.053106205223818,0.033829613124391));
#16404=CARTESIAN_POINT('',(0.0997843169365336,0.049078844727332,0.038668277420352));
#16405=CARTESIAN_POINT('',(0.100452653262118,0.0527588919239573,0.0376938770473903));
#16406=CARTESIAN_POINT('',(0.100452919030157,0.0527588353915637,0.0338298670258098));
#16407=CARTESIAN_POINT('',(0.102213234367008,0.048585570550645,0.0386682013663307));
#16408=CARTESIAN_POINT('',(0.103037400587704,0.0522339450288332,0.0376937553334366));
#16409=CARTESIAN_POINT('',(0.1030369345133,0.0522340415877435,0.0338298120979052));
#16410=CARTESIAN_POINT('',(0.104626227758645,0.0479801873488232,0.0386676551791908));
#16411=CARTESIAN_POINT('',(0.105627476484817,0.0515838538279633,0.037692880412316));
#16412=CARTESIAN_POINT('',(0.105627246226888,0.0515839376669728,0.0338294176294153));
#16413=CARTESIAN_POINT('',(0.107020986443779,0.0472437454273693,0.0386681167269031));
#16414=CARTESIAN_POINT('',(0.108221496109378,0.0507870189772308,0.0376936198205731));
#16415=CARTESIAN_POINT('',(0.108222197595916,0.0507867825693651,0.0338297509694298));
#16416=CARTESIAN_POINT('',(0.108978962016404,0.046512173376232,0.0386683457707968));
#16417=CARTESIAN_POINT('',(0.110363852693157,0.0499873055344031,0.0376939865287633));
#16418=CARTESIAN_POINT('',(0.110363823924253,0.0499873027094997,0.0338299163900196));
#16419=CARTESIAN_POINT('',(0.110519951457582,0.0458459445562168,0.0386681477196776));
#16420=CARTESIAN_POINT('',(0.11206512592163,0.0492515832373271,0.0376936694132645));
#16421=CARTESIAN_POINT('',(0.112064674957654,0.0492517845943833,0.0338297733531003));
#16422=CARTESIAN_POINT('',(0.111662302493719,0.0453024123497207,0.0386678858772624));
#16423=CARTESIAN_POINT('',(0.113332710630078,0.0486483616760323,0.0376932500888953));
#16424=CARTESIAN_POINT('',(0.113332150922319,0.0486486424207125,0.0338295842446889));
#16425=CARTESIAN_POINT('',(0.112598555806659,0.0448111397225518,0.0386677033540232));
#16426=CARTESIAN_POINT('',(0.114382666586574,0.0480970115647875,0.0376929576445286));
#16427=CARTESIAN_POINT('',(0.114382370916634,0.0480971771820293,0.0338294524223509));
#16428=CARTESIAN_POINT('',(0.113332070579353,0.0443976000423882,0.0386676994307916));
#16429=CARTESIAN_POINT('',(0.115199870290358,0.0476365726266542,0.037692951317242));
#16430=CARTESIAN_POINT('',(0.11520008931539,0.047636452723939,0.0338294495889029));
#16431=CARTESIAN_POINT('',(0.113700200599096,0.0441781180701487,0.0386677984153242));
#16432=CARTESIAN_POINT('',(0.115628945602692,0.0473808115691793,0.0376931100595729));
#16433=CARTESIAN_POINT('',(0.115629556143001,0.0473804439262342,0.0338295210777372));
#16434=CARTESIAN_POINT('',(0.113873777867748,0.0440735323330698,0.0386678502359867));
#16435=CARTESIAN_POINT('',(0.115802550575595,0.0472762736037229,0.0376931930520139));
#16436=CARTESIAN_POINT('',(0.115803161853269,0.0472759055167763,0.0338295585037679));
#16437=CARTESIAN_POINT('',(0.0954094518420241,0.053468272684129,0.0338295375194216));
#16438=CARTESIAN_POINT('',(0.0954095801614018,0.0534682586510812,0.0349260127907196));
#16439=CARTESIAN_POINT('',(0.0953284857915819,0.0527243544636715,0.0371149100337676));
#16440=CARTESIAN_POINT('',(0.095118894129209,0.0508064484207421,0.0383912127498362));
#16441=CARTESIAN_POINT('',(0.0950035816190284,0.0497517215185629,0.038667821180738));
#16442=CARTESIAN_POINT('',(0.0954697250634743,0.0534616811855048,0.0338295416284367));
#16443=CARTESIAN_POINT('',(0.0954694537966376,0.0534617108513322,0.0376931554642013));
#16444=CARTESIAN_POINT('',(0.0950629482712147,0.049745223147247,0.0386678268701435));
#16445=CARTESIAN_POINT('',(0.0952625011470173,0.0534843432587675,0.0338295269051059));
#16446=CARTESIAN_POINT('',(0.0952622302357315,0.0534843728857136,0.0376931228154599));
#16447=CARTESIAN_POINT('',(0.0948557267100993,0.0497679068139279,0.0386678064839922));
#16448=CARTESIAN_POINT('',(0.094805833742683,0.0535329770797899,0.0338295032603391));
#16449=CARTESIAN_POINT('',(0.094805740953551,0.0535329856627532,0.0376930703535487));
#16450=CARTESIAN_POINT('',(0.0944307413603488,0.0498131712091644,0.0386677737450857));
#16451=CARTESIAN_POINT('',(0.0939294793312702,0.0536183343472927,0.0338294946659115));
#16452=CARTESIAN_POINT('',(0.0939295215227328,0.0536183302295394,0.0376930512995005));
#16453=CARTESIAN_POINT('',(0.0935893652111042,0.049895195348012,0.0386677618451083));
#16454=CARTESIAN_POINT('',(0.0923812278634317,0.053750926885675,0.0338295312785699));
#16455=CARTESIAN_POINT('',(0.0923813855378819,0.0537509149771188,0.0376931324923627));
#16456=CARTESIAN_POINT('',(0.0921121761250795,0.0500216027030158,0.0386678125395589));
#16457=CARTESIAN_POINT('',(0.0901859257304934,0.0538886051556925,0.0338295900849134));
#16458=CARTESIAN_POINT('',(0.0901859034216491,0.0538886084104746,0.0376932628818986));
#16459=CARTESIAN_POINT('',(0.0900026518385768,0.0501538925238225,0.0386678939637258));
#16460=CARTESIAN_POINT('',(0.087988325185347,0.0539662262496841,0.0338295278576581));
#16461=CARTESIAN_POINT('',(0.0879882096249548,0.0539662298696115,0.0376931249114588));
#16462=CARTESIAN_POINT('',(0.0878904351207804,0.0502287372621753,0.038667807802914));
#16463=CARTESIAN_POINT('',(0.08625202221757,0.0539958843811516,0.0338294916103145));
#16464=CARTESIAN_POINT('',(0.0862519609607316,0.0539958835215143,0.0376930445119083));
#16465=CARTESIAN_POINT('',(0.0862057609640636,0.0502574373077728,0.0386677576142777));
#16466=CARTESIAN_POINT('',(0.0853565307244989,0.054,0.0338295152287255));
#16467=CARTESIAN_POINT('',(0.0853567702333416,0.0539999999999932,0.0376930969170555));
#16468=CARTESIAN_POINT('',(0.0853568322538358,0.0502613857791087,0.0386677903167064));
#16469=CARTESIAN_POINT('',(0.0849396459268435,0.054,0.0338295412088039));
#16470=CARTESIAN_POINT('',(0.0849398867054742,0.054,0.0376931545273451));
#16471=CARTESIAN_POINT('',(0.0849399474465766,0.0502613474504435,0.0386678262891134));
#16472=CARTESIAN_POINT('',(0.0849992391639142,0.0502613529402236,0.0386678211258648));
#16473=CARTESIAN_POINT('',(0.0849993417965578,0.0513223645983683,0.03839121266015));
#16474=CARTESIAN_POINT('',(0.0849995576993109,0.0532516888077505,0.0371149099208704));
#16475=CARTESIAN_POINT('',(0.0849998387968963,0.0539999999911012,0.034926012726466));
#16476=CARTESIAN_POINT('',(0.0850000000000001,0.054,0.033829537479791));
#16477=CARTESIAN_POINT('',(-0.000191724195031291,0.0489952971990606,0.0338295374797913));
#16478=CARTESIAN_POINT('',(-0.0778000056098851,0.0539910130381056,0.0338295374797916));
#16479=CARTESIAN_POINT('',(-0.077799430587259,0.0539910130698482,0.0343985456624059));
#16480=CARTESIAN_POINT('',(-0.0777985564221134,0.0537931377226903,0.0355169264405172));
#16481=CARTESIAN_POINT('',(-0.077798078895837,0.0530141717672527,0.0369381627083268));
#16482=CARTESIAN_POINT('',(-0.0777984398246041,0.0518348638212916,0.0380509953001265));
#16483=CARTESIAN_POINT('',(-0.0777992407233719,0.0508027703382657,0.0385243296797825));
#16484=CARTESIAN_POINT('',(-0.0777997827267784,0.0502523630389285,0.0386678219063308));
#16485=CARTESIAN_POINT('',(-0.000117923071222905,0.0488940471349009,0.0338295374797913));
#16486=CARTESIAN_POINT('',(-0.0849999999999999,0.054,0.0338295374797916));
#16487=CARTESIAN_POINT('',(-0.0850000557811744,0.0540000000696255,0.034926013189615));
#16488=CARTESIAN_POINT('',(-0.0850011013782223,0.0532516889695265,0.0371149113012568));
#16489=CARTESIAN_POINT('',(-0.0850036211038885,0.0513223649856476,0.0383912138340309));
#16490=CARTESIAN_POINT('',(-0.085005001229047,0.0502613536290253,0.038667821826897));
#16491=CARTESIAN_POINT('',(-0.0950642074682793,0.0497450852520775,0.0386678270456763));
#16492=CARTESIAN_POINT('',(-0.0954707136193971,0.0534615730767083,0.037693155745827));
#16493=CARTESIAN_POINT('',(-0.0954709872838786,0.0534615431486737,0.0338295417552106));
#16494=CARTESIAN_POINT('',(-0.0948569813307279,0.0497677696128864,0.0386678064788833));
#16495=CARTESIAN_POINT('',(-0.0952634854643727,0.0534842356135284,0.0376931228077875));
#16496=CARTESIAN_POINT('',(-0.0952637587701731,0.0534842057247173,0.0338295269014193));
#16497=CARTESIAN_POINT('',(-0.0944320186838875,0.0498130428585126,0.0386677733282935));
#16498=CARTESIAN_POINT('',(-0.0948071083106381,0.0535328475552751,0.0376930696861566));
#16499=CARTESIAN_POINT('',(-0.0948072030484657,0.0535328387756057,0.0338295029593213));
#16500=CARTESIAN_POINT('',(-0.0935906068825572,0.0498950829276908,0.0386677610489575));
#16501=CARTESIAN_POINT('',(-0.0939308051394507,0.0536182134326375,0.0376930500244377));
#16502=CARTESIAN_POINT('',(-0.0939307634185996,0.0536182175146451,0.0338294940909146));
#16503=CARTESIAN_POINT('',(-0.0921133928957501,0.0500215159528905,0.0386678117099308));
#16504=CARTESIAN_POINT('',(-0.0923826661213472,0.0537508223284252,0.037693131163807));
#16505=CARTESIAN_POINT('',(-0.0923825075434276,0.053750834314784,0.0338295306793937));
#16506=CARTESIAN_POINT('',(-0.0900038158959423,0.050153835934521,0.0386678941251866));
#16507=CARTESIAN_POINT('',(-0.0901871128741885,0.0538885502320837,0.03769326314046));
#16508=CARTESIAN_POINT('',(-0.0901871339555543,0.05388854703132,0.0338295902015238));
#16509=CARTESIAN_POINT('',(-0.0878915465282961,0.0502287075817243,0.038667808510937));
#16510=CARTESIAN_POINT('',(-0.0879893534189174,0.0539661998311863,0.0376931260453212));
#16511=CARTESIAN_POINT('',(-0.0879894686933925,0.0539661962096708,0.0338295283690099));
#16512=CARTESIAN_POINT('',(-0.086206839702158,0.0502574236921378,0.0386677580998175));
#16513=CARTESIAN_POINT('',(-0.0862530933967865,0.053995869982931,0.0376930452895613));
#16514=CARTESIAN_POINT('',(-0.0862531555215548,0.053995870828877,0.0338294919609793));
#16515=CARTESIAN_POINT('',(-0.0853578735006762,0.0502613857129017,0.0386677903791756));
#16516=CARTESIAN_POINT('',(-0.0853578117857037,0.0539999999999989,0.0376930970168976));
#16517=CARTESIAN_POINT('',(-0.0853575734569102,0.054,0.0338295152738487));
#16518=CARTESIAN_POINT('',(-0.0849409790921079,0.0502613475721869,0.0386678261751871));
#16519=CARTESIAN_POINT('',(-0.0849409186502474,0.054,0.0376931543446712));
#16520=CARTESIAN_POINT('',(-0.0849406790578389,0.054,0.0338295411265239));
#16521=CARTESIAN_POINT('',(-0.0954116791605855,0.0534680291038644,0.0338295375039843));
#16522=CARTESIAN_POINT('',(-0.0954116005635114,0.0534680376992654,0.0349260127622664));
#16523=CARTESIAN_POINT('',(-0.0953300931282026,0.0527241787101226,0.0371149099796129));
#16524=CARTESIAN_POINT('',(-0.0951202606194436,0.050806299061462,0.038391212709128));
#16525=CARTESIAN_POINT('',(-0.0950048959125311,0.0497515778907567,0.038667821159363));
#16526=CARTESIAN_POINT('',(-0.113876636147671,0.0440718065382709,0.0386678539179127));
#16527=CARTESIAN_POINT('',(-0.11580542555297,0.0472745424074302,0.0376931989876188));
#16528=CARTESIAN_POINT('',(-0.11580609487178,0.0472741393704349,0.0338295611629369));
#16529=CARTESIAN_POINT('',(-0.113703062343628,0.0441763963089039,0.0386677971771498));
#16530=CARTESIAN_POINT('',(-0.115631821415266,0.0473790798699528,0.0376931081153179));
#16531=CARTESIAN_POINT('',(-0.115632489928181,0.0473786773182349,0.0338295201834965));
#16532=CARTESIAN_POINT('',(-0.113335263896625,0.0443957675610256,0.0386676874119177));
#16533=CARTESIAN_POINT('',(-0.11520364318614,0.0476343863513555,0.0376929320749477));
#16534=CARTESIAN_POINT('',(-0.115203905242141,0.0476342418718492,0.0338294409086075));
#16535=CARTESIAN_POINT('',(-0.112602695787272,0.0448088983698004,0.0386676830015875));
#16536=CARTESIAN_POINT('',(-0.114387199638081,0.0480945360701552,0.0376929250449205));
#16537=CARTESIAN_POINT('',(-0.114386908952507,0.0480946995046192,0.0338294377233686));
#16538=CARTESIAN_POINT('',(-0.111669480100859,0.0452987708044763,0.0386678664312205));
#16539=CARTESIAN_POINT('',(-0.11334073720537,0.0486442615200585,0.0376932189530678));
#16540=CARTESIAN_POINT('',(-0.113340163932809,0.0486445493572343,0.0338295702003259));
#16541=CARTESIAN_POINT('',(-0.110531195995542,0.0458408451328935,0.0386681358771116));
#16542=CARTESIAN_POINT('',(-0.112077557311602,0.0492459327519977,0.0376936504507641));
#16543=CARTESIAN_POINT('',(-0.112077088999903,0.0492461421773519,0.0338297648001361));
#16544=CARTESIAN_POINT('',(-0.108987630266217,0.0465087974985525,0.0386683431863638));
#16545=CARTESIAN_POINT('',(-0.110373365022629,0.0499835987038567,0.0376939823849781));
#16546=CARTESIAN_POINT('',(-0.110373332017579,0.0499835968362055,0.0338299145234849));
#16547=CARTESIAN_POINT('',(-0.107029647162314,0.0472407547855816,0.0386681044540856));
#16548=CARTESIAN_POINT('',(-0.108230939822571,0.0507837453955161,0.0376936001668337));
#16549=CARTESIAN_POINT('',(-0.108231671213689,0.0507834996923328,0.0338297421057284));
#16550=CARTESIAN_POINT('',(-0.104638670244224,0.0479766930353382,0.0386676501503814));
#16551=CARTESIAN_POINT('',(-0.105640869249487,0.0515800894304965,0.037692872362462));
#16552=CARTESIAN_POINT('',(-0.10564057323662,0.051580192329691,0.0338294139974975));
#16553=CARTESIAN_POINT('',(-0.10222475054411,0.0485830063620532,0.0386682351368246));
#16554=CARTESIAN_POINT('',(-0.103049698456275,0.0522312474174002,0.0376938094330652));
#16555=CARTESIAN_POINT('',(-0.103049223577325,0.0522313449233291,0.0338298364877068));
#16556=CARTESIAN_POINT('',(-0.0997891618323204,0.0490780267612215,0.0386683107732493));
#16557=CARTESIAN_POINT('',(-0.100457796836316,0.0527580627487121,0.0376939304742207));
#16558=CARTESIAN_POINT('',(-0.100458071343675,0.0527580045663489,0.0338298911140127));
#16559=CARTESIAN_POINT('',(-0.0977481295898892,0.0494070777816232,0.0386679445610374));
#16560=CARTESIAN_POINT('',(-0.0982937647936635,0.0531061484396033,0.0376933440562192));
#16561=CARTESIAN_POINT('',(-0.0982942478077234,0.0531060761395028,0.0338296266274177));
#16562=CARTESIAN_POINT('',(-0.0961176049280677,0.0496253398121943,0.0386677269343281));
#16563=CARTESIAN_POINT('',(-0.0965863127564354,0.0533346918138865,0.0376929953437107));
#16564=CARTESIAN_POINT('',(-0.0965865830463739,0.0533346632082319,0.033829469452567));
#16565=CARTESIAN_POINT('',(-0.0952928943385649,0.0497201308192072,0.0386677758204599));
#16566=CARTESIAN_POINT('',(-0.0956992142893476,0.0534365841709892,0.037693073751113));
#16567=CARTESIAN_POINT('',(-0.0956987841004672,0.0534366312165834,0.0338295047592282));
#16568=CARTESIAN_POINT('',(-0.0948902789478726,0.0497640933053857,0.0386678389445861));
#16569=CARTESIAN_POINT('',(-0.0952966083841731,0.0534806132804681,0.037693174845698));
#16570=CARTESIAN_POINT('',(-0.0952961760540628,0.0534806605602261,0.0338295503488677));
#16571=CARTESIAN_POINT('',(-0.11377906095346,0.044130602921507,0.0386678211258655));
#16572=CARTESIAN_POINT('',(-0.114326122611232,0.0450397067038501,0.0383912126601507));
#16573=CARTESIAN_POINT('',(-0.115320479149569,0.0466930515734501,0.0371149099208711));
#16574=CARTESIAN_POINT('',(-0.115705053201678,0.0473349826195717,0.0349260127264667));
#16575=CARTESIAN_POINT('',(-0.115704327685804,0.0473354194961895,0.0338295374797917));
#16576=CARTESIAN_POINT('',(-0.107450636617708,0.0336286115617201,0.0338295374797917));
#16577=CARTESIAN_POINT('',(-0.123448961819506,0.0333971148284675,0.0338295374797917));
#16578=CARTESIAN_POINT('',(-0.123448961819521,0.0333971148294706,0.0349260127264667));
#16579=CARTESIAN_POINT('',(-0.122700728982244,0.03340794180588,0.037114909920871));
#16580=CARTESIAN_POINT('',(-0.120771606739531,0.0334358563226457,0.0383912126601506));
#16581=CARTESIAN_POINT('',(-0.119710706149949,0.0334512076187102,0.0386678211258654));
#16582=CARTESIAN_POINT('',(-0.119700964838989,0.0328084118870669,0.0386678211258477));
#16583=CARTESIAN_POINT('',(-0.123439142863039,0.0327491958309761,0.0376931462360561));
#16584=CARTESIAN_POINT('',(-0.123439142863032,0.0327491958305242,0.0338295374797788));
#16585=CARTESIAN_POINT('',(-0.119704358989293,0.0330226770525219,0.0386678211258194));
#16586=CARTESIAN_POINT('',(-0.123442564169036,0.0329651752585899,0.0376931462360969));
#16587=CARTESIAN_POINT('',(-0.123442564168799,0.0329651752608157,0.0338295374797595));
#16588=CARTESIAN_POINT('',(-0.11970760571892,0.0332369423693891,0.0386678211257586));
#16589=CARTESIAN_POINT('',(-0.123445836772023,0.0331811483230237,0.0376931462362113));
#16590=CARTESIAN_POINT('',(-0.123445836771115,0.033181148323287,0.0338295374797125));
#16591=CARTESIAN_POINT('',(-0.119710706149949,0.0334512076187089,0.0386678211258656));
#16592=CARTESIAN_POINT('',(-0.123448961819579,0.0333971148334612,0.0376931462360848));
#16593=CARTESIAN_POINT('',(-0.123448961819601,0.0333971148349767,0.0338295374797918));
#16594=CARTESIAN_POINT('',(-0.123439828489623,0.0327926042060271,0.0338295374797772));
#16595=CARTESIAN_POINT('',(-0.123439724695423,0.0327860135624459,0.0349259974572363));
#16596=CARTESIAN_POINT('',(-0.122691320076553,0.0327846167687911,0.0371148644118776));
#16597=CARTESIAN_POINT('',(-0.120762076564832,0.0328019863751335,0.0383911739587923));
#16598=CARTESIAN_POINT('',(-0.119701114194394,0.0328122442539994,0.0386677980131954));
#16599=CARTESIAN_POINT('',(-0.102980287916049,-0.0682657348784666,0.038667828952993));
#16600=CARTESIAN_POINT('',(-0.106014354041894,-0.0704502226128666,0.037693158777673));
#16601=CARTESIAN_POINT('',(-0.106014428996167,-0.0704501185097093,0.0338295431327171));
#16602=CARTESIAN_POINT('',(-0.103138679869096,-0.0680457233457323,0.0386678414131415));
#16603=CARTESIAN_POINT('',(-0.106172750046887,-0.0702302281615004,0.0376931787284312));
#16604=CARTESIAN_POINT('',(-0.106172797545172,-0.0702301621916473,0.0338295521317855));
#16605=CARTESIAN_POINT('',(-0.103375016466904,-0.0677167738427189,0.0386679367095654));
#16606=CARTESIAN_POINT('',(-0.106411289840165,-0.0698983375446665,0.0376933313863341));
#16607=CARTESIAN_POINT('',(-0.106412536828698,-0.0698966037473612,0.0338296209568921));
#16608=CARTESIAN_POINT('',(-0.103693682537247,-0.0672758827579239,0.0386677790775503));
#16609=CARTESIAN_POINT('',(-0.106724409809102,-0.0694650096148904,0.0376930793056513));
#16610=CARTESIAN_POINT('',(-0.106723443366678,-0.0694663550237209,0.0338295071115671));
#16611=CARTESIAN_POINT('',(-0.104019882428482,-0.066816442710861,0.0386679300884632));
#16612=CARTESIAN_POINT('',(-0.107093589587059,-0.0689455215067855,0.0376933205076918));
#16613=CARTESIAN_POINT('',(-0.107094131309653,-0.0689447678312691,0.0338296161749995));
#16614=CARTESIAN_POINT('',(-0.104414736418768,-0.0662392316126084,0.0386677857737595));
#16615=CARTESIAN_POINT('',(-0.10752192883932,-0.0683186817970398,0.0376930896958546));
#16616=CARTESIAN_POINT('',(-0.10752175298635,-0.0683189265805029,0.0338295119477158));
#16617=CARTESIAN_POINT('',(-0.105333172113213,-0.0648337498674378,0.0386678647115316));
#16618=CARTESIAN_POINT('',(-0.108527804065417,-0.066779833651652,0.0376932159458678));
#16619=CARTESIAN_POINT('',(-0.108528027829735,-0.0667795204753521,0.0338295689583277));
#16620=CARTESIAN_POINT('',(-0.106602954751317,-0.0626583603538859,0.0386678214281443));
#16621=CARTESIAN_POINT('',(-0.109897480298904,-0.0644310553189816,0.0376931467566777));
#16622=CARTESIAN_POINT('',(-0.10989739670213,-0.0644311735862871,0.0338295376981045));
#16623=CARTESIAN_POINT('',(-0.108092596965595,-0.0596707633586501,0.0386677641290706));
#16624=CARTESIAN_POINT('',(-0.111486667801101,-0.0612427872433297,0.0376930549469224));
#16625=CARTESIAN_POINT('',(-0.11148673837945,-0.0612426553995652,0.0338294963154399));
#16626=CARTESIAN_POINT('',(-0.109836781337187,-0.0556375376227462,0.0386681199240464));
#16627=CARTESIAN_POINT('',(-0.113328066857069,-0.056984147579388,0.0376936247980351));
#16628=CARTESIAN_POINT('',(-0.113328011567093,-0.056984243712084,0.033829753278478));
#16629=CARTESIAN_POINT('',(-0.111658507047391,-0.0504983190701602,0.0386676921697679));
#16630=CARTESIAN_POINT('',(-0.115227516199911,-0.0516200945429829,0.0376929396790816));
#16631=CARTESIAN_POINT('',(-0.115227472412177,-0.0516203118681604,0.0338294443448324));
#16632=CARTESIAN_POINT('',(-0.113424208353641,-0.0442225019848168,0.038668072614161));
#16633=CARTESIAN_POINT('',(-0.117051752762207,-0.0451349374820422,0.0376935491171119));
#16634=CARTESIAN_POINT('',(-0.117051929396626,-0.0451342050791007,0.0338297191102274));
#16635=CARTESIAN_POINT('',(-0.114867381630005,-0.0378498386626124,0.0386685954565406));
#16636=CARTESIAN_POINT('',(-0.118532800639051,-0.038595600626292,0.0376943865875759));
#16637=CARTESIAN_POINT('',(-0.118532654387651,-0.0385962834444048,0.0338300967186127));
#16638=CARTESIAN_POINT('',(-0.116441164624819,-0.0292748437764711,0.0386675135424795));
#16639=CARTESIAN_POINT('',(-0.120138563893331,-0.0298379619016856,0.0376926535789717));
#16640=CARTESIAN_POINT('',(-0.12013874144872,-0.0298370069993165,0.0338293153362351));
#16641=CARTESIAN_POINT('',(-0.117861050053359,-0.0184919019081579,0.0386672929026367));
#16642=CARTESIAN_POINT('',(-0.121580057429952,-0.0188818762447555,0.0376923001755592));
#16643=CARTESIAN_POINT('',(-0.121580003997742,-0.0188823340709603,0.0338291559852383));
#16644=CARTESIAN_POINT('',(-0.11894026663897,-0.00552221582132288,0.0386701839355307));
#16645=CARTESIAN_POINT('',(-0.12267465708936,-0.00576045089450914,0.0376969320509782));
#16646=CARTESIAN_POINT('',(-0.122674634487831,-0.00576049114899534,0.0338312439534362));
#16647=CARTESIAN_POINT('',(-0.1195548155826,0.00745198880778681,0.0386670428539682));
#16648=CARTESIAN_POINT('',(-0.123291206450619,0.00733272078543219,0.0376918995778227));
#16649=CARTESIAN_POINT('',(-0.1232912440039,0.0073329604355427,0.0338289753945422));
#16650=CARTESIAN_POINT('',(-0.119794531196395,0.0204363277684746,0.0386682414819179));
#16651=CARTESIAN_POINT('',(-0.123533901721908,0.0204131235285158,0.0376938198176208));
#16652=CARTESIAN_POINT('',(-0.123533874844601,0.0204138727229381,0.0338298410702382));
#16653=CARTESIAN_POINT('',(-0.119755657933411,0.0291011010817841,0.0386664926087103));
#16654=CARTESIAN_POINT('',(-0.123492850186641,0.0291307185312745,0.0376910182953265));
#16655=CARTESIAN_POINT('',(-0.123492876203679,0.029129213736349,0.0338285779952567));
#16656=CARTESIAN_POINT('',(-0.11969231424797,0.0334279494816441,0.0386675371779839));
#16657=CARTESIAN_POINT('',(-0.123430269949186,0.0334818842424903,0.0376926917001742));
#16658=CARTESIAN_POINT('',(-0.123430260249264,0.033482558624969,0.0338293324063217));
#16659=CARTESIAN_POINT('',(-0.105784272694991,-0.0691818962677482,0.0367308367627569));
#16660=CARTESIAN_POINT('',(-0.106858296297747,-0.0687807363745463,0.0358365500210196));
#16661=CARTESIAN_POINT('',(-0.107715931531084,-0.0680426350876576,0.0348272284696869));
#16662=CARTESIAN_POINT('',(-0.108275493410375,-0.0671467859198883,0.0338295389101771));
#16663=CARTESIAN_POINT('',(-0.105784272694991,-0.0691818962677482,0.0367308367627568));
#16664=CARTESIAN_POINT('',(-0.105784272694994,-0.069181896267747,0.0367308367627611));
#16665=CARTESIAN_POINT('',(-0.105625352178291,-0.069241254867823,0.0368631620773191));
#16666=CARTESIAN_POINT('',(-0.105304422422732,-0.0692736886492987,0.0371756523175682));
#16667=CARTESIAN_POINT('',(-0.105114419098386,-0.0689757322004565,0.0374908123238947));
#16668=CARTESIAN_POINT('',(-0.105123749492609,-0.068780567109641,0.0375844511567291));
#16669=CARTESIAN_POINT('',(0.104034806850382,-0.0644979618027712,0.0310397687001662));
#16670=CARTESIAN_POINT('',(0.104034806850382,-0.0644979618027712,0.0384781603718118));
#16671=CARTESIAN_POINT('',(-0.104034770500707,-0.0644979618027714,0.0310397751302436));
#16672=CARTESIAN_POINT('',(-0.104034770500707,-0.0644979618027714,0.0384781603718125));
#16673=CARTESIAN_POINT('',(-0.105794314714136,-0.0691781331843544,0.0367322405664445));
#16674=CARTESIAN_POINT('',(-0.105694564498552,-0.0692156349979227,0.0373816511512033));
#16675=CARTESIAN_POINT('',(-0.10544240587145,-0.0686647171697785,0.0376385483534811));
#16676=CARTESIAN_POINT('',(-0.105233303165991,-0.0693890495253863,0.0366535590424036));
#16677=CARTESIAN_POINT('',(-0.105165515185286,-0.0694009744192251,0.0372952259596948));
#16678=CARTESIAN_POINT('',(-0.104993596632932,-0.0688334502426005,0.0375598668294402));
#16679=CARTESIAN_POINT('',(-0.104634119864992,-0.0694979618027714,0.0366129297391925));
#16680=CARTESIAN_POINT('',(-0.104598510036662,-0.0694979618027633,0.0372500000000008));
#16681=CARTESIAN_POINT('',(-0.104514249992135,-0.0689205800645121,0.0375192375262291));
#16682=CARTESIAN_POINT('',(-0.104034770500707,-0.0694979618027714,0.0366129297391925));
#16683=CARTESIAN_POINT('',(-0.104034770500707,-0.0694979618027714,0.03725));
#16684=CARTESIAN_POINT('',(-0.104034770500707,-0.0689205800645121,0.0375192375262291));
#16685=CARTESIAN_POINT('',(-0.104034770500707,-0.0684979618027714,0.0366129297391924));
#16686=CARTESIAN_POINT('',(-0.106701981825162,-0.0684979618027714,0.0366129297391924));
#16687=CARTESIAN_POINT('',(0.104034806850382,-0.0684979618027713,0.0366129297391917));
#16688=CARTESIAN_POINT('',(0.104034806850382,-0.0694979618027712,0.0366129297391918));
#16689=CARTESIAN_POINT('',(0.104034806850382,-0.0694979618027712,0.0372499999999993));
#16690=CARTESIAN_POINT('',(0.104034806850382,-0.0689205800645119,0.0375192375262285));
#16691=CARTESIAN_POINT('',(0.104634134879576,-0.0694979618027712,0.0366129297391918));
#16692=CARTESIAN_POINT('',(0.104598526318859,-0.0694979618027572,0.037250000000006));
#16693=CARTESIAN_POINT('',(0.104514269273743,-0.0689205800645119,0.0375192375262285));
#16694=CARTESIAN_POINT('',(0.105233296874993,-0.0693890573597106,0.0366535561198377));
#16695=CARTESIAN_POINT('',(0.105165511075427,-0.0694009814652298,0.0372952226740897));
#16696=CARTESIAN_POINT('',(0.104993598870069,-0.0688334565100613,0.0375598639068745));
#16697=CARTESIAN_POINT('',(0.10579429115259,-0.0691781557079725,0.0367322321640952));
#16698=CARTESIAN_POINT('',(0.105694543989461,-0.0692156549166102,0.0373816418629661));
#16699=CARTESIAN_POINT('',(0.105442394292149,-0.068664735188673,0.0376385399511319));
#16700=MECHANICAL_DESIGN_GEOMETRIC_PRESENTATION_REPRESENTATION('',(#9509),
#16701);
#16701=(
GEOMETRIC_REPRESENTATION_CONTEXT(3)
GLOBAL_UNCERTAINTY_ASSIGNED_CONTEXT((#16702))
GLOBAL_UNIT_ASSIGNED_CONTEXT((#16705,#16704,#16703))
REPRESENTATION_CONTEXT('Part 1','TOP_LEVEL_ASSEMBLY_PART')
);
#16702=UNCERTAINTY_MEASURE_WITH_UNIT(LENGTH_MEASURE(0.000114117645263842),
#16705,'DISTANCE_ACCURACY_VALUE','Maximum Tolerance applied to model');
#16703=(
NAMED_UNIT(*)
SI_UNIT($,.STERADIAN.)
SOLID_ANGLE_UNIT()
);
#16704=(
NAMED_UNIT(*)
PLANE_ANGLE_UNIT()
SI_UNIT($,.RADIAN.)
);
#16705=(
LENGTH_UNIT()
NAMED_UNIT(*)
SI_UNIT($,.METRE.)
);
#16706=PRODUCT_DEFINITION_SHAPE('','',#16707);
#16707=PRODUCT_DEFINITION('','',#16709,#16708);
#16708=PRODUCT_DEFINITION_CONTEXT('',#16715,'design');
#16709=PRODUCT_DEFINITION_FORMATION_WITH_SPECIFIED_SOURCE('','',#16711,
 .NOT_KNOWN.);
#16710=PRODUCT_RELATED_PRODUCT_CATEGORY('','',(#16711));
#16711=PRODUCT('Part 1','Part 1','Part 1',(#16713));
#16712=PRODUCT_CATEGORY('','');
#16713=PRODUCT_CONTEXT('',#16715,'mechanical');
#16714=APPLICATION_PROTOCOL_DEFINITION('international standard',
'ap242_managed_model_based_3d_engineering',2020,#16715);
#16715=APPLICATION_CONTEXT('managed model based 3d engineering');
ENDSEC;
END-ISO-10303-21;
